Num_Acc,senc,catv,occutc,obs,obsm,choc,manv,num_veh
200900000001,0,13,000,00,1,2,01,A01
200900000002,0,07,000,00,2,2,01,B02
200900000002,0,07,000,00,2,5,13,A01
200900000003,0,10,000,00,2,2,15,A01
200900000003,0,33,000,00,2,8,01,B02
200900000004,0,07,000,13,0,1,14,A01
200900000005,0,07,000,00,1,0,21,A01
200900000006,0,10,000,08,0,9,17,A01
200900000007,0,07,000,02,0,7,01,A01
200900000008,0,10,000,00,1,2,00,A01
200900000009,0,10,000,00,2,1,01,B02
200900000009,0,10,000,00,2,1,10,A01
200900000010,0,07,000,13,0,3,01,A01
200900000011,0,01,000,12,2,8,01,B02
200900000011,0,14,000,00,9,2,12,A01
200900000012,0,10,000,13,0,1,01,A01
200900000013,0,07,000,13,0,3,17,A01
200900000014,0,33,000,00,1,1,01,A01
200900000015,0,99,000,00,1,1,01,A01
200900000016,0,07,000,00,2,3,13,A01
200900000016,0,14,000,00,2,3,01,B02
200900000017,0,31,000,00,2,1,01,B02
200900000017,0,07,000,00,2,1,19,A01
200900000018,0,07,000,08,0,3,01,A01
200900000019,0,07,000,00,2,1,13,A01
200900000019,0,14,000,00,2,1,01,B02
200900000020,0,07,000,00,2,4,11,A01
200900000020,0,32,000,00,2,1,17,B01
200900000021,0,07,000,00,2,5,01,B01
200900000021,0,07,000,00,2,2,01,A01
200900000022,0,07,000,00,2,1,02,A01
200900000022,0,10,000,00,2,4,02,B01
200900000023,0,31,000,00,2,1,01,B01
200900000023,0,07,000,00,2,2,09,A01
200900000024,0,32,000,00,2,1,01,B01
200900000024,0,10,000,00,2,2,15,A01
200900000025,0,32,000,00,2,1,01,A01
200900000025,1,01,000,00,2,0,19,Z01
200900000026,0,33,000,01,2,7,17,B01
200900000026,0,07,000,00,2,8,11,A01
200900000027,0,32,000,12,0,8,13,A01
200900000028,0,07,000,00,2,2,01,A01
200900000028,0,30,000,00,2,1,01,B01
200900000029,0,02,000,00,1,1,01,A01
200900000030,0,07,000,00,2,4,04,A01
200900000030,0,07,000,00,2,6,01,B01
200900000031,0,07,000,04,0,2,14,A01
200900000032,0,30,000,00,2,2,16,A01
200900000032,0,07,000,00,2,3,01,B01
200900000033,0,07,000,00,2,3,15,B01
200900000033,0,32,000,00,2,1,01,A01
200900000034,0,33,000,00,2,4,02,B01
200900000034,0,31,000,00,2,1,02,A01
200900000035,0,07,000,00,2,2,01,A01
200900000035,0,07,000,00,2,0,07,B01
200900000036,0,30,000,00,2,7,17,A01
200900000036,0,07,000,00,2,3,15,B01
200900000037,0,30,000,00,2,4,02,B01
200900000037,0,30,000,00,2,1,02,A01
200900000038,0,02,000,00,0,0,01,A01
200900000039,0,10,000,00,2,3,22,A01
200900000039,0,01,000,00,2,1,01,B01
200900000040,0,01,000,00,2,4,16,A01
200900000040,0,33,000,00,2,7,01,B01
200900000041,0,07,000,00,1,2,15,A01
200900000042,0,07,000,00,2,3,10,A01
200900000042,0,02,000,00,2,1,10,B01
200900000043,0,07,000,00,2,3,15,A01
200900000043,0,02,000,00,2,2,17,B01
200900000044,0,30,000,00,1,2,01,A01
200900000045,0,32,000,00,0,0,17,A01
200900000046,0,07,000,00,2,2,15,A01
200900000046,0,07,000,00,2,3,07,B01
200900000047,0,07,000,00,1,3,15,A01
200900000048,0,31,000,00,0,0,01,A01
200900000049,0,32,000,00,1,3,01,A01
200900000050,0,07,000,00,2,3,09,A01
200900000050,0,02,000,00,2,7,01,B01
200900000051,0,31,000,00,0,7,21,A01
200900000052,0,07,000,00,2,2,20,B01
200900000052,0,02,000,00,2,3,18,A01
200900000053,0,32,000,00,0,7,01,A01
200900000054,0,01,000,00,0,0,21,A01
200900000055,0,07,000,00,1,4,04,A01
200900000056,0,07,000,00,2,6,02,B01
200900000056,0,30,000,00,2,1,02,A01
200900000057,0,07,000,00,1,3,07,A01
200900000058,0,07,000,00,2,8,15,B01
200900000058,0,32,000,00,2,7,17,A01
200900000059,1,07,000,00,2,0,09,Z01
200900000059,0,32,000,00,2,1,01,A01
200900000060,0,31,000,00,2,8,01,A01
200900000060,0,10,000,00,2,0,01,B01
200900000061,0,30,000,00,1,1,01,A01
200900000062,0,07,000,00,1,2,18,A01
200900000063,0,33,000,12,2,8,18,B01
200900000063,0,07,000,00,2,7,14,A01
200900000064,0,07,000,03,1,8,15,A01
200900000065,0,07,000,01,2,7,01,B01
200900000065,0,32,000,00,2,1,01,A01
200900000066,0,07,000,00,1,0,01,A01
200900000067,0,07,000,00,2,3,09,A01
200900000067,0,30,000,00,2,7,01,B01
200900000068,0,33,000,14,0,0,14,A01
200900000069,0,07,000,00,1,0,01,A01
200900000070,0,30,000,00,2,1,17,A01
200900000070,0,07,000,00,2,4,15,B01
200900000071,0,10,000,00,2,1,02,A01
200900000071,0,07,000,00,2,4,23,B01
200900000072,0,07,000,00,2,8,10,B01
200900000072,0,32,000,00,2,7,17,A01
200900000073,0,30,000,00,2,1,01,A01
200900000073,1,07,000,00,2,0,13,Z01
200900000074,0,33,000,00,0,0,01,A01
200900000075,0,07,000,00,2,4,23,A01
200900000075,0,30,000,00,2,1,02,B01
200900000076,0,07,000,00,1,3,01,A01
200900000077,0,07,000,00,2,2,12,A01
200900000077,0,30,000,00,2,1,01,B01
200900000078,0,07,000,00,1,8,20,A01
200900000079,0,31,000,00,1,1,01,A01
200900000080,0,07,000,00,1,1,16,A01
200900000081,0,07,000,00,2,7,15,B01
200900000081,0,02,000,00,2,1,01,A01
200900000082,0,33,000,00,1,1,01,A01
200900000083,0,30,000,00,0,0,01,A01
200900000084,0,10,000,00,1,5,16,A01
200900000085,0,07,000,00,1,1,15,A01
200900000086,0,07,000,00,2,8,13,A01
200900000086,0,32,000,00,2,2,05,B01
200900000087,1,07,000,00,1,0,00,Z01
200900000088,0,10,000,00,1,4,04,A01
200900000089,0,32,000,00,0,0,01,A01
200900000090,0,31,000,00,0,8,17,A01
200900000091,0,02,000,14,0,3,21,A01
200900000092,2,07,000,00,2,1,15,Z01
200900000092,0,30,000,00,2,1,01,A01
200900000093,0,33,000,00,2,1,01,B01
200900000093,0,02,000,00,4,5,16,A01
200900000094,0,07,000,00,2,1,02,A01
200900000094,0,07,000,00,2,4,23,B01
200900000095,0,07,000,00,1,2,07,A01
200900000096,0,14,000,08,2,8,02,B01
200900000096,0,32,000,15,2,7,17,A01
200900000097,0,07,000,00,2,5,23,B01
200900000097,0,07,000,14,2,3,02,A01
200900000098,0,30,000,00,0,1,01,A01
200900000099,0,32,000,01,0,7,14,A01
200900000100,0,31,000,00,0,2,21,A01
200900000101,0,07,000,00,1,2,01,A01
200900000102,0,30,000,00,2,3,01,B01
200900000102,0,07,000,00,2,2,11,A01
200900000103,0,07,000,00,2,1,01,A01
200900000103,0,32,000,00,2,3,01,B01
200900000104,0,07,000,00,1,5,04,A01
200900000105,0,32,000,00,2,1,01,D01
200900000105,0,31,000,00,2,8,01,B01
200900000105,0,07,000,00,2,5,12,A01
200900000105,0,07,000,00,2,5,14,C01
200900000106,0,33,000,00,2,1,01,B01
200900000106,0,07,000,00,2,3,09,A01
200900000107,0,07,000,00,2,3,15,A01
200900000107,0,02,000,00,2,2,01,B01
200900000108,0,33,000,00,2,4,02,B01
200900000108,0,07,000,00,2,2,02,A01
200900000109,0,30,000,00,2,1,02,A01
200900000109,0,10,000,00,2,4,02,B01
200900000110,0,07,000,01,0,1,15,A01
200900000111,0,07,000,00,2,5,02,A01
200900000111,0,30,000,00,2,1,02,B01
200900000112,0,34,000,12,0,2,14,A01
200900000113,0,34,000,00,2,7,17,B01
200900000113,0,07,000,00,2,3,10,A01
200900000114,0,07,000,00,2,1,01,A01
200900000114,0,07,000,00,2,8,01,B01
200900000115,0,34,000,00,1,1,17,A01
200900000116,0,37,030,00,1,2,07,A01
200900000117,0,07,000,00,2,8,02,C01
200900000117,0,32,000,00,2,7,02,A01
200900000117,0,07,000,00,2,1,02,B01
200900000118,0,37,015,00,1,7,07,A01
200900000119,0,07,000,00,1,1,16,A01
200900000120,0,33,000,09,2,8,01,B01
200900000120,0,10,000,00,2,1,15,A01
200900000121,0,10,000,06,0,1,01,A01
200900000122,0,30,000,00,1,8,01,A01
200900000123,0,01,000,12,0,0,00,A01
200900000124,0,32,000,01,0,8,13,A01
200900000125,0,07,000,00,2,3,01,B01
200900000125,0,01,000,00,2,4,01,A01
200900000126,0,07,000,06,0,1,01,A01
200900000127,0,34,000,00,0,8,01,A01
200900000128,0,30,000,00,1,2,05,A01
200900000129,0,37,000,00,1,2,00,A01
200900000130,0,31,000,00,0,7,01,A01
200900000131,0,07,000,00,1,5,16,A01
200900000132,0,07,000,01,0,2,14,A01
200900000133,0,10,000,00,2,0,12,A01
200900000133,0,32,000,00,2,0,03,B01
200900000134,0,10,000,00,2,4,23,B01
200900000134,0,10,000,00,2,1,11,A01
200900000135,0,07,000,00,2,8,23,A01
200900000135,1,07,000,00,2,2,17,Z01
200900000136,0,31,000,00,2,2,01,B01
200900000136,0,07,000,00,2,2,15,A01
200900000137,1,07,000,00,1,2,01,Z01
200900000138,0,07,000,00,1,2,09,A01
200900000139,0,07,000,00,1,1,15,A01
200900000140,0,07,000,00,1,2,01,A01
200900000141,0,02,000,00,2,1,01,B01
200900000141,0,37,015,00,2,3,17,A01
200900000142,0,33,000,00,2,5,01,B01
200900000142,0,07,000,00,2,8,13,A01
200900000143,0,07,000,00,2,2,01,C01
200900000143,0,07,000,00,2,7,14,A01
200900000143,0,33,000,00,2,3,01,B01
200900000144,0,07,000,00,2,5,02,B01
200900000144,0,07,000,00,2,6,02,C01
200900000144,0,07,000,05,2,1,13,A01
200900000145,0,07,000,00,0,8,01,A01
200900000146,0,31,000,00,2,8,18,A01
200900000146,0,10,000,00,2,2,16,B01
200900000147,0,07,000,00,2,8,11,A01
200900000147,0,31,000,04,2,7,01,B01
200900000148,0,07,000,00,1,1,01,A01
200900000149,0,33,000,00,2,1,03,C01
200900000149,0,07,000,00,2,5,12,A01
200900000149,0,32,000,00,2,1,03,B01
200900000150,0,07,000,00,2,1,02,A01
200900000150,0,07,000,00,2,4,02,B01
200900000151,1,07,000,00,2,0,02,Z01
200900000151,0,07,000,00,2,8,02,B01
200900000151,0,07,000,00,2,8,02,A01
200900000152,0,10,000,02,0,1,14,A01
200900000153,0,07,000,00,2,4,02,B01
200900000153,0,07,000,00,2,1,02,A01
200900000154,0,10,000,00,2,7,16,A01
200900000154,0,02,000,00,2,8,16,B01
200900000155,0,31,000,00,0,0,01,A01
200900000156,0,07,000,00,2,1,15,A01
200900000156,0,07,000,00,2,3,01,B01
200900000157,0,34,000,00,1,1,01,A01
200900000158,0,07,000,00,2,2,12,A01
200900000158,0,32,000,00,2,4,23,B01
200900000159,0,14,000,00,2,3,11,A01
200900000159,0,33,000,00,2,2,17,B01
200900000160,0,01,000,00,1,1,07,A01
200900000161,0,10,000,00,2,6,02,B01
200900000161,0,30,000,00,2,1,02,A01
200900000162,0,30,000,00,2,7,01,B01
200900000162,0,07,000,00,2,2,01,A01
200900000163,0,32,000,01,2,2,17,A01
200900000163,0,07,000,00,2,3,15,B01
200900000164,0,07,000,00,2,3,01,A01
200900000164,0,07,000,00,2,1,01,B01
200900000165,0,10,000,00,2,1,02,B01
200900000165,0,32,000,00,2,0,21,A01
200900000166,0,07,000,00,1,2,15,A01
200900000167,0,07,000,00,2,6,22,A01
200900000167,0,01,000,00,2,1,17,B01
200900000168,0,07,000,00,2,1,01,A01
200900000168,0,07,000,00,2,8,01,B01
200900000169,0,01,000,01,0,7,01,B01
200900000169,0,07,000,00,2,3,22,A01
200900000170,0,02,000,00,2,1,17,A01
200900000170,0,32,000,00,2,3,01,B01
200900000171,0,01,000,00,0,0,01,A01
200900000172,0,30,000,00,0,8,21,A01
200900000173,1,07,000,00,1,6,04,Z01
200900000174,0,30,000,00,2,6,13,B01
200900000174,0,33,000,00,2,2,01,A01
200900000175,0,07,000,00,1,5,07,A01
200900000176,0,02,000,05,0,8,13,A01
200900000177,0,07,000,00,2,8,23,C01
200900000177,0,33,000,00,2,8,03,A01
200900000177,0,15,000,00,2,7,01,B01
200900000178,0,07,000,00,2,6,16,B01
200900000178,0,37,001,00,2,2,07,A01
200900000179,0,07,000,00,2,7,15,A01
200900000179,0,30,000,00,2,1,01,B01
200900000180,1,07,000,00,1,3,07,Z01
200900000181,0,07,000,00,1,1,01,A01
200900000182,0,31,000,00,2,8,01,A01
200900000182,0,01,000,00,2,3,11,B01
200900000183,0,07,000,14,0,1,01,A01
200900000184,0,30,000,12,0,2,14,A01
200900000185,1,07,000,00,1,0,01,Z01
200900000186,0,10,000,00,1,4,04,A01
200900000187,0,07,000,00,2,6,24,B01
200900000187,0,07,000,00,2,1,14,A01
200900000188,0,32,000,00,2,2,01,B01
200900000188,0,07,000,00,2,3,10,A01
200900000189,0,10,000,00,2,1,01,A01
200900000189,0,07,000,00,2,8,01,B01
200900000189,0,02,000,00,2,0,01,C01
200900000190,0,07,000,00,1,6,04,A01
200900000191,0,02,000,01,0,7,21,A01
200900000192,0,30,000,00,2,7,17,B01
200900000192,0,07,000,00,2,3,15,A01
200900000193,0,32,000,00,2,3,13,A01
200900000193,0,32,000,00,2,2,01,B01
200900000194,0,30,000,00,1,1,01,A01
200900000195,0,33,000,01,2,7,01,A01
200900000195,0,10,000,00,2,8,11,B01
200900000196,0,30,000,00,1,1,01,A01
200900000197,0,07,000,00,2,3,11,A01
200900000197,0,31,000,00,2,1,03,B01
200900000198,0,32,000,12,0,0,14,A01
200900000199,0,07,000,00,1,1,01,A01
200900000200,0,01,000,00,2,1,01,B01
200900000200,0,07,000,00,2,8,22,A01
200900000201,0,33,000,00,0,7,01,A01
200900000202,0,30,000,00,2,1,01,A01
200900000202,0,01,000,00,2,2,15,B01
200900000203,0,31,000,00,1,7,21,A01
200900000204,0,15,000,06,0,1,01,A01
200900000205,0,01,000,00,2,1,01,A01
200900000205,0,07,000,00,2,5,09,B01
200900000206,0,34,000,00,2,1,17,B01
200900000206,0,07,000,00,2,3,15,A01
200900000207,0,07,000,00,2,3,11,A01
200900000207,0,33,000,00,2,7,01,B01
200900000208,0,07,000,01,0,1,14,A01
200900000209,0,34,000,00,2,8,01,B01
200900000209,0,07,000,00,2,1,01,A01
200900000210,0,32,000,00,2,1,01,B01
200900000210,0,07,000,00,2,5,01,A01
200900000211,0,32,000,00,0,0,01,A01
200900000212,1,07,000,00,1,3,01,Z01
200900000213,0,33,000,00,2,1,01,A01
200900000213,2,07,000,00,2,8,11,Z01
200900000214,0,07,000,00,1,4,24,A01
200900000215,0,37,001,00,2,4,23,B01
200900000215,0,31,000,00,2,8,14,A01
200900000216,0,07,000,07,0,1,13,A01
200900000217,0,37,000,00,2,3,10,B01
200900000217,0,01,000,00,2,8,01,A01
200900000218,0,07,000,00,1,2,15,A01
200900000219,0,33,000,00,0,8,01,A01
200900000220,0,07,000,00,2,2,16,B01
200900000220,0,31,000,00,2,3,18,A01
200900000221,0,07,000,00,2,1,17,A01
200900000221,0,14,000,00,2,3,15,B01
200900000222,0,02,000,00,0,7,01,A01
200900000223,0,07,000,15,0,1,14,A01
200900000224,1,07,000,00,2,0,16,Z01
200900000224,0,37,001,00,2,3,01,A01
200900000225,0,02,000,00,2,1,01,B01
200900000225,0,07,000,00,2,7,01,A01
200900000226,0,07,000,00,2,3,01,B01
200900000226,0,33,000,00,2,5,12,A01
200900000227,0,01,000,00,2,3,15,B01
200900000227,0,32,000,00,2,3,17,A01
200900000228,0,33,000,00,2,7,05,A01
200900000228,0,01,000,00,2,7,01,B01
200900000229,0,10,000,00,2,5,02,B01
200900000229,0,07,000,00,2,3,01,C01
200900000229,0,34,000,00,2,1,02,A01
200900000230,0,02,000,00,2,1,05,A01
200900000230,0,07,000,00,2,1,15,B01
200900000231,0,30,000,00,0,0,01,A01
200900000232,0,07,000,00,2,3,11,A01
200900000232,0,32,000,00,2,2,03,C01
200900000232,0,32,000,00,2,5,03,B01
200900000233,0,07,000,00,2,8,22,A01
200900000233,0,01,000,00,2,7,01,B01
200900000234,0,33,000,01,0,1,21,A01
200900000235,0,07,000,00,2,8,01,C01
200900000235,0,33,000,00,2,3,03,A01
200900000235,0,07,000,00,2,5,14,B01
200900000236,0,30,000,00,2,1,02,A01
200900000236,0,07,000,00,2,2,02,B01
200900000237,0,33,000,01,2,7,01,B01
200900000237,0,07,000,00,2,8,11,A01
200900000238,0,32,000,11,0,7,17,A01
200900000239,0,07,000,00,1,1,01,A01
200900000240,0,30,000,00,1,7,01,A01
200900000241,0,07,000,00,1,2,01,A01
200900000242,0,07,000,00,2,2,01,B01
200900000242,0,02,000,00,2,5,09,A01
200900000243,0,33,000,11,0,3,17,A01
200900000244,0,32,000,00,0,0,21,A01
200900000245,0,07,000,00,2,3,09,A01
200900000245,0,07,000,00,2,2,01,B01
200900000246,0,07,000,00,2,3,09,A01
200900000246,0,30,000,00,2,7,01,B01
200900000247,0,07,000,00,2,2,01,B01
200900000247,0,07,000,04,2,6,17,A01
200900000248,0,32,000,00,2,2,02,B01
200900000248,0,10,000,00,2,3,10,A01
200900000249,0,30,000,00,2,1,01,B01
200900000249,0,07,000,00,2,3,01,A01
200900000250,0,37,008,00,2,3,01,B01
200900000250,0,07,000,00,2,3,13,A01
200900000251,0,32,000,00,0,7,16,A01
200900000252,0,02,000,00,0,0,15,A01
200900000253,0,07,000,00,1,7,07,A01
200900000254,0,07,000,00,2,5,02,B01
200900000254,0,31,000,00,2,1,02,A01
200900000255,0,01,000,00,2,2,01,A01
200900000255,0,07,000,00,2,3,01,B01
200900000256,0,32,000,00,2,2,17,B01
200900000256,0,07,000,00,2,3,10,A01
200900000257,0,31,000,09,2,1,14,A01
200900000258,0,07,000,00,2,4,02,B01
200900000258,0,07,000,00,2,4,02,D01
200900000258,0,07,000,00,2,1,02,A01
200900000258,0,07,000,00,2,4,02,C01
200900000259,1,07,000,00,1,1,15,Z01
200900000260,0,07,000,00,2,3,02,A01
200900000260,0,31,000,00,2,5,02,B01
200900000261,0,07,000,01,0,1,01,A01
200900000262,0,07,000,00,2,4,02,B01
200900000262,0,32,000,00,2,2,02,A01
200900000263,0,07,000,00,2,7,16,A01
200900000263,0,02,000,00,2,1,07,B01
200900000264,0,10,000,00,2,4,23,B01
200900000264,0,13,000,00,2,1,02,A01
200900000265,0,07,000,00,2,4,23,B01
200900000265,0,33,000,00,2,4,23,C01
200900000265,0,07,000,00,2,1,02,A01
200900000266,0,30,000,00,2,1,01,A01
200900000266,0,02,000,00,2,6,01,B01
200900000267,0,07,000,00,2,1,02,A01
200900000267,0,07,000,00,2,4,02,B01
200900000268,0,01,000,00,0,0,16,A01
200900000269,0,07,000,00,2,1,02,A01
200900000269,0,31,000,00,2,4,23,B01
200900000270,0,02,000,00,2,2,01,B01
200900000270,0,07,000,00,2,3,22,A01
200900000271,0,07,000,00,2,1,02,A01
200900000271,0,07,000,00,2,4,02,B01
200900000272,0,02,000,00,2,0,07,A01
200900000272,0,07,000,00,2,2,16,B01
200900000273,0,01,000,00,5,0,01,A01
200900000274,0,07,000,00,1,1,17,A01
200900000275,0,32,000,00,1,1,01,A01
200900000276,0,32,000,00,2,4,02,A01
200900000276,1,07,000,00,2,3,02,Z01
200900000277,0,10,000,00,2,4,02,B01
200900000277,0,02,000,00,2,1,02,A01
200900000278,0,07,000,00,2,3,01,C01
200900000278,0,07,000,00,2,7,13,A01
200900000278,0,07,000,00,2,3,01,D01
200900000278,0,07,000,00,2,3,01,B01
200900000279,0,31,000,00,0,0,21,A01
200900000280,0,33,000,00,2,4,23,B01
200900000280,0,07,000,00,2,1,01,A01
200900000281,0,30,000,00,1,3,01,A01
200900000282,0,07,000,00,2,2,02,A01
200900000282,0,07,000,00,2,4,23,B01
200900000283,1,07,000,00,1,2,16,A01
200900000284,0,30,000,00,2,1,01,B01
200900000284,0,07,000,00,2,2,15,A01
200900000285,0,07,000,01,0,1,21,A01
200900000286,0,07,000,00,1,3,15,A01
200900000287,0,32,000,00,0,8,01,A01
200900000288,0,02,000,00,9,0,21,A01
200900000289,0,10,000,00,1,2,14,A01
200900000290,0,07,000,00,2,2,16,A01
200900000290,0,02,000,00,2,3,07,B01
200900000291,0,33,000,00,0,8,21,A01
200900000292,0,07,000,00,2,8,16,A01
200900000292,0,13,000,00,2,2,07,B01
200900000293,0,31,000,00,2,1,01,C01
200900000293,0,07,000,00,2,1,15,B01
200900000293,0,32,000,01,2,2,07,A01
200900000294,0,07,000,01,2,7,01,B01
200900000294,0,07,000,08,2,1,01,A01
200900000295,0,07,000,00,2,1,15,A01
200900000295,0,02,000,00,2,8,01,B01
200900000296,1,07,000,00,2,1,01,Z01
200900000296,0,07,000,15,2,5,01,A01
200900000297,0,30,000,00,0,0,21,A01
200900000298,0,10,000,00,1,3,01,A01
200900000299,0,32,000,00,2,1,01,A01
200900000299,0,07,000,00,2,3,01,B01
200900000300,0,07,000,00,2,7,12,A01
200900000300,0,30,000,00,2,8,01,B01
200900000301,0,07,000,14,0,1,21,A01
200900000302,0,10,000,00,1,1,01,A01
200900000303,0,07,000,00,1,3,01,A01
200900000304,0,07,000,00,2,3,01,B01
200900000304,0,07,000,00,2,1,15,A01
200900000305,0,34,000,00,2,5,17,B01
200900000305,0,10,000,00,2,3,01,C01
200900000305,0,07,000,00,2,3,22,A01
200900000306,0,02,000,00,1,1,00,A01
200900000307,0,07,000,00,2,2,16,B01
200900000307,0,30,000,00,2,3,18,A01
200900000308,0,33,000,07,0,2,01,A01
200900000309,1,07,000,00,1,7,01,A01
200900000310,0,07,000,00,1,3,15,A01
200900000311,0,32,000,00,2,1,01,B01
200900000311,0,07,000,00,2,2,15,A01
200900000312,0,30,000,00,2,7,01,B01
200900000312,0,07,000,00,2,0,09,A01
200900000313,0,07,000,00,1,1,01,A01
200900000314,0,32,000,00,1,0,01,A01
200900000315,0,02,000,00,2,1,01,B01
200900000315,0,07,000,00,2,1,15,A01
200900000316,0,32,000,00,2,1,01,B01
200900000316,0,07,000,00,2,2,15,A01
200900000317,0,33,000,00,1,1,17,A01
200900000318,0,30,000,00,2,6,01,B01
200900000318,0,07,000,00,2,2,15,A01
200900000319,0,07,000,00,1,1,01,A01
200900000320,0,33,000,00,2,4,12,A01
200900000320,0,07,000,00,2,8,01,C01
200900000320,0,31,000,00,2,1,18,B01
200900000321,0,33,000,00,2,3,02,A01
200900000321,0,10,000,00,2,5,02,B01
200900000322,0,10,000,00,1,3,15,A01
200900000323,0,33,000,00,0,0,01,A01
200900000324,0,30,000,00,2,1,01,A01
200900000324,0,07,000,00,2,8,15,B01
200900000325,0,33,000,00,1,1,01,A01
200900000326,0,07,000,00,2,5,12,A01
200900000326,0,33,000,00,2,0,01,B01
200900000327,0,10,000,00,2,5,02,B01
200900000327,0,32,000,00,2,1,02,A01
200900000328,0,33,000,00,2,4,23,B01
200900000328,0,07,000,00,2,1,02,A01
200900000329,0,32,000,00,1,2,05,A01
200900000330,0,33,000,00,2,7,01,B01
200900000330,0,07,000,00,2,6,11,A01
200900000331,0,07,000,00,2,7,23,B01
200900000331,0,33,000,01,2,7,02,A01
200900000332,0,07,000,00,2,4,02,B01
200900000332,0,02,000,00,2,0,02,A01
200900000333,0,07,000,00,2,3,01,B01
200900000333,0,33,000,00,2,4,12,A01
200900000334,0,07,000,00,2,6,23,B01
200900000334,0,07,000,14,2,2,02,A01
200900000335,1,02,000,00,1,7,16,Z01
200900000336,0,32,000,00,0,0,01,A01
200900000337,0,07,000,00,2,8,01,B01
200900000337,0,30,000,00,2,1,01,A01
200900000338,0,07,000,00,2,2,01,B01
200900000338,0,07,000,00,2,3,01,A01
200900000339,0,07,000,00,2,6,15,A01
200900000339,0,30,000,00,2,6,01,B01
200900000340,0,33,000,00,0,7,21,A01
200900000341,0,30,000,00,0,0,01,A01
200900000342,0,07,000,00,2,7,12,A01
200900000342,0,32,000,00,2,3,01,B01
200900000343,0,30,000,01,0,7,21,A01
200900000344,0,02,000,02,0,1,14,A01
200900000345,0,07,000,09,0,2,01,A01
200900000346,0,02,000,00,2,1,05,A01
200900000346,0,07,000,00,2,7,01,B01
200900000347,0,07,000,01,2,3,07,B01
200900000347,0,07,000,00,2,2,01,A01
200900000348,1,07,000,00,1,1,01,Z01
200900000349,0,07,000,00,1,3,01,A01
200900000350,0,32,000,00,0,0,21,A01
200900000351,0,07,000,00,2,6,02,B01
200900000351,0,07,000,00,2,2,02,A01
200900000352,0,07,000,00,2,3,22,A01
200900000352,0,01,000,00,2,1,01,B01
200900000353,0,07,000,00,2,1,02,A01
200900000353,0,07,000,00,2,1,02,D01
200900000353,0,07,000,00,2,4,02,B01
200900000353,0,07,000,00,2,1,02,C01
200900000354,0,01,000,00,1,1,01,A01
200900000355,0,30,000,01,0,1,05,A01
200900000356,0,07,000,00,1,1,01,A01
200900000357,0,32,000,00,2,1,13,A01
200900000357,0,32,000,00,2,1,01,B01
200900000358,0,10,000,00,2,5,04,A01
200900000358,0,31,000,00,2,1,23,B01
200900000359,0,32,000,00,1,4,01,A01
200900000360,0,07,000,00,2,1,01,B01
200900000360,0,07,000,00,2,1,15,A01
200900000361,0,07,000,00,0,4,01,D01
200900000361,0,07,000,02,2,1,03,A01
200900000361,0,07,000,00,9,4,01,B01
200900000361,0,07,000,00,2,4,01,C01
200900000362,0,07,000,00,2,4,02,B01
200900000362,0,20,000,00,2,1,02,A01
200900000363,0,07,000,00,2,3,01,B01
200900000363,0,02,000,00,2,1,01,A01
200900000364,0,07,000,00,2,6,15,B01
200900000364,0,30,000,00,2,1,17,A01
200900000365,0,07,000,00,1,2,01,A01
200900000366,0,32,000,00,0,1,01,A01
200900000367,0,07,000,00,2,4,02,B01
200900000367,0,07,000,00,2,1,02,A01
200900000368,0,07,000,00,2,4,02,D01
200900000368,0,31,000,00,2,4,02,B01
200900000368,0,07,000,00,2,4,02,C01
200900000368,0,10,000,00,2,1,02,A01
200900000369,0,07,000,00,1,2,15,A01
200900000370,0,01,000,00,2,1,01,B01
200900000370,0,07,000,00,2,8,22,A01
200900000371,0,10,000,00,2,3,02,B01
200900000371,0,33,000,00,2,1,02,A01
200900000372,0,07,000,00,2,8,11,B01
200900000372,0,33,000,00,2,8,03,A01
200900000373,0,07,000,00,1,1,01,A01
200900000374,0,31,000,00,0,0,00,A01
200900000375,1,02,000,00,1,0,01,Z01
200900000376,0,07,000,00,1,7,01,A01
200900000377,0,31,000,00,0,0,21,A01
200900000378,0,32,000,00,1,2,07,A01
200900000379,0,32,000,00,1,3,17,A01
200900000380,0,07,000,04,2,4,01,B01
200900000380,0,07,000,00,2,2,14,A01
200900000381,0,07,000,00,2,6,11,A01
200900000381,0,33,000,00,2,7,03,B01
200900000382,0,10,000,00,2,1,02,A01
200900000382,0,07,000,00,2,4,23,C01
200900000382,0,07,000,00,2,4,23,B01
200900000383,0,30,000,00,2,2,02,A01
200900000383,0,07,000,00,2,4,20,B01
200900000384,0,07,000,00,1,3,01,A01
200900000385,0,32,000,00,0,8,01,A01
200900000386,0,07,000,00,1,3,07,A01
200900000387,1,07,000,00,1,3,01,A01
200900000388,0,38,029,00,1,5,07,A01
200900000389,0,07,000,00,1,5,20,A01
200900000390,0,02,000,00,2,7,15,A01
200900000390,0,37,045,00,2,1,07,B01
200900000391,0,01,000,00,2,1,17,B01
200900000391,0,07,000,00,2,8,17,A01
200900000392,0,02,000,00,2,8,07,A01
200900000392,0,07,000,00,2,2,16,B01
200900000393,0,07,000,00,2,4,02,B01
200900000393,0,07,000,00,2,1,02,A01
200900000394,0,07,000,00,2,0,12,A01
200900000394,0,33,000,00,2,3,01,B01
200900000395,0,07,000,00,1,1,01,A01