Num_Acc,senc,catv,occutc,obs,obsm,choc,manv,num_veh
200900000801,0,30,000,00,2,8,01,B01
200900000801,0,07,000,00,2,7,15,A01
200900000802,0,10,000,00,1,3,15,A01
200900000803,0,33,000,00,2,3,18,B01
200900000803,0,07,000,00,2,2,16,A01
200900000804,0,31,000,00,2,2,03,A01
200900000804,0,07,000,00,2,6,23,B01
200900000805,0,07,000,00,2,2,02,A01
200900000805,0,07,000,00,2,4,23,B01
200900000806,0,33,000,00,2,1,01,B01
200900000806,0,07,000,00,2,7,01,A01
200900000807,0,10,000,00,1,6,04,A01
200900000808,1,32,000,00,2,1,17,Z01
200900000808,0,01,000,00,2,4,07,A01
200900000809,0,07,000,00,2,4,23,B01
200900000809,0,07,000,00,2,1,02,A01
200900000810,1,02,000,00,1,0,01,Z01
200900000811,0,07,000,00,2,4,23,A01
200900000811,1,07,000,00,2,2,02,Z01
200900000812,0,07,000,00,1,7,07,A01
200900000813,0,02,000,00,2,1,18,A01
200900000813,0,13,000,00,2,2,16,B01
200900000814,0,32,000,00,2,1,01,A01
200900000814,0,07,000,00,2,2,15,B01
200900000815,0,02,000,00,1,1,01,A01
200900000816,0,31,000,00,0,0,21,A01
200900000817,0,33,000,00,2,3,01,B01
200900000817,0,10,000,00,2,7,14,A01
200900000818,0,31,000,00,0,8,01,A01
200900000819,0,01,000,00,2,1,02,A01
200900000819,0,07,000,00,2,4,23,B01
200900000820,0,32,000,00,2,2,15,B01
200900000820,0,32,000,00,2,1,17,A01
200900000821,0,30,000,00,1,0,01,A01
200900000822,1,07,000,00,2,1,02,Z01
200900000822,0,07,000,00,2,6,23,A01
200900000823,0,07,000,00,2,4,02,B01
200900000823,0,07,000,00,2,1,02,A01
200900000824,0,31,000,00,1,1,01,A01
200900000825,0,07,000,00,2,4,02,B01
200900000825,0,32,000,00,2,1,02,A01
200900000826,0,32,000,04,0,0,13,A01
200900000827,0,30,000,00,2,3,18,A01
200900000827,0,07,000,00,2,2,16,B01
200900000828,0,07,000,00,2,4,01,B01
200900000828,0,33,000,00,2,1,11,A01
200900000829,0,07,000,00,2,6,01,B01
200900000829,0,14,000,00,2,2,12,A01
200900000830,0,07,000,08,2,4,02,B01
200900000830,0,07,000,00,2,1,02,A01
200900000831,0,31,000,14,2,0,01,B01
200900000831,0,07,000,00,2,3,01,A01
200900000832,0,07,000,00,2,8,01,B01
200900000832,0,07,000,00,2,3,01,A01
200900000833,0,07,000,01,0,1,13,A01
200900000834,0,07,000,00,1,3,15,A01
200900000835,0,07,000,00,1,8,01,A01
200900000836,0,13,000,00,2,0,14,B01
200900000836,0,33,000,00,2,8,18,A01
200900000837,0,07,000,00,2,3,10,A01
200900000837,0,30,000,00,2,5,01,B01
200900000838,0,07,000,00,1,2,15,A01
200900000839,0,07,000,00,2,1,02,A01
200900000839,0,07,000,00,2,4,23,B01
200900000840,0,34,000,00,1,3,01,A01
200900000841,0,07,000,00,2,2,23,B01
200900000841,0,32,000,00,2,3,01,A01
200900000842,0,07,000,00,1,2,01,A01
200900000843,0,07,000,00,2,6,15,B01
200900000843,0,32,000,00,2,1,17,A01
200900000844,0,32,000,00,0,0,21,A01
200900000845,0,32,000,00,0,0,21,A01
200900000846,0,07,000,00,2,3,07,B01
200900000846,0,33,000,00,2,9,14,A01
200900000846,0,07,000,00,2,4,01,C01
200900000847,0,07,000,00,2,3,09,A01
200900000847,0,02,000,00,2,1,07,B01
200900000848,0,30,000,00,2,3,01,B01
200900000848,0,10,000,00,2,2,14,A01
200900000849,0,33,000,00,2,1,03,A01
200900000849,0,10,000,00,2,5,02,B01
200900000850,0,07,000,00,2,2,16,B01
200900000850,0,30,000,00,2,1,18,A01
200900000851,0,30,000,00,2,1,01,B01
200900000851,0,07,000,00,2,3,09,A01
200900000852,0,13,000,00,2,7,14,A01
200900000852,0,01,000,00,2,8,01,B01
200900000853,0,07,000,00,2,1,02,A01
200900000853,0,07,000,00,2,4,02,B01
200900000854,0,01,000,00,2,1,01,A01
200900000854,0,07,000,00,2,3,22,B01
200900000855,0,30,000,00,2,3,01,B01
200900000855,0,07,000,00,2,2,15,A01
200900000856,0,02,000,00,0,0,17,A01
200900000857,0,02,000,00,2,8,11,A01
200900000857,0,30,000,00,2,7,01,B01
200900000858,0,07,000,00,2,4,23,B01
200900000858,0,07,000,00,2,1,02,A01
200900000859,0,07,000,00,2,1,02,A01
200900000859,0,07,000,00,2,4,02,B01
200900000860,0,07,000,00,2,2,10,A01
200900000860,0,31,000,00,2,1,01,B01
200900000861,0,10,000,00,2,1,02,A01
200900000861,0,07,000,00,2,4,23,B01
200900000862,0,13,000,00,2,5,01,B01
200900000862,0,33,000,00,2,1,01,A01
200900000863,0,33,000,00,0,8,01,A01
200900000864,0,07,000,00,1,0,15,A01
200900000865,0,07,000,00,1,1,16,A01
200900000866,0,30,000,00,1,1,01,A01
200900000867,0,33,000,00,2,8,01,B01
200900000867,0,07,000,00,2,2,12,A01
200900000868,0,32,000,00,1,1,16,A01
200900000869,0,07,000,00,2,3,15,A01
200900000869,0,33,000,00,2,1,05,B01
200900000870,0,07,000,00,2,2,15,A01
200900000870,0,32,000,00,2,0,07,B01
200900000871,0,07,000,00,2,3,22,A01
200900000871,0,02,000,00,2,3,17,C01
200900000871,0,07,000,00,2,3,02,B01
200900000872,0,30,000,00,2,7,01,B01
200900000872,0,07,000,00,2,2,01,A01
200900000873,0,32,000,00,2,2,17,A01
200900000873,0,07,000,00,2,6,15,B01
200900000874,0,10,000,00,2,3,02,A01
200900000874,0,07,000,00,2,4,23,C01
200900000874,0,07,000,00,2,0,02,B01
200900000875,0,07,000,12,1,1,01,A01
200900000876,0,07,000,00,2,3,15,B01
200900000876,0,34,000,00,2,2,17,A01
200900000877,1,07,000,00,1,0,01,Z01
200900000878,0,07,000,00,2,4,23,C01
200900000878,0,07,000,00,2,1,02,A01
200900000878,0,07,000,00,2,4,23,B01
200900000879,0,38,040,00,2,0,01,C01
200900000879,0,07,000,00,2,5,12,B01
200900000879,0,33,000,00,2,3,02,A01
200900000880,0,07,000,00,2,8,13,A01
200900000880,0,07,000,04,2,7,01,B01
200900000880,0,07,000,00,2,8,01,C01
200900000881,0,07,000,00,2,3,01,A01
200900000881,0,07,000,00,2,5,16,B01
200900000882,0,07,000,00,2,8,13,A01
200900000882,0,07,000,04,2,7,01,B01
200900000883,0,07,000,00,2,1,02,A01
200900000883,0,07,000,14,2,4,23,B01
200900000884,0,07,000,00,2,3,01,B01
200900000884,0,07,000,00,2,2,01,A01
200900000885,0,01,000,00,2,8,18,A01
200900000885,0,07,000,00,2,7,23,B01
200900000886,0,07,000,00,1,2,16,A01
200900000887,0,07,000,00,1,2,01,A01
200900000888,0,07,000,03,2,4,23,B01
200900000888,1,07,000,00,2,1,02,Z01
200900000888,0,07,000,00,2,4,23,A01
200900000889,0,01,000,00,1,0,01,A01
200900000890,0,02,000,00,2,8,07,A01
200900000890,0,07,000,00,2,2,14,B01
200900000891,0,07,000,00,2,1,01,B01
200900000891,0,34,000,00,2,1,01,A01
200900000892,0,33,000,09,2,8,07,B01
200900000892,0,13,000,00,2,2,16,A01
200900000893,0,07,000,00,2,3,22,A01
200900000893,0,01,000,00,2,1,01,B01
200900000894,0,32,000,00,0,8,01,A01
200900000895,0,07,000,00,2,3,15,A01
200900000895,0,31,000,00,2,1,17,B01
200900000896,0,33,000,00,0,0,21,A01
200900000897,0,32,000,00,0,0,21,A01
200900000898,0,07,000,00,2,2,01,B01
200900000898,0,07,000,00,2,3,10,A01
200900000899,0,30,000,00,1,8,01,A01
200900000900,0,31,000,04,0,3,14,A01
200900000901,0,32,000,00,0,7,17,A01
200900000902,0,07,000,00,1,2,16,A01
200900000903,0,02,000,01,2,1,17,A01
200900000903,0,07,000,00,2,8,01,B01
200900000904,0,01,000,00,2,8,13,B01
200900000904,0,32,000,00,2,7,17,A01
200900000905,0,30,000,15,0,7,01,A01
200900000906,0,31,000,04,2,1,03,A01
200900000906,0,07,000,00,2,8,11,B01
200900000907,0,07,000,00,2,2,01,B01
200900000907,0,31,000,00,2,3,11,A01
200900000908,0,02,000,08,2,7,19,A01
200900000908,0,07,000,00,2,2,01,B01
200900000909,0,32,000,00,1,2,17,A01
200900000910,0,07,000,00,2,2,15,A01
200900000910,0,32,000,00,2,1,01,B01
200900000911,0,07,000,00,2,7,16,A01
200900000911,0,32,000,00,2,3,18,B01
200900000912,0,32,000,00,0,7,21,A01
200900000913,0,07,000,00,1,2,01,A01
200900000914,0,07,000,01,0,2,13,A01
200900000915,0,07,000,00,2,6,12,A01
200900000915,0,33,000,00,2,2,01,B01
200900000916,0,32,000,00,0,0,01,A01
200900000917,0,32,000,00,2,7,01,A01
200900000917,0,33,000,00,2,8,01,B01
200900000918,0,07,000,00,2,7,01,B01
200900000918,0,02,000,00,2,1,01,A01
200900000919,0,07,000,00,2,0,01,B01
200900000919,0,07,000,14,2,0,01,A01
200900000920,0,07,000,00,2,2,16,A01
200900000920,0,33,000,00,2,2,07,B01
200900000921,0,32,000,01,1,1,01,A01
200900000922,0,07,000,00,2,5,01,B01
200900000922,0,31,000,00,2,8,03,A01
200900000922,0,07,000,00,2,6,11,C01
200900000923,0,01,000,00,2,7,05,B01
200900000923,0,07,000,00,2,2,15,A01
200900000924,0,07,000,00,2,1,02,A01
200900000924,0,07,000,00,2,4,23,B01
200900000925,0,07,000,00,1,2,01,A01
200900000926,0,07,000,00,2,2,16,B01
200900000926,0,30,000,00,2,8,18,A01
200900000927,0,10,000,00,2,6,01,B01
200900000927,0,30,000,00,2,5,17,A01
200900000928,0,02,000,00,0,8,18,A01
200900000929,0,02,000,01,0,1,01,A01
200900000930,0,01,000,00,1,1,01,A01
200900000931,0,37,045,00,2,1,01,A01
200900000931,0,07,000,00,2,8,01,B01
200900000932,1,07,000,00,2,2,01,A01
200900000932,0,34,000,00,2,1,01,B01
200900000933,0,07,000,00,2,7,01,B01
200900000933,0,30,000,00,2,7,01,A01
200900000934,0,32,000,06,0,8,13,A01
200900000935,0,02,000,00,2,3,02,A01
200900000935,0,07,000,00,2,5,02,B01
200900000936,0,37,020,00,1,2,01,A01
200900000937,0,15,000,00,2,3,01,B01
200900000937,0,33,000,00,2,7,16,A01
200900000938,1,07,000,00,2,1,09,Z01
200900000938,0,01,000,00,2,7,01,A01
200900000939,1,07,000,00,1,4,04,Z01
200900000940,0,30,000,00,1,1,07,A01
200900000941,0,07,000,00,2,3,10,A01
200900000941,0,33,000,00,2,1,17,B01
200900000942,0,30,000,00,0,0,01,A01
200900000943,0,02,000,00,2,1,15,B01
200900000943,0,10,000,00,2,4,04,A01
200900000944,0,32,000,00,2,3,18,A01
200900000944,0,07,000,00,2,2,16,B01
200900000945,0,33,000,00,2,1,01,B01
200900000945,0,07,000,00,2,3,15,A01
200900000946,0,07,000,00,2,2,16,A01
200900000946,0,32,000,00,2,3,18,B01
200900000947,0,33,000,00,1,5,01,A01
200900000948,0,01,000,00,2,7,09,B01
200900000948,0,10,000,00,2,1,01,A01
200900000949,0,07,000,15,1,1,15,A01
200900000950,0,07,000,00,2,3,15,B01
200900000950,0,33,000,00,2,2,01,A01
200900000951,0,32,000,00,1,1,01,A01
200900000952,0,07,000,00,2,8,15,B01
200900000952,0,33,000,00,2,9,01,A01
200900000953,0,07,000,00,2,3,01,B01
200900000953,0,02,000,00,2,1,01,A01
200900000954,0,30,000,00,2,1,02,A01
200900000954,0,07,000,00,2,6,02,B01
200900000955,0,07,000,00,2,3,01,B01
200900000955,0,07,000,00,2,2,01,A01
200900000956,0,07,000,00,2,3,10,A01
200900000956,0,30,000,00,2,2,01,B01
200900000957,0,07,000,00,1,0,15,A01
200900000958,0,33,000,00,1,1,17,A01
200900000959,0,31,000,00,0,1,21,A01
200900000960,0,10,000,00,1,3,15,A01
200900000961,0,31,000,00,1,1,17,A01
200900000962,0,32,000,00,2,8,03,B01
200900000962,0,07,000,00,2,7,12,A01
200900000963,0,07,000,00,2,2,16,A01
200900000963,0,02,000,00,2,8,01,B01
200900000964,0,33,000,14,0,1,11,A01
200900000965,0,33,000,01,2,0,01,B01
200900000965,0,07,000,00,2,1,15,A01
200900000966,0,32,000,00,0,7,16,A01
200900000967,0,30,000,00,2,7,01,B01
200900000967,0,07,000,00,2,2,10,A01
200900000968,0,30,000,11,0,1,13,A01
200900000969,0,07,000,00,2,6,15,A01
200900000969,0,32,000,00,2,7,17,B01
200900000970,0,33,000,15,1,1,01,A01
200900000971,0,01,000,00,2,1,01,B01
200900000971,0,10,000,00,2,7,16,A01
200900000972,0,32,000,00,2,1,02,A01
200900000972,0,07,000,00,2,6,02,B01
200900000973,0,07,000,04,0,0,13,A01
200900000974,0,31,000,00,2,1,01,B01
200900000974,0,07,000,00,2,6,01,A01
200900000975,0,10,000,00,1,3,15,A01
200900000976,0,07,000,00,2,3,15,A01
200900000976,0,34,000,00,2,0,17,B01
200900000977,0,02,000,00,2,7,01,B01
200900000977,0,07,000,00,2,1,01,A01
200900000978,0,07,000,00,1,2,01,A01
200900000979,0,32,000,00,2,8,18,A01
200900000979,0,07,000,00,2,7,16,B01
200900000980,0,07,000,00,2,3,07,A01
200900000980,0,33,000,00,2,6,01,B01
200900000981,0,33,000,00,0,8,01,A01
200900000982,0,32,000,00,2,1,01,B01
200900000982,0,07,000,00,2,3,10,A01
200900000983,0,07,000,00,2,8,01,B01
200900000983,0,30,000,00,2,1,01,A01
200900000984,0,07,000,00,2,4,02,B01
200900000984,0,07,000,00,2,1,02,A01
200900000985,0,30,000,00,2,1,17,A01
200900000985,0,07,000,00,2,3,15,B01
200900000986,1,07,000,00,2,0,15,Z01
200900000986,0,02,000,00,2,8,01,A01
200900000987,0,07,000,00,2,3,10,A01
200900000987,0,32,000,00,2,7,01,B01
200900000988,0,31,000,00,2,3,01,A01
200900000988,1,07,000,00,2,5,16,Z01
200900000989,0,07,000,00,2,2,16,B01
200900000989,0,32,000,00,2,1,18,A01
200900000990,0,30,000,01,0,8,13,A01
200900000991,0,33,000,00,0,0,21,A01
200900000992,0,32,000,14,0,7,18,A01
200900000993,0,30,000,00,1,1,01,A01
200900000994,0,10,000,00,1,3,01,A01
200900000995,0,07,000,00,2,2,15,A01
200900000995,0,31,000,00,2,1,01,B01
200900000996,0,02,000,01,0,4,21,A01
200900000997,0,33,000,00,0,0,21,A01
200900000998,0,02,000,12,0,1,13,A01
200900000999,0,07,000,00,1,2,01,A01
200900001000,0,31,000,00,2,1,01,A01
200900001000,1,07,000,00,2,2,15,Z01
200900001001,0,33,000,00,2,7,08,A01
200900001001,0,07,000,00,2,1,01,B01
200900001002,0,07,000,00,1,1,01,A01
200900001003,0,07,000,04,0,1,13,A01
200900001004,0,07,000,00,1,2,01,A01
200900001005,0,10,000,00,2,2,09,A01
200900001005,0,32,000,00,2,0,01,B01
200900001005,0,07,000,00,2,0,01,C01
200900001006,0,32,000,00,2,6,01,B01
200900001006,0,07,000,00,2,6,15,A01
200900001007,0,32,000,00,2,2,01,B01
200900001007,0,07,000,00,2,6,15,A01
200900001008,0,07,000,00,1,2,01,A01
200900001009,0,07,000,00,2,6,13,A01
200900001009,0,32,000,00,2,2,01,B01
200900001010,0,07,000,00,2,3,01,B01
200900001010,0,32,000,00,2,5,15,A01
200900001011,0,32,000,00,0,0,21,A01
200900001012,0,07,000,00,2,1,15,A01
200900001012,0,30,000,00,2,1,01,B01
200900001013,0,33,000,00,1,1,01,A01
200900001014,0,07,000,00,2,1,01,B01
200900001014,0,07,000,00,2,1,05,A01
200900001015,0,01,000,00,1,1,16,A01
200900001016,0,32,000,00,0,8,01,A01
200900001017,0,32,000,00,2,1,02,A01
200900001017,0,07,000,00,2,4,02,B01
200900001018,0,30,000,00,1,8,01,A01
200900001019,0,07,000,00,2,3,10,A01
200900001019,0,32,000,00,2,3,01,B01
200900001020,0,34,000,00,0,8,21,A01
200900001021,0,07,000,00,2,8,10,A01
200900001021,0,32,000,00,2,1,01,B01
200900001022,0,31,000,00,2,7,01,A01
200900001022,0,07,000,00,2,5,01,B01
200900001023,0,07,000,00,2,2,16,A01
200900001023,0,31,000,08,2,1,07,B01
200900001024,0,33,000,00,2,1,01,B01
200900001024,0,07,000,00,2,6,10,A01
200900001025,0,01,000,00,1,3,01,A01
200900001026,0,30,000,00,2,1,01,A01
200900001026,0,07,000,00,2,5,15,B01
200900001027,1,30,000,00,2,2,01,Z01
200900001027,0,32,000,00,2,2,01,A01
200900001028,0,01,000,00,2,7,01,B01
200900001028,0,07,000,00,2,3,11,A01
200900001029,0,10,000,00,1,3,01,A01
200900001030,0,10,000,00,2,3,22,A01
200900001030,0,01,000,00,2,1,01,B01
200900001031,0,33,000,00,1,1,17,A01
200900001032,0,07,000,00,2,2,10,A01
200900001032,0,32,000,00,2,1,01,B01
200900001033,0,33,000,00,0,7,01,A01
200900001034,0,07,000,00,1,2,01,A01
200900001035,0,01,000,00,1,1,01,A01
200900001036,0,30,000,01,1,7,01,A01
200900001037,0,07,000,11,0,1,15,A01
200900001038,0,30,000,00,0,0,21,A01
200900001039,0,33,000,00,2,2,03,A01
200900001039,0,07,000,00,2,4,01,C01
200900001039,0,10,000,00,2,2,01,B01
200900001040,0,31,000,00,1,3,01,A01
200900001041,0,07,000,00,2,3,01,A01
200900001041,0,32,000,00,2,0,01,B01
200900001042,0,34,000,00,1,1,01,A01
200900001043,0,33,000,00,2,7,12,A01
200900001043,0,33,000,00,2,3,03,B01
200900001044,1,07,000,00,2,0,16,Z01
200900001044,0,01,000,00,2,8,01,A01
200900001045,0,07,000,00,1,3,01,A01
200900001046,0,30,000,00,2,2,17,B01
200900001046,0,07,000,00,2,8,10,A01
200900001047,0,07,000,04,0,3,13,A01
200900001048,0,07,000,00,1,1,01,A01
200900001049,0,01,000,00,1,1,01,A01
200900001050,0,07,000,00,2,6,02,B01
200900001050,0,10,000,00,2,1,02,A01
200900001050,0,07,000,00,2,8,02,C01
200900001051,0,33,000,00,2,3,01,A01
200900001051,0,07,000,00,2,2,16,B01
200900001052,0,07,000,00,1,2,01,A01
200900001053,0,30,000,00,2,0,01,A01
200900001053,1,31,000,00,2,0,17,Z01
200900001054,0,07,000,00,1,6,04,A01
200900001055,0,33,000,00,2,6,01,A01
200900001055,0,07,000,00,2,6,03,B01
200900001055,1,07,000,00,2,0,12,Z01
200900001056,0,13,000,00,2,5,16,A01
200900001056,0,30,000,00,2,2,01,B01
200900001057,0,07,000,00,2,8,10,A01
200900001057,0,31,000,00,2,1,01,B01
200900001058,0,01,000,00,2,1,19,B01
200900001058,0,07,000,00,2,3,16,A01
200900001059,0,32,000,00,2,2,02,B01
200900001059,0,07,000,00,2,1,02,A01
200900001060,0,07,000,00,2,5,23,B01
200900001060,0,30,000,00,2,1,02,A01
200900001061,0,02,000,00,2,9,16,A01
200900001061,1,07,000,00,2,0,02,Z01
200900001062,0,07,000,00,2,3,01,B01
200900001062,0,30,000,00,2,2,17,A01
200900001063,0,07,000,00,2,8,01,B01
200900001063,0,07,000,04,2,8,01,A01
200900001063,0,07,000,00,2,7,01,H02
200900001063,0,07,000,00,2,2,01,I02
200900001063,0,10,000,04,2,7,01,E01
200900001063,1,07,000,00,2,2,03,Z02
200900001063,0,07,000,00,2,2,01,G02
200900001063,0,07,000,00,2,2,01,D01
200900001063,0,07,000,00,2,8,01,F02
200900001063,0,07,000,00,2,6,01,C01
200900001064,0,30,000,00,2,6,01,A01
200900001064,1,07,000,00,2,1,01,Z01
200900001065,0,07,000,00,2,3,01,A01
200900001065,0,33,000,00,2,7,01,B01
200900001066,0,30,000,00,2,1,01,A01
200900001066,0,07,000,00,2,3,15,B01
200900001067,0,07,000,07,0,1,15,A01
200900001068,0,07,000,00,2,3,10,A01
200900001068,0,33,000,00,2,1,17,B01
200900001069,0,07,000,00,1,1,15,A01
200900001070,0,33,000,00,2,1,01,B01
200900001070,0,07,000,00,2,2,15,A01
200900001071,0,07,000,00,1,6,20,A01
200900001072,0,07,000,00,2,1,02,B01
200900001072,0,07,000,00,2,4,02,A01
200900001073,0,37,000,00,1,3,01,A01
200900001074,0,30,000,00,2,7,21,B01
200900001074,0,07,000,00,2,6,20,A01
200900001075,0,07,000,00,1,2,01,A01
200900001076,0,32,000,00,2,5,01,B01
200900001076,0,07,000,00,2,1,15,A01
200900001077,0,07,000,00,2,1,02,A01
200900001077,0,01,000,00,2,4,02,B01
200900001078,0,34,000,00,1,1,01,A01
200900001079,0,07,000,00,2,8,10,A01
200900001079,0,07,000,00,2,2,01,B01
200900001080,0,30,000,00,0,2,15,A01
200900001081,0,07,000,00,2,3,10,A01
200900001081,0,32,000,00,2,1,01,B01
200900001082,0,07,000,00,2,3,01,B01
200900001082,0,31,000,00,2,7,14,A01
200900001083,1,07,000,00,1,3,01,Z01
200900001084,0,33,000,00,0,2,01,A01
200900001085,0,07,000,11,0,2,14,A01
200900001086,0,32,000,00,0,0,21,A01
200900001087,0,07,000,00,2,2,01,A01
200900001087,0,32,000,00,2,3,01,B01
200900001088,0,37,001,00,1,2,07,A01
200900001089,0,32,000,00,2,1,02,A01
200900001089,0,07,000,00,2,6,23,B01
200900001090,0,01,000,00,2,1,17,A01
200900001090,0,07,000,00,2,4,23,B01
200900001091,0,07,000,00,2,3,15,A01
200900001091,0,30,000,00,2,1,17,B01
200900001092,0,30,000,00,1,1,18,A01
200900001093,1,07,000,00,2,0,10,Z01
200900001093,0,07,000,00,2,3,01,A01
200900001094,0,30,000,00,0,0,21,A01
200900001095,0,07,000,00,2,1,01,B01
200900001095,0,07,000,00,2,5,01,A01
200900001096,0,07,000,00,0,2,01,B02
200900001096,0,07,000,13,0,7,01,C03
200900001096,0,07,000,00,2,2,01,A01
200900001097,0,07,000,00,2,3,01,B02
200900001097,0,07,000,00,2,1,01,C03
200900001097,0,07,000,00,2,1,13,A01
200900001098,0,33,000,00,2,1,01,B02
200900001098,0,07,000,00,2,3,16,A01
200900001099,0,07,000,00,1,7,01,A01
200900001100,0,07,000,00,1,1,01,A01
200900001101,0,07,000,00,2,3,01,B02
200900001101,0,07,000,00,2,1,13,A01
200900001102,1,07,000,00,1,1,01,Z01
200900001103,0,07,000,00,2,1,17,A01
200900001103,0,07,000,00,2,1,01,B02
200900001104,0,07,000,00,2,1,15,A01
200900001104,0,33,000,00,2,1,01,B01
200900001105,0,32,000,00,2,8,02,A01
200900001105,0,07,000,00,2,2,02,B01
200900001106,0,07,000,00,1,8,01,A01
200900001107,0,07,000,00,2,8,09,A01
200900001107,0,02,000,00,2,2,21,B01
200900001108,0,07,000,00,1,7,01,A01
200900001109,0,07,000,00,2,3,01,A01
200900001109,0,07,000,00,2,3,01,B02
200900001110,0,33,000,00,2,1,02,A01
200900001110,0,07,000,00,0,4,02,B02
200900001111,0,07,000,00,2,1,01,C03
200900001111,0,07,000,00,2,8,01,B02
200900001111,0,07,000,00,2,3,13,A01
200900001112,0,30,000,00,2,1,01,B02
200900001112,0,10,000,00,9,3,16,A01
200900001113,0,31,000,00,2,8,21,B01
200900001113,0,07,000,00,2,5,12,A01
200900001114,0,07,000,06,0,1,01,A01
200900001115,0,07,000,00,2,1,01,B02
200900001115,0,07,000,00,2,1,13,A01
200900001116,0,07,000,00,2,1,01,B01
200900001116,0,07,000,00,2,7,19,A02
200900001117,0,33,000,11,0,1,17,A01
200900001118,0,07,000,00,2,7,01,A01
200900001118,0,02,000,,2,1,19,B01
200900001119,0,15,000,16,0,7,01,A01
200900001120,0,30,000,00,2,2,15,B02
200900001120,0,07,000,00,2,2,01,A01
200900001121,0,07,000,00,2,7,13,A01
200900001121,0,07,000,00,2,1,01,B02
200900001122,0,07,000,06,0,1,14,A01
200900001123,0,01,000,15,0,0,01,A01
200900001124,0,07,000,03,0,1,01,A01
200900001125,0,07,000,00,1,2,01,A01
200900001126,0,07,000,00,2,1,02,A01
200900001126,0,07,000,00,2,4,23,B01
200900001127,0,07,000,00,2,4,23,B01
200900001127,0,07,000,00,2,4,23,C01
200900001127,0,07,000,00,2,1,03,A01
200900001128,0,07,000,00,2,1,19,A01
200900001128,0,07,000,00,2,8,01,B01
200900001129,0,07,000,00,2,1,02,A01
200900001129,0,07,000,00,2,4,23,B01
200900001130,0,07,000,00,1,1,16,A01
200900001131,0,31,000,11,0,7,01,A01
200900001132,0,30,000,00,0,7,01,A01
200900001133,0,07,000,00,1,2,01,A01
200900001134,0,02,000,00,1,2,01,A01
200900001135,0,02,000,16,0,8,01,A01
200900001136,0,07,000,16,0,9,13,A01
200900001137,0,31,000,16,0,7,01,A01
200900001138,0,01,000,00,1,1,01,A01
200900001139,0,07,000,00,1,2,01,A01
200900001140,0,07,000,00,1,1,16,A01
200900001141,0,07,000,00,2,1,01,B02
200900001141,0,07,000,00,2,8,19,A01
200900001142,0,07,000,00,2,1,01,A01
200900001142,0,07,000,00,2,1,13,B02
200900001143,0,07,000,00,2,3,01,B02
200900001143,0,07,000,00,2,1,01,A01
200900001144,0,07,000,00,2,7,13,A01
200900001144,0,07,000,00,2,1,01,B02
200900001145,0,07,000,06,0,4,01,A01
200900001146,0,07,000,00,2,2,01,B01
200900001146,0,07,000,00,2,3,19,A02
200900001147,0,02,000,00,2,1,01,B02
200900001147,0,07,000,00,2,1,15,A01
200900001148,0,07,000,00,2,3,01,A01
200900001148,0,07,000,00,2,3,13,B02
200900001149,0,07,000,08,6,2,01,A01
200900001150,0,07,000,00,2,8,19,A01
200900001150,2,07,000,00,2,1,01,B02
200900001151,0,07,000,00,4,8,01,A01
200900001151,0,39,021,00,2,1,01,B02
200900001152,0,10,000,00,2,1,01,B01
200900001152,0,30,000,00,2,7,19,A02
200900001153,0,07,000,08,0,1,13,A01
200900001154,0,07,000,00,2,4,23,B01
200900001154,0,07,000,00,2,1,02,A01
200900001155,0,07,000,13,0,9,01,A01
200900001156,0,07,000,13,0,0,14,A01
200900001157,0,07,000,00,2,1,15,A01
200900001157,0,07,000,00,2,1,01,B01
200900001158,0,07,000,00,0,0,01,A01
200900001159,0,07,000,00,1,1,16,A01
200900001160,0,30,000,00,1,1,01,A01
200900001161,0,07,000,00,2,1,02,A01
200900001161,0,07,000,00,0,4,02,C01
200900001161,0,07,000,00,2,1,02,B01
200900001162,0,07,000,00,1,1,01,A01
200900001163,0,10,000,00,2,2,15,A01
200900001163,0,07,000,00,0,8,01,B01
200900001164,0,07,000,00,2,3,01,B01
200900001164,0,30,000,00,2,1,01,A01
200900001165,0,07,000,00,1,2,00,A01
200900001166,0,07,000,00,1,3,15,A01
200900001167,0,07,000,00,1,1,01,A01
200900001168,0,07,000,06,0,8,02,A01
200900001169,0,10,000,00,2,3,01,B02
200900001169,0,07,000,00,2,3,01,A01
200900001170,0,30,000,00,2,7,01,A01
200900001170,0,07,000,00,2,1,19,B02
200900001171,0,10,000,00,2,1,06,A01
200900001171,0,01,000,00,2,1,01,B02
200900001172,0,07,000,06,0,1,01,A01
200900001173,0,07,000,00,2,1,01,A01
200900001173,0,07,000,00,2,7,01,B02
200900001174,0,30,000,00,2,1,01,B02
200900001174,0,07,000,00,2,2,15,A01
200900001175,0,07,000,13,0,1,13,A01
200900001176,0,07,000,00,2,3,17,B02
200900001176,0,07,000,00,2,3,01,A01
200900001177,0,07,000,00,2,3,01,B02
200900001177,0,07,000,00,2,5,01,A01
200900001178,0,33,000,00,2,2,15,B01
200900001178,0,07,000,00,2,6,01,A01
200900001179,0,07,000,06,0,1,01,A01
200900001180,0,07,000,00,1,2,16,A01
200900001181,0,07,000,09,0,2,00,A01
200900001182,0,07,000,00,1,3,15,A01
200900001183,0,07,000,00,0,1,00,A01
200900001183,0,07,000,00,2,4,00,B01
200900001184,0,02,000,14,1,1,21,A01