Num_Acc,senc,catv,occutc,obs,obsm,choc,manv,num_veh
200900001594,0,07,000,00,2,2,01,A01
200900001594,0,31,000,00,2,2,01,B01
200900001595,0,07,000,00,2,1,09,A01
200900001595,0,32,000,00,2,2,01,B01
200900001596,0,07,000,00,2,0,15,A01
200900001596,0,33,000,00,2,7,01,B01
200900001597,0,32,000,00,2,2,01,A01
200900001597,0,07,000,00,2,6,01,B01
200900001598,0,07,000,00,1,2,01,A01
200900001599,0,07,000,04,2,8,01,B01
200900001599,0,07,000,00,2,3,01,C01
200900001599,0,15,000,00,2,2,12,A01
200900001600,0,01,000,00,2,8,15,A01
200900001601,0,34,000,00,2,1,01,B01
200900001601,0,07,000,00,2,7,15,A01
200900001602,0,10,000,00,2,3,13,A01
200900001602,0,31,000,00,2,7,23,B01
200900001603,0,07,000,00,2,3,01,B01
200900001603,0,07,000,01,2,7,01,A01
200900001604,0,33,000,00,2,1,02,A01
200900001604,0,07,000,00,2,4,02,B01
200900001605,0,07,000,00,1,3,15,A01
200900001606,0,32,000,00,2,3,09,A01
200900001606,0,32,000,00,2,2,01,B01
200900001607,0,30,000,00,2,1,07,A01
200900001607,0,33,000,00,2,2,16,B01
200900001608,0,32,000,00,2,1,01,A01
200900001608,0,07,000,00,2,6,15,B01
200900001609,0,07,000,00,1,4,04,A01
200900001610,0,33,000,00,2,1,17,A01
200900001610,0,10,000,00,2,8,15,B01
200900001611,0,07,000,00,1,3,15,A01
200900001612,0,33,000,00,2,0,01,B01
200900001612,0,07,000,00,2,0,11,A01
200900001613,0,30,000,00,1,2,01,A01
200900001614,0,31,000,00,1,1,01,A01
200900001615,0,07,000,00,2,3,15,A01
200900001615,0,33,000,00,2,1,17,B01
200900001616,1,07,000,00,2,5,02,Z01
200900001616,0,33,000,00,2,1,02,A01
200900001617,0,01,000,00,0,0,01,A01
200900001618,0,34,000,00,2,1,01,A01
200900001618,0,07,000,00,2,3,15,B01
200900001619,0,07,000,00,1,5,04,A01
200900001620,0,32,000,00,1,1,17,A01
200900001621,1,32,000,00,1,0,01,Z01
200900001622,0,30,000,00,1,2,01,A01
200900001623,0,07,000,00,1,4,04,A01
200900001624,0,10,000,00,1,2,01,A01
200900001625,0,31,000,12,0,1,13,A01
200900001626,0,14,000,00,2,7,15,A01
200900001626,0,33,000,00,2,7,17,B01
200900001627,0,07,000,00,2,2,01,B01
200900001627,0,07,000,03,2,1,15,A01
200900001628,0,33,000,00,2,1,17,B01
200900001628,0,07,000,00,2,3,10,A01
200900001629,0,07,000,00,2,6,23,B01
200900001629,0,31,000,00,2,1,02,A01
200900001630,0,02,000,00,1,1,01,A01
200900001631,0,07,000,00,1,2,15,A01
200900001632,0,07,000,00,1,7,15,A01
200900001633,0,33,000,00,1,6,01,A01
200900001634,0,07,000,15,0,2,07,A01
200900001635,0,33,000,00,1,7,17,A01
200900001636,0,01,000,00,1,1,01,A01
200900001637,0,07,000,15,0,4,14,A01
200900001638,0,30,000,00,2,6,17,A01
200900001638,0,07,000,00,2,3,15,B01
200900001639,0,31,000,00,2,2,02,A01
200900001639,0,07,000,00,2,6,02,B01
200900001640,1,13,000,00,2,2,02,Z01
200900001640,0,02,000,00,2,6,02,A01
200900001641,0,02,000,01,0,3,21,A01
200900001642,0,32,000,01,2,7,18,A01
200900001642,0,07,000,00,2,7,12,B01
200900001643,0,07,000,00,2,5,12,B01
200900001643,0,33,000,00,2,1,01,A01
200900001644,0,07,000,00,1,2,16,A01
200900001645,0,37,011,00,1,1,01,A01
200900001646,0,07,000,00,2,3,15,B01
200900001646,0,31,000,00,2,7,17,A01
200900001647,0,33,000,00,0,0,21,A01
200900001648,0,07,000,00,2,2,15,B01
200900001648,0,33,000,00,2,7,17,A01
200900001649,0,07,000,00,1,5,01,A01
200900001650,0,34,000,06,2,7,17,B01
200900001650,0,07,000,00,2,3,15,A01
200900001651,0,07,000,00,1,3,15,A01
200900001652,0,07,000,00,1,3,01,A01
200900001653,0,07,000,00,2,8,01,C01
200900001653,0,32,000,00,2,3,03,A01
200900001653,0,07,000,00,2,2,12,B01
200900001654,0,30,000,00,0,0,01,A01
200900001655,0,14,000,00,2,7,17,B01
200900001655,0,01,000,00,2,8,07,A01
200900001656,0,34,000,00,1,1,17,A01
200900001657,0,01,000,00,2,1,01,B01
200900001657,0,07,000,00,2,3,15,A01
200900001658,0,07,000,00,2,3,10,A01
200900001658,0,32,000,00,2,1,01,B01
200900001659,0,07,000,00,2,2,01,B01
200900001659,0,07,000,00,2,1,01,A01
200900001660,0,32,000,07,0,1,13,A01
200900001661,0,33,000,01,2,8,02,A01
200900001661,0,07,000,00,2,4,02,B01
200900001662,0,32,000,00,2,0,01,A01
200900001662,0,01,000,00,2,0,01,B01
200900001663,0,07,000,00,2,4,23,B01
200900001663,0,07,000,00,2,1,02,A01
200900001664,0,32,000,00,0,0,01,A01
200900001665,0,10,000,00,2,3,15,A01
200900001665,0,30,000,00,2,3,01,B01
200900001666,0,33,000,00,2,2,02,A01
200900001666,0,10,000,00,2,6,02,B01
200900001667,0,33,000,00,2,1,01,A01
200900001667,0,13,000,00,2,6,12,B01
200900001668,0,32,000,00,0,0,21,A01
200900001669,0,07,000,00,2,7,16,B01
200900001669,0,32,000,02,2,8,07,A01
200900001670,0,32,000,00,1,2,01,A01
200900001671,0,32,000,00,1,2,01,A01
200900001672,0,30,000,00,2,1,01,A01
200900001672,0,07,000,00,2,3,01,B01
200900001673,0,07,000,00,2,0,10,A01
200900001673,0,32,000,00,2,0,17,B01
200900001674,0,30,000,00,0,0,21,A01
200900001675,0,07,000,00,2,3,01,B01
200900001675,0,07,000,00,2,2,01,A01
200900001676,0,07,000,00,1,4,04,A01
200900001677,0,07,000,00,2,7,09,A01
200900001677,0,30,000,00,2,1,01,B01
200900001678,0,10,000,00,2,1,02,A01
200900001678,0,10,000,00,2,4,02,B01
200900001679,0,32,000,00,1,1,18,A01
200900001680,0,02,000,00,1,1,01,A01
200900001681,0,10,000,00,2,0,10,B01
200900001681,0,32,000,00,2,8,01,A01
200900001682,0,07,000,00,2,5,16,A01
200900001682,0,01,000,00,2,3,01,B01
200900001683,0,01,000,14,0,1,01,A01
200900001684,0,01,000,06,0,2,21,A01
200900001685,0,02,000,00,5,1,01,A01
200900001686,0,01,000,00,2,0,02,A01
200900001686,1,07,000,00,2,0,02,Z01
200900001687,1,07,000,00,1,0,01,Z01
200900001688,0,30,000,00,2,1,01,B01
200900001688,0,07,000,00,2,5,15,A01
200900001689,0,30,000,00,1,1,01,A01
200900001690,0,07,000,00,2,4,02,B01
200900001690,0,31,000,00,2,1,02,A01
200900001691,0,14,000,00,2,8,22,A01
200900001691,0,01,000,00,2,7,17,B01
200900001692,0,32,000,00,2,3,01,B01
200900001692,0,07,000,00,2,2,10,A01
200900001693,0,30,000,00,2,2,09,A01
200900001693,0,07,000,00,2,2,01,B01
200900001694,0,02,000,00,1,1,18,A01
200900001695,0,07,000,00,2,3,01,B01
200900001695,0,07,000,00,2,2,01,A01
200900001696,1,07,000,00,1,0,01,Z01
200900001697,0,01,000,00,2,0,19,A01
200900001697,1,10,000,00,2,2,16,Z01
200900001698,0,07,000,00,1,2,01,A01
200900001699,0,07,000,00,1,3,01,A01
200900001700,0,30,000,00,0,0,01,A01
200900001701,0,30,000,00,1,0,17,A01
200900001702,0,07,000,00,1,1,01,A01
200900001703,0,01,000,12,0,1,14,A01
200900001704,0,07,000,00,2,3,01,A01
200900001704,0,01,000,00,2,4,01,B01
200900001705,1,07,000,00,1,1,15,Z01
200900001706,0,32,000,00,2,7,03,A01
200900001706,0,10,000,00,2,8,13,B01
200900001707,0,32,000,00,2,8,01,A01
200900001707,1,07,000,00,2,2,17,Z01
200900001708,0,07,000,00,2,6,02,C01
200900001708,0,13,000,00,2,2,02,B01
200900001708,0,30,000,00,2,2,02,A01
200900001709,0,10,000,00,2,8,01,A01
200900001709,0,07,000,01,2,1,16,B01
200900001710,0,01,000,12,0,1,14,A01
200900001711,0,07,000,00,1,1,16,A01
200900001712,0,32,000,00,0,2,17,A01
200900001713,0,34,000,00,2,1,02,A01
200900001713,0,07,000,00,2,4,02,B01
200900001714,0,07,000,00,1,2,01,A01
200900001715,0,07,000,00,1,1,15,A01
200900001716,0,32,000,00,1,3,01,A01
200900001717,0,07,000,00,2,3,01,A01
200900001717,0,07,000,00,2,3,15,B01
200900001718,0,07,000,00,1,1,15,A01
200900001719,0,32,000,00,2,8,01,B01
200900001719,0,07,000,00,2,2,15,A01
200900001720,0,01,000,00,2,4,07,B01
200900001720,0,30,000,00,2,4,07,A01
200900001721,0,07,000,00,2,3,01,A01
200900001721,0,32,000,00,2,7,16,B01
200900001722,0,33,000,00,2,3,18,B01
200900001722,0,07,000,00,2,2,22,A01
200900001723,0,07,000,00,2,3,01,B01
200900001723,0,02,000,00,2,3,17,A01
200900001724,0,07,000,00,2,1,02,A01
200900001724,0,30,000,00,2,4,23,B01
200900001725,0,07,000,00,1,2,07,A01
200900001726,0,33,000,00,1,1,01,A01
200900001727,0,02,000,00,2,1,01,A01
200900001727,0,07,000,00,2,3,15,B01
200900001728,0,33,000,00,2,1,03,A01
200900001728,0,07,000,00,2,5,01,B01
200900001729,0,07,000,00,2,3,11,B01
200900001729,0,07,000,00,2,7,01,A01
200900001730,0,32,000,00,2,1,01,C01
200900001730,0,30,000,00,2,4,15,A01
200900001730,0,32,000,00,2,9,01,B01
200900001731,0,33,000,00,2,1,17,B01
200900001731,0,07,000,00,2,3,09,A01
200900001732,0,07,000,00,2,3,15,A01
200900001732,0,33,000,00,2,8,01,B01
200900001733,0,02,000,14,0,0,14,A01
200900001734,0,34,000,01,2,7,01,A01
200900001734,0,07,000,00,2,2,01,B01
200900001735,0,30,000,01,0,1,05,A01
200900001736,0,07,000,00,2,2,15,A01
200900001736,0,31,000,00,2,1,01,B01
200900001737,0,07,000,00,1,3,01,A01
200900001738,0,33,000,00,2,1,14,A01
200900001738,0,10,000,00,2,3,23,B01
200900001739,0,07,000,00,2,3,15,A01
200900001739,0,33,000,00,2,0,01,B01
200900001740,0,32,000,00,2,3,01,B01
200900001740,0,07,000,00,2,2,01,A01
200900001741,0,30,000,00,2,1,01,A01
200900001741,0,07,000,00,2,3,01,B01
200900001742,0,32,000,00,2,7,17,A01
200900001742,0,07,000,00,2,1,15,B01
200900001743,0,30,000,00,0,0,21,A01
200900001744,0,07,000,00,2,3,02,B01
200900001744,0,07,000,00,2,6,10,A01
200900001745,0,07,000,00,1,2,17,A01
200900001746,0,07,000,00,2,7,01,A01
200900001746,0,07,000,00,2,1,01,B01
200900001747,0,07,000,00,1,8,01,A01
200900001748,0,33,000,00,2,5,02,A01
200900001748,0,10,000,00,2,5,02,B01
200900001749,0,07,000,00,2,8,10,A01
200900001749,0,37,004,00,2,2,01,B01
200900001750,0,07,000,00,2,4,23,B01
200900001750,0,07,000,00,2,1,02,A01
200900001751,0,01,000,00,2,8,13,B01
200900001751,0,07,000,00,2,0,17,A01
200900001752,0,07,000,04,0,2,21,A01
200900001753,0,01,000,14,0,1,14,A01
200900001754,0,33,000,00,2,3,01,B01
200900001754,0,07,000,00,2,5,12,A01
200900001755,1,07,000,00,2,6,13,Z01
200900001755,0,30,000,00,2,2,17,A01
200900001756,0,01,000,00,2,8,18,A01
200900001756,0,07,000,00,2,2,16,B01
200900001757,0,07,000,00,2,6,01,C01
200900001757,0,33,000,00,2,1,03,A01
200900001757,0,07,000,00,2,5,01,B01
200900001758,0,30,000,00,2,1,18,A01
200900001758,0,07,000,00,2,5,22,B01
200900001759,0,33,000,00,2,3,01,B01
200900001759,0,07,000,00,2,2,15,A01
200900001760,0,10,000,00,2,8,01,B01
200900001760,0,32,000,00,2,1,01,A01
200900001761,0,07,000,00,2,1,01,B01
200900001761,0,07,000,00,2,9,01,A01
200900001762,0,07,000,00,2,4,02,C01
200900001762,0,07,000,00,2,9,02,B01
200900001762,0,07,000,00,2,1,02,A01
200900001763,0,14,000,00,2,2,16,A01
200900001763,0,01,000,00,2,3,01,B01
200900001764,0,07,000,00,2,5,01,B01
200900001764,0,33,000,04,2,1,01,A01
200900001764,1,07,000,00,2,5,12,Z01
200900001765,0,07,000,00,2,0,13,A01
200900001765,0,30,000,00,2,8,01,B01
200900001766,0,32,000,00,0,0,21,A01
200900001767,0,07,000,00,1,3,15,A01
200900001768,1,10,000,00,1,0,16,Z01
200900001769,0,31,000,00,2,1,01,B01
200900001769,0,07,000,00,2,8,22,A01
200900001770,0,30,000,00,2,1,01,B01
200900001770,0,07,000,00,2,3,09,A01
200900001771,0,34,000,00,2,1,01,A01
200900001771,0,07,000,00,2,3,09,B01
200900001772,0,14,000,00,1,1,15,A01
200900001773,0,07,000,00,2,1,10,A01
200900001773,0,33,000,01,2,1,01,B01
200900001774,0,13,000,00,1,1,09,A01
200900001775,0,33,000,00,2,1,17,A01
200900001775,0,32,000,00,2,4,15,B01
200900001776,0,30,000,00,2,3,02,A01
200900001776,0,10,000,00,2,5,16,B01
200900001777,0,07,000,00,2,2,01,A01
200900001777,0,10,000,00,2,5,15,B01
200900001778,0,30,000,00,0,7,01,A01
200900001779,0,32,000,00,2,5,01,B01
200900001779,0,10,000,00,2,3,13,A01
200900001780,0,30,000,00,0,8,01,A01
200900001781,0,07,000,00,1,8,15,A01
200900001782,0,10,000,00,2,1,02,A01
200900001782,0,07,000,00,2,4,23,B01
200900001783,1,07,000,00,1,1,15,Z01
200900001784,0,07,000,00,1,1,01,A01
200900001785,0,10,000,00,1,2,15,A01
200900001786,0,07,000,00,2,3,07,B01
200900001786,0,07,000,00,2,2,16,A01
200900001787,1,30,000,00,2,0,01,Z01
200900001787,0,30,000,00,2,1,16,A01
200900001788,0,30,000,00,2,1,05,A01
200900001788,0,33,000,00,2,6,15,B01
200900001789,0,07,000,00,2,3,17,A01
200900001789,0,32,000,00,2,1,13,B01
200900001790,0,32,000,00,2,7,17,A01
200900001790,0,07,000,00,2,6,13,B01
200900001791,0,01,000,00,1,1,01,A01
200900001792,0,07,000,00,1,6,15,A01
200900001793,0,07,000,00,2,1,02,A01
200900001793,0,07,000,00,2,4,02,C01
200900001793,0,07,000,00,2,4,02,B01
200900001794,0,07,000,00,2,8,15,B01
200900001794,0,34,000,00,2,7,17,A01
200900001795,0,07,000,00,2,1,02,A01
200900001795,0,32,000,00,2,4,23,B01
200900001796,0,10,000,00,2,7,01,B01
200900001796,0,30,000,00,2,1,01,A01
200900001797,0,30,000,12,0,1,14,A01
200900001798,0,01,000,00,2,7,01,A01
200900001798,0,37,000,00,2,1,01,B01
200900001799,0,32,000,00,1,0,15,A01
200900001800,0,10,000,00,2,5,16,A01
200900001800,0,37,030,00,2,3,07,B01
200900001801,0,31,000,00,2,3,13,A01
200900001801,0,01,000,00,2,3,17,B01
200900001802,0,32,000,00,1,7,01,A01
200900001803,0,33,000,00,2,1,17,B01
200900001803,0,07,000,00,2,8,13,A01
200900001804,0,37,001,00,2,7,07,A01
200900001804,0,34,000,00,2,3,07,B01
200900001805,0,07,000,00,2,1,13,A01
200900001805,0,33,000,00,2,1,01,B01
200900001806,0,30,000,00,0,8,01,A01
200900001807,0,07,000,00,1,2,01,A01
200900001808,0,10,000,00,2,1,02,C01
200900001808,0,07,000,00,2,4,02,B01
200900001808,0,07,000,00,2,4,02,E01
200900001808,0,07,000,00,2,4,02,D01
200900001808,0,32,000,00,2,1,02,A01
200900001809,0,07,000,00,2,7,22,B01
200900001809,0,01,000,00,2,0,18,A01
200900001810,0,32,000,00,2,8,23,B01
200900001810,0,07,000,00,2,2,02,A01
200900001811,0,02,000,00,1,1,01,A01
200900001812,0,07,000,00,2,6,15,A01
200900001812,0,32,000,00,2,7,17,B01
200900001813,0,30,000,00,2,7,01,B01
200900001813,0,10,000,00,2,3,15,A01
200900001814,0,07,000,00,2,2,15,B01
200900001814,0,34,000,00,2,8,01,A01
200900001815,1,07,000,00,2,0,13,Z01
200900001815,0,02,000,00,2,5,01,A01
200900001816,0,30,000,00,2,1,17,B01
200900001816,0,07,000,00,2,8,22,A01
200900001817,0,33,000,00,2,7,15,B01
200900001817,0,07,000,00,2,2,01,A01
200900001818,0,33,000,00,2,8,01,B01
200900001818,0,07,000,00,2,2,22,A01
200900001819,0,31,000,00,0,8,01,A01
200900001820,0,33,000,00,2,8,01,B01
200900001820,0,07,000,00,2,1,15,A01
200900001821,0,33,000,00,2,7,01,B01
200900001821,0,07,000,00,2,4,16,A01
200900001822,0,07,000,00,1,5,04,A01
200900001823,0,07,000,11,0,1,14,A01
200900001824,0,15,000,00,2,2,01,A01
200900001824,0,33,000,00,2,7,01,B01
200900001825,0,07,000,00,2,1,02,A01
200900001825,0,07,000,00,2,4,23,C01
200900001825,0,31,000,00,2,4,02,B01
200900001826,0,32,000,00,1,1,01,A01
200900001827,0,02,000,00,1,2,07,A01
200900001828,0,32,000,00,2,2,01,B01
200900001828,0,07,000,00,2,8,09,A01
200900001829,0,07,000,00,2,2,14,B01
200900001829,0,02,000,00,2,3,18,A01
200900001830,0,07,000,00,2,8,10,A01
200900001830,0,30,000,00,2,1,01,B01
200900001831,0,31,000,00,2,1,18,A01
200900001831,0,07,000,00,2,5,16,B01
200900001832,0,07,000,00,1,2,01,A01
200900001833,0,31,000,00,1,1,01,A01
200900001834,0,07,000,00,1,3,01,A01
200900001835,0,32,000,00,2,3,01,B01
200900001835,0,07,000,00,2,3,15,A01
200900001836,0,31,000,00,2,6,15,A01
200900001836,0,32,000,00,2,1,01,B01
200900001837,0,30,000,00,2,2,16,A01
200900001837,0,07,000,00,2,3,01,B01
200900001838,0,33,000,00,1,1,01,A01
200900001839,0,07,000,00,2,7,16,B01
200900001839,0,02,000,00,2,3,01,A01
200900001840,0,07,000,00,1,4,04,A01
200900001841,0,37,000,00,1,1,01,A01
200900001842,0,01,000,00,0,7,01,A01
200900001843,0,31,000,00,1,1,01,A01
200900001844,0,33,000,00,0,7,01,A01
200900001845,0,01,000,00,0,0,01,A01
200900001846,0,01,000,00,1,8,01,A01
200900001847,0,07,000,00,2,4,02,A01
200900001847,1,07,000,00,2,1,02,Z01
200900001848,0,07,000,00,2,1,02,A01
200900001848,0,01,000,00,2,4,23,B01
200900001849,0,07,000,00,2,2,01,A01
200900001849,0,30,000,00,2,8,01,B01
200900001850,0,32,000,00,2,7,17,B01
200900001850,0,07,000,00,2,3,15,A01
200900001851,0,31,000,11,0,8,13,A01
200900001852,0,33,000,00,0,2,01,A01
200900001853,0,07,000,00,2,3,01,A01
200900001853,0,02,000,00,2,4,01,B01
200900001854,0,07,000,00,2,3,15,A01
200900001854,0,01,000,00,2,1,01,B01
200900001855,0,32,000,00,0,8,17,A01
200900001856,0,07,000,00,2,5,02,B01
200900001856,0,33,000,00,2,1,12,A01
200900001856,0,07,000,00,2,4,02,C01
200900001857,0,07,000,00,2,3,02,A01
200900001857,0,33,000,00,2,4,23,B01
200900001858,0,07,000,00,2,4,23,B01
200900001858,0,07,000,00,2,1,02,A01
200900001859,0,02,000,00,2,8,01,B01
200900001859,0,07,000,00,2,2,01,A01
200900001860,0,07,000,00,2,3,15,B01
200900001860,0,34,000,00,2,7,17,A01
200900001861,0,33,000,00,2,1,01,B01
200900001861,0,07,000,00,2,2,01,A01
200900001862,0,07,000,00,1,3,01,A01
200900001863,0,34,000,00,1,1,01,A01
200900001864,0,37,000,00,1,7,07,A01
200900001865,0,01,000,01,0,1,21,A01
200900001866,0,07,000,00,2,7,16,B01
200900001866,0,31,000,00,2,8,01,A01
200900001867,0,10,000,00,2,4,23,B01
200900001867,0,07,000,00,2,1,02,A01
200900001868,0,07,000,00,2,2,15,A01
200900001868,0,33,000,00,2,1,01,B01
200900001869,0,07,000,00,1,1,01,A01
200900001870,0,10,000,00,2,7,09,A01
200900001870,0,34,000,01,2,8,01,B01
200900001871,0,07,000,00,1,1,01,A01
200900001872,0,07,000,00,2,1,02,A01
200900001872,0,07,000,00,2,4,02,B01
200900001873,0,07,000,00,2,3,15,B01
200900001873,0,34,000,00,2,2,17,A01
200900001874,0,32,000,00,2,7,16,A01
200900001874,0,32,000,00,2,8,01,B01
200900001875,0,07,000,00,2,3,15,A01
200900001875,0,30,000,00,2,2,01,B01
200900001876,0,34,000,00,0,0,01,A01
200900001877,0,07,000,00,2,2,15,A01
200900001877,0,02,000,00,2,3,01,B01
200900001878,0,07,000,11,0,2,14,A01
200900001879,0,07,000,00,2,1,15,A01
200900001879,0,33,000,00,2,1,01,B01
200900001880,0,07,000,00,2,4,23,B01
200900001880,0,07,000,00,2,1,02,A01
200900001881,0,02,000,02,0,1,15,A01
200900001882,0,10,000,00,1,6,04,A01
200900001883,0,07,000,00,2,2,16,A01
200900001883,0,33,000,00,2,6,01,B01
200900001884,0,07,000,00,2,7,01,A01
200900001884,0,33,000,01,2,8,18,B01
200900001885,0,07,000,00,2,2,01,A01
200900001885,0,32,000,00,2,8,01,B01
200900001886,0,07,000,00,1,3,01,A01
200900001887,0,32,000,00,1,1,01,A01
200900001888,0,30,000,00,2,3,01,A01
200900001888,0,07,000,00,2,7,22,B01
200900001889,0,07,000,00,2,1,15,A01
200900001889,0,31,000,00,2,3,01,B01
200900001890,0,07,000,00,2,2,16,B01
200900001890,0,32,000,01,2,2,18,A01
200900001891,0,07,000,00,2,1,01,A01
200900001891,0,32,000,00,2,2,01,B01
200900001892,0,07,000,00,2,3,01,B01
200900001892,0,30,000,00,2,1,17,A01
200900001893,0,07,000,00,2,1,01,A01
200900001893,0,07,000,00,2,7,15,B01
200900001894,0,07,000,00,2,5,02,B01
200900001894,0,33,000,00,2,1,02,A01
200900001895,0,07,000,00,2,8,15,B01
200900001895,0,02,000,00,2,5,17,A01
200900001896,0,32,000,00,2,1,01,B01
200900001896,0,07,000,00,2,3,15,A01
200900001897,0,32,000,00,2,1,05,A01
200900001897,0,07,000,00,2,1,02,C01
200900001897,0,07,000,00,2,9,02,B01
200900001898,0,32,000,04,0,8,01,A01
200900001899,0,33,000,00,0,0,13,A01
200900001900,1,07,000,00,2,0,02,Z01
200900001900,0,30,000,00,2,3,02,A01
200900001901,0,33,000,11,0,3,21,A01
200900001902,0,30,000,14,0,7,21,A01
200900001903,0,32,000,00,0,7,01,A01
200900001904,0,07,000,00,2,8,01,B01
200900001904,0,07,000,00,2,2,01,A01
200900001905,0,32,000,11,0,3,21,A01
200900001906,0,07,000,00,2,3,22,A01
200900001906,0,31,000,00,2,2,01,B01
200900001907,0,01,000,00,2,7,01,B01
200900001907,0,07,000,00,2,6,22,A01
200900001908,0,32,000,00,2,1,02,C01
200900001908,0,07,000,00,2,4,02,D01
200900001908,0,14,000,00,2,2,01,A01
200900001908,0,07,000,00,2,8,01,B01
200900001909,0,01,000,00,2,9,07,B01
200900001909,0,14,000,00,2,1,16,A01
200900001910,0,01,000,00,2,7,13,A01
200900001910,0,37,010,00,2,7,07,B01
200900001911,0,07,000,00,1,3,01,A01
200900001912,1,30,000,00,1,1,01,Z01
200900001913,0,07,000,00,1,2,01,A01
200900001914,0,33,000,00,2,1,01,A01
200900001914,0,07,000,00,2,3,01,B01
200900001915,0,02,000,01,0,1,14,A01
200900001916,0,07,000,00,2,3,15,A01
200900001916,0,02,000,00,2,1,17,B01
200900001917,0,30,000,00,0,0,01,A01
200900001918,0,02,000,00,0,0,17,A01
200900001919,0,07,000,00,2,6,02,B01
200900001919,0,31,000,00,2,4,02,A01
200900001920,0,07,000,00,1,1,15,A01
200900001921,0,10,000,00,2,2,02,A01
200900001921,0,01,000,00,2,4,23,C01
200900001921,0,07,000,00,2,6,23,B01
200900001922,0,07,000,00,2,7,15,A01
200900001922,0,02,000,00,2,1,01,B01
200900001923,0,07,000,00,1,2,01,A01
200900001924,0,07,000,00,2,3,15,A01
200900001924,0,33,000,00,2,1,17,B01
200900001925,0,07,000,00,2,5,01,B01
200900001925,0,32,000,00,2,6,18,A01
200900001926,0,37,030,00,1,2,07,A01
200900001927,0,07,000,00,2,1,01,A01
200900001927,0,33,000,00,2,2,01,B01
200900001928,0,01,000,00,1,1,17,A01
200900001929,0,33,000,00,2,7,02,A01
200900001929,0,07,000,00,2,6,23,B01
200900001930,0,07,000,00,2,4,02,B01
200900001930,0,30,000,00,2,1,02,A01
200900001931,0,02,000,00,2,6,13,A01
200900001931,0,07,000,00,2,5,23,B01
200900001932,0,31,000,00,0,8,01,A01
200900001933,0,07,000,01,0,1,14,A01
200900001934,1,07,000,00,1,0,07,Z01
200900001935,0,01,000,00,1,0,01,A01
200900001936,0,07,000,00,2,2,14,B01
200900001936,0,01,000,00,2,8,07,A01
200900001937,0,32,000,00,2,1,01,B01
200900001937,0,07,000,00,2,3,09,A01
200900001938,0,02,000,00,1,1,01,A01
200900001939,0,07,000,11,2,2,13,A01
200900001939,0,01,000,00,2,0,01,B01
200900001940,0,07,000,00,2,2,15,A01
200900001940,0,33,000,00,2,1,01,B01
200900001941,0,32,000,00,2,3,01,A01
200900001941,1,10,000,00,2,0,15,Z01
200900001942,0,32,000,00,0,0,21,A01
200900001943,0,32,000,00,2,7,01,B01
200900001943,0,07,000,00,2,3,15,A01
200900001944,0,32,000,00,2,2,01,B01
200900001944,0,07,000,00,2,3,15,A01
200900001945,0,07,000,00,2,4,02,A01
200900001945,1,07,000,00,2,1,02,Z01
200900001945,0,10,000,00,2,4,02,B01
200900001946,0,32,000,00,2,7,03,A01
200900001946,0,07,000,00,2,8,11,B01
200900001947,0,32,000,00,0,0,21,A01
200900001948,0,07,000,00,1,1,01,A01
200900001949,0,01,000,00,2,0,02,A01
200900001949,1,07,000,00,2,0,02,Z01
200900001950,0,07,000,00,2,3,02,A01
200900001950,0,33,000,00,2,4,23,B01
200900001951,0,07,000,00,2,2,16,A01
200900001951,0,32,000,00,2,1,07,B01
200900001952,0,30,000,00,2,2,01,B01
200900001952,0,07,000,00,2,3,09,A01
200900001953,0,02,000,00,1,8,01,A01
200900001954,0,07,000,00,2,5,01,A01
200900001954,0,02,000,00,2,1,01,B01
200900001955,0,07,000,00,2,3,10,A01
200900001955,0,30,000,00,2,8,01,B01
200900001956,0,32,000,00,2,2,01,A01
200900001956,0,07,000,00,2,3,11,B01
200900001957,0,07,000,00,1,1,16,A01
200900001958,0,10,000,00,2,2,14,A01
200900001958,0,07,000,04,2,8,01,B01
200900001959,2,07,000,00,2,0,17,Z01
200900001959,0,30,000,00,2,6,01,A01
200900001960,0,07,000,00,2,2,07,B01
200900001960,0,10,000,00,2,3,12,A01
200900001960,0,07,000,15,2,4,24,C01
200900001961,0,10,000,07,0,1,13,A01
200900001962,0,33,000,00,2,3,02,A01
200900001962,0,07,000,00,2,5,02,B01
200900001963,0,32,000,00,1,7,01,A01
200900001964,0,32,000,00,0,7,01,A01
200900001965,0,07,000,00,2,2,01,B01
200900001965,0,30,000,00,2,1,01,A01
200900001966,0,07,000,00,1,4,04,A01
200900001967,0,13,000,00,2,2,02,A01
200900001967,0,01,000,00,2,9,02,B01
200900001968,0,10,000,00,1,4,04,A01
200900001969,0,10,000,01,1,5,04,A01
200900001970,0,30,000,00,2,2,17,A01
200900001970,0,07,000,00,2,3,15,B01
200900001971,0,07,000,00,1,2,16,A01
200900001972,0,02,000,00,0,1,01,A01
200900001973,0,30,000,00,1,1,01,A01
200900001974,0,07,000,00,2,1,02,B01
200900001974,0,30,000,00,2,5,02,A01
200900001975,0,07,000,00,1,2,07,A01
200900001976,0,07,000,00,2,3,11,B01
200900001976,0,07,000,00,2,2,01,A01
200900001977,0,33,000,00,2,2,01,A01
200900001977,0,32,000,00,2,7,15,B01
200900001978,0,33,000,00,1,2,01,A01
200900001979,0,30,000,00,2,1,21,A01