Num_Acc,senc,catv,occutc,obs,obsm,choc,manv,num_veh
200900003135,0,33,000,00,0,0,01,A01
200900003136,0,07,000,00,2,3,07,B01
200900003136,0,07,000,00,2,2,16,A01
200900003137,0,10,000,00,1,6,04,A01
200900003138,0,32,000,00,2,1,01,A01
200900003138,0,01,000,00,2,3,19,B01
200900003139,0,07,000,00,2,3,15,A01
200900003139,0,30,000,00,2,2,17,B01
200900003140,0,32,000,00,0,0,01,A01
200900003141,0,10,000,00,1,5,04,A01
200900003142,0,30,000,00,1,1,01,A01
200900003143,0,07,000,00,1,1,01,A01
200900003144,0,02,000,00,1,1,01,A01
200900003145,0,07,000,00,2,1,12,A01
200900003145,0,07,000,00,2,6,01,B01
200900003146,0,10,000,00,2,1,02,B01
200900003146,0,07,000,00,2,4,02,D01
200900003146,0,10,000,00,2,1,23,C01
200900003146,0,10,000,00,2,1,02,A01
200900003147,1,33,000,00,2,1,03,Z01
200900003147,0,34,000,00,2,5,03,A01
200900003148,0,37,029,00,1,2,01,A01
200900003149,0,01,000,00,1,1,01,A01
200900003150,0,32,000,00,2,8,11,A01
200900003150,0,10,000,00,2,4,02,C01
200900003150,0,33,000,00,2,0,03,B01
200900003151,0,01,000,00,1,1,01,A01
200900003152,0,30,000,00,2,3,15,A01
200900003152,0,07,000,00,2,2,01,B01
200900003153,0,02,000,00,2,1,01,B01
200900003153,0,07,000,00,2,6,01,A01
200900003154,0,07,000,00,2,5,01,A01
200900003154,0,32,000,00,2,3,18,B01
200900003155,0,14,000,00,1,7,16,A01
200900003156,0,01,000,00,2,3,07,B01
200900003156,0,07,000,00,2,2,16,A01
200900003157,0,07,000,00,1,3,01,A01
200900003158,0,33,000,00,0,0,21,A01
200900003159,0,07,000,00,1,3,01,A01
200900003160,0,33,000,00,2,4,01,B01
200900003160,0,07,000,14,2,3,13,A01
200900003161,0,32,000,00,0,8,01,A01
200900003162,0,07,000,00,2,1,16,B01
200900003162,0,07,000,00,2,7,01,A01
200900003163,0,07,000,00,2,2,01,A01
200900003163,0,30,000,00,2,2,01,B01
200900003164,0,07,000,00,2,8,15,A01
200900003164,0,33,000,00,2,7,01,B01
200900003165,0,32,000,00,2,3,01,A01
200900003165,0,07,000,00,2,2,13,B01
200900003166,0,07,000,00,0,8,15,A01
200900003166,0,02,000,00,2,7,01,B01
200900003167,0,37,001,00,2,5,02,B01
200900003167,0,30,000,00,2,2,02,A01
200900003168,0,07,000,00,9,3,02,A01
200900003168,0,34,000,00,9,5,02,B01
200900003169,0,02,000,01,0,2,01,A01
200900003170,0,07,000,00,0,3,00,E01
200900003170,0,07,000,00,0,4,00,D01
200900003170,0,07,000,00,2,4,01,B01
200900003170,0,10,000,00,2,1,00,A01
200900003170,0,07,000,00,0,6,01,C01
200900003171,0,07,000,12,1,1,01,A01
200900003172,0,07,000,00,1,4,20,A01
200900003173,0,07,000,00,2,2,16,B01
200900003173,0,02,000,01,2,1,18,A01
200900003174,0,07,000,00,0,4,23,A01
200900003174,0,07,000,00,2,1,01,C01
200900003174,0,07,000,00,2,4,23,B01
200900003175,0,01,000,00,0,2,01,A01
200900003175,0,07,000,00,0,5,02,B01
200900003176,0,37,000,00,0,4,01,B01
200900003176,0,01,000,01,0,1,11,A01
200900003177,0,02,000,00,0,7,01,A01
200900003178,0,07,000,00,1,2,16,A01
200900003179,0,02,000,00,0,1,02,A01
200900003180,0,07,000,00,2,1,01,B01
200900003180,0,07,000,00,2,3,15,A01
200900003181,0,07,000,00,2,2,16,B01
200900003181,0,32,000,00,2,8,16,A01
200900003182,0,07,000,02,0,2,13,A01
200900003183,0,33,000,00,2,1,11,A01
200900003183,0,10,000,00,2,4,01,B01
200900003184,0,31,000,00,2,3,01,B01
200900003184,0,07,000,00,2,5,14,A01
200900003185,0,02,000,00,1,0,01,A01
200900003186,0,31,000,01,0,2,14,A01
200900003187,0,07,000,00,1,4,04,A01
200900003188,0,07,000,00,2,2,15,A01
200900003188,0,01,000,00,2,0,07,B01
200900003189,0,07,000,00,2,3,01,A01
200900003189,1,01,000,00,2,3,01,B01
200900003190,0,07,000,00,2,6,23,A01
200900003190,0,10,000,00,2,2,02,B01
200900003191,0,07,000,00,1,2,15,A01
200900003192,0,32,000,00,2,1,01,B01
200900003192,0,07,000,00,2,3,09,A01
200900003193,0,01,000,00,0,0,21,A01
200900003194,0,07,000,11,0,3,13,A01
200900003195,0,02,000,00,0,7,01,A01
200900003196,0,32,000,02,1,1,02,A01
200900003197,0,31,000,00,2,8,01,B01
200900003197,0,10,000,00,2,1,01,A01
200900003198,0,07,000,00,1,2,01,A01
200900003199,0,07,000,00,2,3,15,A01
200900003199,0,33,000,00,2,1,01,B01
200900003200,0,31,000,00,0,0,02,A01
200900003201,0,07,000,00,2,1,02,A01
200900003201,0,31,000,00,0,4,02,B01
200900003202,0,33,000,00,0,7,01,A01
200900003203,0,30,000,00,0,7,02,B01
200900003203,0,07,000,00,0,0,09,A01
200900003204,1,07,000,00,1,1,01,Z01
200900003205,1,07,000,00,1,0,00,Z01
200900003206,0,07,000,00,9,5,01,A01
200900003206,0,01,000,01,0,1,01,B01
200900003207,0,32,000,00,1,1,05,A01
200900003208,0,10,000,00,2,5,02,B01
200900003208,0,30,000,00,2,1,02,A01
200900003209,0,07,000,00,2,3,01,A01
200900003209,0,01,000,00,2,2,16,B01
200900003210,0,07,000,00,2,6,02,A01
200900003210,0,31,000,00,2,7,02,B01
200900003211,0,32,000,00,2,7,17,B01
200900003211,0,07,000,00,2,4,23,A01
200900003212,0,34,000,00,2,8,01,B01
200900003212,0,07,000,00,2,5,16,A01
200900003213,0,10,000,00,1,3,00,A01
200900003214,1,07,000,00,0,5,01,Z01
200900003214,0,02,000,00,2,3,01,B01
200900003215,0,02,000,00,2,1,17,A01
200900003215,0,10,000,00,2,6,15,B01
200900003216,0,01,000,00,1,1,01,A01
200900003217,0,07,000,00,1,5,04,A01
200900003218,0,07,000,00,0,5,12,B01
200900003218,0,32,000,00,2,1,03,A01
200900003219,0,07,000,00,0,3,01,A01
200900003220,0,07,000,00,1,0,00,A01
200900003221,0,07,000,00,2,2,01,A01
200900003221,0,07,000,00,2,3,16,B01
200900003222,0,07,000,00,4,6,19,A01
200900003222,0,30,000,00,2,7,01,B01
200900003223,0,07,000,00,2,4,02,B01
200900003223,0,07,000,00,2,1,02,A01
200900003224,0,30,000,00,1,2,01,A01
200900003225,0,31,000,00,1,1,01,A01
200900003226,0,31,000,00,0,0,21,A01
200900003227,0,34,000,00,2,7,01,C01
200900003227,0,33,000,00,2,9,17,A01
200900003227,0,07,000,00,2,3,01,B01
200900003228,0,30,000,00,2,0,01,B01
200900003228,0,10,000,00,2,0,10,A01
200900003229,0,07,000,00,2,4,12,B01
200900003229,0,31,000,00,2,1,18,A01
200900003230,0,30,000,01,0,3,21,A01
200900003231,1,32,000,00,2,4,17,Z01
200900003231,0,32,000,00,2,1,01,A01
200900003232,0,10,000,00,1,2,07,A01
200900003233,0,07,000,00,1,1,01,A01
200900003234,0,10,000,00,1,4,04,A01
200900003235,0,07,000,00,1,2,01,A01
200900003236,0,32,000,00,2,3,01,A01
200900003236,0,07,000,00,2,2,16,B01
200900003237,0,31,000,04,2,8,18,A01
200900003237,0,07,000,00,2,7,01,B01
200900003238,0,31,000,12,2,2,01,B01
200900003238,0,10,000,00,2,3,09,A01
200900003239,0,07,000,00,2,0,02,C01
200900003239,0,07,000,00,2,6,02,B01
200900003239,0,32,000,00,2,1,02,A01
200900003240,0,34,000,00,2,1,01,A01
200900003240,0,07,000,00,2,3,22,B01
200900003241,0,07,000,00,2,0,02,A01
200900003241,0,07,000,00,2,4,23,C01
200900003241,0,07,000,00,2,4,23,B01
200900003242,0,07,000,00,2,1,02,A01
200900003242,0,07,000,00,2,4,02,B01
200900003243,0,33,000,00,2,7,17,A01
200900003243,0,07,000,00,2,8,11,B01
200900003244,0,33,000,04,2,7,17,A01
200900003244,0,17,000,00,2,6,13,B01
200900003245,0,32,000,00,2,1,17,B01
200900003245,0,07,000,00,2,8,10,A01
200900003246,0,07,000,08,2,6,01,B01
200900003246,0,10,000,00,2,1,01,A01
200900003247,0,32,000,00,2,5,01,B01
200900003247,0,07,000,00,2,3,09,A01
200900003248,0,32,000,00,1,1,01,A01
200900003249,0,30,000,00,1,0,01,A01
200900003250,0,30,000,00,2,7,01,A01
200900003250,0,07,000,00,2,3,21,B01
200900003251,0,33,000,00,2,1,18,A01
200900003251,0,07,000,00,2,5,16,B01
200900003252,0,07,000,00,2,1,02,A01
200900003252,0,02,000,00,2,4,02,B01
200900003253,0,32,000,00,2,2,02,A01
200900003253,0,07,000,00,0,8,11,B01
200900003254,0,32,000,00,1,2,02,A01
200900003255,0,13,000,00,2,8,10,A01
200900003255,0,33,000,00,2,1,01,B01
200900003256,0,07,000,00,1,5,01,A01
200900003257,0,01,000,00,1,0,02,A01
200900003258,0,02,000,00,2,3,01,B01
200900003258,0,07,000,00,2,2,12,A01
200900003259,1,30,000,00,2,0,01,Z01
200900003259,0,01,000,00,2,0,01,A01
200900003260,0,07,000,00,2,1,02,A01
200900003260,0,07,000,00,0,4,01,B01
200900003261,0,10,000,00,1,3,00,A01
200900003262,0,32,000,00,0,0,00,A01
200900003262,0,07,000,00,0,0,00,B01
200900003263,0,01,000,00,0,0,00,A01
200900003264,0,14,000,00,1,1,01,A01
200900003265,0,07,000,00,1,2,01,A01
200900003266,0,07,000,00,2,8,11,A01
200900003266,0,31,000,02,2,8,02,B01
200900003267,0,07,000,00,0,0,00,A01
200900003267,0,32,000,01,0,2,01,B01
200900003268,0,01,000,01,0,1,01,B01
200900003268,0,07,000,00,2,3,22,A01
200900003269,0,07,000,00,2,2,02,B01
200900003269,0,01,000,00,2,2,01,A01
200900003270,0,07,000,00,1,2,21,A01
200900003271,0,07,000,00,2,2,01,A01
200900003271,0,32,000,00,0,4,02,B01
200900003272,0,32,000,00,1,1,01,A01
200900003273,0,07,000,00,2,6,16,A01
200900003273,0,01,000,00,2,3,01,B01
200900003274,0,33,000,00,2,1,01,B01
200900003274,0,07,000,00,0,1,10,A01
200900003275,0,07,000,00,0,6,11,B01
200900003275,0,31,000,00,2,1,03,A01
200900003276,0,07,000,00,2,1,02,A01
200900003276,0,07,000,00,2,4,02,B01
200900003277,0,34,000,00,2,1,02,A01
200900003277,0,07,000,00,2,6,02,B01
200900003278,0,32,000,00,0,2,06,A01
200900003279,0,31,000,10,0,3,01,A01
200900003280,0,30,000,00,2,0,01,B01
200900003280,0,07,000,00,2,0,09,A01
200900003281,0,07,000,00,2,1,01,B01
200900003281,0,07,000,00,2,1,01,A01
200900003282,0,02,000,00,2,1,02,A01
200900003282,0,10,000,00,2,7,16,B01
200900003283,0,07,000,00,2,3,01,A01
200900003283,0,07,000,00,2,1,01,B01
200900003284,0,07,000,00,2,2,15,A01
200900003284,0,01,000,00,2,3,01,B01
200900003285,0,33,000,00,2,7,01,B01
200900003285,0,07,000,00,2,3,15,A01
200900003286,0,07,000,00,1,0,01,A01
200900003287,0,01,000,00,2,1,01,A01
200900003287,0,07,000,00,2,3,24,B02
200900003288,0,07,000,00,2,2,01,B02
200900003288,0,07,000,00,2,3,01,A01
200900003289,0,07,000,00,2,1,13,A01
200900003289,0,07,000,00,2,1,01,B02
200900003290,0,07,000,00,1,7,01,A01
200900003291,0,07,000,00,2,3,13,A01
200900003291,0,07,000,00,2,8,01,B02
200900003292,0,07,000,08,0,1,14,A01
200900003293,0,07,000,00,2,3,15,A01
200900003293,0,30,000,00,2,1,01,B01
200900003294,0,07,000,00,2,1,01,A01
200900003294,0,07,000,00,2,8,01,B01
200900003295,0,07,000,00,0,9,00,A01
200900003296,0,02,000,00,2,1,01,A01
200900003296,0,07,000,00,2,4,15,B02
200900003297,0,33,000,00,2,1,01,B02
200900003297,0,07,000,00,2,0,15,A01
200900003298,0,10,000,03,2,7,01,A01
200900003298,0,07,000,00,2,1,01,B02
200900003299,0,07,000,13,0,2,02,A01
200900003300,0,01,000,00,2,8,19,B02
200900003300,0,07,000,00,2,1,01,A01
200900003301,0,14,000,13,2,7,14,A01
200900003302,0,07,000,00,2,1,01,B02
200900003302,0,07,000,00,2,8,10,A01
200900003303,0,07,000,13,0,3,13,A01
200900003304,0,10,000,00,2,7,15,A01
200900003304,0,31,000,00,2,1,01,B02
200900003305,0,07,000,00,2,1,01,C03
200900003305,0,07,000,00,2,1,01,B02
200900003305,0,07,000,00,0,6,09,A01
200900003306,0,07,000,00,2,1,15,A01
200900003306,0,07,000,00,2,3,01,B01
200900003307,0,07,000,00,2,4,02,B01
200900003307,0,07,000,00,2,1,02,A01
200900003308,0,38,000,00,0,0,00,B02
200900003308,0,38,000,00,0,0,22,A01
200900003309,0,14,000,00,2,1,01,B02
200900003309,0,07,000,00,2,3,05,A01
200900003310,0,07,000,00,1,1,01,A01
200900003311,0,07,000,00,2,3,15,B02
200900003311,0,07,000,00,2,2,17,A01
200900003312,1,07,000,00,0,0,00,Z01
200900003312,0,07,000,00,2,5,01,A01
200900003313,0,07,000,00,2,4,01,B01
200900003313,0,07,000,00,2,1,01,A01
200900003313,0,07,000,00,2,4,01,C01
200900003314,0,07,000,08,0,9,00,A01
200900003315,0,30,000,00,2,4,16,B01
200900003315,0,07,000,00,2,1,02,A01
200900003316,0,07,000,00,2,4,02,B01
200900003316,0,07,000,00,2,1,02,A01
200900003317,0,07,000,00,1,1,01,A01
200900003318,0,01,000,00,2,4,01,B01
200900003318,0,07,000,00,2,3,09,A01
200900003319,0,07,000,00,2,4,02,C01
200900003319,0,07,000,00,2,1,02,A01
200900003319,0,07,000,00,2,4,23,B01
200900003320,0,07,000,00,2,2,01,B01
200900003320,0,07,000,00,2,2,15,A01
200900003321,0,07,000,13,0,1,00,A01
200900003322,0,07,000,02,0,1,01,A01
200900003323,0,07,000,00,2,8,01,B01
200900003323,0,07,000,00,2,3,09,A01
200900003324,0,07,000,00,2,3,09,B01
200900003324,0,02,000,00,2,1,16,A01
200900003325,0,07,000,00,2,4,01,C01
200900003325,0,07,000,00,2,4,01,B01
200900003325,0,07,000,00,2,1,01,A01
200900003326,0,10,000,00,0,0,00,B01
200900003326,0,10,000,00,2,2,11,A01
200900003327,0,13,000,00,2,1,02,A01
200900003327,0,07,000,00,2,9,02,B01
200900003327,0,07,000,00,2,4,02,C01
200900003328,0,07,000,00,1,1,19,A01
200900003328,0,02,000,00,2,7,01,B01
200900003329,0,07,000,16,0,9,14,A01
200900003330,0,07,000,00,2,2,09,A01
200900003330,0,02,000,00,2,3,09,B01
200900003331,0,07,000,00,2,1,15,B01
200900003331,0,30,000,00,2,1,01,A01
200900003332,0,02,000,00,2,1,02,A01
200900003332,0,07,000,00,2,4,01,B01
200900003333,0,07,000,00,1,1,01,A01
200900003334,0,07,000,00,2,8,15,B01
200900003334,0,10,000,00,2,1,07,A01
200900003335,0,02,000,00,0,7,01,A01
200900003336,0,02,000,00,0,4,02,B01
200900003336,0,07,000,00,2,3,02,A01
200900003336,0,30,000,00,0,4,02,C01
200900003337,0,07,000,00,2,2,02,A01
200900003337,0,07,000,00,2,4,02,C01
200900003337,0,07,000,00,2,9,02,B01
200900003338,0,07,000,00,2,2,09,A01
200900003338,0,07,000,00,2,4,01,B01
200900003339,0,07,000,00,2,1,02,F02
200900003339,0,07,000,00,2,9,02,E01
200900003339,0,07,000,00,2,8,05,C01
200900003339,0,07,000,00,2,1,02,B01
200900003339,0,07,000,00,2,9,02,A01
200900003339,0,07,000,00,2,9,02,D01
200900003340,0,07,000,14,0,0,00,A01
200900003341,0,07,000,13,0,1,12,A01
200900003342,0,07,000,00,2,1,01,B02
200900003342,0,07,000,00,2,4,19,A01
200900003343,0,07,000,06,0,2,01,A01
200900003344,0,07,000,00,2,3,01,B02
200900003344,0,07,000,00,2,3,01,A01
200900003345,0,07,000,00,2,1,01,B02
200900003345,0,07,000,00,2,1,01,A01
200900003346,0,07,000,00,2,1,05,A01
200900003346,0,14,000,00,2,1,01,B02
200900003347,0,07,000,00,2,1,01,B02
200900003347,0,07,000,00,2,1,01,A01
200900003348,0,10,000,00,2,3,21,B02
200900003348,0,07,000,00,2,1,13,A01
200900003348,0,14,000,00,2,3,01,C03
200900003349,0,10,000,00,2,2,02,A01
200900003349,0,01,000,00,2,4,02,B02
200900003350,0,07,000,16,0,1,01,A01
200900003351,0,07,000,00,0,1,01,A01
200900003352,0,07,000,03,0,0,13,A01
200900003353,0,07,000,00,0,0,00,B01
200900003353,0,14,000,00,0,0,00,A01
200900003354,0,07,000,00,1,1,00,A01
200900003355,0,07,000,13,0,2,14,A01
200900003356,0,33,000,00,2,3,01,B01
200900003356,0,07,000,00,2,1,15,A01
200900003357,0,07,000,15,2,1,01,B01
200900003357,0,07,000,00,2,1,00,A01
200900003358,0,07,000,00,2,7,15,A01
200900003358,0,31,000,01,2,1,01,B01
200900003359,0,33,000,00,2,7,01,B01
200900003359,0,07,000,00,2,1,01,A01
200900003360,0,01,000,00,0,6,00,A01
200900003360,0,07,000,00,9,2,00,B01
200900003361,0,30,000,00,2,2,17,A01
200900003361,0,07,000,00,2,3,15,B01
200900003362,0,07,000,00,2,1,01,B01
200900003362,0,07,000,00,2,8,15,A01
200900003363,0,07,000,00,0,0,00,A01
200900003364,0,07,000,11,0,3,07,A01
200900003365,0,02,000,01,0,1,00,A01
200900003366,0,07,000,00,0,3,00,B01
200900003366,0,07,000,00,0,0,00,A01
200900003367,0,07,000,00,2,3,15,B01
200900003367,0,02,000,00,2,1,17,A01
200900003368,0,07,000,00,2,1,16,B01
200900003368,0,07,000,00,2,1,01,A01
200900003369,0,07,000,00,2,1,01,A01
200900003369,0,07,000,00,2,4,01,B01
200900003370,0,07,000,00,2,7,12,B01
200900003370,0,02,000,00,2,1,09,A01
200900003371,0,07,000,15,0,3,00,A01
200900003372,0,07,000,13,0,0,00,A01
200900003373,0,07,000,00,2,2,01,A01
200900003373,0,10,000,00,2,3,15,B02
200900003374,0,07,000,16,0,2,01,A01
200900003375,0,10,000,00,0,4,04,A01
200900003376,0,07,000,00,2,6,13,A01
200900003376,0,07,000,00,2,3,01,B02
200900003377,0,07,000,13,0,1,01,A01
200900003378,0,34,000,00,2,9,01,B02
200900003378,0,07,000,00,2,3,13,A01
200900003379,0,33,000,10,0,8,13,A01
200900003380,0,07,000,02,0,3,02,A01
200900003381,0,07,000,13,0,1,13,A01
200900003382,0,07,000,00,2,7,15,A01
200900003382,0,33,000,00,2,1,01,B02
200900003383,0,07,000,00,2,1,17,A01
200900003383,0,07,000,00,2,2,01,C03
200900003383,0,07,000,00,2,3,01,B02
200900003383,0,07,000,00,2,1,01,D04
200900003384,0,07,000,02,0,8,00,A01
200900003385,0,10,000,13,0,9,01,A01
200900003386,0,15,000,04,0,3,00,A01
200900003387,0,07,000,00,2,8,15,A01
200900003387,0,07,000,00,2,1,01,B02
200900003388,0,07,000,00,1,2,01,A01
200900003389,0,31,000,00,9,7,17,A01
200900003390,0,07,000,02,0,7,01,A01
200900003391,0,07,000,00,2,8,19,A01
200900003391,0,07,000,00,2,1,01,B02
200900003392,0,07,000,04,0,3,01,A01
200900003393,0,07,000,02,0,1,01,A01
200900003394,0,07,000,06,0,1,01,A01
200900003395,0,07,000,08,0,3,10,A01
200900003396,0,07,000,00,2,7,13,A01
200900003396,0,07,000,00,2,1,01,B02
200900003397,0,07,000,00,0,0,01,A01
200900003398,0,07,000,00,9,1,01,A01
200900003398,0,01,000,00,2,1,01,B02
200900003399,0,07,000,02,0,3,01,A01
200900003400,0,33,000,00,0,7,01,A01
200900003401,0,07,000,00,1,0,01,A01
200900003402,0,07,000,00,1,8,01,A01
200900003403,0,07,000,00,0,0,00,C01
200900003403,0,07,000,00,0,0,00,A01
200900003403,0,07,000,00,0,0,00,B01
200900003404,0,07,000,13,0,0,21,A01
200900003405,0,07,000,00,2,2,00,B01
200900003405,0,07,000,00,2,3,00,A01
200900003406,0,07,000,00,0,9,00,A01
200900003407,0,07,000,00,2,4,01,B01
200900003407,0,30,000,00,2,1,01,A01
200900003407,0,07,000,00,2,1,01,C01
200900003408,0,07,000,00,1,1,01,A01
200900003409,0,07,000,03,2,2,01,A01
200900003409,0,07,000,00,2,3,01,B01
200900003410,0,07,000,14,0,9,01,A01
200900003411,0,07,000,00,1,0,01,A01
200900003412,0,07,000,00,2,6,16,B01
200900003412,0,07,000,00,2,1,01,A01
200900003413,0,01,000,00,2,9,19,B01
200900003413,0,07,000,00,2,1,01,A01
200900003414,0,07,000,13,2,1,21,B01
200900003414,0,07,000,00,0,0,01,A01
200900003415,0,07,000,00,2,3,00,B01
200900003415,0,07,000,00,2,1,00,A01
200900003416,0,07,000,00,1,0,01,A01
200900003417,0,31,000,01,2,7,01,B01
200900003417,0,07,000,00,2,8,13,A01
200900003418,0,07,000,00,2,0,09,A01
200900003418,0,07,000,15,2,3,01,B01
200900003419,0,07,000,00,0,0,00,A01
200900003419,0,33,000,00,2,8,01,B01
200900003420,0,07,000,00,2,4,02,B01
200900003420,0,07,000,00,2,1,02,A01
200900003421,2,07,000,00,2,1,05,A01
200900003421,0,07,000,00,2,1,01,B01
200900003422,0,30,000,00,0,0,00,A01
200900003423,0,34,000,00,0,8,17,A01
200900003424,0,30,000,00,1,0,01,A01
200900003425,0,07,000,00,1,6,20,A01
200900003426,0,07,000,00,0,2,00,B01
200900003426,0,07,000,00,0,5,00,A01
200900003427,0,07,000,12,2,5,01,B01
200900003427,0,07,000,00,2,1,01,A01
200900003428,0,33,000,00,2,4,13,B01
200900003428,0,07,000,00,2,1,01,A01
200900003429,0,07,000,00,2,2,01,B01
200900003429,0,07,000,00,2,3,09,A01
200900003430,1,07,000,00,0,0,00,A01
200900003430,0,30,000,00,0,0,00,B01
200900003431,0,07,000,00,1,1,15,A01
200900003432,0,07,000,13,0,1,14,A01
200900003433,0,07,000,00,2,1,01,B01
200900003433,0,34,000,00,2,8,15,A01
200900003434,0,07,000,00,1,8,15,A01
200900003435,0,07,000,00,1,0,01,A01
200900003436,0,07,000,00,2,1,01,A01
200900003436,0,07,000,00,2,2,01,B01
200900003437,0,07,000,00,2,1,01,A01
200900003437,0,07,000,00,2,5,01,B01
200900003438,0,07,000,00,2,1,09,A01
200900003438,0,30,000,00,2,5,01,B01
200900003439,0,02,000,00,2,9,01,B01
200900003439,0,07,000,00,2,1,09,A01
200900003440,0,07,000,00,1,3,00,A01
200900003441,0,07,000,08,0,1,13,A01
200900003442,1,07,000,00,2,1,01,A01
200900003442,0,07,000,00,2,3,01,B01
200900003443,0,07,000,00,2,4,02,B01
200900003443,0,30,000,00,2,1,02,A01
200900003444,0,07,000,00,2,3,15,A01
200900003444,0,07,000,00,2,3,01,B01
200900003445,0,07,000,00,2,0,00,B01
200900003445,0,07,000,00,2,1,00,A01
200900003445,0,07,000,00,2,0,00,C01
200900003446,0,07,000,00,2,5,15,A01
200900003446,0,30,000,00,2,1,01,B01
200900003447,0,07,000,00,2,1,01,B01
200900003447,0,07,000,00,2,2,09,A01
200900003448,0,14,000,00,2,3,01,A02
200900003448,0,07,000,00,2,3,13,A01
200900003449,0,07,000,03,0,3,13,A01
200900003450,0,02,000,08,0,1,01,A01
200900003451,0,07,000,00,2,7,13,A01
200900003451,0,07,000,00,2,1,01,B02
200900003452,0,07,000,00,2,5,15,B01
200900003452,0,33,000,00,2,1,01,A01
200900003453,0,30,000,00,2,4,01,B01
200900003453,0,07,000,00,2,1,02,A01
200900003454,0,10,000,00,1,2,16,A01
200900003455,0,07,000,00,2,8,15,A01
200900003455,0,33,000,00,2,1,01,B01
200900003456,1,07,000,00,2,1,02,Z01
200900003456,0,07,000,00,2,4,15,A01
200900003457,1,07,000,00,2,1,09,Z01
200900003457,0,33,000,00,2,7,01,A01
200900003458,0,07,000,00,1,3,04,A01
200900003459,0,07,000,00,2,2,15,A01
200900003459,0,30,000,00,2,8,01,B01
200900003460,0,07,000,00,2,3,15,B01
200900003460,0,33,000,00,2,2,16,A01
200900003461,0,30,000,00,2,0,01,A01
200900003461,0,07,000,00,2,0,01,B01
200900003462,0,33,000,00,2,1,01,B01
200900003462,0,07,000,00,2,7,15,A01
200900003463,0,07,000,00,1,1,01,A01
200900003464,0,07,000,13,0,1,01,A01
200900003465,0,07,000,00,0,6,02,A01
200900003465,0,10,000,00,2,2,02,B02
200900003466,0,31,000,00,2,8,01,B01
200900003466,0,07,000,00,2,3,15,A01
200900003467,0,07,000,00,2,1,02,A01
200900003467,0,07,000,00,2,5,02,B02
200900003468,0,99,000,00,0,1,02,A01
200900003468,0,07,000,00,0,2,23,B01
200900003468,0,10,000,00,0,4,23,C01
200900003469,0,30,000,00,0,9,00,A01
200900003470,0,07,000,00,1,2,17,A01
200900003471,0,31,000,00,0,8,21,B01
200900003471,0,07,000,00,0,0,00,A01
200900003472,0,07,000,00,1,1,01,A01
200900003473,0,07,000,00,2,4,01,B01
200900003473,0,07,000,00,2,1,01,A01
200900003474,0,07,000,00,2,8,19,A01
200900003474,0,33,000,00,2,0,17,B01
200900003475,0,07,000,00,1,4,01,B01
200900003475,0,07,000,00,2,1,01,A01
200900003476,0,02,000,00,2,2,17,A01
200900003476,0,07,000,00,0,3,15,B01
200900003477,0,07,000,08,2,9,19,A01
200900003477,0,07,000,00,0,1,23,B01
200900003478,0,07,000,00,2,1,10,A01
200900003478,0,33,000,00,2,1,01,B01
200900003479,0,07,000,02,0,2,01,A01
200900003480,0,33,000,00,0,1,01,B01
200900003480,0,07,000,00,2,1,15,A01
200900003481,0,30,000,00,2,8,09,A01
200900003481,0,07,000,00,2,2,01,B01
200900003482,0,33,000,00,2,1,01,B01
200900003482,0,07,000,00,2,8,15,A01
200900003483,0,30,000,00,1,1,01,A01
200900003484,0,30,000,09,0,7,01,A01
200900003485,1,07,000,00,2,1,02,Z01
200900003485,0,33,000,00,2,9,23,A01
200900003485,0,07,000,00,2,4,23,B01
200900003486,1,07,000,00,2,1,13,Z01
200900003486,0,30,000,00,2,1,01,B01
200900003487,0,10,000,01,0,0,00,A01
200900003488,0,07,000,00,2,2,01,A01
200900003488,0,07,000,00,2,2,01,B01
200900003489,0,07,000,00,2,1,11,A01
200900003489,0,07,000,00,2,1,01,B01
200900003490,0,30,000,00,1,1,01,A01
200900003491,0,07,000,00,1,1,15,A01
200900003492,0,01,000,00,0,0,00,A01
200900003493,0,02,000,00,2,1,01,A01
200900003493,0,37,000,00,2,3,01,B01
200900003494,0,33,000,00,2,1,17,A01
200900003494,0,07,000,00,2,3,20,B01
200900003495,0,07,000,00,1,1,15,A01
200900003496,0,33,000,00,2,7,00,B01
200900003496,0,07,000,00,2,1,09,A01
200900003497,1,07,000,00,1,8,00,A01
200900003498,0,10,000,00,0,9,01,A01
200900003499,0,14,000,00,2,6,02,B02
200900003499,0,10,000,00,2,2,02,A01
200900003500,0,07,000,00,2,1,01,B02
200900003500,0,07,000,00,2,1,13,A01
200900003501,0,07,000,00,2,3,17,A01
200900003501,0,07,000,00,2,8,02,B02
200900003501,0,07,000,00,2,3,02,C03
200900003502,0,02,000,00,2,1,01,A01
200900003502,0,07,000,00,2,8,19,B02
200900003503,0,07,000,02,0,1,01,A01
200900003504,0,33,000,00,2,2,06,B02
200900003504,0,07,000,00,2,6,04,A01
200900003505,0,07,000,00,2,3,02,A01
200900003505,0,07,000,00,0,0,02,B02
200900003506,0,30,000,00,2,8,01,A01
200900003507,0,07,000,00,2,1,15,A01
200900003507,0,33,000,00,2,1,00,B02
200900003508,0,07,000,00,2,1,01,B02
200900003508,0,07,000,00,2,8,13,A01
200900003509,0,07,000,00,0,2,02,A01
200900003509,0,01,000,00,0,4,02,B02