Num_Acc,senc,catv,occutc,obs,obsm,choc,manv,num_veh
200900003881,0,07,000,00,1,1,16,A01
200900003882,0,07,000,00,2,7,01,A01
200900003882,0,07,000,00,2,3,15,B01
200900003883,0,07,000,00,2,1,15,A01
200900003883,0,07,000,00,2,1,01,B01
200900003884,0,07,000,00,2,1,01,B01
200900003884,0,07,000,00,2,7,01,A01
200900003885,0,07,000,00,2,7,01,A01
200900003885,0,10,000,00,2,3,01,B02
200900003886,0,07,000,00,2,4,02,B01
200900003886,0,07,000,00,2,4,02,C01
200900003886,0,07,000,00,2,1,02,A01
200900003887,0,07,000,00,1,1,01,A01
200900003888,0,07,000,00,1,4,04,A01
200900003889,0,07,000,04,0,3,01,A01
200900003890,0,07,000,09,2,4,02,B01
200900003890,0,07,000,00,2,1,02,A01
200900003890,0,07,000,00,2,4,02,C01
200900003891,0,07,000,00,1,2,16,A01
200900003892,1,07,000,00,2,1,01,A01
200900003892,0,07,000,00,0,4,23,B01
200900003893,0,07,000,00,2,1,01,B01
200900003893,0,07,000,00,2,5,15,A01
200900003894,0,07,000,06,0,1,01,A01
200900003895,0,07,000,00,2,1,13,A01
200900003895,0,07,000,00,2,1,01,B02
200900003896,0,07,000,00,2,1,15,A01
200900003896,0,07,000,00,2,1,01,B01
200900003897,0,07,000,00,2,3,05,A01
200900003897,0,07,000,00,2,3,01,B01
200900003898,0,07,000,00,2,1,01,A01
200900003898,0,07,000,00,2,8,15,B01
200900003899,0,07,000,00,2,2,01,B01
200900003899,0,07,000,00,2,8,09,A01
200900003900,0,02,000,01,0,1,01,A01
200900003901,0,07,000,00,1,3,01,A01
200900003902,0,07,000,01,1,1,04,A01
200900003902,0,07,000,00,2,5,24,B01
200900003903,0,07,000,00,2,1,15,A01
200900003903,0,07,000,00,2,1,01,B01
200900003904,0,07,000,00,2,2,17,C01
200900003904,0,17,000,04,2,2,09,A01
200900003904,0,17,000,00,0,6,23,B01
200900003905,0,07,000,03,2,1,09,A01
200900003905,0,07,000,03,2,1,01,B01
200900003906,0,99,000,00,2,5,01,B01
200900003906,0,07,000,00,2,1,01,A01
200900003907,0,07,000,00,1,3,01,A01
200900003908,0,34,000,01,0,1,01,A01
200900003909,0,07,000,00,9,6,09,A01
200900003909,0,01,000,00,2,1,01,B01
200900003910,0,10,000,00,2,1,01,A01
200900003910,0,10,000,00,2,2,01,B02
200900003911,0,07,000,00,1,1,01,A01
200900003912,0,07,000,00,2,2,17,B01
200900003912,0,07,000,00,2,3,11,A01
200900003913,0,33,000,00,2,1,01,A01
200900003913,0,07,000,00,2,8,10,B01
200900003914,0,07,000,00,2,2,01,B01
200900003914,0,07,000,00,2,7,15,A01
200900003915,0,07,000,02,0,1,14,A01
200900003916,0,07,000,00,1,1,01,A01
200900003917,0,07,000,00,0,3,00,A01
200900003918,0,17,000,00,0,6,23,A01
200900003918,0,10,000,00,2,3,01,B01
200900003919,0,99,000,16,9,2,10,A01
200900003920,0,07,000,00,1,4,04,A01
200900003921,0,02,000,00,2,1,01,A01
200900003921,0,07,000,00,2,8,01,B01
200900003922,0,07,000,00,2,3,01,B01
200900003922,0,01,000,00,2,1,05,A01
200900003923,0,02,000,00,2,4,23,C01
200900003923,0,07,000,00,2,4,23,D01
200900003923,0,07,000,00,2,4,02,B01
200900003923,0,07,000,00,2,1,01,A01
200900003924,0,01,000,00,1,1,15,A01
200900003925,0,07,000,00,9,3,09,A01
200900003925,0,02,000,00,2,1,02,B01
200900003926,0,07,000,09,0,1,14,A01
200900003927,0,07,000,00,0,0,15,D01
200900003927,0,07,000,00,2,8,01,B01
200900003927,0,07,000,00,2,3,01,A01
200900003927,0,30,000,00,2,1,01,C01
200900003928,0,07,000,00,2,3,01,A01
200900003928,0,07,000,00,2,2,19,B02
200900003929,0,07,000,00,2,1,15,A01
200900003929,0,07,000,00,2,1,01,B01
200900003930,0,30,000,15,2,1,05,A01
200900003930,0,07,000,00,9,2,01,B01
200900003931,0,07,000,00,2,7,15,A01
200900003931,0,07,000,00,2,2,01,B01
200900003932,0,07,000,00,2,4,02,B01
200900003932,0,07,000,00,2,1,02,A01
200900003932,0,07,000,00,2,4,02,C01
200900003933,0,07,000,00,2,2,11,A01
200900003933,0,07,000,00,2,6,01,B01
200900003934,0,07,000,00,2,7,15,A01
200900003934,0,07,000,00,2,1,01,B01
200900003935,0,07,000,00,2,3,01,A01
200900003935,0,02,000,00,2,7,01,B01
200900003936,0,02,000,00,2,2,17,B01
200900003936,0,07,000,00,2,8,15,A01
200900003937,0,07,000,00,0,8,15,A01
200900003937,0,13,000,00,0,1,01,B02
200900003938,0,07,000,16,0,0,01,A01
200900003939,0,07,000,00,2,3,01,B02
200900003939,0,07,000,00,2,3,13,A01
200900003940,0,07,000,00,2,1,02,A01
200900003940,0,07,000,00,2,1,02,B01
200900003941,0,30,000,03,0,7,01,A01
200900003942,0,07,000,02,0,8,13,A01
200900003943,0,07,000,00,2,1,01,A01
200900003943,0,07,000,00,2,3,01,B02
200900003944,0,37,001,00,1,0,16,A01
200900003945,0,07,000,01,0,1,01,A01
200900003945,0,07,000,00,0,4,00,B02
200900003946,0,10,000,00,2,1,17,B02
200900003946,0,07,000,00,2,1,01,A01
200900003947,0,07,000,00,2,1,01,B02
200900003947,0,07,000,00,2,7,15,A01
200900003948,0,07,000,00,2,7,17,B02
200900003948,0,02,000,00,2,8,15,A01
200900003949,0,10,000,00,1,3,01,A01
200900003950,0,01,000,00,0,1,01,A01
200900003951,0,07,000,00,2,1,01,A01
200900003951,0,07,000,00,2,7,01,B02
200900003952,0,07,000,13,0,9,01,A01
200900003953,0,07,000,00,2,1,01,B01
200900003953,0,02,000,00,2,1,01,A01
200900003954,0,10,000,00,1,1,01,A01
200900003955,0,07,000,07,0,7,01,A01
200900003956,0,07,000,00,1,1,00,A01
200900003957,0,07,000,00,1,3,01,A01
200900003958,0,10,000,16,0,2,01,A01
200900003959,0,07,000,13,0,1,21,A01
200900003960,2,07,000,00,2,1,01,A01
200900003960,0,07,000,00,0,6,15,B02
200900003961,0,07,000,00,2,4,15,B02
200900003961,0,07,000,00,2,1,01,A01
200900003962,0,07,000,00,2,1,01,B02
200900003962,0,07,000,00,2,1,13,A01
200900003963,0,07,000,02,0,9,01,A01
200900003964,0,07,000,00,1,8,15,A01
200900003965,0,33,000,00,2,1,01,B01
200900003965,0,07,000,00,2,3,00,A01
200900003966,0,07,000,11,0,1,01,A01
200900003967,0,07,000,00,1,4,20,A01
200900003968,0,39,000,00,0,8,00,B01
200900003968,0,07,000,05,4,1,00,A01
200900003969,0,07,000,00,2,3,15,A01
200900003969,0,02,000,00,2,1,01,B01
200900003970,0,07,000,13,0,9,01,A01
200900003971,0,07,000,00,0,3,01,B02
200900003971,0,31,000,00,2,1,01,A01
200900003972,0,14,000,00,2,1,02,A01
200900003972,0,07,000,00,2,4,02,C03
200900003972,0,07,000,00,0,4,02,B02
200900003972,0,16,000,00,0,4,23,E05
200900003972,0,15,000,00,0,4,23,D04
200900003973,0,33,000,13,6,1,21,A01
200900003974,0,07,000,02,0,1,01,A01
200900003975,0,32,000,12,0,1,01,A01
200900003976,0,07,000,00,2,1,02,B01
200900003976,0,07,000,00,2,7,15,A01
200900003977,0,07,000,00,2,8,01,B01
200900003977,0,07,000,00,2,1,15,A01
200900003978,0,02,000,00,2,8,00,A01
200900003978,0,07,000,00,2,7,00,B01
200900003979,0,07,000,00,2,2,01,B01
200900003979,0,07,000,00,2,2,05,A01
200900003980,0,07,000,07,0,1,01,A01
200900003981,0,07,000,00,1,1,15,A01
200900003981,0,30,000,00,2,1,02,B01
200900003982,0,30,000,07,0,0,01,A01
200900003983,0,33,000,00,2,7,02,A01
200900003983,0,07,000,00,1,6,02,B01
200900003984,0,07,000,00,2,1,01,B01
200900003984,0,07,000,00,2,1,15,A01
200900003984,0,07,000,00,2,6,01,C01
200900003985,0,07,000,13,0,9,01,A01
200900003986,0,32,000,00,2,7,17,A01
200900003986,0,07,000,00,2,3,15,B01
200900003987,0,07,000,00,2,8,15,B01
200900003987,0,33,000,00,2,1,17,A01
200900003988,0,33,000,00,2,1,02,B01
200900003988,0,07,000,00,2,3,15,A01
200900003989,0,33,000,00,2,7,01,A01
200900003989,1,07,000,00,2,0,13,B01
200900003990,0,07,000,00,2,1,02,B01
200900003990,0,10,000,00,2,6,02,A01
200900003991,0,01,000,16,0,8,02,A01
200900003992,0,07,000,00,2,4,02,C01
200900003992,0,07,000,00,2,1,02,A01
200900003992,0,10,000,00,2,4,02,B01
200900003993,0,07,000,09,0,1,02,A01
200900003994,0,07,000,00,1,2,02,A01
200900003995,0,07,000,00,2,1,01,A01
200900003995,0,07,000,00,2,4,01,B01
200900003996,0,07,000,00,2,2,20,A01
200900003996,0,02,000,00,2,3,01,B01
200900003997,0,07,000,00,2,1,02,A01
200900003997,0,07,000,03,0,0,01,D01
200900003997,0,07,000,00,2,4,01,B01
200900003997,0,07,000,00,2,1,02,C01
200900003998,0,07,000,00,2,4,02,A01
200900003998,0,07,000,00,2,4,15,B01
200900003999,0,07,000,00,2,1,01,B01
200900003999,0,07,000,00,2,1,13,A01
200900004000,0,07,000,00,2,4,23,B01
200900004000,0,07,000,00,2,1,02,A01
200900004001,0,30,000,00,0,0,01,A01
200900004002,0,02,000,00,2,1,01,A01
200900004002,0,07,000,00,2,8,15,B02
200900004003,0,30,000,00,2,1,01,B02
200900004003,0,30,000,00,0,8,01,A01
200900004004,0,07,000,00,2,1,00,A01
200900004004,0,30,000,00,2,7,00,B02
200900004005,0,33,000,06,0,1,00,A01
200900004006,0,01,000,00,2,0,05,A01
200900004006,0,07,000,00,2,1,13,B02
200900004007,0,30,000,00,2,1,01,A01
200900004007,0,07,000,00,2,3,16,B02
200900004008,0,07,000,00,2,8,01,G07
200900004008,0,10,000,00,2,3,01,B02
200900004008,0,07,000,00,0,4,01,E05
200900004008,0,07,000,00,2,3,13,A01
200900004008,0,15,000,00,2,2,01,D04
200900004008,0,10,000,00,2,1,01,C03
200900004008,0,07,000,00,2,1,01,F06
200900004009,0,07,000,00,2,1,02,A01
200900004009,0,07,000,00,2,1,02,C03
200900004009,0,07,000,00,0,4,02,B02
200900004010,0,07,000,00,2,8,15,A01
200900004010,0,33,000,00,2,1,01,B02
200900004011,1,07,000,00,2,8,01,A01
200900004011,0,33,000,00,2,8,01,B02
200900004012,0,99,000,00,0,1,01,B02
200900004012,0,07,000,00,0,3,16,A01
200900004013,0,07,000,00,2,2,00,B02
200900004014,0,10,000,00,2,8,01,B02
200900004014,0,07,000,00,2,8,13,A01
200900004015,0,07,000,00,2,3,13,A01
200900004015,0,07,000,00,0,3,01,B02
200900004016,0,07,000,02,0,1,00,A01
200900004017,0,07,000,02,0,7,01,A01
200900004018,0,07,000,00,0,2,15,A01
200900004018,0,07,000,00,0,8,01,B02
200900004019,0,30,000,00,0,4,00,B02
200900004019,0,07,000,00,2,1,00,A01
200900004020,0,07,000,00,2,9,13,A01
200900004020,0,07,000,00,2,2,01,B02
200900004021,0,07,000,00,2,3,01,A01
200900004021,0,07,000,00,2,1,01,B02
200900004022,0,17,000,00,1,0,01,A01
200900004023,0,07,000,00,2,1,01,B02
200900004023,0,07,000,00,2,1,06,A01
200900004024,0,07,000,00,1,4,01,B01
200900004024,0,07,000,00,2,1,02,A01
200900004025,0,07,000,13,0,0,01,A01
200900004026,0,07,000,00,2,1,09,A01
200900004026,0,07,000,00,2,3,01,B01
200900004027,0,07,000,00,1,4,04,A01
200900004028,0,37,005,00,2,3,01,B01
200900004028,0,07,000,00,0,7,16,A01
200900004029,0,07,000,00,1,3,01,A01
200900004030,0,15,000,00,2,1,02,A01
200900004030,0,07,000,00,0,4,01,B01
200900004031,0,07,000,00,0,4,15,B01
200900004031,0,10,000,00,2,1,01,A01
200900004032,0,07,000,08,0,1,01,A01
200900004033,0,07,000,00,2,8,15,B01
200900004033,0,07,000,00,2,2,01,A01
200900004034,0,07,000,00,2,3,01,B01
200900004034,0,07,000,00,2,3,13,A01
200900004035,0,07,000,09,0,0,01,A01
200900004036,0,07,000,16,0,0,01,A01
200900004037,0,07,000,00,2,4,01,B01
200900004037,0,07,000,00,2,1,02,A01
200900004038,0,33,000,05,0,7,01,A01
200900004039,0,07,000,02,0,3,13,A01
200900004040,0,07,000,00,2,3,01,A01
200900004040,0,07,000,00,2,1,19,B02
200900004041,0,10,000,00,2,8,19,B02
200900004041,0,33,000,00,2,1,01,A01
200900004042,0,07,000,02,0,2,01,A01
200900004043,0,07,000,08,0,1,01,A01
200900004044,0,07,000,00,0,7,01,A01
200900004045,0,33,000,00,2,1,17,A01
200900004045,0,07,000,00,2,3,15,B02
200900004046,0,07,000,03,0,3,01,A01
200900004047,0,33,000,14,0,1,01,A01
200900004048,0,07,000,00,2,2,02,A01
200900004048,0,02,000,00,0,4,02,B02
200900004049,0,33,000,00,2,4,01,A01
200900004050,0,07,000,00,2,1,01,A01
200900004050,0,07,000,00,2,1,13,B02
200900004051,0,07,000,00,2,3,05,A01
200900004051,0,07,000,00,2,3,01,B02
200900004052,0,07,000,13,0,1,01,A01
200900004053,0,07,000,00,2,1,17,A01
200900004053,0,33,000,00,2,4,17,B02
200900004054,0,07,000,13,0,1,13,A01
200900004055,0,01,000,00,2,1,01,B01
200900004055,0,07,000,00,9,1,01,C01
200900004055,0,07,000,00,2,8,15,A01
200900004056,0,07,000,00,2,3,13,A01
200900004056,0,07,000,00,2,3,01,B01
200900004057,0,07,000,06,0,1,14,A01
200900004058,0,07,000,00,1,2,01,A01
200900004059,0,10,000,00,2,1,01,A01
200900004059,0,07,000,00,2,4,01,B01
200900004060,0,33,000,00,2,1,01,B01
200900004060,0,07,000,00,2,3,19,A01
200900004061,0,07,000,00,2,3,15,A01
200900004061,0,33,000,00,2,1,01,B01
200900004062,0,07,000,00,1,1,01,A01
200900004063,0,07,000,00,1,3,01,A01
200900004064,0,07,000,00,2,3,01,B01
200900004064,0,01,000,00,2,8,15,A01
200900004065,0,07,000,00,2,4,01,B01
200900004065,0,07,000,00,2,1,01,A01
200900004066,0,01,000,00,2,1,01,B01
200900004066,0,07,000,00,2,7,16,A01
200900004067,0,07,000,00,1,1,01,A01
200900004068,0,07,000,00,2,3,01,A01
200900004068,0,30,000,00,2,2,01,B01
200900004069,0,07,000,00,2,1,01,B01
200900004069,0,07,000,00,2,3,19,A01
200900004070,0,30,000,00,0,1,01,A01
200900004071,0,07,000,00,2,1,02,A01
200900004071,0,07,000,00,2,4,01,B01
200900004072,0,02,000,00,2,1,01,A01
200900004072,0,07,000,00,2,3,01,B01
200900004073,0,02,000,00,2,1,02,A01
200900004073,0,07,000,00,0,5,23,B01
200900004074,0,07,000,00,2,3,09,B01
200900004074,0,02,000,00,2,1,01,A01
200900004075,0,07,000,00,2,1,02,A01
200900004075,0,07,000,00,2,4,23,C01
200900004075,0,07,000,00,2,4,23,B01
200900004076,0,02,000,00,0,0,01,A01
200900004077,0,07,000,00,2,2,15,A01
200900004077,0,02,000,00,2,1,01,B01
200900004078,0,07,000,00,1,8,01,A01
200900004079,0,07,000,00,2,3,01,B01
200900004079,0,07,000,00,2,3,13,A01
200900004080,0,30,000,00,2,7,01,B01
200900004080,1,07,000,00,2,0,00,A01
200900004081,0,07,000,08,0,1,14,A01
200900004082,0,07,000,00,2,3,01,B01
200900004082,0,31,000,00,2,2,01,A01
200900004083,0,30,000,00,0,8,01,A01
200900004084,0,07,000,00,2,6,01,B01
200900004084,0,33,000,00,2,2,02,A01
200900004085,0,33,000,00,0,0,09,A01
200900004086,0,31,000,00,2,1,16,B01
200900004086,0,07,000,00,2,3,01,A01
200900004087,0,07,000,00,1,1,01,A01
200900004088,0,07,000,00,2,2,17,A01
200900004088,0,02,000,00,2,8,01,B01
200900004089,0,07,000,13,0,1,13,A01
200900004090,0,07,000,00,2,7,20,A01
200900004090,0,01,000,00,2,8,01,B01
200900004091,0,07,000,00,2,1,01,B01
200900004091,0,07,000,00,2,2,01,A01
200900004092,0,07,000,04,0,3,13,A01
200900004093,0,07,000,00,2,1,01,B01
200900004093,0,07,000,00,2,4,01,A01
200900004094,0,07,000,13,0,9,13,A01
200900004095,0,07,000,00,0,0,01,A01
200900004096,0,07,000,00,2,1,01,A01
200900004096,0,07,000,00,2,4,23,C01
200900004096,0,10,000,00,1,9,23,B01
200900004097,0,07,000,00,2,4,23,D01
200900004097,0,07,000,00,2,4,23,C01
200900004097,0,07,000,00,2,1,02,A01
200900004097,0,07,000,00,2,4,23,B01
200900004098,0,15,000,00,2,1,02,E05
200900004098,0,07,000,00,2,5,02,D04
200900004098,0,07,000,00,2,3,02,B02
200900004098,0,99,000,00,2,1,13,C03
200900004098,0,15,000,00,2,4,02,G07
200900004098,0,07,000,00,2,8,02,F06
200900004098,0,07,000,00,2,5,02,A01
200900004099,0,07,000,00,2,4,01,A01
200900004099,0,07,000,00,2,1,01,B01
200900004099,0,07,000,00,2,1,00,C01
200900004100,0,07,000,00,1,2,01,A01
200900004101,0,07,000,01,0,2,02,A01
200900004102,0,07,000,00,0,9,00,A01
200900004103,0,07,000,00,2,8,15,B02
200900004103,0,07,000,00,2,1,01,A01
200900004104,0,07,000,00,0,9,01,A01
200900004105,0,07,000,00,2,1,01,B02
200900004105,0,07,000,00,2,4,01,A01
200900004105,0,14,000,00,2,1,01,C03
200900004106,0,10,000,00,2,3,01,B02
200900004106,0,07,000,01,2,2,01,A01
200900004107,0,07,000,00,2,1,01,B02
200900004107,0,07,000,00,2,7,01,A01
200900004107,0,07,000,00,2,1,01,C03
200900004108,0,07,000,01,0,0,01,A01
200900004109,0,07,000,00,2,6,01,B02
200900004109,0,07,000,00,2,2,17,A01
200900004110,0,07,000,00,2,3,02,A01
200900004110,0,07,000,00,2,7,06,B02
200900004110,0,07,000,00,2,1,02,C03
200900004111,1,07,000,00,2,3,15,Z01
200900004111,0,01,000,00,0,1,01,A01
200900004112,0,07,000,00,2,3,01,B02
200900004112,0,07,000,00,2,2,00,A01
200900004113,0,07,000,00,2,7,13,A01
200900004113,0,10,000,00,2,1,01,B02
200900004114,0,07,000,00,2,1,13,B02
200900004114,0,07,000,05,2,3,01,A01
200900004115,0,07,000,00,2,4,14,B02
200900004115,2,07,000,00,2,4,04,A01
200900004116,1,07,000,00,2,0,17,Z01
200900004116,0,02,000,00,0,3,01,A01
200900004117,0,10,000,00,2,2,13,A01
200900004117,0,10,000,00,2,1,01,B02
200900004118,0,07,000,14,0,1,02,D04
200900004118,0,07,000,00,0,4,02,C03
200900004118,0,07,000,00,2,1,01,B02
200900004118,0,07,000,00,2,1,13,A01
200900004119,0,07,000,00,1,2,01,A01
200900004120,0,07,000,00,2,3,13,A01
200900004120,0,07,000,00,2,3,01,B02
200900004121,0,33,000,00,2,1,01,B02
200900004121,0,07,000,00,2,3,19,A01
200900004122,0,07,000,02,0,8,01,A01
200900004123,0,07,000,08,0,1,00,A01
200900004124,0,30,000,00,2,1,01,B01
200900004124,0,07,000,00,2,0,15,A01
200900004125,0,07,000,00,1,1,01,A01
200900004126,0,07,000,02,0,1,01,A01
200900004127,0,07,000,00,1,1,01,A01
200900004128,0,10,000,00,1,1,21,A01
200900004129,0,07,000,00,2,7,13,A01
200900004129,0,07,000,00,2,1,01,B02
200900004130,0,07,000,03,0,8,21,A01
200900004131,0,07,000,13,0,9,01,A01
200900004132,0,01,000,00,2,1,01,B02
200900004132,0,07,000,00,2,3,23,A01
200900004133,0,07,000,08,0,1,01,A01
200900004134,0,07,000,00,1,7,00,A01
200900004135,0,07,000,02,0,7,17,A01
200900004136,0,07,000,13,0,3,13,A01
200900004137,0,07,000,00,1,8,01,A01
200900004138,0,07,000,00,1,2,15,A01
200900004139,0,33,000,00,2,1,01,A01
200900004139,0,07,000,00,2,7,01,B01
200900004140,0,07,000,13,0,1,01,A01
200900004141,0,07,000,13,0,1,01,A01
200900004142,0,07,000,00,2,3,17,A01
200900004143,0,07,000,00,2,2,15,B02
200900004143,0,30,000,00,2,1,01,A01
200900004144,0,14,000,00,2,3,01,B02
200900004144,0,14,000,00,2,3,01,A01
200900004145,0,07,000,00,2,7,17,A01
200900004145,0,10,000,00,0,3,15,B02
200900004146,0,07,000,13,0,9,14,A01
200900004147,0,07,000,00,2,3,13,A01
200900004147,0,07,000,00,2,3,01,B02
200900004148,0,36,000,02,0,9,01,A01
200900004149,0,15,000,00,2,3,01,B02
200900004149,0,07,000,00,2,3,13,A01
200900004150,0,07,000,13,0,8,01,A01
200900004151,0,07,000,10,2,1,01,A01
200900004151,0,07,000,00,2,1,01,B02
200900004152,0,07,000,00,2,1,21,B02
200900004152,0,07,000,00,2,1,01,A01
200900004153,0,07,000,00,1,2,01,A01
200900004154,0,02,000,07,0,1,14,A01
200900004155,0,21,000,00,0,8,01,A01
200900004156,0,07,000,00,2,1,02,A01
200900004156,0,07,000,00,2,4,02,B02
200900004157,0,10,000,00,0,2,01,A01
200900004158,0,07,000,00,2,1,02,A01
200900004158,0,07,000,00,0,4,23,B01
200900004159,0,07,000,00,2,1,02,A01
200900004159,0,07,000,00,0,4,02,B01
200900004160,0,07,000,02,0,1,10,A01
200900004161,0,01,000,00,2,1,02,B01
200900004161,0,07,000,00,2,3,15,A01
200900004162,0,07,000,00,1,2,00,A01
200900004163,0,10,000,00,1,5,16,A01
200900004164,0,07,000,00,1,1,01,A01
200900004165,0,07,000,02,0,1,01,A01
200900004166,0,07,000,00,2,1,02,A01
200900004166,0,07,000,00,2,4,02,B01
200900004166,0,07,000,00,0,4,02,C01
200900004167,0,07,000,00,1,2,01,A01
200900004168,0,07,000,00,9,1,00,A01
200900004168,0,01,000,00,2,8,00,B01
200900004169,0,10,000,00,1,4,04,A01
200900004170,0,07,000,00,2,4,01,B01
200900004170,0,07,000,00,2,1,01,A01
200900004170,0,07,000,00,2,4,01,C01
200900004171,0,07,000,00,2,3,21,A01
200900004171,0,07,000,00,0,5,15,B01
200900004172,0,02,000,00,0,0,00,A01
200900004173,0,07,000,00,1,2,00,A01
200900004174,0,07,000,08,0,1,01,A01
200900004175,0,07,000,00,2,1,01,A01
200900004175,0,07,000,00,2,4,01,B01
200900004175,0,07,000,00,2,1,01,C01
200900004176,0,07,000,04,0,4,00,A01
200900004177,0,02,000,00,0,0,00,A01
200900004178,0,07,000,00,2,1,00,A01
200900004178,0,07,000,00,2,8,00,B01
200900004179,0,07,000,00,2,1,00,A01
200900004179,0,10,000,00,2,3,00,B01
200900004180,0,07,000,00,2,4,02,B01
200900004180,0,07,000,00,2,1,02,A01
200900004181,0,07,000,00,1,1,01,A01
200900004182,0,07,000,00,2,7,11,A01
200900004182,0,07,000,00,2,1,01,B01
200900004183,0,07,000,00,0,4,02,C01
200900004183,0,07,000,00,2,4,02,B01
200900004183,0,07,000,00,2,1,02,A01
200900004184,0,10,000,00,2,2,19,B02
200900004184,0,01,000,00,2,1,01,A01
200900004185,0,07,000,00,1,2,02,A01
200900004186,0,07,000,02,,2,01,A01
200900004187,0,07,000,00,2,4,02,B01
200900004187,0,07,000,00,2,1,02,A01
200900004188,0,30,000,00,2,1,15,B01
200900004188,0,07,000,00,2,2,15,A01
200900004189,0,07,000,00,1,7,01,A01
200900004190,0,07,000,00,1,1,01,A01
200900004191,0,07,000,00,2,4,02,C01
200900004191,0,07,000,00,2,4,02,B01
200900004191,0,07,000,00,2,1,01,A01
200900004192,0,07,000,00,1,2,01,A01
200900004193,0,07,000,00,1,1,01,A01
200900004194,0,02,000,06,0,1,13,A01
200900004195,0,31,000,00,2,1,01,B01
200900004195,0,07,000,00,2,8,15,A01
200900004196,0,30,000,01,0,1,14,A01
200900004197,0,07,000,00,2,4,02,B01
200900004197,0,02,000,00,2,1,01,A01
200900004198,0,07,000,00,2,3,01,B01
200900004198,0,07,000,00,2,6,19,A01
200900004199,0,07,000,00,2,3,01,B02
200900004199,0,07,000,00,0,2,13,A01
200900004200,0,07,000,00,0,0,01,A01
200900004200,0,01,000,00,9,1,01,B02
200900004201,0,07,000,00,0,8,15,B02
200900004201,0,02,000,00,2,1,17,A01
200900004202,0,33,000,00,0,1,17,A01
200900004203,0,33,000,00,2,1,17,A01
200900004203,0,07,000,00,2,3,01,B02
200900004204,0,07,000,03,2,8,13,A01
200900004204,0,07,000,00,2,8,01,B01
200900004205,0,21,000,00,2,1,15,A01
200900004205,0,07,000,00,2,3,01,B02
200900004206,0,07,000,00,2,2,19,A01
200900004207,0,07,000,00,2,1,01,B01
200900004207,0,07,000,00,2,5,15,A01
200900004208,0,10,000,13,0,1,14,A01
200900004209,0,07,000,00,2,3,15,B01
200900004209,0,02,000,00,2,2,17,A01
200900004210,0,07,000,00,2,4,02,B01
200900004210,0,10,000,00,2,4,02,C01
200900004210,0,07,000,00,2,1,02,A01
200900004211,0,07,000,00,2,2,16,B01
200900004211,0,02,000,00,2,1,01,A01
200900004212,0,07,000,00,2,3,01,B01
200900004212,0,07,000,00,2,1,15,A01
200900004213,0,07,000,00,2,4,23,A01
200900004213,0,07,000,00,2,4,00,B01
200900004214,0,33,000,00,0,8,01,B02
200900004214,0,33,000,00,0,8,01,A01
200900004215,0,07,000,00,2,1,13,A01
200900004215,0,07,000,00,2,3,01,C03
200900004215,0,07,000,00,2,1,01,B02
200900004216,0,07,000,08,0,1,01,A01
200900004217,0,07,000,00,1,2,15,A01
200900004218,0,07,000,00,2,8,19,B02
200900004218,0,07,000,00,2,1,01,A01
200900004219,0,07,000,00,2,3,02,B02
200900004219,0,07,000,00,2,3,13,A01
200900004220,0,14,000,00,2,3,01,B02
200900004220,0,07,000,00,2,1,13,A01
200900004221,0,07,000,13,0,3,01,A01
200900004222,0,07,000,00,2,1,01,B02
200900004222,0,07,000,00,2,2,01,A01
200900004223,0,07,000,13,0,1,01,A01
200900004224,0,07,000,00,0,9,14,A01
200900004225,0,07,000,00,1,1,01,A01
200900004226,0,07,000,02,0,2,01,A01
200900004227,0,02,000,00,0,4,01,A01
200900004227,0,02,000,00,2,1,01,B02
200900004228,0,07,000,00,1,3,01,A01
200900004229,0,07,000,00,1,0,02,A01
200900004230,0,07,000,00,2,1,01,B01
200900004230,0,07,000,00,2,1,15,A01
200900004231,0,07,000,00,1,1,01,A01
200900004232,0,07,000,00,2,1,01,A01
200900004232,0,07,000,00,2,7,19,B02
200900004233,0,31,000,00,2,1,01,B01
200900004233,0,07,000,00,2,3,15,A01
200900004234,0,07,000,00,2,2,19,A01
200900004234,0,33,000,00,2,1,01,B01
200900004235,0,02,000,00,2,1,01,B01
200900004235,0,07,000,00,2,3,15,A01
200900004236,0,33,000,00,2,1,01,B01
200900004236,0,07,000,00,2,6,15,A01
200900004237,0,10,000,08,0,1,01,A01
200900004238,0,07,000,13,0,1,17,A01
200900004239,0,07,000,00,0,9,13,A01
200900004240,0,07,000,00,2,1,13,A01
200900004240,0,07,000,00,2,1,01,D04
200900004240,0,10,000,00,2,6,01,B02
200900004241,0,07,000,06,0,3,13,A01
200900004242,0,33,000,00,0,1,01,A01
200900004243,0,33,000,00,0,8,09,A01
200900004244,0,32,000,00,2,3,01,A01
200900004244,0,10,000,00,2,6,19,B02
200900004245,0,07,000,13,0,7,13,A01
200900004246,0,07,000,02,0,2,13,A01
200900004247,0,07,000,08,0,9,01,A01
200900004248,0,07,000,00,1,1,01,A01
200900004249,0,07,000,00,2,1,09,A01
200900004249,0,30,000,00,2,7,00,B01
200900004250,0,07,000,00,2,6,09,A01
200900004250,0,30,000,00,2,1,15,B01
200900004251,0,07,000,00,2,3,19,B02
200900004251,0,31,000,00,2,1,01,A01
200900004252,0,07,000,00,2,3,15,B02