Num_Acc,senc,catv,occutc,obs,obsm,choc,manv,num_veh
200900004252,0,30,000,00,2,1,01,A01
200900004253,0,07,000,00,1,1,01,A01
200900004254,0,07,000,00,2,1,23,D04
200900004255,0,02,000,00,2,1,01,A01
200900004255,0,07,000,00,2,3,01,B02
200900004256,0,07,000,13,0,2,01,A01
200900004257,0,07,000,00,2,3,13,A01
200900004257,0,07,000,00,2,3,01,B02
200900004258,0,02,000,00,2,1,01,B02
200900004258,0,07,000,00,2,3,13,A01
200900004259,0,07,000,00,1,2,00,A01
200900004260,0,01,000,00,2,4,02,B01
200900004260,0,07,000,00,2,1,02,A01
200900004261,0,07,000,00,1,1,02,A01
200900004262,0,10,000,00,2,4,01,B01
200900004262,0,30,000,00,2,1,02,A01
200900004263,0,07,000,02,0,1,01,A01
200900004264,0,07,000,00,0,1,02,A01
200900004264,0,07,000,00,0,4,02,B02
200900004265,0,07,000,00,0,2,02,A01
200900004265,0,33,000,00,0,4,02,B02
200900004266,0,07,000,00,2,1,01,A01
200900004266,0,10,000,00,2,1,01,B02
200900004267,0,07,000,00,1,3,01,A01
200900004268,0,36,000,14,0,1,00,A01
200900004269,0,01,000,00,2,4,00,A01
200900004269,0,07,000,00,2,1,02,B01
200900004270,0,07,000,00,0,5,15,A01
200900004270,0,31,000,00,0,1,01,B02
200900004271,0,07,000,00,1,1,15,A01
200900004272,0,07,000,00,2,1,21,B01
200900004272,0,07,000,00,2,8,19,A01
200900004273,0,07,000,00,1,3,01,A01
200900004274,0,07,000,02,0,1,14,A01
200900004275,0,07,000,08,0,3,01,A01
200900004276,0,07,000,00,2,3,01,B02
200900004276,0,07,000,00,2,3,13,A01
200900004277,0,10,000,00,9,3,01,A01
200900004277,0,02,000,00,2,5,09,B02
200900004278,0,07,000,00,2,1,01,A01
200900004278,0,07,000,00,2,3,01,B02
200900004279,0,30,000,00,1,1,01,A01
200900004280,0,07,000,00,2,3,13,A01
200900004280,0,07,000,00,2,3,01,B02
200900004281,0,07,000,00,2,7,13,A01
200900004281,0,07,000,00,2,1,01,B02
200900004282,0,07,000,00,2,1,02,A01
200900004282,0,10,000,00,0,4,00,B02
200900004283,0,13,000,00,2,3,01,B02
200900004283,0,07,000,00,2,3,13,A01
200900004284,0,07,000,00,2,1,01,A01
200900004284,0,10,000,00,2,8,06,B02
200900004285,0,07,000,00,2,7,01,A01
200900004285,0,07,000,00,2,1,01,B02
200900004286,0,10,000,00,1,0,20,A01
200900004287,0,07,000,00,2,1,15,A01
200900004287,0,02,000,00,2,1,01,B02
200900004288,0,07,000,00,1,1,01,A01
200900004289,0,30,000,00,2,7,01,B02
200900004289,0,07,000,00,2,3,15,A01
200900004290,0,07,000,03,0,3,01,A01
200900004290,1,07,000,00,2,2,11,B02
200900004291,0,07,000,00,0,0,00,A01
200900004292,0,07,000,00,2,3,02,A01
200900004292,0,07,000,00,2,3,17,B02
200900004293,0,07,000,00,2,7,15,A01
200900004293,0,07,000,00,2,1,01,B02
200900004294,0,07,000,00,2,1,01,B02
200900004294,0,07,000,00,2,1,01,A01
200900004295,0,07,000,13,0,9,01,A01
200900004296,0,07,000,00,0,4,23,A01
200900004296,0,07,000,00,0,4,23,B02
200900004296,0,07,000,00,0,1,02,C03
200900004297,0,07,000,00,2,2,01,B02
200900004298,0,33,000,00,2,3,19,B02
200900004298,0,07,000,00,2,2,10,A01
200900004299,0,33,000,00,0,0,01,A01
200900004300,0,07,000,00,2,3,01,B02
200900004300,0,07,000,00,2,1,13,A01
200900004301,0,07,000,00,1,1,01,A01
200900004302,0,07,000,00,1,1,00,A01
200900004303,1,07,000,00,2,1,00,B01
200900004303,0,30,000,00,2,4,00,A01
200900004304,0,01,000,00,2,1,02,B01
200900004304,0,07,000,00,9,3,15,A01
200900004305,0,10,000,00,2,3,01,A01
200900004305,0,30,000,00,2,1,01,B01
200900004306,0,07,000,06,0,1,01,A01
200900004307,0,99,000,00,2,1,02,A01
200900004307,0,07,000,00,5,4,23,B02
200900004308,0,14,000,00,1,1,01,A01
200900004309,0,07,000,06,0,1,14,A01
200900004310,0,14,000,13,0,2,01,A01
200900004311,0,30,000,00,1,1,01,A01
200900004312,0,07,000,08,0,3,14,A01
200900004313,0,07,000,00,2,1,13,A01
200900004313,0,07,000,00,2,1,01,B02
200900004314,0,07,000,00,2,1,01,B02
200900004314,0,10,000,00,2,7,19,A01
200900004315,0,07,000,00,2,3,05,A01
200900004315,0,07,000,00,2,3,21,B02
200900004316,0,10,000,00,2,3,13,A01
200900004316,0,10,000,00,2,3,21,B02
200900004317,0,07,000,02,0,8,13,A01
200900004317,0,07,000,00,0,0,17,B02
200900004318,0,15,000,00,2,8,01,C03
200900004318,0,07,000,,2,3,13,A01
200900004318,0,07,000,,2,3,01,B02
200900004319,0,07,000,00,1,8,01,A01
200900004320,0,02,000,00,2,1,00,A01
200900004320,0,07,000,00,2,6,00,B01
200900004321,0,07,000,00,1,5,20,A01
200900004322,0,07,000,01,0,1,13,A01
200900004323,0,07,000,00,2,2,15,A01
200900004323,0,02,000,00,2,1,01,B01
200900004324,0,31,000,00,2,1,01,B01
200900004324,0,07,000,00,2,3,00,A01
200900004325,0,07,000,00,2,4,16,B01
200900004325,0,07,000,00,2,2,01,C01
200900004325,0,30,000,00,0,0,05,A01
200900004326,0,07,000,00,2,8,01,B02
200900004326,0,07,000,00,2,1,01,F06
200900004326,0,07,000,00,2,3,01,C03
200900004326,0,07,000,00,2,3,01,E05
200900004326,0,15,000,00,2,6,01,G07
200900004326,0,07,000,00,2,3,05,A01
200900004326,0,07,000,00,2,8,01,D04
200900004327,0,07,000,00,2,2,01,A01
200900004327,0,30,000,00,2,8,01,B02
200900004328,0,07,000,00,2,8,01,A01
200900004328,0,07,000,00,2,1,19,B02
200900004329,0,07,000,00,2,3,13,A01
200900004329,0,21,000,00,2,3,01,B02
200900004330,0,07,000,00,2,2,15,A01
200900004330,0,33,000,00,2,1,01,B02
200900004331,0,07,000,00,2,1,01,B02
200900004331,0,07,000,00,2,7,13,A01
200900004332,0,33,000,00,2,1,01,A01
200900004332,0,07,000,00,2,1,01,B02
200900004333,0,07,000,00,2,1,13,A01
200900004333,0,07,000,00,2,1,01,B02
200900004334,0,07,000,00,2,1,02,A01
200900004334,0,07,000,00,2,4,02,B01
200900004335,0,33,000,00,2,1,01,B01
200900004335,0,07,000,00,2,7,09,A01
200900004336,0,07,000,02,0,8,01,A01
200900004337,0,07,000,00,2,8,09,A01
200900004337,0,07,000,00,2,2,01,B01
200900004338,0,33,000,00,2,1,01,B01
200900004338,0,07,000,00,2,1,00,A01
200900004339,0,01,000,06,0,1,00,A01
200900004340,0,07,000,00,2,2,01,A01
200900004340,0,07,000,00,2,1,13,B02
200900004341,0,07,000,02,0,3,13,A01
200900004342,0,10,000,02,0,1,01,A01
200900004343,0,07,000,00,0,8,09,A01
200900004343,0,07,000,00,2,1,01,B02
200900004344,0,07,000,06,0,2,01,A01
200900004345,0,07,000,00,2,3,01,B02
200900004345,0,07,000,00,2,3,01,A01
200900004346,0,07,000,13,0,9,01,A01
200900004347,0,15,000,00,0,1,01,A01
200900004347,0,07,000,00,0,4,23,B02
200900004348,0,30,000,00,2,7,19,A01
200900004348,0,07,000,00,2,1,01,B02
200900004349,0,10,000,00,2,2,01,A01
200900004349,0,07,000,00,2,8,19,B02
200900004350,0,02,000,02,0,2,01,A01
200900004351,0,07,000,00,2,3,01,A01
200900004351,0,07,000,00,0,5,02,B02
200900004351,0,07,000,00,2,1,01,C03
200900004352,0,02,000,12,0,1,14,A01
200900004353,0,07,000,13,0,1,01,A01
200900004354,0,07,000,00,2,3,01,B02
200900004354,0,07,000,00,2,3,13,A01
200900004355,0,07,000,13,0,1,14,A01
200900004356,0,07,000,00,2,3,20,A01
200900004356,0,07,000,00,2,7,17,B02
200900004357,0,33,000,00,2,1,01,B02
200900004357,0,07,000,00,2,6,19,A01
200900004358,0,17,000,00,2,2,00,A01
200900004358,0,07,000,00,2,3,00,B01
200900004359,0,07,000,00,2,6,09,B01
200900004359,0,33,000,00,2,1,01,A01
200900004360,0,07,000,00,2,1,00,A01
200900004360,0,10,000,00,2,1,01,B01
200900004361,0,33,000,07,0,1,17,A01
200900004362,0,07,000,00,2,1,01,B02
200900004362,0,07,000,00,2,7,13,A01
200900004363,0,17,000,06,0,2,14,A01
200900004364,0,10,000,00,2,3,13,A01
200900004364,0,07,000,00,2,3,01,B02
200900004365,0,30,000,00,2,2,01,A01
200900004365,0,07,000,00,2,2,17,B02
200900004366,0,33,000,00,2,1,01,B02
200900004366,0,07,000,00,0,8,19,A01
200900004367,0,38,001,00,1,2,01,A01
200900004368,0,07,000,00,2,1,01,B02
200900004368,0,07,000,00,2,3,13,A01
200900004369,0,07,000,00,0,0,11,B01
200900004369,0,07,000,08,2,3,02,A01
200900004370,0,31,000,00,0,8,01,A01
200900004371,0,07,000,00,2,3,01,B01
200900004371,0,07,000,00,2,2,15,A01
200900004372,0,02,000,01,0,1,01,A01
200900004373,0,02,000,00,0,0,01,A01
200900004374,0,07,000,00,2,6,01,B01
200900004374,0,07,000,00,2,2,11,A01
200900004375,0,07,000,00,2,2,01,B01
200900004375,0,30,000,00,2,1,01,A01
200900004376,0,30,000,00,0,0,01,A01
200900004377,0,07,000,02,0,8,01,A01
200900004378,0,07,000,00,2,3,01,B01
200900004378,0,07,000,00,2,0,01,C01
200900004378,0,02,000,00,2,1,01,A01
200900004379,0,07,000,00,2,1,01,B02
200900004379,0,07,000,00,2,1,17,A01
200900004380,0,07,000,13,0,3,01,A01
200900004381,0,07,000,00,2,2,01,B02
200900004381,0,07,000,00,2,2,13,A01
200900004382,0,02,000,14,0,7,01,A01
200900004383,0,07,000,00,2,3,01,A01
200900004383,0,07,000,13,2,1,01,B02
200900004384,0,07,000,00,2,1,01,B02
200900004384,0,07,000,00,2,2,15,A01
200900004385,0,07,000,00,2,1,13,B02
200900004385,0,15,000,00,2,1,01,A01
200900004386,0,07,000,00,2,3,15,A01
200900004386,0,33,000,00,2,8,01,B02
200900004387,0,30,000,00,2,5,01,B01
200900004387,0,07,000,00,0,2,19,A01
200900004388,0,01,000,00,2,8,15,B01
200900004388,0,07,000,00,9,7,17,A01
200900004389,0,07,000,00,2,1,01,B01
200900004389,0,07,000,00,2,7,19,A01
200900004390,0,07,000,00,2,8,01,B01
200900004390,0,10,000,00,2,1,01,A01
200900004391,0,34,000,00,2,8,01,B02
200900004391,0,07,000,00,2,3,15,A01
200900004392,0,30,000,00,2,1,01,A01
200900004393,0,07,000,00,2,2,15,A01
200900004393,0,33,000,00,2,1,01,B02
200900004394,0,07,000,00,2,1,17,A01
200900004394,0,07,000,00,2,4,15,B02
200900004395,0,36,000,00,0,5,04,A01
200900004395,0,31,000,00,2,1,01,B02
200900004396,0,14,000,00,2,3,01,B02
200900004396,0,07,000,00,2,3,01,A01
200900004397,0,07,000,08,0,0,01,B01
200900004397,1,07,000,01,0,0,01,A01
200900004398,0,07,000,00,1,1,01,A01
200900004399,0,33,000,00,0,9,01,A01
200900004400,0,07,000,00,2,4,01,B02
200900004400,0,07,000,00,2,1,01,A01
200900004401,0,03,000,00,2,1,01,B02
200900004402,0,07,000,16,0,3,01,A01
200900004403,0,07,000,00,2,1,17,A01
200900004403,0,07,000,00,2,0,15,B02
200900004404,0,33,000,00,2,1,01,B01
200900004404,0,07,000,00,2,3,01,A01
200900004405,0,07,000,00,1,3,20,A01
200900004406,0,07,000,00,1,1,01,A01
200900004407,0,30,000,00,2,1,01,A01
200900004407,0,07,000,00,2,3,15,B01
200900004408,0,07,000,00,2,1,01,C01
200900004408,0,07,000,00,2,1,01,B01
200900004408,0,07,000,00,2,1,15,A01
200900004409,0,07,000,00,2,4,01,B01
200900004409,0,15,000,00,2,1,01,A01
200900004410,0,07,000,00,2,2,10,A01
200900004410,0,07,000,00,2,3,16,B01
200900004411,0,07,000,00,2,4,01,B01
200900004411,0,02,000,00,2,1,02,A01
200900004412,0,07,000,13,0,0,01,A01
200900004413,0,07,000,00,2,1,01,A01
200900004413,0,07,000,00,2,4,02,C01
200900004413,0,07,000,00,2,4,02,B01
200900004413,0,10,000,00,2,4,02,E01
200900004413,0,07,000,00,2,4,02,F02
200900004413,0,07,000,00,2,4,02,D01
200900004414,1,07,000,00,2,1,02,A01
200900004414,0,07,000,00,2,4,10,B01
200900004415,0,07,000,00,1,2,01,A01
200900004416,0,15,000,00,2,3,01,B02
200900004416,0,07,000,00,2,3,13,A01
200900004417,0,33,000,00,2,3,10,B02
200900004418,0,07,000,00,0,3,01,A01
200900004419,0,07,000,00,0,6,02,B02
200900004419,0,17,000,00,2,2,02,A01
200900004420,0,01,000,00,2,6,02,B02
200900004420,0,07,000,00,2,2,17,A01
200900004421,0,07,000,00,2,2,15,A01
200900004421,0,01,000,00,2,7,01,B01
200900004422,0,07,000,00,2,1,13,A01
200900004422,0,07,000,00,2,2,01,B02
200900004423,0,07,000,00,2,1,13,A01
200900004423,0,07,000,00,2,1,14,B02
200900004424,0,07,000,00,2,2,13,A01
200900004424,0,10,000,00,2,3,01,B02
200900004425,0,07,000,00,2,8,01,B01
200900004425,0,07,000,00,2,1,01,A01
200900004426,1,07,000,00,2,0,00,Z01
200900004426,0,01,000,00,2,0,00,B01
200900004427,0,07,000,05,0,3,01,A01
200900004428,0,07,000,00,2,1,01,B01
200900004428,0,07,000,00,2,2,15,A01
200900004429,0,07,000,00,2,4,02,B01
200900004429,0,07,000,00,2,1,02,A01
200900004430,0,07,000,00,2,1,15,A01
200900004430,0,07,000,00,2,1,01,B01
200900004431,0,07,000,00,2,5,01,B01
200900004431,0,07,000,00,2,1,15,A01
200900004432,0,07,000,00,2,3,15,B01
200900004432,0,07,000,00,2,2,01,A01
200900004433,0,15,000,02,0,1,01,A01
200900004434,0,07,000,02,0,9,01,A01
200900004435,0,07,000,00,2,1,01,C03
200900004435,0,07,000,04,0,3,01,A01
200900004435,0,07,000,04,0,3,01,F06
200900004435,0,07,000,00,2,3,01,E05
200900004435,0,07,000,00,2,3,01,D04
200900004435,0,07,000,00,2,3,01,B02
200900004436,0,07,000,13,0,9,01,A01
200900004437,0,33,000,05,0,9,01,A01
200900004438,0,15,000,00,2,2,01,B02
200900004438,0,07,000,00,2,2,13,A01
200900004439,0,07,000,08,0,2,01,A01
200900004440,0,07,000,00,2,3,13,A01
200900004440,0,07,000,00,2,3,01,B02
200900004441,0,07,000,03,2,1,01,B02
200900004441,0,07,000,03,2,1,18,A01
200900004442,0,07,000,00,2,1,15,A01
200900004442,0,07,000,00,2,3,01,B01
200900004443,0,33,000,00,2,1,01,B01
200900004443,0,07,000,00,2,2,15,A01
200900004444,0,02,000,00,2,1,02,A01
200900004444,0,07,000,00,2,4,01,B01
200900004445,0,10,000,00,2,1,02,A01
200900004445,0,07,000,00,2,4,02,B01
200900004445,0,07,000,00,2,4,02,C01
200900004446,0,07,000,00,2,2,15,A01
200900004446,0,30,000,00,2,1,01,B01
200900004447,0,07,000,00,2,8,15,A01
200900004447,0,10,000,00,2,1,01,B01
200900004448,0,07,000,00,2,4,01,B01
200900004448,1,07,000,00,0,0,00,Z01
200900004449,0,07,000,00,2,1,01,A01
200900004449,0,07,000,00,2,7,01,B01
200900004450,0,07,000,00,2,3,15,A01
200900004450,0,31,000,00,2,1,17,B01
200900004451,0,07,000,00,2,8,10,B01
200900004451,0,33,000,00,2,8,01,A01
200900004452,0,32,000,00,1,1,01,A01
200900004453,0,07,000,00,1,1,01,A01
200900004454,0,10,000,00,2,1,02,A01
200900004454,0,07,000,00,2,4,00,C01
200900004454,0,33,000,00,2,1,02,B01
200900004455,0,03,000,00,1,3,01,A01
200900004456,0,07,000,00,2,4,02,B01
200900004456,0,07,000,00,2,1,01,A01
200900004456,0,07,000,00,2,4,02,C01
200900004457,0,07,000,00,0,2,15,A01
200900004457,0,07,000,00,1,4,23,B01
200900004458,0,07,000,00,2,2,01,B01
200900004458,0,07,000,00,2,3,01,A01
200900004459,0,07,000,00,0,0,15,B01
200900004459,0,33,000,16,0,7,01,A01
200900004460,0,07,000,00,2,2,15,A01
200900004460,0,31,000,00,2,3,01,B01
200900004461,0,10,000,00,1,8,01,A01
200900004462,0,07,000,00,2,2,19,A01
200900004462,0,07,000,00,2,3,01,B01
200900004463,0,07,000,00,2,1,01,A01
200900004463,0,10,000,00,0,4,01,B01
200900004464,0,07,000,00,0,0,00,A01
200900004464,0,07,000,08,0,1,21,B01
200900004465,0,07,000,00,2,1,19,A01
200900004465,0,01,000,00,2,7,01,B01
200900004466,0,07,000,00,2,1,02,A01
200900004466,0,07,000,00,2,4,02,D01
200900004466,0,07,000,00,2,4,02,B01
200900004466,0,07,000,00,2,4,02,C01
200900004467,0,07,000,00,1,3,17,A01
200900004468,0,07,000,08,0,1,21,A01
200900004468,0,07,000,00,0,0,15,B01
200900004469,0,07,000,00,2,1,15,A01
200900004469,0,07,000,00,0,8,01,B01
200900004470,0,07,000,00,2,4,02,B01
200900004470,0,10,000,00,2,1,02,A01
200900004471,0,30,000,00,2,1,17,A01
200900004471,0,07,000,00,2,8,15,B01
200900004472,0,07,000,00,1,1,05,A01
200900004473,0,07,000,00,1,1,00,A01
200900004474,0,07,000,00,2,1,15,B01
200900004474,0,33,000,00,2,1,01,A01
200900004475,0,07,000,06,0,9,01,A01
200900004476,0,07,000,00,2,2,13,A01
200900004476,0,07,000,00,2,2,21,B02
200900004476,0,07,000,00,2,5,21,C03
200900004477,0,07,000,02,0,1,13,A01
200900004478,0,07,000,00,0,1,01,A01
200900004479,0,32,000,00,2,7,17,B01
200900004479,0,07,000,00,2,3,15,A01
200900004480,0,14,000,00,1,1,00,A01
200900004481,0,07,000,00,1,3,01,A01
200900004482,0,07,000,00,2,5,15,A01
200900004482,0,02,000,00,2,1,01,B01
200900004483,0,02,000,00,0,1,16,B01
200900004483,0,07,000,00,2,1,15,A01
200900004484,0,07,000,00,2,1,01,B01
200900004484,0,07,000,00,2,1,13,A01
200900004485,0,07,000,00,2,7,01,C03
200900004485,0,07,000,02,2,1,17,A01
200900004485,0,31,000,00,2,1,01,B02
200900004486,0,14,000,01,0,4,23,A01
200900004486,0,07,000,01,0,8,01,B02
200900004487,0,07,000,01,,3,,A01
200900004488,0,07,000,00,1,2,01,A01
200900004489,0,10,000,00,2,1,01,B01
200900004489,0,07,000,00,2,1,01,A01
200900004490,0,07,000,00,1,2,17,A01
200900004491,0,07,000,00,2,9,01,A01
200900004492,0,07,000,00,1,8,01,A01
200900004493,0,10,000,00,1,3,16,B01
200900004494,0,07,000,00,0,3,00,A01
200900004495,0,30,000,00,2,3,01,B01
200900004495,0,07,000,00,2,1,15,A01
200900004496,0,10,000,00,1,1,01,A01
200900004497,0,07,000,00,2,3,01,A01
200900004497,0,10,000,00,2,1,01,B01
200900004498,0,30,000,00,2,1,02,B01
200900004498,0,07,000,00,2,3,00,A01
200900004499,0,15,000,00,2,6,02,B02
200900004499,0,10,000,00,2,3,02,A01
200900004500,0,07,000,00,2,1,00,A01
200900004500,0,30,000,00,2,1,05,B01
200900004501,0,10,000,00,2,4,00,B01
200900004501,0,10,000,00,2,1,00,A01
200900004502,1,07,000,00,1,0,00,A01
200900004503,0,07,000,04,0,1,01,A01
200900004504,0,07,000,00,2,5,00,B01
200900004504,1,07,000,00,2,0,00,C01
200900004504,0,32,000,00,2,4,00,A01
200900004505,0,07,000,00,2,8,00,A01
200900004505,0,07,000,00,2,8,01,B01
200900004506,0,07,000,13,0,1,02,A01
200900004507,0,07,000,03,2,8,01,B01
200900004507,0,07,000,03,2,3,13,A01
200900004508,0,07,000,00,2,1,00,B01
200900004508,0,07,000,00,2,4,00,A01
200900004509,0,33,000,00,2,1,01,B01
200900004509,0,07,000,00,2,2,15,A01
200900004510,0,07,000,00,1,3,01,A01
200900004511,0,07,000,06,0,8,00,A01
200900004512,0,07,000,01,0,6,01,A01
200900004513,0,07,000,00,1,1,01,A01
200900004514,0,07,000,00,2,3,13,B01
200900004514,0,07,000,00,,1,16,A02
200900004515,0,10,000,00,0,9,01,A01
200900004516,0,07,000,00,1,3,21,A01
200900004517,0,07,000,00,0,1,01,A01
200900004517,0,33,000,00,2,7,17,B02
200900004518,0,10,000,00,1,4,04,A01
200900004519,0,33,000,00,2,1,01,B01
200900004519,0,07,000,00,2,8,16,A01
200900004520,0,14,000,04,0,2,01,A01
200900004521,0,07,000,00,1,1,16,A01
200900004522,0,07,000,12,0,2,14,A01
200900004523,1,07,000,00,2,1,17,B01
200900004523,0,01,000,00,2,4,15,A01
200900004524,0,07,000,00,1,3,05,A01
200900004525,0,07,000,13,0,7,14,A01
200900004526,0,07,000,00,2,7,01,A01
200900004526,0,31,000,00,2,1,01,B02
200900004527,0,07,000,00,2,1,01,B02
200900004527,0,07,000,00,2,1,01,A01
200900004528,0,07,000,08,0,1,01,A01
200900004529,0,07,000,00,1,3,01,A01
200900004530,0,07,000,00,2,3,13,A01
200900004530,0,07,000,00,2,3,01,B02
200900004531,1,07,000,00,1,3,01,A01
200900004532,0,31,000,00,2,1,01,B02
200900004532,0,07,000,00,2,2,15,A01
200900004533,0,07,000,00,2,3,13,B02
200900004533,0,07,000,00,2,3,01,A01
200900004534,0,07,000,02,0,1,01,A01
200900004535,0,07,000,00,2,7,17,B01
200900004535,0,07,000,00,2,8,10,A01
200900004536,0,32,000,00,0,7,01,A01
200900004537,0,07,000,00,2,3,01,A01
200900004537,0,07,000,00,2,3,01,B02
200900004538,0,07,000,02,0,8,00,A01
200900004539,0,10,000,00,1,4,04,A01
200900004540,0,10,000,00,2,7,16,B02
200900004540,0,31,000,00,2,8,18,A01
200900004541,0,07,000,00,0,5,23,D04
200900004541,0,07,000,00,0,5,23,B02
200900004541,0,07,000,00,2,1,01,A01
200900004541,0,07,000,00,0,4,23,C03
200900004542,0,30,000,14,0,1,01,A01
200900004543,0,10,000,06,0,8,13,A01
200900004544,0,07,000,00,2,3,01,B02
200900004544,0,07,000,00,2,3,01,A01
200900004545,0,07,000,00,1,3,01,A01
200900004546,0,07,000,00,1,2,01,A01
200900004547,0,07,000,00,1,1,01,A01
200900004548,0,07,000,06,0,2,01,A01
200900004549,0,07,000,13,2,9,01,A01
200900004550,0,07,000,00,2,1,13,A01
200900004550,0,07,000,00,2,3,01,B02
200900004551,0,07,000,00,2,7,10,A01
200900004551,0,32,000,00,2,1,18,B01
200900004552,0,31,000,00,0,0,00,A01
200900004553,0,07,000,00,2,8,24,B01
200900004553,0,07,000,01,0,1,06,A01
200900004554,0,07,000,00,2,1,17,A01
200900004554,0,30,000,00,2,8,15,B01
200900004555,0,07,000,00,2,2,01,B01
200900004555,0,07,000,00,2,2,15,A01
200900004556,0,07,000,00,0,5,01,B01
200900004556,0,30,000,00,2,1,01,A01
200900004557,0,07,000,00,2,8,10,A01
200900004557,0,07,000,00,2,1,02,B01
200900004558,0,01,000,00,2,6,02,B01
200900004558,0,01,000,00,2,4,01,C01
200900004558,0,07,000,00,2,1,01,A01
200900004559,0,31,000,00,2,1,01,B01
200900004559,0,07,000,00,0,3,16,A01
200900004560,0,07,000,00,1,3,01,A01
200900004561,0,07,000,00,0,8,20,A01
200900004561,0,30,000,00,2,0,02,B01
200900004562,0,07,000,00,2,2,15,A01
200900004562,0,07,000,00,2,1,01,B01
200900004563,0,07,000,00,0,1,16,A01
200900004563,0,01,000,00,0,7,01,B01
200900004564,1,07,000,00,1,0,20,A01
200900004565,0,07,000,00,1,1,00,A01
200900004566,0,07,000,00,2,3,15,A01
200900004566,0,33,000,00,2,7,01,B01
200900004567,0,33,000,00,0,4,23,B01
200900004567,0,07,000,00,2,1,01,A01
200900004568,0,07,000,00,2,1,00,A01
200900004568,0,30,000,00,2,1,15,B01
200900004569,0,01,000,00,2,5,01,B01
200900004569,0,07,000,00,2,1,09,A01
200900004570,0,30,000,00,2,1,02,A01
200900004570,0,07,000,00,2,4,02,B02
200900004571,0,07,000,00,1,3,01,A01
200900004572,0,02,000,00,2,3,21,A01
200900004572,1,10,000,00,0,0,01,B02
200900004573,0,07,000,00,2,4,02,C01
200900004573,0,07,000,00,2,9,02,B01
200900004573,0,07,000,00,2,1,02,A01
200900004574,0,07,000,00,2,3,06,B02
200900004574,0,07,000,00,2,3,01,A01
200900004575,0,01,000,00,0,6,13,B02
200900004575,0,02,000,00,2,1,01,A01
200900004576,0,07,000,00,2,5,15,A01
200900004576,0,02,000,00,2,1,01,B01
200900004577,0,07,000,00,0,2,15,A01
200900004578,0,33,000,10,0,1,13,A01
200900004579,0,33,000,00,2,1,01,B01
200900004579,0,07,000,00,2,5,15,A01
200900004580,0,07,000,00,2,1,01,A01
200900004580,0,07,000,00,2,4,02,C01
200900004580,0,07,000,00,2,4,02,B01
200900004581,0,30,000,00,2,8,13,A01
200900004581,0,07,000,00,2,7,01,B01
200900004582,0,07,000,00,2,4,01,B01
200900004582,0,07,000,00,2,1,01,A01
200900004582,0,07,000,00,0,4,01,C01
200900004583,0,07,000,00,1,3,01,A01
200900004584,0,02,000,00,2,1,01,A01
200900004584,0,30,000,00,2,1,01,B01
200900004585,0,07,000,00,2,1,09,A01
200900004585,0,34,000,00,2,7,02,B01
200900004586,0,07,000,02,0,7,01,A01
200900004587,0,07,000,00,2,8,15,A01
200900004587,0,02,000,00,2,1,01,B01
200900004588,0,07,000,00,2,3,15,B01
200900004588,0,07,000,00,2,3,01,A01
200900004589,0,07,000,00,2,8,15,B01
200900004589,0,33,000,00,2,7,17,A01
200900004590,0,07,000,00,1,6,00,A01
200900004591,0,30,000,00,2,1,01,B01
200900004591,0,07,000,00,2,3,15,A01
200900004592,0,01,000,00,2,1,01,B01
200900004592,0,07,000,00,2,8,22,A01
200900004593,0,07,000,09,0,8,01,A01
200900004594,0,01,000,00,1,1,01,A01
200900004595,0,30,000,00,2,1,01,A01
200900004595,0,07,000,00,2,7,01,B01
200900004596,0,07,000,08,0,1,01,A01
200900004597,0,07,000,13,0,7,14,A01
200900004598,0,07,000,00,2,1,15,A01
200900004598,0,07,000,00,2,3,01,B01
200900004599,0,10,000,00,2,1,02,B01
200900004599,0,07,000,00,2,6,10,A01
200900004600,0,33,000,00,2,1,01,B01
200900004600,0,07,000,00,2,7,10,A01
200900004601,0,07,000,00,2,4,15,B01
200900004601,0,07,000,00,2,1,01,A01
200900004602,0,07,000,00,2,1,05,A01
200900004602,0,07,000,00,2,1,01,B01
200900004603,0,07,000,00,0,4,21,B01
200900004603,0,16,000,00,2,1,02,A01
200900004604,0,07,000,00,2,2,02,A01
200900004604,0,02,000,00,0,4,02,B02
200900004605,0,07,000,00,2,1,01,B02
200900004605,0,07,000,07,2,1,19,A01
200900004606,0,07,000,00,1,1,01,A01
200900004607,0,10,000,00,2,1,01,B02
200900004607,0,07,000,00,2,3,13,A01
200900004608,0,07,000,00,2,1,15,A01
200900004608,0,32,000,00,2,8,01,B01
200900004609,0,07,000,00,1,1,15,A01
200900004610,0,33,000,00,9,0,00,A01
200900004611,0,07,000,08,0,1,01,A01
200900004612,0,07,000,02,0,1,01,A01
200900004613,0,07,000,02,0,1,01,A01
200900004614,0,10,000,00,2,3,01,B02
200900004615,0,07,000,07,1,1,14,A01
200900004616,0,07,000,08,0,9,06,A01
200900004617,0,07,000,08,0,1,01,A01
200900004618,0,07,000,00,1,3,01,A01
200900004619,0,07,000,00,0,1,01,A01
200900004620,1,07,000,00,0,0,00,B01
200900004620,0,30,000,00,0,1,15,A01
200900004621,0,07,000,00,2,3,01,B02
200900004621,0,30,000,00,2,1,13,A01
200900004622,0,07,000,00,2,1,01,C03
200900004622,0,07,000,00,2,3,01,B02