Num_Acc,senc,catv,occutc,obs,obsm,choc,manv,num_veh
200900004622,0,07,000,00,2,3,17,A01
200900004622,0,07,000,00,2,2,01,D04
200900004623,0,07,000,16,0,9,01,A01
200900004624,0,14,000,00,2,5,16,A01
200900004624,0,01,000,00,2,1,05,B02
200900004625,0,15,000,00,0,4,02,B02
200900004625,0,10,000,01,0,1,02,A01
200900004626,0,07,000,00,2,1,21,A01
200900004626,0,07,000,00,2,1,02,B01
200900004627,0,07,000,00,2,3,01,A01
200900004627,0,07,000,14,2,2,01,B01
200900004628,0,07,000,00,1,1,00,A01
200900004629,0,01,000,00,2,7,01,B01
200900004629,0,07,000,00,2,1,09,A01
200900004630,0,07,000,06,0,1,14,A01
200900004631,0,07,000,00,2,1,21,B01
200900004631,0,07,000,00,2,7,19,A01
200900004632,0,07,000,00,0,4,23,B01
200900004632,0,07,000,00,2,1,21,A01
200900004633,0,02,000,00,2,1,13,A01
200900004633,0,07,000,00,2,1,21,B01
200900004634,0,07,000,08,0,1,01,A01
200900004635,0,07,000,16,0,1,01,A01
200900004636,0,02,000,00,2,1,01,B02
200900004636,0,07,000,00,2,3,15,A01
200900004637,0,07,000,13,0,9,14,A01
200900004638,0,02,000,00,2,3,13,A01
200900004638,0,07,000,00,2,3,01,B02
200900004639,0,33,000,00,2,1,21,A01
200900004639,0,07,000,00,2,4,23,B01
200900004640,0,07,000,02,0,2,01,A01
200900004641,0,33,000,13,0,1,13,A01
200900004642,0,07,000,00,1,4,04,A01
200900004643,0,07,000,00,2,1,01,C03
200900004643,0,07,000,00,2,8,17,A01
200900004643,0,10,000,00,2,6,01,B02
200900004644,0,07,000,13,0,9,13,A01
200900004645,0,07,000,00,2,2,00,A01
200900004645,0,34,000,00,2,1,00,B01
200900004645,0,07,000,00,2,0,00,C01
200900004646,0,07,000,00,2,8,11,A01
200900004646,0,07,000,00,2,0,01,B01
200900004647,0,07,000,00,2,1,01,A01
200900004647,0,07,000,00,2,4,23,B01
200900004648,0,10,000,03,0,1,02,A01
200900004649,0,02,000,00,2,1,17,A01
200900004649,0,07,000,00,2,8,15,B01
200900004650,0,07,000,00,2,8,02,B01
200900004650,0,07,000,00,2,1,09,A01
200900004651,0,30,000,00,2,1,01,A01
200900004651,0,07,000,00,2,7,15,B01
200900004652,0,07,000,00,2,1,15,A01
200900004652,0,33,000,00,2,1,01,B01
200900004653,0,07,000,00,2,3,01,B01
200900004653,0,07,000,00,2,2,01,A01
200900004654,0,07,000,06,0,3,14,A01
200900004655,0,07,000,00,2,3,01,B01
200900004655,0,07,000,00,2,3,01,A01
200900004656,0,10,000,00,2,1,01,B01
200900004656,0,33,000,00,2,1,01,A01
200900004657,0,07,000,02,0,3,01,A01
200900004658,0,33,000,02,2,1,21,A01
200900004659,0,07,000,00,0,7,06,B01
200900004659,0,10,000,00,2,1,01,A01
200900004660,0,07,000,00,2,2,02,A01
200900004660,0,17,000,00,2,6,02,B01
200900004661,0,07,000,00,2,1,01,B01
200900004661,0,07,000,00,0,4,15,A01
200900004662,0,07,000,13,0,1,01,A01
200900004663,0,33,000,12,0,8,19,A01
200900004664,0,07,000,00,2,1,01,B01
200900004664,0,07,000,00,2,1,15,A01
200900004665,0,07,000,00,2,7,15,A01
200900004665,0,07,000,00,0,1,01,B01
200900004666,0,07,000,08,0,2,01,A01
200900004667,0,07,000,12,2,7,19,B01
200900004667,0,07,000,00,2,1,01,A01
200900004668,0,07,000,00,5,1,01,B01
200900004668,0,31,000,00,5,1,01,A01
200900004669,0,07,000,00,2,5,12,A01
200900004669,0,07,000,00,2,3,01,B01
200900004670,0,30,000,15,0,3,01,A01
200900004671,0,32,000,00,2,7,01,A01
200900004671,0,07,000,00,2,1,01,B01
200900004672,0,10,000,08,0,1,01,A01
200900004673,0,33,000,00,2,1,02,A01
200900004673,0,07,000,00,2,6,15,B01
200900004674,0,01,000,00,2,8,01,B01
200900004674,0,07,000,00,2,1,15,A01
200900004675,0,07,000,00,2,5,04,B01
200900004675,0,32,000,00,2,1,17,A01
200900004676,0,07,000,00,1,2,01,A01
200900004677,0,07,000,00,2,7,00,B01
200900004677,0,07,000,00,2,8,15,A01
200900004678,0,07,000,00,2,4,01,C01
200900004678,0,07,000,00,2,1,01,A01
200900004678,0,07,000,00,2,5,01,B01
200900004679,0,07,000,00,2,8,01,B01
200900004679,0,10,000,00,2,1,01,A01
200900004680,0,07,000,03,0,1,01,A01
200900004681,0,07,000,00,1,1,01,A01
200900004682,0,07,000,00,2,1,02,A01
200900004682,0,32,000,00,2,8,01,B01
200900004683,0,07,000,00,2,1,00,B01
200900004683,0,07,000,00,2,1,15,A01
200900004684,0,07,000,04,0,1,14,A01
200900004685,0,07,000,00,2,4,02,B01
200900004685,0,07,000,00,2,1,01,A01
200900004686,0,07,000,00,2,5,00,B01
200900004686,0,07,000,00,2,3,00,A01
200900004687,0,07,000,00,1,2,01,A01
200900004688,0,32,000,00,2,1,01,A01
200900004688,0,07,000,00,2,3,15,B01
200900004689,0,07,000,00,2,1,01,B01
200900004689,0,07,000,00,2,2,15,A01
200900004690,0,07,000,00,2,3,09,A01
200900004690,0,01,000,00,2,7,01,B01
200900004691,0,07,000,00,1,1,00,A01
200900004692,0,07,000,00,1,2,01,A01
200900004693,0,07,000,01,0,2,01,A01
200900004693,0,07,000,00,0,8,24,B01
200900004694,0,07,000,00,2,7,00,A01
200900004694,0,02,000,00,2,1,00,B01
200900004695,0,07,000,00,2,1,01,A01
200900004695,0,07,000,00,2,4,23,B01
200900004696,0,07,000,00,0,0,01,A01
200900004697,0,07,000,00,2,8,00,A01
200900004697,0,30,000,00,2,1,01,B01
200900004698,0,07,000,01,0,2,00,A01
200900004699,0,07,000,01,0,3,01,A01
200900004700,0,07,000,00,2,1,01,A01
200900004700,0,07,000,00,2,3,15,B01
200900004701,0,33,000,12,0,8,01,A01
200900004702,0,07,000,00,2,1,05,A01
200900004702,0,07,000,00,2,1,01,B01
200900004703,0,07,000,00,1,0,01,A01
200900004704,0,07,000,00,2,3,01,B01
200900004704,0,07,000,00,2,9,17,A01
200900004705,0,31,000,00,2,1,02,B01
200900004705,1,07,000,00,2,2,15,A01
200900004706,0,07,000,00,2,3,01,B01
200900004706,0,07,000,00,2,1,01,A01
200900004707,0,07,000,00,2,7,05,A01
200900004707,0,07,000,00,2,1,01,B01
200900004707,0,07,000,00,2,1,01,C01
200900004708,0,07,000,00,1,1,15,A01
200900004709,1,07,000,00,2,0,11,A01
200900004709,0,33,000,00,2,0,03,B01
200900004710,0,07,000,00,1,0,00,A01
200900004711,0,32,000,00,2,1,17,A01
200900004711,0,10,000,00,2,0,15,B01
200900004712,0,07,000,00,2,1,01,A01
200900004712,0,31,000,00,2,4,23,B01
200900004713,0,07,000,00,2,1,01,A01
200900004713,0,07,000,00,2,8,15,B01
200900004714,0,07,000,00,2,8,15,B01
200900004714,0,07,000,00,2,1,01,A01
200900004715,0,32,000,00,2,7,17,A01
200900004715,0,07,000,00,2,3,15,B01
200900004716,0,07,000,00,2,3,16,B01
200900004716,0,32,000,00,2,1,01,A01
200900004716,0,07,000,00,2,5,15,C01
200900004717,0,02,000,00,2,1,01,A01
200900004717,0,07,000,00,2,8,15,B01
200900004718,0,07,000,00,2,4,00,B01
200900004718,0,07,000,00,2,4,00,C01
200900004718,0,07,000,00,2,1,00,A01
200900004719,0,07,000,00,2,5,15,A01
200900004719,0,33,000,00,2,1,02,B01
200900004720,0,33,000,00,2,1,01,A01
200900004720,1,07,000,00,2,1,01,B01
200900004721,0,33,000,00,2,4,01,B01
200900004721,0,07,000,00,2,1,02,A01
200900004722,0,07,000,00,2,3,10,A01
200900004722,0,02,000,00,2,1,01,B01
200900004723,0,07,000,12,0,1,14,A01
200900004724,0,07,000,00,1,1,01,A01
200900004725,0,07,000,14,0,1,01,B01
200900004725,0,07,000,00,1,1,01,A01
200900004726,0,07,000,00,2,1,01,A01
200900004726,0,07,000,00,2,4,01,B01
200900004727,0,17,000,00,0,0,17,B02
200900004727,0,33,000,03,0,7,17,A01
200900004728,0,07,000,00,2,2,15,A01
200900004728,0,07,000,00,2,1,01,B01
200900004729,0,07,000,00,1,1,01,A01
200900004730,1,07,000,00,1,2,01,Z01
200900004731,0,10,000,00,2,3,09,A01
200900004731,0,02,000,00,2,7,01,B01
200900004732,0,01,000,00,2,7,01,B01
200900004732,0,07,000,00,2,2,15,A01
200900004733,0,07,000,09,0,1,01,A01
200900004734,0,30,000,00,2,1,01,A01
200900004734,0,07,000,00,2,8,01,B01
200900004735,0,07,000,07,0,1,01,A01
200900004736,0,07,000,00,2,1,15,A01
200900004736,0,30,000,00,2,1,01,B01
200900004737,0,07,000,00,2,1,01,A01
200900004737,0,02,000,00,2,7,01,B01
200900004738,0,07,000,00,2,2,14,A01
200900004738,0,30,000,00,2,0,01,B01
200900004739,0,07,000,15,0,7,01,A01
200900004740,0,32,000,00,1,1,01,A01
200900004741,0,07,000,00,2,1,15,A01
200900004741,0,02,000,00,2,1,01,B01
200900004742,0,07,000,00,2,0,01,A01
200900004742,0,01,000,00,2,4,01,B01
200900004743,0,07,000,00,1,1,01,A01
200900004744,0,02,000,00,0,0,00,A01
200900004745,0,07,000,01,0,1,01,A01
200900004746,0,07,000,00,1,1,01,A01
200900004747,0,07,000,00,2,3,01,A01
200900004747,0,31,000,00,2,7,01,B01
200900004748,0,02,000,00,2,1,01,B01
200900004748,0,07,000,00,2,0,01,A01
200900004749,0,01,000,00,2,0,01,B01
200900004749,0,07,000,00,2,1,01,A01
200900004750,0,07,000,00,1,2,01,A01
200900004751,0,07,000,00,2,4,01,B01
200900004751,0,07,000,00,2,1,01,A01
200900004752,0,07,000,00,2,5,01,B01
200900004752,0,02,000,00,2,1,01,A01
200900004753,0,07,000,00,2,2,15,A01
200900004753,0,02,000,00,2,1,01,B01
200900004754,0,07,000,12,0,3,01,A01
200900004755,0,07,000,16,0,9,01,A01
200900004756,0,33,000,00,2,1,01,B02
200900004756,0,07,000,00,2,7,15,A01
200900004757,0,07,000,10,0,8,01,A01
200900004758,0,07,000,00,2,1,01,B02
200900004758,0,07,000,00,2,1,11,A01
200900004759,0,30,000,14,0,1,01,A01
200900004760,0,07,000,00,1,2,01,A01
200900004761,0,33,000,00,2,8,17,A01
200900004761,0,07,000,00,2,8,01,C03
200900004761,0,07,000,00,2,3,01,B02
200900004762,0,01,000,00,2,8,01,B02
200900004762,0,07,000,00,2,2,01,A01
200900004763,0,30,000,12,0,0,01,A01
200900004764,0,07,000,00,2,7,13,A01
200900004764,0,07,000,00,2,1,01,B02
200900004765,0,14,000,13,0,7,01,A01
200900004766,0,10,000,00,2,1,01,B02
200900004766,0,07,000,00,2,1,01,C03
200900004766,0,07,000,00,2,5,01,A01
200900004767,0,07,000,00,2,1,01,A01
200900004767,0,07,000,00,2,1,13,B02
200900004768,0,10,000,00,2,1,01,B02
200900004768,0,07,000,00,2,1,13,A01
200900004769,0,07,000,08,0,1,01,A01
200900004770,0,30,000,00,1,3,01,A01
200900004771,0,10,000,00,1,4,20,A01
200900004772,0,31,000,00,2,1,01,A01
200900004772,0,07,000,00,2,3,15,B02
200900004773,0,07,000,00,2,4,23,B01
200900004773,0,07,000,00,2,1,01,A01
200900004774,0,07,000,00,1,1,01,A01
200900004775,0,07,000,00,2,8,15,B01
200900004775,0,02,000,00,2,1,17,A01
200900004776,0,10,000,00,1,1,01,A01
200900004777,0,07,000,00,1,1,15,A01
200900004778,0,07,000,00,1,4,04,A01
200900004779,0,17,000,00,0,0,02,B02
200900004779,0,33,000,00,2,1,02,A01
200900004780,0,07,000,00,2,1,02,A01
200900004780,0,07,000,00,2,4,00,B01
200900004781,0,03,000,12,0,1,14,A01
200900004782,0,10,000,08,0,1,01,A01
200900004783,0,07,000,00,2,3,01,B02
200900004783,0,07,000,00,2,3,01,A01
200900004784,0,33,000,00,2,1,01,A01
200900004784,0,07,000,00,2,7,15,B02
200900004785,0,07,000,00,2,5,15,A01
200900004785,0,33,000,00,2,8,01,B02
200900004786,0,33,000,00,2,1,02,A01
200900004786,0,07,000,00,0,5,02,B02
200900004786,0,07,000,00,0,3,23,C03
200900004787,0,07,000,00,2,3,13,A01
200900004787,0,07,000,00,2,8,01,B02
200900004788,0,07,000,00,0,1,01,A01
200900004789,0,07,000,00,9,3,09,A01
200900004789,0,02,000,00,2,1,00,B02
200900004790,0,14,000,00,1,5,04,A01
200900004791,0,07,000,00,0,1,01,B02
200900004791,0,07,000,00,0,3,01,A01
200900004792,0,07,000,00,2,3,01,B02
200900004792,0,07,000,00,2,3,13,A01
200900004793,0,02,000,00,0,0,16,A01
200900004794,0,07,000,00,2,3,09,A01
200900004794,0,30,000,00,2,5,16,B02
200900004795,0,33,000,13,0,9,01,A01
200900004796,0,31,000,00,2,1,01,B02
200900004796,0,07,000,00,2,3,17,A01
200900004797,0,01,000,00,2,0,01,B01
200900004797,0,10,000,00,2,3,01,A01
200900004798,0,30,000,00,6,1,01,A01
200900004799,0,07,000,00,0,3,19,A01
200900004799,0,07,000,00,2,2,01,B02
200900004800,0,33,000,13,0,1,01,A01
200900004801,0,10,000,00,2,3,13,A01
200900004801,0,30,000,00,2,1,01,B02
200900004802,0,07,000,00,2,1,01,B02
200900004802,0,07,000,00,2,8,19,A01
200900004803,0,14,000,00,0,4,04,A01
200900004803,0,30,000,00,0,1,01,B02
200900004804,0,07,000,00,2,1,13,A01
200900004804,0,07,000,00,2,1,01,B02
200900004805,0,07,000,00,2,2,15,A01
200900004805,0,30,000,00,2,5,15,B01
200900004806,0,10,000,13,2,3,13,B02
200900004806,0,03,000,13,2,3,01,A01
200900004807,0,13,000,00,2,6,15,B02
200900004807,0,10,000,00,2,2,17,A01
200900004808,0,21,000,00,2,2,15,A01
200900004808,0,33,000,00,2,1,01,B02
200900004809,0,32,000,00,0,8,06,A01
200900004809,0,37,000,00,2,1,01,B02
200900004810,0,01,000,00,2,9,09,B01
200900004810,0,07,000,00,9,0,09,A01
200900004811,0,07,000,00,9,8,01,A01
200900004811,0,01,000,00,2,1,01,B01
200900004812,0,07,000,00,1,1,01,A01
200900004813,0,30,000,00,2,8,01,A01
200900004813,0,07,000,00,2,2,01,B01
200900004814,0,02,000,00,1,1,17,A01
200900004815,0,33,000,00,2,1,17,A01
200900004815,0,07,000,00,2,4,01,B01
200900004816,0,01,000,00,2,0,02,B01
200900004816,1,07,000,00,2,0,02,A01
200900004817,0,07,000,00,9,8,09,A01
200900004817,0,02,000,00,2,1,01,B01
200900004818,0,10,000,00,2,3,01,A01
200900004818,0,30,000,00,2,7,01,B01
200900004819,0,02,000,00,2,7,01,B01
200900004819,0,07,000,00,2,3,09,A01
200900004820,0,07,000,00,1,1,01,A01
200900004821,0,07,000,00,2,1,01,A01
200900004821,0,07,000,00,2,3,00,B01
200900004822,0,07,000,00,2,3,01,B01
200900004822,0,30,000,00,2,1,06,A01
200900004823,1,07,000,00,0,0,01,A01
200900004823,0,02,000,00,0,0,01,B01
200900004824,0,07,000,00,2,4,23,B01
200900004824,0,07,000,00,0,4,23,C01
200900004824,0,07,000,00,2,1,01,A01
200900004825,0,33,000,00,2,3,01,B01
200900004825,0,07,000,00,2,3,20,A01
200900004826,0,31,000,00,2,8,01,B01
200900004826,0,07,000,00,2,2,18,A01
200900004827,0,07,000,01,0,0,00,B01
200900004828,0,02,000,08,0,1,13,A01
200900004829,0,07,000,00,2,8,15,B01
200900004829,0,07,000,00,2,8,01,A01
200900004830,0,10,000,02,0,1,16,A01
200900004831,0,07,000,00,2,4,02,C01
200900004831,0,30,000,00,2,4,01,B01
200900004831,0,07,000,00,2,1,01,A01
200900004832,0,07,000,00,2,3,01,A01
200900004832,0,01,000,00,2,2,01,B01
200900004833,0,33,000,00,1,1,01,A01
200900004834,0,07,000,00,2,4,01,A01
200900004835,0,07,000,00,2,1,01,D01
200900004835,0,07,000,00,2,5,01,B01
200900004835,0,07,000,00,2,6,01,C01
200900004835,0,33,000,00,2,1,03,A01
200900004836,1,07,000,00,1,0,00,A01
200900004837,0,07,000,00,2,8,15,A01
200900004837,0,07,000,00,2,8,01,B01
200900004838,0,40,000,00,1,0,01,A01
200900004839,0,30,000,01,0,1,14,A01
200900004840,0,07,000,00,2,4,24,A01
200900004840,0,13,000,01,0,1,01,B01
200900004841,0,07,000,00,2,1,15,A01
200900004841,0,33,000,00,2,1,01,B01
200900004842,0,32,000,00,1,1,01,A01
200900004843,0,07,000,00,1,3,01,A01
200900004844,0,07,000,00,2,2,01,A01
200900004844,0,07,000,00,2,1,01,B01
200900004845,0,07,000,00,2,4,01,B01
200900004845,0,30,000,00,2,1,02,A01
200900004846,0,07,000,00,1,7,01,A01
200900004847,0,33,000,00,2,2,01,B01
200900004847,0,07,000,00,2,3,23,A01
200900004848,0,07,000,00,1,1,01,A01
200900004849,0,07,000,00,2,2,15,A01
200900004849,0,02,000,00,2,1,01,B01
200900004850,0,07,000,00,1,1,00,A01
200900004851,0,10,000,00,2,2,15,A01
200900004851,0,33,000,00,2,1,00,B01
200900004852,0,07,000,00,2,2,20,A01
200900004852,0,33,000,00,2,1,01,B01
200900004853,0,07,000,16,0,1,16,A01
200900004854,0,07,000,00,1,1,01,A01
200900004855,0,15,000,00,2,1,01,A01
200900004855,0,07,000,00,2,7,19,B02
200900004856,0,37,058,00,1,5,16,A01
200900004857,0,02,000,00,2,1,01,A01
200900004857,0,07,000,00,2,2,01,B01
200900004858,0,02,000,15,0,1,01,A01
200900004859,0,10,000,00,2,1,01,B02
200900004859,0,07,000,00,2,8,19,A01
200900004860,0,07,000,00,2,1,01,B02
200900004860,0,07,000,00,2,1,13,A01
200900004861,0,07,000,00,2,1,01,A01
200900004861,0,07,000,00,2,3,01,B02
200900004862,0,02,000,06,,1,19,A01
200900004863,0,07,000,00,1,1,01,A01
200900004864,0,07,000,00,2,3,13,A01
200900004864,0,07,000,00,2,3,01,B02
200900004865,0,07,000,00,1,1,01,A01
200900004866,0,30,000,16,0,0,14,A01
200900004867,0,33,000,00,0,1,14,A01
200900004868,0,01,000,00,2,4,23,B02
200900004868,0,07,000,00,1,2,14,A01
200900004869,0,07,000,00,0,9,00,A01
200900004870,0,07,000,00,2,7,01,A01
200900004870,0,07,000,00,2,1,01,B02
200900004871,0,07,000,00,2,2,01,A01
200900004871,0,01,000,00,2,1,15,B02
200900004872,0,10,000,08,0,2,01,A01
200900004873,0,07,000,13,0,1,01,A01
200900004874,0,07,000,00,2,2,17,A01
200900004874,0,21,000,00,2,8,15,B02
200900004875,0,03,000,00,2,3,13,A01
200900004875,0,17,000,00,2,3,01,B02
200900004876,0,07,000,15,0,2,01,A01
200900004877,0,02,000,00,2,2,01,B01
200900004877,0,07,000,00,2,3,01,A01
200900004878,0,07,000,00,2,1,01,B01
200900004878,0,07,000,00,2,1,15,A01
200900004879,0,07,000,02,0,1,01,A01
200900004880,0,01,000,00,2,8,01,B01
200900004880,0,07,000,00,2,2,01,A01
200900004881,0,07,000,00,2,4,04,A01
200900004881,0,30,000,00,2,1,01,B01
200900004882,0,30,000,12,0,7,01,A01
200900004883,0,01,000,00,2,4,00,B01
200900004883,0,07,000,00,2,3,01,A01
200900004884,0,33,000,00,2,2,01,B01
200900004884,0,07,000,00,2,3,15,A01
200900004885,0,30,000,00,1,1,01,A01
200900004886,0,07,000,00,2,8,15,A01
200900004886,0,31,000,00,2,1,01,B01
200900004887,0,30,000,00,1,1,01,A01
200900004888,0,02,000,00,2,7,01,B01
200900004888,0,07,000,00,2,3,15,A01
200900004889,0,02,000,00,2,8,01,A01
200900004889,0,07,000,00,2,8,01,B01
200900004890,0,07,000,08,0,1,01,A01
200900004891,0,07,000,00,2,1,01,A01
200900004891,0,07,000,00,2,2,15,B01
200900004892,0,07,000,00,2,8,01,B01
200900004892,0,07,000,00,2,8,15,A01
200900004893,0,07,000,14,0,1,01,A01
200900004893,0,32,000,00,2,4,23,B01
200900004894,0,07,000,00,1,1,01,A01
200900004895,0,33,000,00,2,1,01,A01
200900004895,0,07,000,00,2,3,01,B01
200900004896,0,07,000,00,2,5,23,B01
200900004896,0,07,000,00,2,1,02,A01
200900004897,0,07,000,00,2,4,23,B01
200900004897,0,30,000,14,2,1,01,A01
200900004898,0,30,000,00,1,1,17,A01
200900004899,0,07,000,03,0,1,01,A01
200900004900,0,07,000,00,2,1,01,A01
200900004900,0,01,000,00,2,2,01,B01
200900004901,0,33,000,00,2,1,17,A01
200900004901,0,07,000,00,2,8,15,B01
200900004902,0,30,000,00,1,1,01,A01
200900004903,0,30,000,00,2,1,13,A01
200900004903,0,07,000,00,2,3,01,B02
200900004904,0,33,000,03,0,1,01,A01
200900004905,0,07,000,00,1,1,01,A01
200900004906,0,07,000,00,2,1,02,A01
200900004906,0,07,000,00,2,4,01,B01
200900004907,0,07,000,00,1,1,09,A01
200900004908,0,07,000,00,2,8,11,A01
200900004908,0,02,000,00,2,1,01,B01
200900004909,0,10,000,00,1,1,00,A01
200900004910,0,07,000,13,0,2,01,A01
200900004911,0,07,000,00,1,1,09,A01
200900004912,0,02,000,00,2,1,01,B01
200900004912,0,07,000,00,2,3,15,A01
200900004913,0,07,000,00,2,1,01,B01
200900004913,0,30,000,00,5,1,01,A01
200900004914,0,07,000,03,2,8,01,C01
200900004914,0,07,000,03,2,1,01,D01
200900004914,0,07,000,03,0,9,01,A01
200900004914,0,07,000,03,0,9,01,B01
200900004915,0,07,000,00,2,1,09,A01
200900004915,0,07,000,09,2,1,01,B01
200900004916,0,07,000,00,1,1,01,A01
200900004917,0,07,000,00,1,1,01,A01
200900004918,0,07,000,00,2,5,15,A01
200900004918,0,02,000,00,2,1,01,B01
200900004919,0,07,000,00,2,1,01,A01
200900004919,0,07,000,00,2,4,02,B01
200900004920,0,01,000,00,2,4,01,B01
200900004920,1,07,000,00,2,0,00,Z01
200900004921,0,07,000,00,2,2,11,A01
200900004921,0,02,000,00,2,8,01,B01
200900004922,0,07,000,12,2,2,13,A01
200900004922,0,07,000,00,2,3,01,B01
200900004923,0,07,000,00,2,3,19,A01
200900004923,0,31,000,00,2,1,01,B01
200900004924,0,07,000,16,0,9,14,A01
200900004925,0,07,000,01,0,1,01,A01
200900004926,0,07,000,00,2,6,01,E05
200900004926,0,07,000,00,2,2,01,G07
200900004926,0,07,000,00,2,4,01,C03
200900004926,0,07,000,00,2,8,01,J10
200900004926,0,10,000,00,2,4,01,N14
200900004926,0,07,000,00,2,1,01,A01
200900004926,0,07,000,00,2,3,01,O15
200900004926,0,07,000,00,2,4,01,B02
200900004926,0,07,000,00,2,8,01,P16
200900004926,0,07,000,00,2,1,01,H08
200900004926,0,07,000,00,2,1,01,M13
200900004926,0,07,000,00,2,1,01,F06
200900004926,0,07,000,00,2,2,01,K11
200900004926,0,10,000,00,2,1,01,D04
200900004926,0,07,000,00,2,1,01,L12
200900004926,0,07,000,00,2,4,01,I09
200900004927,0,07,000,00,2,7,10,A01
200900004927,0,07,000,00,2,1,01,B02
200900004928,0,07,000,00,2,4,17,A01
200900004928,0,07,000,00,2,1,01,B02
200900004929,0,10,000,02,0,1,19,A01
200900004930,0,07,000,02,0,3,13,A01
200900004931,0,07,000,00,2,3,01,A01
200900004931,0,07,000,00,2,3,01,B02
200900004932,0,07,000,00,2,3,01,C03
200900004932,0,14,000,00,2,3,01,B02
200900004932,0,07,000,00,2,3,01,A01
200900004933,0,07,000,16,0,9,01,A01
200900004934,0,07,000,08,0,3,14,A01
200900004935,0,01,000,00,0,4,13,B02
200900004935,0,07,000,00,2,2,17,A01
200900004936,0,10,000,13,2,0,13,A01
200900004936,0,07,000,00,2,3,01,B02
200900004937,0,07,000,13,0,1,01,A01
200900004938,0,07,000,01,2,7,01,A01
200900004938,0,07,000,00,2,1,01,B01
200900004939,0,07,000,00,2,3,09,A01
200900004939,0,02,000,00,2,1,01,B01
200900004940,0,07,000,13,0,3,13,A01
200900004941,0,07,000,00,2,2,15,A01
200900004941,0,07,000,00,2,1,01,B01
200900004942,0,07,000,00,0,4,23,B01
200900004942,0,07,000,14,0,1,02,A01
200900004943,0,33,000,01,1,1,01,A01
200900004944,0,07,000,00,2,2,01,A01
200900004944,0,03,000,00,2,3,01,B01
200900004945,0,07,000,02,0,2,14,A01
200900004946,0,07,000,00,1,3,01,A01
200900004947,0,07,000,00,0,4,01,C01
200900004947,0,07,000,00,2,1,01,A01
200900004947,0,07,000,00,2,1,01,B01
200900004948,0,30,000,00,2,1,02,A01
200900004948,0,07,000,00,0,5,15,B01
200900004949,0,01,000,00,0,1,01,B01
200900004949,0,07,000,00,2,3,09,A01
200900004950,0,07,000,00,1,1,15,A01
200900004951,0,07,000,00,2,7,19,A01
200900004951,0,07,000,00,2,6,01,B01
200900004952,0,10,000,13,0,3,13,A01
200900004953,0,07,000,00,9,2,01,B01
200900004953,0,01,000,00,2,8,15,A01
200900004954,0,07,000,02,0,5,01,A01
200900004955,0,07,000,00,1,1,00,A01
200900004956,0,07,000,13,0,9,01,A01
200900004957,0,30,000,00,2,1,02,A01
200900004957,0,07,000,00,0,6,02,B01
200900004958,0,10,000,13,0,1,11,A01
200900004959,0,07,000,13,2,6,21,A01
200900004959,0,17,000,00,2,7,21,B01
200900004960,0,14,000,00,2,1,01,B01
200900004960,0,07,000,00,2,7,13,A01
200900004961,0,07,000,13,0,1,01,A01
200900004962,0,10,000,10,0,2,01,A01
200900004963,0,07,000,00,2,2,15,A01
200900004963,0,07,000,00,2,3,01,B01
200900004964,0,07,000,02,0,5,00,A01
200900004965,0,33,000,00,2,1,17,B01
200900004965,0,07,000,00,0,8,15,A01
200900004966,0,07,000,00,2,3,01,A01
200900004966,0,10,000,00,2,1,01,B01
200900004967,0,33,000,00,2,1,02,A01
200900004967,0,07,000,00,2,4,02,B01
200900004968,0,01,000,00,9,4,01,B01
200900004968,0,07,000,00,2,0,01,A01
200900004969,0,30,000,00,2,1,02,A01
200900004969,0,07,000,00,0,4,02,B01
200900004970,0,07,000,00,2,3,15,A01
200900004970,0,30,000,00,2,1,02,B01
200900004971,1,01,000,00,2,1,01,B01
200900004971,0,07,000,00,2,3,19,A01
200900004972,0,07,000,00,2,1,00,A01
200900004972,0,07,000,00,2,2,00,B01
200900004973,0,31,000,00,0,0,21,B01
200900004973,0,07,000,00,9,0,00,A01
200900004974,0,07,000,00,0,4,02,C01
200900004974,0,07,000,00,2,1,02,A01
200900004974,0,07,000,00,2,4,02,B01
200900004975,1,31,000,00,2,0,00,B01
200900004975,1,07,000,00,0,0,00,Z01
200900004976,0,07,000,00,2,8,10,A01
200900004976,0,07,000,00,2,1,02,B01
200900004977,0,07,000,00,2,4,02,C01
200900004977,0,07,000,00,2,4,02,B01
200900004977,0,07,000,00,2,1,02,A01
200900004978,0,10,000,00,1,1,02,A01
200900004979,0,07,000,00,2,3,03,A01
200900004979,0,07,000,00,2,3,01,B01
200900004980,0,07,000,00,1,4,04,A01
200900004981,0,33,000,00,2,1,02,B01
200900004981,0,07,000,00,2,3,09,A01
200900004982,0,07,000,00,2,3,01,B01
200900004982,0,07,000,00,2,3,13,A01
200900004983,0,07,000,00,2,7,13,A01
200900004983,0,07,000,00,2,1,01,B02
200900004984,0,10,000,00,2,1,01,B02
200900004984,0,07,000,00,2,1,13,A01
200900004985,0,07,000,00,2,2,01,A01
200900004985,0,02,000,00,2,1,15,B02
200900004986,0,07,000,04,0,2,01,A01
200900004987,0,07,000,00,1,1,01,A01
200900004988,0,02,000,00,2,7,15,A01
200900004988,0,10,000,00,2,3,15,B01
200900004989,0,07,000,00,2,6,01,A01
200900004989,0,07,000,00,2,1,01,B01
200900004990,0,07,000,00,2,1,13,C01