Num_Acc,senc,catv,occutc,obs,obsm,choc,manv,num_veh
200900008750,0,33,000,00,2,6,14,B01
200900008751,0,07,000,00,1,1,16,A01
200900008752,0,30,000,00,2,2,01,B01
200900008752,0,07,000,00,2,6,11,A01
200900008753,0,33,000,01,0,5,21,A01
200900008754,0,07,000,00,2,2,02,B01
200900008754,0,33,000,00,2,6,03,C01
200900008754,0,33,000,00,2,9,02,A01
200900008755,0,13,000,06,0,0,01,A01
200900008756,0,07,000,00,2,5,01,C01
200900008756,0,34,000,00,2,4,03,B01
200900008756,0,33,000,00,2,1,03,A01
200900008757,0,07,000,00,2,2,15,A01
200900008757,0,01,000,00,2,1,01,B01
200900008758,0,33,000,00,0,8,02,A01
200900008759,0,01,000,00,0,0,01,A01
200900008760,0,32,000,00,2,1,12,A01
200900008760,0,32,000,00,2,4,03,B01
200900008761,0,02,000,00,2,1,02,A01
200900008761,0,07,000,00,2,4,23,B01
200900008762,0,07,000,00,2,1,02,A01
200900008762,0,33,000,00,2,4,23,B01
200900008763,0,32,000,00,2,3,01,B01
200900008763,0,03,000,00,2,7,01,A01
200900008764,0,01,000,00,2,1,01,A01
200900008764,0,07,000,00,2,6,16,B01
200900008765,0,32,000,00,9,2,01,A01
200900008766,0,33,000,00,0,7,16,A01
200900008767,0,10,000,00,2,5,23,B01
200900008767,0,02,000,00,2,3,02,A01
200900008768,0,07,000,00,2,8,02,B01
200900008768,0,32,000,00,2,7,02,A01
200900008769,0,07,000,00,2,4,02,B01
200900008769,0,07,000,00,2,2,12,A01
200900008769,0,10,000,00,2,5,02,C01
200900008770,0,07,000,00,1,0,01,A01
200900008771,1,30,000,00,1,1,07,Z01
200900008772,0,30,000,00,2,1,02,A01
200900008772,0,07,000,00,2,5,23,B01
200900008773,0,07,000,04,2,6,01,B01
200900008773,0,17,000,00,2,2,12,A01
200900008774,0,10,000,00,2,7,12,B01
200900008774,0,32,000,00,2,3,03,A01
200900008775,0,07,000,00,2,7,12,A01
200900008775,0,32,000,00,2,8,03,B01
200900008776,0,07,000,00,2,6,02,B01
200900008776,0,07,000,00,2,1,02,A01
200900008777,0,07,000,00,2,0,01,A01
200900008777,0,01,000,00,2,8,15,B01
200900008778,0,07,000,00,2,2,02,A01
200900008778,0,32,000,00,2,4,02,B01
200900008779,1,07,000,08,2,9,01,Z01
200900008779,0,07,000,00,2,1,15,A01
200900008780,0,38,001,00,2,2,02,A01
200900008780,0,07,000,00,2,5,23,B01
200900008781,1,07,000,00,2,1,02,Z01
200900008781,0,07,000,00,2,1,02,A01
200900008782,2,36,000,06,0,2,14,Z01
200900008783,0,01,000,00,2,1,19,B01
200900008783,0,02,000,08,2,1,07,A01
200900008784,0,07,000,00,2,2,15,B01
200900008784,0,33,000,00,2,7,01,A01
200900008785,0,07,000,00,2,6,22,A01
200900008785,0,32,000,00,2,2,01,B01
200900008786,0,07,000,00,2,6,01,B01
200900008786,0,31,000,00,2,6,01,A01
200900008787,0,07,000,00,2,7,01,A01
200900008787,0,31,000,00,2,1,01,B01
200900008788,0,07,000,00,2,4,02,B01
200900008788,0,07,000,00,2,1,02,A01
200900008789,0,31,000,01,0,1,18,A01
200900008790,0,01,000,00,2,4,11,B01
200900008790,0,32,000,00,2,1,01,A01
200900008791,0,32,000,00,2,8,01,A01
200900008791,0,07,000,00,2,8,15,B01
200900008792,0,01,000,00,2,1,01,B01
200900008792,0,07,000,00,2,3,22,A01
200900008793,0,33,000,00,2,7,01,B01
200900008793,0,07,000,00,2,3,15,A01
200900008794,0,07,000,00,2,3,16,B01
200900008794,0,10,000,00,2,2,01,A01
200900008795,0,34,000,00,2,3,07,B01
200900008795,0,07,000,00,2,3,15,A01
200900008796,0,30,000,00,0,0,01,A01
200900008797,0,31,000,00,1,1,02,A01
200900008798,0,34,000,00,2,1,01,A01
200900008798,0,07,000,00,2,6,01,B01
200900008799,0,07,000,00,2,8,09,A01
200900008799,0,32,000,00,2,1,01,B01
200900008800,0,07,000,00,1,2,01,A01
200900008801,0,07,000,00,2,2,01,A01
200900008801,0,32,000,00,2,1,01,B01
200900008802,0,07,000,00,1,0,16,A01
200900008803,0,32,000,00,0,0,21,A01
200900008804,0,33,000,00,1,1,01,A01
200900008805,0,37,010,15,1,5,14,A01
200900008806,0,07,000,00,2,6,11,A01
200900008806,0,33,000,00,2,2,01,B01
200900008807,0,10,000,00,2,6,02,B01
200900008807,0,34,000,00,2,1,02,A01
200900008808,0,30,000,00,0,0,21,A01
200900008809,0,07,000,00,2,1,09,A01
200900008809,0,07,000,00,2,4,01,C01
200900008809,0,30,000,00,2,1,17,B01
200900008810,0,33,000,00,1,1,01,A01
200900008811,0,32,000,00,0,0,21,A01
200900008812,0,13,000,00,2,3,15,B01
200900008812,0,07,000,00,2,2,01,A01
200900008813,0,33,000,00,2,6,14,A01
200900008813,0,07,000,00,2,6,23,B01
200900008813,0,07,000,00,2,7,23,C01
200900008814,0,07,000,00,2,7,15,A01
200900008814,0,01,000,00,2,1,01,B01
200900008815,0,32,000,14,2,3,01,A01
200900008815,1,07,000,00,2,2,12,Z01
200900008816,0,33,000,00,1,1,17,A01
200900008817,0,33,000,00,2,1,17,B01
200900008817,0,07,000,00,2,3,10,A01
200900008818,0,07,000,00,2,2,15,B01
200900008818,0,32,000,00,2,1,07,A01
200900008819,0,30,000,00,2,2,17,A01
200900008819,0,07,000,00,2,8,15,B01
200900008820,0,33,000,00,2,8,15,B01
200900008820,0,30,000,00,2,1,17,A01
200900008821,1,07,000,00,2,0,13,Z01
200900008821,0,01,000,01,2,7,01,A01
200900008822,2,07,000,07,9,1,13,A01
200900008823,0,07,000,04,2,6,18,A01
200900008823,0,17,000,00,2,2,01,B01
200900008824,0,07,000,15,2,1,13,A01
200900008824,0,07,000,00,2,5,01,B01
200900008825,0,02,000,00,0,0,01,A01
200900008826,0,02,000,00,0,0,01,A01
200900008827,0,33,000,00,0,7,01,A01
200900008828,0,32,000,00,2,0,01,B01
200900008828,0,34,000,00,2,0,01,A01
200900008829,0,33,000,00,2,1,01,B01
200900008829,0,07,000,00,2,6,09,A01
200900008830,0,07,000,00,1,3,16,A01
200900008831,0,07,000,00,2,4,23,B01
200900008831,0,38,046,00,2,1,02,A01
200900008832,0,07,000,00,1,3,15,A01
200900008833,0,07,000,00,2,7,16,A01
200900008833,0,30,000,00,2,1,07,B01
200900008834,0,07,000,00,2,1,02,A01
200900008834,0,07,000,00,2,0,23,B01
200900008835,0,32,000,00,2,1,01,B01
200900008835,0,01,000,00,2,7,01,A01
200900008836,0,31,000,00,2,1,01,B01
200900008836,0,07,000,00,2,5,15,A01
200900008837,0,07,000,00,2,1,01,B01
200900008837,0,33,000,00,2,1,01,A01
200900008838,0,30,000,00,2,1,01,A01
200900008838,0,07,000,00,2,3,01,B01
200900008839,0,02,000,01,2,1,18,A01
200900008839,0,07,000,00,2,2,22,B01
200900008840,0,07,000,08,0,3,16,A01
200900008841,0,34,000,00,0,7,07,A01
200900008842,0,30,000,00,0,0,01,A01
200900008843,0,07,000,00,2,3,01,A01
200900008843,0,07,000,00,2,7,09,B01
200900008844,0,34,000,14,0,1,13,A01
200900008845,0,07,000,04,2,3,13,A01
200900008845,0,07,000,04,2,5,01,B01
200900008846,0,07,000,00,2,5,01,B01
200900008846,0,02,000,00,2,3,11,A01
200900008847,0,07,000,00,2,2,01,B01
200900008847,0,07,000,00,2,1,01,A01
200900008848,1,07,000,00,2,2,12,Z01
200900008848,0,32,000,00,2,6,01,A01
200900008849,0,07,000,00,1,4,04,A01
200900008850,0,07,000,00,2,4,02,A01
200900008850,1,10,000,00,2,1,02,Z01
200900008851,0,07,000,00,2,6,11,B01
200900008851,0,32,000,00,2,7,12,A01
200900008852,0,07,000,00,2,2,10,A01
200900008852,0,32,000,00,2,6,02,B01
200900008853,1,30,000,00,1,0,01,Z01
200900008854,0,10,000,00,2,7,16,A01
200900008854,0,32,000,00,2,1,18,B01
200900008855,0,30,000,00,2,1,02,B01
200900008855,0,07,000,00,2,6,10,A01
200900008856,0,33,000,00,1,3,01,A01
200900008857,0,02,000,00,2,3,01,A01
200900008857,1,07,000,00,2,7,12,Z01
200900008858,0,32,000,01,5,1,01,A01
200900008859,0,07,000,01,0,1,01,A01
200900008860,1,10,000,00,2,0,13,Z01
200900008860,0,33,000,01,2,1,01,A01
200900008861,0,01,000,14,0,1,12,A01
200900008862,0,07,000,00,2,1,13,A01
200900008862,0,07,000,00,2,1,23,B01
200900008863,0,10,000,00,2,8,01,B01
200900008863,0,10,000,00,2,2,16,A01
200900008864,0,33,000,00,2,1,02,A01
200900008864,0,07,000,00,2,5,23,B01
200900008865,0,31,000,00,2,1,02,B01
200900008865,0,07,000,00,2,8,10,A01
200900008866,0,07,000,00,2,3,16,B01
200900008866,0,01,000,00,2,1,01,A01
200900008867,0,07,000,00,2,2,01,B01
200900008867,0,32,000,00,2,8,11,A01
200900008868,0,33,000,00,2,8,03,A01
200900008868,0,07,000,00,2,7,01,B01
200900008869,0,07,000,00,1,2,15,A01
200900008870,0,07,000,00,2,7,16,B01
200900008870,0,02,000,00,2,1,18,A01
200900008871,0,07,000,00,2,3,22,A01
200900008871,0,01,000,00,2,1,01,B01
200900008872,0,07,000,00,2,1,01,A01
200900008872,0,01,000,00,2,7,01,B01
200900008873,0,30,000,00,1,1,01,A01
200900008874,0,07,000,00,1,3,01,A01
200900008875,0,07,000,00,1,1,01,A01
200900008876,0,32,000,00,1,1,17,A01
200900008877,0,07,000,00,2,4,02,C01
200900008877,0,13,000,00,2,4,02,A01
200900008877,0,07,000,00,2,9,02,B01
200900008878,0,30,000,00,2,1,09,A01
200900008878,0,07,000,00,2,2,01,B01
200900008879,0,33,000,00,2,3,03,A01
200900008879,0,07,000,00,2,5,12,B01
200900008880,0,07,000,00,2,1,15,A01
200900008880,0,01,000,00,2,1,01,B01
200900008881,0,01,000,00,2,0,01,B01
200900008881,0,07,000,00,2,7,22,A01
200900008882,0,07,000,00,2,1,02,A01
200900008882,0,07,000,00,2,1,02,B01
200900008883,0,07,000,00,1,2,01,A01
200900008884,0,07,000,00,2,4,12,B01
200900008884,0,33,000,00,2,1,03,A01
200900008885,0,33,000,00,2,8,18,A01
200900008885,0,10,000,00,2,2,16,B01
200900008886,0,30,000,00,2,2,07,B01
200900008886,0,07,000,00,2,7,22,A01
200900008887,0,07,000,00,2,1,01,A01
200900008887,0,01,000,00,2,8,19,B01
200900008888,0,07,000,00,2,4,04,A01
200900008888,0,32,000,00,2,8,01,B01
200900008889,0,10,000,00,2,7,12,A01
200900008889,0,32,000,00,2,8,03,B01
200900008890,0,07,000,00,2,3,13,A01
200900008890,0,30,000,00,2,5,17,B01
200900008891,0,07,000,00,2,2,15,A01
200900008891,0,30,000,00,2,1,01,B01
200900008892,0,07,000,00,1,7,01,A01
200900008893,0,07,000,00,2,1,01,B01
200900008893,0,07,000,01,2,2,01,A01
200900008894,0,07,000,00,2,3,09,B01
200900008894,0,30,000,00,2,2,01,A01
200900008895,0,32,000,00,2,2,17,B01
200900008895,0,07,000,00,2,8,15,A01
200900008896,0,10,000,00,1,1,01,A01
200900008897,0,07,000,00,2,3,01,B01
200900008897,0,30,000,00,2,2,01,A01
200900008898,0,33,000,00,2,7,01,A01
200900008898,0,07,000,00,2,8,15,B01
200900008899,0,30,000,00,0,7,01,A01
200900008900,0,10,000,00,1,3,15,A01
200900008901,0,32,000,00,1,1,01,A01
200900008902,0,02,000,00,0,7,15,A01
200900008903,0,30,000,00,0,8,01,A01
200900008904,0,02,000,12,0,2,14,A01
200900008905,0,07,000,00,2,6,15,A01
200900008905,0,32,000,00,2,1,17,B01
200900008906,0,07,000,00,2,8,01,A01
200900008906,1,14,000,00,2,2,12,Z01
200900008907,0,32,000,00,2,7,14,A01
200900008907,0,10,000,00,2,8,01,B01
200900008908,0,07,000,00,2,1,02,A01
200900008908,0,07,000,00,2,4,23,B01
200900008909,0,32,000,00,2,1,02,A01
200900008909,0,07,000,00,2,4,02,B01
200900008910,0,32,000,00,1,1,01,A01
200900008911,0,07,000,00,1,3,01,A01
200900008912,0,02,000,12,0,2,14,A01
200900008913,0,07,000,00,2,3,15,B01
200900008913,0,30,000,00,2,2,17,A01
200900008914,0,30,000,00,2,3,10,A01
200900008914,0,33,000,00,2,2,01,B01
200900008915,0,07,000,03,0,1,12,A01
200900008916,0,07,000,00,2,5,15,A01
200900008916,0,33,000,00,2,3,01,B01
200900008917,0,30,000,00,0,7,01,A01
200900008918,0,01,000,00,0,3,21,A01
200900008919,0,10,000,00,1,4,01,A01
200900008920,0,01,000,00,2,2,01,B01
200900008920,0,07,000,00,2,2,01,C01
200900008920,0,13,000,00,2,8,22,A01
200900008921,0,07,000,00,2,4,23,B01
200900008921,0,07,000,00,2,4,02,A01
200900008922,0,01,000,00,2,1,14,B01
200900008922,0,07,000,00,2,3,24,A01
200900008923,1,07,000,00,1,1,15,Z01
200900008924,0,37,030,00,1,2,15,A01
200900008925,0,07,000,00,2,4,23,C01
200900008925,0,07,000,00,2,1,02,A01
200900008925,0,07,000,00,2,4,23,B01
200900008926,0,31,000,00,0,4,01,A01
200900008927,0,07,000,00,2,3,11,A01
200900008927,0,33,000,00,2,7,01,B01
200900008928,0,30,000,00,2,1,01,A01
200900008928,0,07,000,00,2,8,15,B01
200900008929,0,32,000,00,2,1,18,A01
200900008929,0,13,000,00,2,5,01,B01
200900008930,0,07,000,00,2,3,23,B01
200900008930,0,30,000,00,2,3,02,A01
200900008931,0,10,000,00,2,1,02,A01
200900008931,0,07,000,00,2,9,23,B01
200900008931,0,38,001,00,2,4,23,C01
200900008932,0,07,000,00,2,1,01,A01
200900008932,0,33,000,00,2,8,01,B01
200900008933,0,07,000,00,2,8,11,A01
200900008933,0,32,000,00,2,1,01,B01
200900008934,0,07,000,00,1,4,04,A01
200900008935,0,07,000,00,2,3,11,A01
200900008935,0,33,000,00,2,7,01,B01
200900008936,0,30,000,01,0,8,13,A01
200900008937,0,07,000,00,2,2,12,A01
200900008937,0,33,000,00,2,8,03,B01
200900008938,0,07,000,00,1,6,20,A01
200900008939,0,07,000,00,2,3,09,B01
200900008939,0,32,000,00,2,9,01,A01
200900008940,0,32,000,14,0,2,13,A01
200900008941,0,07,000,00,2,8,11,A01
200900008941,0,33,000,00,2,1,01,B01
200900008942,0,07,000,00,2,3,15,A01
200900008942,0,02,000,00,2,1,01,B01
200900008943,0,07,000,00,1,3,01,A01
200900008944,0,01,000,00,2,1,02,A01
200900008944,0,07,000,00,2,0,23,B01
200900008945,0,10,000,00,2,4,01,C01
200900008945,0,31,000,00,2,8,13,A01
200900008945,0,07,000,00,2,7,01,B01
200900008946,0,07,000,00,2,7,12,A01
200900008946,0,33,000,00,2,3,03,B01
200900008947,0,02,000,12,0,2,14,A01
200900008948,0,10,000,00,2,0,13,A01
200900008948,0,32,000,00,2,0,17,B01
200900008949,0,07,000,00,2,3,22,A01
200900008949,0,01,000,00,2,1,01,B01
200900008950,0,32,000,00,1,1,01,A01
200900008951,0,07,000,00,2,2,14,A01
200900008951,0,32,000,00,2,8,01,B01
200900008952,0,33,000,00,1,1,01,A01
200900008953,0,31,000,00,1,0,02,A01
200900008954,0,30,000,00,2,1,02,A01
200900008954,0,07,000,00,2,4,02,B01
200900008955,0,30,000,00,0,8,01,A01
200900008956,0,34,000,00,2,3,02,B01
200900008956,0,10,000,00,2,2,02,A01
200900008957,0,07,000,00,0,0,11,A01
200900008957,0,31,000,00,0,0,21,B01
200900008958,0,07,000,00,0,4,23,B01
200900008958,0,32,000,00,0,1,02,A01
200900008959,0,07,000,04,0,7,01,A01
200900008960,0,07,000,00,1,4,04,A01
200900008961,0,07,000,09,0,1,02,A01
200900008962,0,33,000,00,2,3,03,B01
200900008962,0,10,000,00,2,5,12,A01
200900008963,0,07,000,00,1,0,01,A01
200900008964,0,10,000,00,1,1,01,A01
200900008965,0,34,000,00,1,2,01,A01
200900008966,0,32,000,00,2,3,03,B01
200900008966,0,07,000,00,2,5,12,A01
200900008967,0,01,000,00,0,0,00,A01
200900008968,0,07,000,00,1,6,01,A01
200900008969,0,31,000,00,0,2,01,A01
200900008970,0,07,000,00,2,1,01,B01
200900008970,0,07,000,00,2,1,01,A01
200900008971,0,07,000,00,2,2,21,C01
200900008971,0,07,000,00,2,8,15,B01
200900008971,0,07,000,00,2,3,05,A01
200900008972,0,01,000,00,0,1,19,B01
200900008972,0,07,000,00,0,5,12,A01
200900008973,0,10,000,00,1,3,09,A01
200900008974,0,07,000,00,2,7,10,A01
200900008974,0,31,000,00,2,1,01,B01
200900008975,0,07,000,00,0,3,11,A01
200900008975,0,31,000,00,0,7,11,B01
200900008976,0,17,000,00,2,2,12,A01
200900008976,0,07,000,00,0,3,01,B01
200900008977,0,07,000,00,0,7,01,A01
200900008977,0,01,000,00,2,8,01,B01
200900008978,0,01,000,00,2,8,00,A01
200900008978,0,07,000,00,0,5,02,B01
200900008979,0,30,000,00,1,5,13,A01
200900008980,0,07,000,00,2,3,15,B01
200900008980,0,32,000,00,2,2,02,A01
200900008981,0,07,000,00,2,3,11,A01
200900008981,0,33,000,00,2,2,02,B01
200900008982,0,07,000,00,2,1,15,A01
200900008982,0,07,000,00,2,8,02,B01
200900008983,1,07,000,00,0,2,02,B01
200900008983,0,01,000,00,0,3,15,A01
200900008984,0,30,000,01,0,2,01,A01
200900008985,0,07,000,00,2,1,00,B01
200900008985,0,02,000,00,2,3,00,A01
200900008986,1,34,000,00,0,0,00,Z01
200900008987,0,02,000,00,0,1,01,A01
200900008987,0,33,000,00,0,1,01,B01
200900008988,0,07,000,00,2,4,00,C01
200900008988,0,07,000,00,2,9,00,B01
200900008988,0,07,000,00,2,1,02,A01
200900008989,0,07,000,00,0,6,15,B01
200900008989,0,30,000,00,2,2,02,A01
200900008990,0,33,000,00,1,1,01,A01
200900008991,0,07,000,00,9,3,11,A01
200900008991,0,31,000,00,0,5,21,B01
200900008992,2,07,000,00,2,1,02,Z01
200900008992,0,07,000,00,2,4,01,B01
200900008992,0,07,000,00,2,4,01,C01
200900008993,0,30,000,00,2,7,01,A01
200900008993,0,14,000,00,2,6,01,B01
200900008994,0,30,000,14,0,8,01,A01
200900008995,0,32,000,00,2,1,01,B01
200900008995,0,07,000,00,2,7,01,A01
200900008996,0,31,000,00,0,3,00,B01
200900008996,0,07,000,00,2,5,12,A01
200900008997,1,07,000,00,1,1,01,A01
200900008998,0,07,000,00,2,3,15,A01
200900008998,0,32,000,00,2,3,01,B01
200900008999,0,32,000,00,1,1,17,A01
200900009000,0,32,000,07,0,7,02,A01
200900009001,0,02,000,00,0,7,00,A01
200900009002,0,32,000,00,2,1,01,A01
200900009002,0,07,000,00,2,3,01,B01
200900009003,0,07,000,04,0,2,00,B01
200900009003,0,07,000,04,0,6,00,C01
200900009003,0,07,000,04,2,6,11,A01
200900009004,0,07,000,00,9,8,20,A01
200900009004,0,02,000,00,9,1,01,B01
200900009004,0,02,000,00,2,1,01,C01
200900009005,2,32,000,00,2,1,01,A01
200900009005,0,33,000,00,2,8,01,B01
200900009006,0,33,000,00,2,2,05,A01
200900009006,0,07,000,00,2,3,15,B01
200900009007,0,30,000,00,2,3,18,A01
200900009007,0,10,000,00,2,7,16,B01
200900009008,1,07,000,00,2,2,02,Z01
200900009008,0,01,000,00,2,4,02,B01
200900009009,0,37,001,00,1,2,01,A01
200900009010,1,07,000,00,0,1,00,Z01
200900009011,0,07,000,00,2,3,01,B01
200900009011,0,10,000,00,2,1,16,A01
200900009012,0,01,000,00,1,1,01,A01
200900009013,1,30,000,00,1,1,02,A01
200900009014,0,07,000,00,0,6,02,C01
200900009014,0,33,000,00,2,7,02,A01
200900009014,0,33,000,00,0,6,02,B01
200900009015,0,30,000,01,0,2,01,A01
200900009016,1,07,000,00,2,3,17,Z01
200900009016,0,31,000,00,2,1,01,A01
200900009017,0,33,000,00,2,1,03,A01
200900009017,0,07,000,00,2,6,12,B01
200900009018,0,07,000,00,2,4,01,B01
200900009018,0,32,000,00,2,1,02,A01
200900009019,0,07,000,00,0,6,15,A01
200900009019,0,33,000,00,2,1,01,B01
200900009020,0,07,000,00,2,5,01,B01
200900009020,0,07,000,00,2,3,02,A01
200900009021,0,07,000,00,1,7,01,A01
200900009022,0,07,000,00,9,8,00,A01
200900009022,0,01,000,00,0,0,03,B01
200900009023,0,07,000,00,2,3,01,A01
200900009023,0,07,000,00,2,2,01,B01
200900009024,1,07,000,00,2,2,03,Z01
200900009024,0,31,000,00,2,3,03,A01
200900009025,0,07,000,00,2,1,00,A01
200900009025,0,01,000,00,2,1,00,B01
200900009026,0,02,000,12,0,8,00,A01
200900009027,0,01,000,00,2,7,01,A01
200900009027,0,07,000,00,0,1,01,B01
200900009028,0,07,000,00,2,4,02,C01
200900009028,0,07,000,00,2,4,02,B01
200900009028,0,07,000,00,2,4,02,D01
200900009028,0,07,000,00,2,1,02,A01
200900009029,0,01,000,00,0,0,00,A01
200900009029,0,01,000,00,0,1,02,B01
200900009030,0,07,000,14,2,1,01,A01
200900009030,0,07,000,00,0,4,01,B01
200900009031,0,07,000,00,1,3,02,A01
200900009032,0,30,000,00,1,1,01,A01
200900009033,0,07,000,00,1,3,00,A01
200900009034,2,30,000,00,0,0,00,Z01
200900009035,0,01,000,00,2,2,01,B01
200900009035,0,07,000,00,2,3,01,A01
200900009036,0,07,000,00,0,8,10,A01
200900009036,0,32,000,01,2,1,01,B01
200900009037,0,30,000,00,1,1,01,A01
200900009038,0,32,000,00,1,3,01,A01
200900009039,0,32,000,00,2,7,17,A01
200900009039,0,07,000,00,2,3,15,B01
200900009040,0,07,000,00,0,4,01,C01
200900009040,0,07,000,00,0,0,01,B01
200900009040,0,07,000,00,0,1,01,A01
200900009041,0,07,000,00,2,4,02,C01
200900009041,0,07,000,00,2,1,01,A01
200900009041,0,07,000,00,2,4,02,B01
200900009042,1,07,000,00,1,3,01,Z01
200900009043,0,32,000,00,2,2,01,B01
200900009043,0,07,000,00,2,3,10,A01
200900009044,0,32,000,00,1,1,01,A01
200900009045,0,07,000,00,0,3,15,B01
200900009045,0,30,000,00,2,1,01,A01
200900009046,0,07,000,00,0,1,00,A01
200900009047,0,07,000,00,1,1,00,A01
200900009048,0,07,000,00,2,3,15,A01
200900009048,0,32,000,00,2,1,01,B01
200900009049,0,07,000,00,1,1,02,A01
200900009050,0,02,000,00,2,2,15,B01
200900009050,1,07,000,00,0,1,00,Z01
200900009051,0,07,000,00,2,2,02,A01
200900009051,0,02,000,00,2,6,02,B01
200900009052,0,07,000,00,0,3,00,A01
200900009053,0,07,000,00,2,4,23,B01
200900009053,0,30,000,01,0,1,01,A01
200900009054,0,07,000,15,2,2,00,A01
200900009054,0,07,000,00,2,8,00,B01
200900009055,0,07,000,00,2,1,01,B01
200900009055,0,07,000,00,2,1,15,A01
200900009055,0,07,000,00,2,1,01,C01
200900009056,0,32,000,00,2,1,02,A01
200900009056,0,10,000,01,0,4,02,B01
200900009057,0,30,000,12,0,1,01,A01
200900009058,0,07,000,06,0,8,01,A01
200900009059,0,32,000,14,0,7,02,A01
200900009060,0,31,000,00,0,3,21,A01
200900009061,0,01,000,00,1,1,01,A01
200900009062,0,37,025,00,2,3,00,B01
200900009062,0,07,000,00,2,5,16,A01
200900009063,0,07,000,00,2,2,12,A01
200900009063,0,33,000,00,2,8,03,B01
200900009064,0,32,000,00,1,7,01,A01
200900009065,0,33,000,00,2,2,03,A01
200900009065,0,07,000,00,0,6,11,B01
200900009066,0,07,000,00,2,4,02,A01
200900009066,0,38,001,00,2,1,02,B01
200900009067,0,07,000,00,2,4,02,B01
200900009067,0,07,000,00,2,1,02,A01
200900009068,0,30,000,01,0,2,00,A01
200900009069,0,31,000,04,0,3,01,A01
200900009070,0,07,000,00,1,2,01,A01
200900009071,0,07,000,00,2,6,01,B01
200900009071,0,33,000,00,2,9,03,A01
200900009072,0,32,000,00,2,2,01,B01
200900009072,0,07,000,00,2,8,10,A01
200900009073,0,07,000,00,1,5,04,A01
200900009074,0,02,000,15,0,0,00,A01
200900009075,0,07,000,06,0,3,11,A01
200900009076,0,07,000,00,0,4,00,A01
200900009077,1,07,000,00,1,0,00,Z01
200900009078,0,31,000,00,2,8,09,A01
200900009078,0,17,000,00,2,2,01,B01
200900009079,0,07,000,00,2,3,15,A01
200900009079,0,30,000,00,2,7,17,B01
200900009080,0,32,000,00,1,3,00,A01
200900009081,0,07,000,00,2,1,02,A01
200900009081,0,07,000,00,0,4,01,B01
200900009082,0,32,000,00,0,4,16,A01
200900009082,0,07,000,00,2,1,01,B01
200900009083,0,07,000,11,0,7,01,A01
200900009083,0,07,000,00,2,2,01,B01
200900009084,0,02,000,00,2,1,02,A01
200900009084,0,07,000,00,0,8,15,B01
200900009085,0,07,000,00,2,7,00,A01
200900009085,0,07,000,00,2,1,00,B01
200900009086,0,30,000,00,0,7,21,A01
200900009087,0,07,000,00,2,0,02,B01
200900009087,0,07,000,00,0,2,02,A01
200900009088,0,13,000,00,2,1,15,A01
200900009088,0,33,000,00,2,1,15,B01
200900009089,0,07,000,00,9,3,01,B01
200900009089,0,01,000,00,2,1,19,A01
200900009090,0,14,000,00,1,7,01,A01
200900009091,0,07,000,00,2,1,09,A01
200900009091,0,02,000,00,2,2,01,B01
200900009092,0,07,000,00,2,8,01,C01
200900009092,0,33,000,00,2,2,01,B01
200900009093,0,32,000,00,2,3,03,A01
200900009093,0,07,000,00,2,7,12,B01
200900009094,0,07,000,00,2,3,02,A01
200900009094,0,32,000,00,0,5,02,B01
200900009095,0,07,000,00,0,6,02,B01
200900009095,0,07,000,04,2,1,02,A01
200900009096,0,10,000,00,2,2,20,A01
200900009096,0,33,000,00,2,8,01,B01
200900009097,0,30,000,00,0,7,00,A01
200900009098,0,07,000,00,0,6,04,A01
200900009099,0,07,000,15,1,1,02,A01
200900009100,0,07,000,00,2,2,00,B01
200900009100,0,01,000,00,2,1,19,A01
200900009101,0,07,000,00,2,2,10,A01
200900009101,0,32,000,00,2,1,01,B01
200900009102,0,32,000,00,2,8,02,B01
200900009102,0,07,000,00,2,2,02,A01
200900009103,0,07,000,00,2,8,02,B01
200900009103,0,30,000,00,0,7,01,A01
200900009104,0,07,000,00,2,1,01,A01
200900009104,0,33,000,00,0,3,15,B01
200900009105,0,07,000,00,2,2,22,B01
200900009105,0,01,000,01,2,9,02,A01
200900009106,0,07,000,00,0,5,02,B01
200900009106,0,33,000,00,2,1,03,A01
200900009107,0,30,000,00,2,1,07,A01
200900009107,0,37,032,00,2,7,14,B01
200900009108,0,07,000,00,0,8,15,A01
200900009108,0,30,000,00,0,1,02,B01
200900009109,0,33,000,00,0,1,17,A01
200900009109,0,10,000,00,2,8,15,B01
200900009110,0,07,000,00,1,4,04,A01
200900009111,0,01,000,00,1,1,00,A01
200900009112,0,30,000,00,1,1,19,A01
200900009113,0,01,000,00,0,4,15,B01
200900009113,0,32,000,00,2,1,21,A01
200900009114,0,07,000,00,0,4,23,A01
200900009114,0,02,000,00,0,0,18,B01
200900009115,1,01,000,00,1,1,02,Z01
200900009116,0,30,000,00,2,8,02,A01
200900009116,0,07,000,00,2,3,02,B01
200900009117,1,07,000,00,2,3,15,Z01
200900009117,0,33,000,00,2,2,01,A01
200900009118,0,33,000,00,0,0,01,A01
200900009119,0,02,000,01,0,1,01,A01
200900009120,0,07,000,04,0,2,14,A01
200900009121,0,07,000,00,0,4,01,B01
200900009121,1,07,000,00,2,1,01,A01
200900009122,0,07,000,00,2,5,02,B01
200900009122,0,07,000,00,2,3,02,A01
200900009123,0,34,000,00,2,7,15,A01
200900009123,0,07,000,00,2,1,01,B01