Num_Acc,senc,catv,occutc,obs,obsm,choc,manv,num_veh
200900011365,0,07,000,00,0,0,00,B02
200900011366,0,07,000,00,0,0,00,A01
200900011367,0,01,000,00,2,1,16,B02
200900011367,0,15,000,00,0,5,01,A01
200900011368,0,07,000,02,0,3,01,A01
200900011369,0,33,000,00,0,7,01,A01
200900011370,0,10,000,00,0,7,15,A01
200900011370,0,33,000,00,2,1,18,B01
200900011371,0,07,000,00,2,7,19,A01
200900011371,0,01,000,00,2,1,01,B02
200900011372,0,07,000,03,0,3,01,A01
200900011373,0,01,000,00,2,8,16,B02
200900011373,0,14,000,00,2,5,16,A01
200900011374,0,10,000,00,2,1,01,B01
200900011374,0,07,000,00,2,3,15,A02
200900011375,0,33,000,00,1,1,01,A01
200900011376,0,07,000,00,1,2,21,A01
200900011377,0,02,000,00,2,1,01,A01
200900011377,0,01,000,00,2,8,15,B01
200900011378,0,07,000,01,0,7,14,A01
200900011378,0,17,000,00,0,6,24,B02
200900011379,0,07,000,00,1,1,02,A01
200900011380,0,07,000,03,0,5,01,A01
200900011381,0,01,000,00,2,1,15,B01
200900011381,0,07,000,00,2,3,12,A01
200900011382,0,33,000,00,2,1,01,B01
200900011382,0,07,000,00,2,8,15,A01
200900011383,0,36,000,00,2,1,13,B01
200900011383,0,07,000,00,2,6,15,A01
200900011384,0,07,000,00,0,6,01,B02
200900011384,0,33,000,00,2,1,02,A01
200900011385,0,33,000,03,0,8,01,A01
200900011386,0,33,000,00,0,0,01,A01
200900011387,0,07,000,04,0,3,11,A01
200900011388,0,07,000,00,2,3,01,B02
200900011388,0,33,000,00,2,1,17,A01
200900011389,0,07,000,00,2,3,01,B02
200900011389,0,07,000,00,2,7,19,A01
200900011390,0,07,000,00,2,3,01,B02
200900011390,0,33,000,00,2,1,13,A01
200900011391,0,30,000,00,2,1,01,A01
200900011391,0,07,000,00,0,4,01,B01
200900011392,0,10,000,04,2,3,11,A01
200900011392,0,10,000,04,0,5,01,B01
200900011393,0,07,000,03,0,1,14,A01
200900011394,0,31,000,00,2,3,05,B02
200900011394,0,07,000,00,2,3,01,A01
200900011395,0,33,000,00,2,1,01,B01
200900011395,0,07,000,00,2,8,10,A01
200900011396,0,07,000,00,2,6,15,A01
200900011396,0,02,000,00,2,1,01,B01
200900011397,0,01,000,00,2,1,19,A01
200900011397,0,07,000,00,2,1,01,B01
200900011398,0,07,000,00,2,1,01,A01
200900011398,0,07,000,00,2,1,01,B01
200900011399,0,07,000,00,2,4,01,B01
200900011399,0,07,000,00,2,1,01,A01
200900011400,0,07,000,00,1,2,01,A01
200900011401,0,07,000,01,0,1,01,A01
200900011402,0,07,000,00,1,1,01,A01
200900011403,0,07,000,00,2,8,22,A01
200900011403,0,01,000,01,0,1,01,B01
200900011404,0,07,000,00,2,1,15,A01
200900011404,0,01,000,00,2,8,19,B01
200900011405,0,07,000,02,0,3,01,A01
200900011406,0,01,000,00,2,1,01,B01
200900011406,0,07,000,00,2,2,22,A01
200900011407,0,01,000,00,2,1,19,B01
200900011407,0,07,000,00,2,2,15,A01
200900011408,0,07,000,00,1,2,01,A01
200900011409,0,01,000,00,2,0,01,A01
200900011409,0,07,000,00,2,1,15,B01
200900011410,0,07,000,00,2,5,01,B01
200900011410,0,07,000,00,2,1,09,A01
200900011411,0,37,001,00,2,4,01,B01
200900011411,0,33,000,09,2,1,01,A01
200900011412,0,07,000,00,2,1,01,B01
200900011412,0,10,000,00,2,7,01,A01
200900011413,0,30,000,00,2,1,15,A01
200900011413,0,07,000,00,2,2,01,B01
200900011414,0,07,000,00,2,3,15,A01
200900011414,0,02,000,00,2,1,01,B01
200900011415,0,07,000,00,2,1,01,A01
200900011415,0,33,000,00,2,4,01,B01
200900011416,0,07,000,00,2,6,15,A01
200900011416,0,01,000,00,2,1,01,B01
200900011417,0,37,001,00,2,2,01,B01
200900011417,0,01,000,00,2,1,13,A01
200900011418,0,07,000,00,2,7,15,A01
200900011418,0,01,000,00,2,1,01,B01
200900011419,0,01,000,00,2,7,19,B01
200900011419,0,07,000,00,2,1,01,A01
200900011420,0,07,000,00,2,3,01,A01
200900011420,0,01,000,00,2,2,15,B01
200900011421,0,07,000,00,1,1,15,A01
200900011422,0,02,000,00,2,3,15,A01
200900011422,0,07,000,00,2,5,01,B01
200900011423,0,07,000,00,2,1,01,A01
200900011423,0,02,000,00,2,1,15,B01
200900011424,0,01,000,00,1,1,01,A01
200900011425,0,07,000,00,2,2,16,B01
200900011425,0,02,000,00,2,1,19,A01
200900011426,0,07,000,00,2,0,10,A01
200900011426,0,01,000,00,2,0,01,B01
200900011427,0,07,000,00,2,1,02,A01
200900011427,0,07,000,00,2,4,01,B01
200900011428,0,07,000,00,2,8,00,B01
200900011428,0,07,000,00,2,1,01,A01
200900011429,0,07,000,00,2,1,01,A01
200900011429,0,07,000,00,2,4,01,C01
200900011429,0,07,000,00,2,1,01,B01
200900011430,0,01,000,00,2,1,01,B01
200900011430,0,07,000,00,2,3,16,A01
200900011431,0,07,000,00,2,1,01,A01
200900011431,0,02,000,00,2,4,02,B01
200900011432,0,10,000,00,2,1,15,A01
200900011432,0,07,000,00,2,4,01,B01
200900011433,0,07,000,00,2,8,01,B01
200900011433,0,10,000,00,2,1,16,A01
200900011434,0,07,000,00,1,8,01,A01
200900011435,0,07,000,00,2,3,01,B01
200900011435,0,02,000,00,2,8,01,A01
200900011436,0,07,000,00,2,1,01,B02
200900011436,0,10,000,00,2,2,15,A01
200900011437,0,07,000,02,0,1,14,A01
200900011438,0,07,000,00,1,5,04,A01
200900011439,0,30,000,00,2,1,13,A01
200900011439,0,07,000,00,2,1,01,B02
200900011440,0,07,000,00,1,2,12,A01
200900011441,0,33,000,00,0,9,14,A01
200900011442,0,33,000,00,0,7,01,A01
200900011443,0,31,000,00,0,7,01,A01
200900011444,0,30,000,00,0,8,14,A01
200900011445,0,30,000,14,0,1,01,A01
200900011445,0,07,000,00,2,5,23,B02
200900011446,0,30,000,00,0,1,01,A01
200900011446,0,07,000,00,2,1,15,B02
200900011447,0,07,000,00,1,2,01,A01
200900011448,0,07,000,00,2,3,01,A01
200900011448,0,07,000,00,0,4,01,B02
200900011449,0,30,000,06,0,1,01,A01
200900011450,0,10,000,00,9,0,15,A01
200900011451,0,07,000,16,2,9,14,A01
200900011452,0,33,000,00,0,0,01,A01
200900011453,0,07,000,00,2,3,01,B02
200900011453,0,07,000,00,2,2,14,A01
200900011454,0,07,000,00,2,2,15,A01
200900011454,0,07,000,00,2,1,01,B02
200900011455,0,07,000,00,2,8,01,F06
200900011455,0,07,000,00,2,1,01,D04
200900011455,0,07,000,00,2,1,05,A01
200900011455,0,07,000,00,2,1,01,B02
200900011455,0,07,000,00,2,1,01,E05
200900011455,0,07,000,00,2,8,01,C03
200900011456,0,10,000,00,1,4,04,A01
200900011457,0,07,000,00,2,2,15,B01
200900011457,2,07,000,00,2,1,01,A01
200900011458,0,07,000,00,2,1,15,A01
200900011458,0,07,000,00,2,8,01,B01
200900011459,0,01,000,00,2,1,01,B01
200900011459,0,07,000,00,2,3,09,A01
200900011460,0,07,000,00,1,2,01,A01
200900011461,0,01,000,00,2,1,01,B01
200900011461,0,07,000,00,1,2,01,A01
200900011462,0,07,000,00,2,2,01,A01
200900011462,0,02,000,00,2,3,01,B01
200900011463,0,07,000,00,2,1,01,A01
200900011463,0,01,000,00,2,7,19,B01
200900011464,0,07,000,00,2,8,15,B01
200900011464,0,33,000,00,2,1,17,A01
200900011465,0,07,000,00,1,8,01,A01
200900011466,0,07,000,00,2,6,01,A01
200900011467,0,38,001,00,1,2,01,A01
200900011468,0,07,000,01,0,3,01,A01
200900011469,0,01,000,00,2,1,09,B02
200900011469,0,37,001,00,2,2,01,A01
200900011470,0,07,000,02,0,1,01,A01
200900011471,0,07,000,00,2,3,23,A01
200900011471,0,30,000,09,2,1,17,B02
200900011472,0,07,000,00,2,1,13,A01
200900011472,0,07,000,00,2,3,01,B02
200900011473,0,07,000,00,2,3,15,B02
200900011473,0,33,000,00,2,2,17,A01
200900011474,0,33,000,00,0,1,01,A01
200900011475,0,07,000,00,2,1,01,B02
200900011475,0,07,000,00,2,8,10,A01
200900011476,0,07,000,06,0,1,13,A01
200900011477,0,33,000,00,2,7,01,A01
200900011477,0,07,000,00,2,0,01,A02
200900011478,0,07,000,00,1,3,15,A01
200900011479,0,36,000,02,1,1,01,A01
200900011480,0,07,000,00,2,8,19,B02
200900011480,0,07,000,00,2,1,01,A01
200900011481,0,07,000,00,1,3,01,A01
200900011482,0,33,000,08,0,8,17,A01
200900011483,0,07,000,00,2,2,13,A01
200900011483,0,07,000,00,2,3,01,B02
200900011484,0,07,000,00,2,8,01,B02
200900011484,0,07,000,00,2,1,01,A01
200900011485,0,07,000,13,0,9,14,A01
200900011486,0,07,000,00,0,0,21,A01
200900011487,0,07,000,13,0,3,13,A01
200900011488,0,07,000,00,2,4,02,B02
200900011488,0,07,000,00,0,4,02,C03
200900011488,0,07,000,00,2,1,02,A01
200900011489,0,07,000,00,2,3,01,C03
200900011489,0,07,000,00,2,4,01,B02
200900011489,0,10,000,00,2,1,01,A01
200900011490,0,33,000,00,2,1,01,B02
200900011490,0,07,000,00,2,6,15,A01
200900011491,0,33,000,13,0,3,01,A01
200900011492,0,10,000,00,2,3,13,B02
200900011492,0,07,000,00,2,3,01,A01
200900011493,0,07,000,00,2,2,19,A01
200900011493,0,30,000,00,2,1,01,B02
200900011494,0,30,000,00,2,3,17,A01
200900011494,0,10,000,00,0,3,23,C03
200900011494,0,07,000,00,0,3,01,B02
200900011495,0,07,000,00,2,2,01,B02
200900011495,0,03,000,00,2,9,13,A01
200900011496,0,33,000,00,2,8,00,A01
200900011496,0,07,000,00,2,8,21,B02
200900011497,0,07,000,00,2,1,01,A01
200900011497,0,33,000,00,2,1,13,B02
200900011498,0,02,000,00,2,1,01,A01
200900011498,1,07,000,00,2,1,13,B02
200900011499,0,07,000,06,0,2,00,A01
200900011500,0,07,000,15,0,8,19,A01
200900011500,0,07,000,15,2,1,01,B02
200900011501,0,07,000,00,2,2,17,B02
200900011501,0,21,000,00,2,3,15,A01
200900011502,0,31,000,00,0,1,02,B02
200900011502,0,07,000,00,2,1,09,A01
200900011503,0,01,000,00,0,4,01,B01
200900011503,0,07,000,00,2,1,12,A01
200900011504,0,07,000,00,2,3,13,A01
200900011504,0,33,000,00,2,1,01,B01
200900011505,0,07,000,16,0,9,01,A01
200900011506,0,14,000,00,2,4,13,A01
200900011506,0,15,000,00,2,1,01,B02
200900011507,0,07,000,13,2,3,01,B02
200900011507,0,07,000,00,2,9,15,A01
200900011507,0,07,000,00,2,3,01,C03
200900011508,0,07,000,04,2,9,17,A01
200900011508,0,07,000,00,2,4,01,B02
200900011509,0,07,000,00,2,6,23,B02
200900011509,0,33,000,00,2,1,01,A01
200900011510,0,07,000,00,2,2,01,B01
200900011510,0,30,000,00,2,1,15,A02
200900011511,0,30,000,00,0,8,01,A01
200900011512,0,31,000,00,2,8,13,A01
200900011512,0,07,000,00,2,8,01,B02
200900011513,0,07,000,00,0,1,01,B02
200900011513,0,07,000,00,0,2,13,A01
200900011514,0,02,000,00,2,1,01,A01
200900011514,0,07,000,00,2,3,16,B02
200900011515,0,07,000,04,0,3,02,A01
200900011516,0,10,000,00,2,3,15,A01
200900011516,0,33,000,08,2,7,17,B02
200900011516,0,33,000,00,2,1,21,C03
200900011517,0,07,000,00,2,3,01,B02
200900011517,0,07,000,00,2,3,01,A01
200900011518,0,33,000,00,2,1,01,B02
200900011518,0,07,000,00,2,3,15,A01
200900011519,0,07,000,12,2,6,01,A01
200900011519,0,07,000,00,2,1,15,B02
200900011520,0,07,000,02,0,2,00,A01
200900011521,0,07,000,00,2,3,19,B02
200900011521,0,31,000,00,2,1,01,A01
200900011522,0,30,000,14,0,1,01,A01
200900011523,0,10,000,00,0,0,00,A01
200900011524,0,07,000,14,0,1,01,A01
200900011525,0,07,000,04,0,2,01,A01
200900011526,0,10,000,00,2,1,01,B02
200900011526,0,07,000,00,2,1,01,A01
200900011527,0,07,000,13,0,9,17,A01
200900011528,0,33,000,00,2,1,01,A01
200900011528,0,33,000,00,0,4,01,B02
200900011529,0,07,000,00,2,6,01,B02
200900011529,0,07,000,00,2,7,14,A01
200900011530,0,07,000,00,0,3,00,A01
200900011530,0,03,000,00,2,2,01,B02
200900011531,0,07,000,04,0,1,01,A01
200900011532,0,07,000,14,2,2,19,A01
200900011532,0,07,000,14,0,3,01,B02
200900011533,0,07,000,00,2,8,23,B02
200900011533,0,15,000,00,2,7,21,A01
200900011534,0,02,000,00,1,7,01,A01
200900011535,0,07,000,15,2,3,19,B02
200900011535,0,33,000,00,0,7,19,A01
200900011536,0,01,000,00,2,7,21,B02
200900011536,0,10,000,00,2,1,01,A01
200900011537,0,31,000,00,0,4,00,A01
200900011538,0,07,000,00,2,1,01,B01
200900011538,0,07,000,00,2,3,19,A01
200900011539,0,07,000,13,0,9,01,A01
200900011540,0,07,000,03,2,8,21,A01
200900011541,0,02,000,00,0,7,16,A01
200900011542,0,10,000,00,2,1,23,C01
200900011542,0,10,000,00,2,1,15,A01
200900011542,0,10,000,00,2,6,01,B01
200900011543,0,07,000,00,1,2,17,A01
200900011544,0,33,000,13,0,1,01,A01
200900011545,0,10,000,02,0,1,14,A01
200900011546,0,07,000,00,2,8,15,A01
200900011546,0,30,000,00,2,2,17,B01
200900011547,0,33,000,08,2,2,17,A01
200900011547,0,07,000,00,2,3,01,B01
200900011548,0,07,000,00,2,3,01,B01
200900011548,0,07,000,00,2,7,10,A01
200900011549,0,02,000,00,2,1,01,A01
200900011549,0,07,000,00,2,4,00,B01
200900011550,0,01,000,00,2,0,00,A01
200900011550,0,07,000,00,2,0,00,B01
200900011551,0,07,000,00,2,1,01,A01
200900011551,0,31,000,00,2,4,23,B01
200900011552,0,07,000,00,2,1,01,A01
200900011552,0,01,000,00,2,0,00,B01
200900011553,0,07,000,03,0,1,01,A01
200900011554,0,07,000,00,2,1,09,A01
200900011554,0,07,000,00,2,1,01,C01
200900011554,0,07,000,00,2,7,01,B01
200900011555,0,07,000,00,1,2,01,A01
200900011556,0,07,000,00,1,1,01,A01
200900011557,0,07,000,00,2,1,15,A01
200900011557,0,31,000,00,2,1,01,B01
200900011558,0,02,000,00,0,1,00,A01
200900011559,0,07,000,00,1,1,01,A01
200900011560,0,32,000,00,2,1,01,B01
200900011560,0,07,000,00,2,8,15,A01
200900011561,0,01,000,00,2,1,00,B01
200900011561,0,07,000,00,2,1,00,A01
200900011562,0,07,000,08,0,1,01,A01
200900011563,0,07,000,00,2,4,02,B01
200900011563,0,14,000,00,2,1,02,A01
200900011564,0,07,000,14,0,9,01,A01
200900011565,0,07,000,00,2,5,15,A01
200900011565,0,31,000,00,2,1,01,B01
200900011566,0,07,000,00,2,1,01,A01
200900011566,0,07,000,00,2,4,02,B01
200900011567,0,07,000,00,2,3,09,A01
200900011567,0,30,000,00,2,7,01,B01
200900011568,0,07,000,00,1,7,01,A01
200900011569,0,07,000,00,2,8,15,B01
200900011569,1,07,000,00,2,1,01,A01
200900011570,0,02,000,00,2,1,01,A01
200900011570,0,07,000,00,2,3,15,B01
200900011571,0,07,000,00,2,1,17,A01
200900011571,0,30,000,00,2,1,01,B01
200900011572,0,07,000,00,1,2,01,A01
200900011573,0,07,000,00,2,6,10,A01
200900011573,0,33,000,00,2,1,01,B01
200900011574,0,01,000,00,2,4,01,B01
200900011574,0,07,000,00,2,1,09,A01
200900011575,0,07,000,00,2,1,02,A01
200900011575,0,07,000,00,2,5,01,C01
200900011575,0,07,000,00,2,1,02,B01
200900011576,0,30,000,00,2,1,00,A01
200900011576,0,07,000,00,2,1,00,B01
200900011577,0,07,000,00,2,4,01,B01
200900011577,0,33,000,00,2,8,01,A01
200900011578,0,33,000,00,2,3,01,B01
200900011578,0,07,000,00,2,2,09,A01
200900011579,0,33,000,00,2,1,00,B01
200900011579,0,07,000,00,2,1,00,A01
200900011580,0,02,000,00,2,1,17,A01
200900011580,0,07,000,00,2,3,15,B01
200900011581,0,07,000,00,2,1,00,A01
200900011581,0,07,000,00,2,3,00,B01
200900011582,0,31,000,00,2,1,02,A01
200900011582,0,07,000,00,2,4,23,B01
200900011583,0,07,000,00,2,7,12,A01
200900011583,0,07,000,04,2,3,01,B01
200900011584,0,14,000,00,2,2,00,A01
200900011584,0,07,000,00,2,6,00,B01
200900011585,0,99,000,00,2,3,13,A01
200900011585,0,01,000,00,2,0,00,B01
200900011586,0,01,000,00,2,0,00,B01
200900011586,0,07,000,00,2,2,00,A01
200900011587,0,07,000,00,2,2,01,A01
200900011588,0,07,000,00,0,1,01,A01
200900011589,0,07,000,00,2,3,01,A01
200900011589,0,07,000,00,2,3,01,B01
200900011590,0,30,000,00,1,5,01,A01
200900011591,0,10,000,07,2,2,01,B01
200900011591,0,07,000,00,2,1,01,A01
200900011592,0,01,000,00,2,0,05,A01
200900011592,0,30,000,00,2,7,01,B01
200900011593,0,07,000,00,2,3,09,A01
200900011593,0,30,000,00,2,1,01,B01
200900011594,0,07,000,00,1,2,00,A01
200900011595,0,07,000,00,2,1,11,A01
200900011595,0,07,000,00,0,4,23,C01
200900011595,0,15,000,00,2,2,00,B01
200900011596,0,07,000,00,1,1,01,A01
200900011597,0,07,000,00,1,2,01,A01
200900011598,0,07,000,00,2,3,09,A01
200900011598,0,33,000,00,2,1,01,B01
200900011599,0,07,000,03,0,6,01,A01
200900011599,0,14,000,00,2,3,01,B01
200900011600,0,07,000,00,2,7,15,B01
200900011600,0,33,000,00,2,1,01,C01
200900011600,0,07,000,01,0,7,23,A01
200900011601,0,07,000,00,2,1,23,C01
200900011601,0,33,000,00,2,3,01,A01
200900011601,0,07,000,00,2,8,19,B01
200900011602,0,31,000,15,0,1,01,A01
200900011603,0,07,000,00,2,4,02,B01
200900011603,0,07,000,00,2,4,01,C01
200900011603,0,07,000,00,2,1,02,A01
200900011604,0,07,000,04,0,1,06,A01
200900011605,0,07,000,02,0,1,01,A01
200900011606,0,14,000,00,0,5,01,B01
200900011606,0,01,000,00,0,8,01,A01
200900011607,0,07,000,08,0,1,01,A01
200900011608,0,01,000,00,2,8,15,A01
200900011608,0,07,000,00,2,3,01,B01
200900011609,0,33,000,00,2,1,01,B01
200900011609,0,07,000,00,2,2,13,A01
200900011610,0,10,000,02,2,3,01,A01
200900011610,0,07,000,00,2,3,01,B01
200900011611,0,07,000,00,1,2,01,A01
200900011612,0,07,000,00,2,2,01,B01
200900011612,0,07,000,00,2,3,16,A01
200900011613,0,07,000,00,0,1,14,A01
200900011614,0,07,000,00,2,3,09,A01
200900011614,0,30,000,00,2,7,01,B01
200900011615,0,07,000,13,0,2,14,A01
200900011616,0,10,000,02,0,1,01,A01
200900011617,0,02,000,09,0,7,01,A01
200900011618,0,17,000,00,2,4,02,A01
200900011618,0,10,000,00,2,1,02,B01
200900011619,0,10,000,00,1,2,01,A01
200900011620,0,01,000,00,2,8,01,B01
200900011620,0,07,000,00,2,1,15,A01
200900011621,0,07,000,00,2,1,01,A01
200900011621,0,07,000,00,0,4,23,B01
200900011622,0,33,000,15,0,0,01,A01
200900011622,0,07,000,00,0,0,00,B01
200900011623,0,07,000,00,2,7,15,A01
200900011623,0,31,000,00,2,7,01,B01
200900011624,1,07,000,00,2,0,00,Z01
200900011624,0,01,000,00,2,0,00,B01
200900011625,0,07,000,00,2,1,15,B01
200900011625,0,07,000,00,2,2,01,A01
200900011626,0,07,000,00,1,3,01,A01
200900011627,0,33,000,00,2,1,01,B01
200900011627,0,07,000,00,2,6,15,A01
200900011628,0,37,001,00,1,0,00,A01
200900011629,0,02,000,01,0,1,01,A01
200900011630,0,07,000,13,0,1,14,A01
200900011631,0,07,000,00,2,5,17,B01
200900011631,0,99,000,00,2,3,02,A01
200900011632,0,07,000,02,0,1,21,A01
200900011633,1,07,000,00,1,2,01,A01
200900011634,0,33,000,00,1,1,15,A01
200900011635,0,07,000,02,0,1,01,A01
200900011636,0,33,000,00,0,1,01,A01
200900011637,0,07,000,00,2,4,01,B01
200900011637,0,30,000,00,2,1,02,A01
200900011638,0,07,000,03,0,1,00,A01
200900011639,0,15,000,13,2,3,01,A01
200900011639,0,07,000,00,9,1,01,D04
200900011639,0,10,000,00,2,8,01,C03
200900011639,0,10,000,00,2,2,13,E05
200900011639,0,07,000,13,0,1,21,B02
200900011640,0,33,000,00,0,7,01,A01
200900011640,0,07,000,00,2,1,01,B02
200900011641,0,33,000,00,2,2,01,B02
200900011641,0,10,000,00,2,5,15,A01
200900011642,0,07,000,00,2,3,01,B02
200900011642,0,30,000,00,2,1,16,A01
200900011643,0,07,000,02,0,1,01,A01
200900011644,0,02,000,00,2,8,01,B02
200900011644,0,07,000,00,2,2,01,A01
200900011645,0,02,000,00,2,3,01,A01
200900011645,0,07,000,00,9,3,01,B02
200900011646,0,07,000,06,0,9,14,A01
200900011647,0,07,000,00,2,1,01,B02
200900011647,0,07,000,00,2,2,15,A01
200900011648,0,07,000,02,0,1,01,A01
200900011649,0,07,000,00,2,3,13,A01
200900011649,0,13,000,00,2,3,01,B02
200900011650,0,17,000,00,2,3,01,B02
200900011650,0,07,000,00,2,3,13,A01
200900011651,0,07,000,00,4,7,01,A01
200900011651,0,39,000,00,2,1,01,B02
200900011652,0,07,000,00,2,5,04,A01
200900011652,0,33,000,00,2,1,01,B02
200900011653,0,07,000,02,0,1,01,A01
200900011654,0,07,000,00,2,2,01,B02
200900011654,0,30,000,00,2,1,05,A01
200900011655,0,32,000,16,0,2,01,A01
200900011656,0,07,000,05,0,1,14,A01
200900011657,0,33,000,15,0,2,01,A01
200900011658,0,01,000,00,9,0,01,B01
200900011658,0,07,000,00,0,0,13,A01
200900011659,0,10,000,00,1,0,15,A01
200900011660,0,07,000,00,2,4,01,B01
200900011660,0,30,000,00,2,1,02,A01
200900011661,0,01,000,00,2,1,19,A01
200900011661,0,07,000,00,2,2,16,B01
200900011662,0,02,000,00,2,1,01,B01
200900011662,0,07,000,00,2,8,09,A01
200900011663,0,07,000,00,2,1,01,A01
200900011663,0,07,000,00,2,1,16,B01
200900011664,0,07,000,00,2,1,01,B01
200900011664,0,01,000,00,2,0,19,A01
200900011665,0,07,000,00,2,8,09,A01
200900011665,0,07,000,00,2,1,01,B01
200900011666,0,33,000,00,2,1,01,B01
200900011666,0,07,000,00,2,7,22,A01
200900011667,0,02,000,00,2,1,01,B01
200900011667,0,07,000,00,2,3,01,A01
200900011668,1,07,000,00,2,0,16,A01
200900011668,0,30,000,00,2,0,16,B01
200900011669,0,01,000,00,2,1,01,B01
200900011669,0,01,000,00,2,1,01,A01
200900011670,0,07,000,13,0,1,01,A01
200900011671,0,07,000,00,2,3,01,A01
200900011671,0,02,000,00,2,3,19,B01
200900011672,0,07,000,00,2,3,01,A01
200900011672,2,07,000,00,2,1,00,B02
200900011673,0,07,000,00,2,1,01,A01
200900011673,0,07,000,00,2,4,01,B02
200900011674,0,07,000,00,2,1,00,A01
200900011674,0,07,000,00,2,1,01,B01
200900011675,0,07,000,00,2,1,01,B02
200900011675,0,15,000,00,2,3,13,A01
200900011676,0,07,000,00,0,1,01,A01
200900011676,0,07,000,00,0,1,01,B02
200900011677,0,31,000,07,0,1,06,A01
200900011678,0,07,000,00,0,5,01,A01
200900011679,0,07,000,00,2,2,15,A01
200900011679,0,07,000,00,2,3,01,B02
200900011680,0,07,000,00,2,1,14,B02
200900011680,0,07,000,00,2,6,02,C03
200900011680,0,07,000,00,2,1,01,A01
200900011681,0,33,000,02,0,1,01,A01
200900011682,0,07,000,01,1,2,17,A01
200900011683,0,10,000,00,2,1,00,A01
200900011683,0,10,000,00,2,1,00,B02
200900011684,0,10,000,00,1,7,01,A01
200900011685,0,33,000,00,2,2,01,B02
200900011685,0,07,000,00,2,2,15,A01
200900011686,0,07,000,00,1,1,01,A01
200900011687,0,07,000,00,1,8,23,A01
200900011688,0,33,000,02,0,1,01,A01
200900011689,0,10,000,00,2,3,17,C03
200900011689,0,32,000,00,2,6,17,A01
200900011689,0,10,000,00,2,8,01,B02
200900011690,0,07,000,01,1,3,16,A01
200900011691,0,07,000,13,0,1,01,A01
200900011692,0,33,000,00,1,2,01,A01
200900011693,0,07,000,00,2,8,13,A01
200900011693,0,14,000,00,2,3,01,B02
200900011694,0,07,000,13,0,1,01,A01
200900011695,0,07,000,00,1,3,01,A01
200900011696,0,07,000,00,0,6,15,A01
200900011696,0,33,000,00,0,2,17,B02
200900011697,0,07,000,00,2,3,01,A01
200900011697,0,02,000,00,2,1,00,B02
200900011698,0,07,000,00,1,7,01,A01
200900011699,0,07,000,06,0,9,13,A01
200900011700,0,01,000,00,2,0,19,B01
200900011700,0,07,000,00,0,3,15,A01
200900011701,1,07,000,00,1,1,13,A01
200900011702,0,30,000,00,2,0,17,A01
200900011702,0,07,000,00,2,8,15,B01
200900011703,0,07,000,00,1,2,00,A01
200900011704,0,07,000,00,0,5,00,A01
200900011704,0,33,000,00,2,0,00,B01
200900011705,0,33,000,00,2,1,01,A01
200900011705,0,02,000,00,2,1,01,B01
200900011706,0,07,000,00,2,1,01,B01
200900011706,0,07,000,00,2,3,23,C01
200900011706,0,07,000,00,2,7,09,A01
200900011707,0,07,000,00,2,3,10,A01
200900011707,0,10,000,00,2,1,13,B01
200900011708,0,07,000,00,2,1,02,B01
200900011708,0,33,000,00,2,2,09,A01
200900011709,0,07,000,00,2,3,01,B01
200900011709,0,30,000,00,2,1,01,A01
200900011710,0,07,000,12,1,1,00,A01
200900011711,0,07,000,00,2,3,01,B01
200900011712,0,01,000,00,0,1,01,A01
200900011713,0,07,000,00,2,3,09,A01
200900011713,0,33,000,00,2,7,16,B01
200900011714,0,33,000,00,0,0,21,A01
200900011715,0,32,000,12,0,1,01,A01
200900011716,0,07,000,00,0,8,14,A01
200900011717,0,07,000,13,0,1,14,A01
200900011718,0,07,000,00,2,1,07,B01
200900011718,0,07,000,00,2,5,15,A01
200900011719,0,07,000,06,2,1,01,A01
200900011720,0,07,000,00,2,4,02,B01
200900011720,0,02,000,00,2,1,02,A01
200900011721,0,07,000,00,2,4,02,C01
200900011721,0,07,000,00,2,1,02,A01
200900011721,0,07,000,00,2,4,02,B01
200900011722,0,02,000,00,2,1,01,B01
200900011722,0,10,000,00,2,2,01,A01
200900011723,0,15,000,00,2,1,01,B01
200900011723,0,10,000,00,2,8,19,A01
200900011724,0,07,000,00,2,1,01,A01
200900011725,0,07,000,00,2,2,15,A01
200900011725,0,02,000,00,2,1,01,B01
200900011726,0,07,000,00,2,1,02,A01
200900011726,0,07,000,00,2,4,02,B01
200900011727,0,07,000,00,2,2,15,A01
200900011727,0,07,000,00,2,3,01,B01
200900011728,0,33,000,13,0,1,01,A01
200900011729,0,07,000,04,0,3,00,A01
200900011730,0,02,000,00,2,7,01,B01
200900011730,0,07,000,00,2,3,01,A01
200900011731,0,07,000,00,1,1,01,A01
200900011732,0,33,000,00,9,8,01,A01
200900011732,0,01,000,00,2,8,19,B01
200900011733,0,30,000,00,0,0,01,A01
200900011733,0,07,000,00,0,3,15,B01
200900011734,0,07,000,00,2,3,23,A01
200900011734,0,01,000,00,2,2,01,B01
200900011735,0,07,000,13,0,1,14,A01
200900011736,0,07,000,00,2,3,13,A01
200900011736,0,33,000,00,2,3,01,B01
200900011737,0,33,000,00,0,7,01,A01
200900011738,0,15,000,00,2,3,01,B01
200900011738,0,07,000,00,2,3,05,A01
200900011739,0,07,000,00,2,1,12,A01
200900011739,0,07,000,00,2,6,01,B01
200900011740,0,10,000,02,0,3,14,A01
200900011741,0,38,039,00,2,0,24,B01