Num_Acc,senc,catv,occutc,obs,obsm,choc,manv,num_veh
200900012469,0,32,000,11,0,7,21,A01
200900012470,0,07,000,00,2,4,23,B01
200900012470,0,07,000,00,2,4,23,D01
200900012470,0,07,000,00,2,4,23,C01
200900012470,0,10,000,00,2,1,02,A01
200900012471,0,30,000,00,0,2,01,A01
200900012472,0,07,000,00,2,7,01,A01
200900012472,0,31,000,00,2,8,11,B01
200900012473,0,32,000,00,0,7,01,A01
200900012474,0,07,000,00,2,1,09,B01
200900012474,0,30,000,00,2,1,17,A01
200900012475,1,07,000,00,2,7,14,Z01
200900012475,0,01,000,00,2,6,13,A01
200900012476,0,30,000,00,2,8,17,A01
200900012476,0,10,000,00,2,3,15,B01
200900012477,0,03,000,00,1,1,01,A01
200900012478,0,32,000,00,2,7,01,B01
200900012478,0,07,000,00,2,3,15,A01
200900012479,0,07,000,00,2,4,23,B01
200900012479,0,07,000,00,2,1,02,A01
200900012479,0,07,000,00,2,4,23,C01
200900012479,0,07,000,00,2,4,23,D01
200900012480,0,07,000,00,2,5,16,A01
200900012480,0,30,000,00,2,8,18,B01
200900012481,0,32,000,00,2,1,17,B01
200900012481,0,07,000,00,2,5,01,C01
200900012481,0,10,000,00,2,8,22,A01
200900012482,0,33,000,15,0,8,01,A01
200900012483,0,02,000,00,2,0,01,A01
200900012483,1,30,000,00,2,1,01,Z01
200900012484,0,07,000,00,1,3,01,A01
200900012485,0,33,000,00,0,7,01,A01
200900012486,0,07,000,00,2,4,02,A01
200900012486,1,07,000,00,2,0,02,Z01
200900012487,0,02,000,00,0,8,01,A01
200900012488,0,30,000,00,1,3,01,A01
200900012489,0,30,000,00,2,1,01,B01
200900012489,0,07,000,00,2,8,10,A01
200900012490,0,31,000,00,2,8,01,B01
200900012490,0,07,000,00,2,1,15,A01
200900012491,0,33,000,00,2,8,01,A01
200900012491,1,07,000,00,2,0,11,Z01
200900012492,0,07,000,00,1,5,04,A01
200900012493,0,02,000,00,0,8,01,A01
200900012494,0,34,000,00,0,3,01,A01
200900012495,0,07,000,00,2,3,13,A01
200900012495,0,32,000,00,2,1,01,B01
200900012496,0,07,000,00,2,3,10,A01
200900012496,0,34,000,00,2,7,01,B01
200900012497,0,30,000,12,0,7,14,A01
200900012498,0,33,000,00,1,1,01,A01
200900012499,0,07,000,00,2,1,01,B01
200900012499,0,33,000,00,2,8,15,A01
200900012500,0,07,000,00,1,4,04,A01
200900012501,0,32,000,00,2,1,01,A01
200900012501,0,07,000,00,2,2,16,B01
200900012502,0,31,000,00,2,7,01,A01
200900012502,0,31,000,00,2,0,13,B01
200900012503,0,32,000,00,2,3,18,A01
200900012503,0,07,000,00,2,7,16,B01
200900012504,0,30,000,00,2,3,17,A01
200900012504,0,10,000,00,2,3,15,B01
200900012505,0,01,000,00,0,0,01,A01
200900012506,0,01,000,00,2,1,01,A01
200900012506,0,07,000,00,2,8,01,B01
200900012507,0,30,000,00,1,1,01,A01
200900012508,0,07,000,00,2,1,02,A01
200900012508,0,34,000,00,2,4,23,B01
200900012509,0,10,000,00,2,8,21,A01
200900012509,0,32,000,00,2,7,01,B01
200900012510,0,32,000,00,1,1,01,A01
200900012511,0,10,000,00,2,1,02,A01
200900012511,0,07,000,00,2,4,02,B01
200900012512,0,30,000,00,2,7,17,A01
200900012512,0,07,000,00,2,8,15,B01
200900012513,0,07,000,00,1,7,01,A01
200900012514,0,07,000,00,2,2,15,A01
200900012514,0,31,000,00,2,1,01,B01
200900012515,0,07,000,00,2,3,10,B01
200900012515,0,32,000,00,2,1,17,A01
200900012516,0,07,000,00,2,7,01,A01
200900012516,0,32,000,00,2,2,01,B01
200900012517,0,01,000,00,2,1,02,A01
200900012517,0,07,000,00,2,4,23,B01
200900012518,0,10,000,00,1,1,01,A01
200900012519,0,07,000,00,2,8,15,A01
200900012519,0,07,000,00,2,2,01,B01
200900012520,0,01,000,00,5,1,01,A01
200900012521,1,07,000,00,2,0,11,Z01
200900012521,0,33,000,00,2,1,03,A01
200900012522,0,07,000,00,2,2,16,A01
200900012522,0,02,000,00,2,8,01,B01
200900012523,0,30,000,00,2,2,17,B01
200900012523,0,07,000,00,2,3,10,A01
200900012524,0,02,000,00,2,3,18,A01
200900012524,0,07,000,00,2,2,16,B01
200900012525,0,02,000,12,0,7,14,A01
200900012526,0,07,000,00,1,1,01,A01
200900012527,0,02,000,00,1,1,17,A01
200900012528,0,32,000,00,2,1,02,C01
200900012528,0,33,000,00,2,0,02,A01
200900012528,0,07,000,00,2,6,02,D01
200900012528,0,32,000,00,2,7,02,B01
200900012529,0,07,000,11,0,3,15,A01
200900012530,0,33,000,00,2,8,01,B01
200900012530,0,07,000,00,2,7,12,A01
200900012531,0,07,000,00,2,4,02,B01
200900012531,0,07,000,00,2,1,02,A01
200900012532,0,32,000,00,0,7,21,A01
200900012533,0,03,000,00,1,1,15,A01
200900012534,0,32,000,14,0,0,01,A01
200900012535,0,07,000,00,2,8,22,A01
200900012535,0,30,000,00,2,2,01,B01
200900012536,0,07,000,00,2,6,23,B01
200900012536,0,33,000,00,2,2,11,A01
200900012537,0,30,000,00,2,8,13,B01
200900012537,0,30,000,00,2,1,01,A01
200900012538,0,10,000,00,1,2,01,A01
200900012539,0,34,000,00,2,1,01,A01
200900012539,0,01,000,00,2,1,05,B01
200900012540,0,10,000,00,2,2,16,A01
200900012540,0,30,000,00,2,3,01,B01
200900012541,1,07,000,00,2,7,12,Z01
200900012541,0,31,000,00,2,8,01,A01
200900012542,0,33,000,00,2,1,01,B01
200900012542,0,07,000,00,2,7,15,A01
200900012543,0,37,030,00,1,1,01,A01
200900012544,0,01,000,00,2,8,13,B01
200900012544,0,07,000,00,2,2,17,A01
200900012545,0,30,000,00,2,1,01,B01
200900012545,0,07,000,00,2,8,01,A01
200900012546,0,32,000,00,2,7,01,B01
200900012546,0,07,000,00,2,6,21,A01
200900012547,0,31,000,00,2,1,01,A01
200900012547,0,07,000,00,2,7,01,B01
200900012548,0,07,000,01,2,1,05,A01
200900012548,0,07,000,00,2,1,01,B01
200900012549,0,30,000,00,2,2,01,B01
200900012549,0,07,000,00,2,3,01,A01
200900012550,0,07,000,00,2,7,01,B01
200900012550,0,07,000,00,2,1,01,A01
200900012551,0,32,000,00,2,2,01,A01
200900012551,1,34,000,00,2,1,01,Z01
200900012552,0,07,000,00,1,2,15,A01
200900012553,1,07,000,00,2,0,10,Z01
200900012553,0,31,000,00,2,1,01,A01
200900012554,0,07,000,00,2,8,16,B01
200900012554,0,30,000,00,2,3,17,A01
200900012555,0,07,000,00,2,2,16,B01
200900012555,0,30,000,00,2,3,18,A01
200900012556,0,32,000,00,2,9,02,A01
200900012556,0,30,000,00,2,2,02,B01
200900012557,0,07,000,00,2,1,02,A01
200900012557,0,33,000,00,2,4,02,B01
200900012558,0,02,000,00,2,1,17,B01
200900012558,0,07,000,00,2,3,15,A01
200900012559,0,32,000,00,0,0,01,A01
200900012560,1,07,000,00,2,6,12,Z01
200900012560,0,07,000,00,2,1,01,A01
200900012561,0,07,000,00,1,3,01,A01
200900012562,0,07,000,00,2,1,01,B01
200900012562,0,07,000,00,2,8,01,A01
200900012563,0,07,000,11,0,3,21,A01
200900012564,0,02,000,00,2,1,17,A01
200900012564,0,07,000,00,2,3,01,B01
200900012565,0,07,000,11,0,3,12,A01
200900012566,0,07,000,02,0,3,13,A01
200900012567,1,07,000,00,2,1,01,Z01
200900012567,0,07,000,00,2,7,01,A01
200900012568,0,07,000,06,2,4,02,A01
200900012568,1,07,000,00,2,1,02,Z01
200900012569,0,07,000,00,2,4,23,B01
200900012569,0,07,000,00,2,1,02,A01
200900012570,0,32,000,00,2,3,13,A01
200900012570,0,10,000,00,2,3,01,B01
200900012571,1,10,000,00,2,0,02,Z01
200900012571,0,10,000,00,2,4,23,A01
200900012572,0,30,000,00,2,2,01,A01
200900012572,0,07,000,00,2,3,16,B01
200900012573,0,33,000,12,2,7,01,A01
200900012573,1,07,000,00,2,3,13,Z01
200900012574,0,07,000,00,2,4,02,C01
200900012574,0,07,000,00,2,4,02,B01
200900012574,0,07,000,00,2,1,02,A01
200900012575,0,07,000,01,0,7,14,A01
200900012576,0,07,000,00,2,6,01,B01
200900012576,0,07,000,00,2,1,01,A01
200900012577,0,07,000,00,2,3,15,A01
200900012577,0,02,000,00,2,3,01,B01
200900012578,0,10,000,00,2,2,14,A01
200900012578,0,07,000,04,2,6,01,B01
200900012579,0,07,000,00,2,2,02,A01
200900012579,0,07,000,00,2,6,23,B01
200900012580,0,02,000,01,2,3,01,B01
200900012580,0,07,000,00,2,2,14,A01
200900012581,0,01,000,00,0,0,21,A01
200900012582,0,37,002,00,2,6,02,B01
200900012582,0,07,000,00,2,0,02,A01
200900012583,0,07,000,00,2,5,16,A01
200900012583,0,30,000,00,2,1,01,B01
200900012584,0,07,000,00,2,4,02,B01
200900012584,0,07,000,00,2,1,02,A01
200900012585,1,33,000,00,1,0,16,Z01
200900012586,0,02,000,00,2,1,02,A01
200900012586,0,07,000,00,2,4,23,B01
200900012587,0,07,000,00,2,6,02,B01
200900012587,0,02,000,00,2,1,02,A01
200900012588,0,07,000,00,2,6,02,B01
200900012588,0,30,000,00,2,1,02,A01
200900012589,0,07,000,00,0,1,01,A01
200900012590,0,31,000,00,2,3,01,B01
200900012590,0,07,000,00,2,3,15,A01
200900012591,0,32,000,00,1,1,01,A01
200900012592,0,15,000,00,2,2,12,A01
200900012592,0,07,000,04,2,6,01,B01
200900012593,0,07,000,00,2,3,11,A01
200900012593,0,33,000,01,2,5,17,B01
200900012594,0,07,000,00,1,3,01,A01
200900012595,0,30,000,00,0,0,21,A01
200900012596,0,37,000,00,1,7,01,A01
200900012597,1,02,000,00,1,0,01,Z01
200900012598,0,07,000,00,1,2,01,A01
200900012599,0,33,000,00,2,2,15,B01
200900012599,0,10,000,00,2,3,15,A01
200900012600,0,02,000,00,2,2,17,A01
200900012600,0,07,000,00,2,8,15,B01
200900012601,0,01,000,00,2,1,07,A01
200900012601,0,37,001,00,2,5,14,B01
200900012602,0,33,000,00,2,1,17,A01
200900012602,0,34,000,00,2,1,01,B01
200900012603,0,32,000,00,2,1,17,A01
200900012603,0,07,000,00,2,3,15,B01
200900012604,0,13,000,06,0,3,13,A01
200900012605,0,07,000,00,1,3,01,A01
200900012606,0,07,000,00,2,1,02,A01
200900012606,0,07,000,00,2,4,23,B01
200900012607,0,07,000,00,2,1,01,A01
200900012607,0,07,000,01,2,6,01,B01
200900012608,0,07,000,00,2,3,13,A01
200900012608,0,32,000,00,2,2,17,B01
200900012609,0,07,000,00,1,4,04,A01
200900012610,0,07,000,00,2,2,01,B01
200900012610,0,07,000,00,2,3,01,A01
200900012611,0,31,000,00,2,4,02,A01
200900012611,0,07,000,00,2,1,02,B01
200900012612,0,02,000,00,2,5,12,A01
200900012612,0,34,000,00,2,1,01,B01
200900012613,1,01,000,00,2,0,01,Z01
200900012613,0,34,000,00,2,6,01,A01
200900012614,0,07,000,00,1,1,01,A01
200900012615,0,32,000,00,0,0,01,A01
200900012616,0,07,000,00,1,3,01,A01
200900012617,0,07,000,00,1,1,01,A01
200900012618,0,02,000,01,2,2,02,A01
200900012618,0,31,000,00,2,3,02,B01
200900012619,0,33,000,00,2,0,01,B01
200900012619,0,07,000,00,2,0,22,A01
200900012620,0,33,000,00,2,1,01,B01
200900012620,0,07,000,00,2,7,01,A01
200900012621,0,30,000,15,0,3,14,A01
200900012622,0,07,000,00,2,3,01,B01
200900012622,0,02,000,00,2,1,01,A01
200900012623,0,07,000,00,2,6,15,A01
200900012623,0,02,000,00,2,1,17,B01
200900012624,0,01,000,00,2,4,11,B01
200900012624,0,07,000,00,2,1,01,A01
200900012625,0,31,000,00,2,1,03,D01
200900012625,0,07,000,00,2,5,02,B01
200900012625,0,31,000,00,2,1,02,A01
200900012625,0,33,000,00,2,1,03,C01
200900012626,0,33,000,00,0,7,21,A01
200900012627,0,07,000,00,2,1,11,A01
200900012627,0,07,000,00,2,5,01,B01
200900012628,0,07,000,00,2,3,10,A01
200900012628,0,33,000,00,2,1,17,B01
200900012629,0,07,000,00,2,5,01,B01
200900012629,0,33,000,00,2,1,21,A01
200900012630,1,07,000,00,1,0,07,Z01
200900012631,0,07,000,00,1,3,01,A01
200900012632,0,07,000,00,2,1,02,A01
200900012632,0,07,000,00,2,4,23,B01
200900012633,0,32,000,00,1,1,01,A01
200900012634,1,07,000,00,2,8,11,Z01
200900012634,0,33,000,00,2,7,01,A01
200900012635,0,07,000,00,1,2,01,A01
200900012636,0,32,000,00,2,2,17,A01
200900012636,0,01,000,00,2,8,15,B01
200900012637,0,07,000,00,2,4,02,B01
200900012637,0,07,000,00,2,1,02,A01
200900012638,0,32,000,00,0,8,21,A01
200900012639,0,01,000,00,2,8,05,A01
200900012639,1,07,000,00,2,0,16,Z01
200900012640,0,07,000,00,2,3,02,A01
200900012640,0,07,000,00,2,5,02,B01
200900012641,0,01,000,00,2,6,01,B01
200900012641,0,02,000,00,2,1,01,A01
200900012642,0,32,000,01,0,2,14,A01
200900012643,0,07,000,00,1,3,01,A01
200900012644,0,07,000,00,2,3,15,B01
200900012644,0,32,000,00,2,7,17,A01
200900012645,0,34,000,00,1,3,05,A01
200900012646,0,07,000,00,2,3,22,A01
200900012646,0,01,000,00,2,1,01,B01
200900012647,0,33,000,00,2,9,01,B01
200900012647,0,33,000,00,2,7,01,C01
200900012647,0,07,000,00,2,2,01,A01
200900012648,0,31,000,00,2,4,02,B01
200900012648,0,02,000,00,2,1,02,A01
200900012649,0,07,000,00,2,5,23,C01
200900012649,0,03,000,00,2,9,02,A01
200900012649,0,07,000,00,2,5,23,B01
200900012650,0,07,000,00,2,1,01,B01
200900012650,0,01,000,00,2,8,01,A01
200900012651,0,30,000,00,0,0,21,A01
200900012652,0,07,000,00,1,1,15,A01
200900012653,0,30,000,12,2,3,01,A01
200900012653,1,10,000,00,2,7,12,Z01
200900012654,0,30,000,01,0,1,13,A01
200900012655,0,33,000,00,0,7,01,A01
200900012656,0,31,000,00,2,1,02,A01
200900012656,0,07,000,00,2,5,02,B01
200900012657,0,32,000,00,2,8,03,B01
200900012657,0,07,000,00,2,7,12,A01
200900012658,0,07,000,00,2,8,15,A01
200900012658,0,32,000,00,2,7,17,B01
200900012659,0,32,000,00,2,8,11,A01
200900012659,0,07,000,00,2,2,01,B01
200900012660,0,01,000,00,1,8,01,A01
200900012661,0,13,000,06,0,1,01,A01
200900012662,0,33,000,14,2,8,18,A01
200900012662,0,07,000,00,2,3,01,B01
200900012663,0,07,000,00,2,1,02,A01
200900012663,0,07,000,00,2,4,23,B01
200900012664,0,07,000,00,2,3,11,A01
200900012664,0,33,000,00,2,2,01,B01
200900012665,0,07,000,00,2,2,02,A01
200900012665,0,31,000,00,2,6,23,B01
200900012666,0,30,000,00,2,4,23,A01
200900012666,1,07,000,00,2,0,02,Z01
200900012667,0,01,000,00,1,7,07,A01
200900012668,0,02,000,00,2,7,17,B01
200900012668,0,01,000,00,2,3,13,A01
200900012669,0,07,000,00,2,4,02,B01
200900012669,0,32,000,00,2,1,02,A01
200900012670,0,30,000,00,2,1,02,A01
200900012670,0,07,000,00,2,4,23,B01
200900012671,0,07,000,00,1,0,01,A01
200900012672,0,07,000,00,1,6,04,A01
200900012673,2,07,000,04,2,1,02,Z01
200900012673,0,07,000,04,2,4,02,A01
200900012674,0,33,000,00,2,0,02,A01
200900012674,1,07,000,00,2,0,02,Z01
200900012675,0,01,000,01,0,1,14,A01
200900012676,0,32,000,14,0,8,01,A01
200900012677,0,32,000,00,0,0,01,A01
200900012678,0,10,000,00,2,5,23,C01
200900012678,0,07,000,00,2,1,02,A01
200900012678,0,07,000,00,2,3,23,B01
200900012679,0,30,000,00,0,8,21,A01
200900012680,0,33,000,00,2,3,02,A01
200900012680,0,07,000,00,2,7,02,B01
200900012681,0,07,000,00,2,2,01,B01
200900012681,0,30,000,00,2,8,01,A01
200900012682,0,37,001,00,1,8,07,A01
200900012683,0,02,000,00,1,2,17,A01
200900012684,0,07,000,00,2,2,10,A01
200900012684,0,33,000,00,2,3,01,B01
200900012685,0,30,000,00,2,0,05,A01
200900012685,0,30,000,00,2,0,15,B01
200900012686,0,02,000,00,2,1,02,A01
200900012686,0,07,000,00,2,0,02,B01
200900012687,0,32,000,00,2,6,01,A01
200900012687,0,07,000,00,2,3,15,B01
200900012688,0,07,000,00,2,3,02,B01
200900012688,0,07,000,00,2,2,14,A01
200900012689,0,10,000,00,1,3,15,A01
200900012690,0,07,000,00,2,2,15,A01
200900012690,0,07,000,00,2,1,01,B01
200900012691,0,07,000,00,2,2,15,A01
200900012691,0,31,000,00,2,1,01,B01
200900012692,0,30,000,00,2,1,01,B01
200900012692,0,07,000,00,2,2,15,A01
200900012693,0,32,000,00,1,2,01,A01
200900012694,0,07,000,00,2,5,02,A01
200900012694,0,32,000,00,2,1,02,B01
200900012695,0,07,000,00,2,8,10,A01
200900012695,0,32,000,00,2,3,17,B01
200900012696,0,07,000,00,2,8,15,A01
200900012696,0,33,000,00,2,3,01,B01
200900012697,0,32,000,00,2,1,13,A01
200900012697,0,37,027,00,2,3,07,B01
200900012698,1,10,000,00,1,6,04,Z01
200900012699,0,32,000,00,1,1,01,A01
200900012700,0,07,000,00,2,5,02,B01
200900012700,0,33,000,00,2,8,02,A01
200900012701,0,07,000,07,0,1,13,A01
200900012702,0,07,000,00,2,4,01,B01
200900012702,0,07,000,04,2,1,14,A01
200900012703,0,02,000,00,0,0,01,A01
200900012704,0,32,000,14,0,3,13,A01
200900012705,0,07,000,00,2,3,01,B01
200900012705,0,31,000,14,2,1,13,A01
200900012706,0,30,000,12,0,1,14,A01
200900012707,0,31,000,01,2,4,13,A01
200900012707,0,07,000,00,2,5,24,B01
200900012708,0,32,000,00,2,1,01,B01
200900012708,0,07,000,00,2,6,09,A01
200900012709,0,07,000,07,0,2,14,A01
200900012710,0,07,000,00,2,1,10,A01
200900012710,0,32,000,00,2,3,01,B01
200900012711,0,30,000,00,0,0,02,A01
200900012712,0,07,000,00,2,8,10,A01
200900012712,0,32,000,00,2,1,01,B01
200900012713,0,07,000,00,2,1,02,A01
200900012713,0,07,000,00,2,4,02,B01
200900012714,1,07,000,00,2,0,09,Z01
200900012714,0,30,000,00,2,5,01,A01
200900012715,0,07,000,00,1,2,01,A01
200900012716,0,07,000,14,0,1,14,A01
200900012717,0,07,000,00,2,3,01,A01
200900012717,0,07,000,00,2,1,01,B01
200900012718,1,07,000,00,2,0,02,Z01
200900012718,0,32,000,00,2,6,02,A01
200900012719,0,07,000,00,1,3,01,A01
200900012720,0,33,000,00,2,1,01,B01
200900012720,0,07,000,00,2,7,16,A01
200900012721,0,32,000,00,1,0,01,A01
200900012722,0,07,000,00,2,5,23,B01
200900012722,0,07,000,00,2,1,02,A01
200900012723,0,07,000,00,2,6,11,C01
200900012723,0,32,000,00,2,1,02,A01
200900012723,0,34,000,00,2,7,23,B01
200900012724,0,33,000,00,1,3,16,A01
200900012725,0,07,000,00,2,3,09,A01
200900012725,0,32,000,00,2,7,01,B01
200900012726,0,07,000,00,1,2,01,A01
200900012727,0,30,000,00,2,0,18,A01
200900012727,0,07,000,00,2,0,12,B01
200900012728,0,32,000,00,2,3,17,A01
200900012728,0,07,000,00,2,3,15,B01
200900012729,0,10,000,00,2,2,16,A01
200900012729,0,31,000,00,2,8,01,B01
200900012730,0,30,000,00,2,1,18,A01
200900012730,0,07,000,00,2,5,16,B01
200900012731,0,34,000,00,2,1,02,A01
200900012731,0,07,000,00,2,6,02,B01
200900012732,0,33,000,01,1,3,07,A01
200900012733,0,07,000,00,1,1,07,A01
200900012734,0,33,000,00,2,8,01,B01
200900012734,0,07,000,00,2,1,15,A01
200900012735,0,30,000,00,2,1,02,A01
200900012735,0,07,000,00,2,6,23,B01
200900012736,0,02,000,00,2,1,01,A01
200900012736,1,07,000,00,2,0,15,Z01
200900012737,0,02,000,00,2,1,05,B01
200900012737,0,10,000,00,2,3,10,A01
200900012738,0,33,000,00,2,1,01,C01
200900012738,0,33,000,00,2,8,01,D01
200900012738,0,07,000,00,2,6,11,A01
200900012738,0,34,000,00,2,2,01,B01
200900012739,0,02,000,00,1,1,01,A01
200900012740,0,30,000,01,0,2,14,A01
200900012741,0,37,000,00,1,2,01,A01
200900012742,0,02,000,00,2,2,01,B01
200900012742,0,01,000,00,2,2,15,A01
200900012743,0,30,000,00,2,1,01,B01
200900012743,0,07,000,00,2,3,10,A01
200900012744,0,07,000,00,2,2,14,B01
200900012744,0,33,000,00,2,1,01,A01
200900012745,0,32,000,00,0,0,21,A01
200900012746,0,07,000,00,2,1,01,B01
200900012746,0,33,000,00,2,8,01,A01
200900012747,0,07,000,00,2,6,15,A01
200900012747,0,31,000,00,2,7,01,B01
200900012748,0,01,000,00,1,1,01,A01
200900012749,0,07,000,00,2,3,11,A01
200900012749,0,31,000,00,2,7,01,B01
200900012750,0,37,029,00,2,2,07,B01
200900012750,0,07,000,00,2,5,16,A01
200900012751,0,13,000,06,0,1,01,A01
200900012752,0,33,000,00,1,8,01,A01
200900012753,0,01,000,00,2,1,05,B01
200900012753,0,07,000,00,2,1,09,A01
200900012754,0,30,000,00,2,6,01,A01
200900012754,0,07,000,00,2,0,14,B01
200900012755,0,07,000,00,2,8,10,A01
200900012755,0,31,000,00,2,0,01,B01
200900012756,0,31,000,00,0,0,01,A01
200900012757,0,10,000,00,1,1,16,A01
200900012758,0,01,000,00,1,1,01,A01
200900012759,0,30,000,00,2,1,07,A01
200900012759,0,07,000,00,2,7,16,B01
200900012760,0,07,000,00,2,3,02,A01
200900012760,0,33,000,00,2,4,23,B01
200900012761,0,10,000,00,2,2,02,A01
200900012761,0,07,000,00,2,6,02,B01
200900012762,0,10,000,04,2,1,02,A01
200900012762,0,07,000,04,2,4,02,B01
200900012763,1,07,000,00,1,0,01,Z01
200900012764,0,30,000,00,2,2,01,B01
200900012764,0,07,000,00,2,3,09,A01
200900012765,0,32,000,00,2,1,01,A01
200900012765,0,07,000,00,2,2,01,B01
200900012766,0,32,000,14,0,1,01,A01
200900012767,0,07,000,00,2,3,12,A01
200900012767,0,02,000,00,2,4,01,B01
200900012768,0,02,000,00,0,0,01,A01
200900012769,0,32,000,00,1,1,01,A01
200900012770,0,07,000,00,2,3,01,B01
200900012770,0,33,000,00,2,1,01,A01
200900012771,0,32,000,00,2,8,02,A01
200900012771,0,07,000,00,2,4,02,B01
200900012772,0,32,000,00,0,8,21,A01
200900012773,0,01,000,00,1,7,01,A01
200900012774,0,07,000,00,2,1,15,A01
200900012774,0,01,000,00,2,3,16,B01
200900012775,0,07,000,00,2,2,01,A01
200900012775,0,33,000,00,2,3,01,B01
200900012776,0,34,000,00,2,8,01,B01
200900012776,0,07,000,00,2,2,01,A01
200900012777,0,30,000,00,2,8,11,A01
200900012777,0,37,001,00,2,7,07,B01
200900012778,0,33,000,00,2,3,02,A01
200900012778,0,07,000,00,2,5,23,B01
200900012779,0,07,000,00,2,1,15,A01
200900012779,0,01,000,00,2,7,01,B01
200900012780,0,30,000,00,1,1,01,A01
200900012781,0,01,000,00,0,0,21,A01
200900012782,1,07,000,00,1,3,01,Z01
200900012783,0,34,000,00,2,2,01,B01
200900012783,0,10,000,00,2,3,01,A01
200900012784,0,33,000,00,2,2,03,A01
200900012784,1,07,000,00,2,6,12,Z01
200900012785,0,30,000,01,0,1,14,A01
200900012786,0,02,000,00,0,8,21,A01
200900012787,0,10,000,00,2,3,02,C01
200900012787,0,07,000,00,2,5,02,B01
200900012787,0,33,000,00,2,3,02,A01
200900012788,0,30,000,00,0,3,15,A01
200900012789,0,07,000,00,2,4,02,B01
200900012789,0,07,000,00,2,1,02,A01
200900012790,0,07,000,00,2,3,12,A01
200900012790,0,07,000,00,2,5,01,B01
200900012791,0,07,000,00,2,6,01,B01
200900012791,0,07,000,00,2,3,11,A01
200900012792,0,07,000,00,2,4,23,C01
200900012792,0,07,000,14,2,4,23,D01
200900012792,0,07,000,00,2,4,23,E01
200900012792,0,07,000,14,2,1,02,A01
200900012792,0,07,000,00,2,4,23,B01
200900012793,0,30,000,00,0,7,15,A01
200900012794,0,07,000,01,0,3,13,A01
200900012795,0,34,000,00,2,2,15,B01
200900012795,0,34,000,00,2,3,05,A01
200900012796,0,30,000,00,0,0,01,A01
200900012797,0,31,000,00,0,0,03,A01
200900012798,0,07,000,12,2,2,10,A01
200900012798,0,32,000,12,2,2,01,B01
200900012799,0,33,000,00,0,8,21,A01
200900012800,0,10,000,00,1,3,15,A01
200900012801,0,10,000,01,0,1,14,A01
200900012802,0,07,000,00,1,4,04,A01
200900012803,0,10,000,00,2,4,02,A01
200900012803,0,30,000,00,2,1,02,B01
200900012804,0,07,000,00,2,2,02,A01
200900012804,0,07,000,00,2,4,23,C01
200900012804,0,07,000,00,2,5,23,B01
200900012805,0,07,000,00,1,4,04,A01
200900012806,0,31,000,00,2,3,03,A01
200900012806,0,07,000,00,2,6,11,B01
200900012807,0,33,000,00,2,2,01,B01
200900012807,0,07,000,00,2,3,14,A01
200900012808,0,30,000,00,2,1,01,A01
200900012808,1,07,000,00,2,8,22,Z01
200900012809,0,07,000,00,2,1,01,B01
200900012809,0,01,000,00,2,8,05,A01
200900012810,0,07,000,00,2,2,01,B01
200900012810,0,01,000,00,2,3,15,A01
200900012811,0,32,000,00,2,2,17,A01
200900012811,0,07,000,00,2,2,15,B01
200900012812,0,02,000,01,2,3,17,A01
200900012812,0,02,000,00,2,8,13,B01
200900012813,0,31,000,00,2,7,17,A01
200900012813,1,07,000,00,2,0,17,Z01
200900012814,0,33,000,00,2,2,02,A01
200900012814,0,07,000,00,2,6,02,B01
200900012815,0,32,000,00,1,1,01,A01
200900012816,0,07,000,00,2,2,10,A01
200900012816,0,33,000,00,2,1,01,B01
200900012817,0,30,000,00,2,7,17,B01
200900012817,0,32,000,00,2,8,15,A01
200900012818,0,15,000,00,2,1,02,A01
200900012818,0,07,000,00,2,0,02,B01
200900012818,0,07,000,00,2,4,02,C01
200900012819,0,31,000,00,0,0,01,A01
200900012820,0,07,000,00,2,8,10,A01
200900012820,0,30,000,00,2,1,01,B01
200900012821,0,02,000,00,2,1,07,A01
200900012821,0,07,000,00,2,5,15,B01
200900012822,0,33,000,00,2,1,01,B01
200900012822,0,07,000,00,2,5,15,A01
200900012823,0,33,000,00,0,7,01,A01
200900012824,0,07,000,00,2,2,02,A01
200900012824,0,07,000,00,2,3,02,B01
200900012825,0,32,000,00,0,0,15,A01
200900012826,0,07,000,00,2,2,16,A01
200900012826,0,37,010,00,2,3,07,B01
200900012827,0,02,000,00,1,1,01,A01
200900012828,0,30,000,00,2,3,01,B01
200900012828,0,07,000,00,2,1,15,A01
200900012829,0,07,000,00,2,2,02,A01
200900012829,0,07,000,00,2,6,02,B01
200900012830,0,07,000,00,2,7,01,B01
200900012830,0,30,000,00,2,8,13,A01
200900012831,0,07,000,00,2,3,15,A01
200900012831,0,33,000,00,2,8,01,B01
200900012832,0,07,000,00,1,5,16,A01
200900012833,0,10,000,00,2,1,01,B01
200900012833,0,07,000,06,2,0,04,A01
200900012834,0,33,000,00,2,1,18,B01
200900012834,0,01,000,00,2,7,16,A01
200900012835,0,01,000,00,2,8,13,A01
200900012835,0,37,005,00,2,7,17,B01
200900012836,0,07,000,00,2,1,02,A01
200900012836,0,07,000,00,2,4,02,B01
200900012837,0,07,000,01,2,7,01,A01
200900012837,0,07,000,00,2,1,01,B01
200900012838,0,07,000,00,2,2,01,A01
200900012838,0,01,000,00,2,3,19,B01
200900012839,0,32,000,15,0,1,21,A01
200900012840,0,07,000,00,2,2,16,A01
200900012840,0,02,000,00,2,1,01,B01