Num_Acc,senc,catv,occutc,obs,obsm,choc,manv,num_veh
200900013591,0,07,000,00,2,4,02,B01
200900013591,0,07,000,00,2,4,02,C01
200900013592,0,02,000,00,2,1,17,B01
200900013592,0,10,000,00,2,3,19,A01
200900013593,0,10,000,00,1,4,04,A01
200900013594,1,07,000,00,9,8,15,A01
200900013594,0,01,000,00,2,8,00,B01
200900013595,0,07,000,00,2,8,01,B02
200900013595,0,07,000,00,2,1,01,C03
200900013595,0,07,000,00,2,2,13,A01
200900013596,0,07,000,00,1,4,04,A01
200900013597,0,33,000,13,0,8,01,A01
200900013598,0,33,000,00,2,0,01,A01
200900013599,0,07,000,00,2,6,04,A01
200900013599,0,02,000,00,2,1,01,B02
200900013600,0,07,000,00,2,1,13,A01
200900013600,0,17,000,00,2,3,01,B02
200900013601,0,33,000,00,2,1,17,B02
200900013601,0,07,000,00,2,2,19,A01
200900013602,0,07,000,00,2,1,13,A01
200900013602,0,07,000,00,2,1,21,B02
200900013603,0,07,000,00,2,2,01,B02
200900013603,0,30,000,00,2,1,19,A01
200900013604,0,07,000,00,2,8,00,B02
200900013604,0,07,000,00,2,3,13,A01
200900013605,0,07,000,10,0,1,15,A01
200900013606,0,30,000,00,0,0,00,A01
200900013607,0,33,000,00,2,4,13,A01
200900013607,0,07,000,00,2,3,01,B02
200900013608,0,10,000,00,0,9,01,A01
200900013609,0,07,000,00,1,4,24,A01
200900013609,0,07,000,01,0,1,02,B02
200900013610,0,30,000,06,0,3,01,A01
200900013611,0,07,000,00,2,3,01,A01
200900013611,0,07,000,00,2,3,01,B02
200900013612,0,33,000,00,2,1,13,A01
200900013612,0,33,000,00,2,3,01,B02
200900013613,0,07,000,00,2,1,01,B02
200900013613,0,07,000,00,2,8,19,A01
200900013614,0,02,000,00,2,1,09,A01
200900013614,0,07,000,00,2,3,15,B01
200900013615,0,07,000,00,2,2,01,B02
200900013615,0,07,000,00,2,3,13,A01
200900013616,0,38,010,00,2,1,01,A01
200900013616,0,07,000,00,2,8,19,B02
200900013617,0,30,000,00,0,1,01,A01
200900013618,0,07,000,00,2,3,01,B02
200900013618,0,01,000,00,2,8,01,D04
200900013618,0,07,000,13,2,3,17,A01
200900013618,0,07,000,00,2,6,01,C03
200900013619,0,07,000,13,0,7,13,A01
200900013620,0,07,000,00,2,1,19,A01
200900013620,0,14,000,00,2,1,01,B01
200900013621,0,30,000,00,2,8,19,A01
200900013621,0,07,000,00,2,1,01,B01
200900013622,0,02,000,00,2,1,01,A01
200900013622,0,07,000,00,2,5,19,B01
200900013623,0,07,000,13,2,1,01,A01
200900013623,0,07,000,00,2,2,01,B01
200900013624,0,07,000,04,0,3,13,A01
200900013625,0,07,000,00,2,3,09,A01
200900013625,0,30,000,00,2,1,01,B01
200900013626,0,07,000,00,2,1,02,A01
200900013626,0,07,000,00,2,4,01,B01
200900013627,0,07,000,02,2,3,01,B01
200900013627,0,07,000,00,2,1,15,A01
200900013628,0,07,000,04,0,2,14,A01
200900013629,0,30,000,00,2,1,01,B01
200900013629,0,10,000,00,2,3,09,A01
200900013630,0,07,000,13,0,3,13,A01
200900013631,0,07,000,00,2,1,01,B01
200900013631,0,02,000,00,2,2,01,A01
200900013632,0,07,000,06,0,2,14,A01
200900013633,0,07,000,00,2,1,01,B01
200900013633,0,07,000,00,2,3,09,A01
200900013634,0,07,000,00,2,8,09,B01
200900013634,0,02,000,00,2,1,17,A01
200900013635,0,07,000,00,2,7,15,A01
200900013635,0,30,000,00,2,1,01,B01
200900013636,0,07,000,00,2,2,15,A01
200900013636,0,07,000,00,2,1,01,B01
200900013637,0,30,000,00,2,1,01,A01
200900013637,0,07,000,00,2,8,09,B01
200900013638,0,07,000,00,2,1,01,A01
200900013638,0,07,000,00,2,8,01,B01
200900013639,0,07,000,00,1,8,01,A01
200900013640,0,07,000,00,2,3,09,A01
200900013640,0,01,000,00,2,1,01,B01
200900013641,0,07,000,00,1,7,01,A01
200900013642,0,07,000,00,0,1,09,A01
200900013643,0,07,000,00,2,1,15,A01
200900013643,0,31,000,00,2,1,01,B01
200900013644,0,07,000,00,1,1,01,A01
200900013645,0,07,000,13,0,2,14,A01
200900013646,0,07,000,14,0,2,14,A01
200900013647,0,07,000,15,0,2,14,A01
200900013648,0,07,000,00,2,3,01,A01
200900013648,0,02,000,00,0,4,01,C01
200900013648,0,07,000,00,2,4,01,B01
200900013649,0,07,000,00,9,2,01,A01
200900013649,0,01,000,00,0,4,01,B01
200900013650,0,07,000,13,0,1,01,A01
200900013651,0,30,000,00,2,1,01,A01
200900013651,0,10,000,00,2,2,19,B01
200900013652,0,07,000,00,2,3,13,A01
200900013652,0,07,000,00,2,3,01,B01
200900013653,0,07,000,00,2,1,01,B01
200900013653,0,07,000,00,2,7,13,A01
200900013654,0,07,000,00,2,7,01,B01
200900013654,0,07,000,00,2,3,09,A01
200900013655,0,07,000,01,0,2,14,A01
200900013656,0,07,000,00,1,2,01,A01
200900013657,0,07,000,00,2,8,13,A01
200900013657,0,07,000,04,2,9,02,B02
200900013658,0,07,000,08,0,3,13,A01
200900013659,0,07,000,00,1,3,01,A01
200900013660,0,07,000,00,1,2,01,A01
200900013661,0,07,000,00,2,2,02,A01
200900013661,0,07,000,00,2,6,02,B01
200900013662,0,07,000,00,2,7,15,A01
200900013662,0,07,000,00,2,1,02,B01
200900013663,0,07,000,00,2,1,01,A01
200900013663,0,07,000,00,2,1,01,B01
200900013664,0,07,000,00,2,4,23,C01
200900013664,0,07,000,00,2,1,01,A01
200900013664,0,07,000,00,2,9,01,B01
200900013665,0,07,000,00,2,6,09,B01
200900013665,0,07,000,00,2,1,01,A01
200900013666,0,07,000,00,2,1,02,A01
200900013666,0,07,000,04,0,4,02,B01
200900013666,0,07,000,00,2,6,23,C01
200900013666,0,07,000,00,2,4,23,D01
200900013667,0,02,000,00,0,7,15,B01
200900013667,0,07,000,00,2,1,09,A01
200900013668,0,07,000,00,1,2,01,A01
200900013669,0,07,000,00,2,3,13,A01
200900013669,0,07,000,00,2,3,01,B01
200900013670,0,07,000,08,0,9,01,A01
200900013671,0,07,000,00,0,4,02,B01
200900013671,0,07,000,00,2,1,02,A01
200900013672,0,07,000,00,1,3,16,A01
200900013673,0,07,000,00,2,1,01,A01
200900013673,0,07,000,00,2,8,01,B01
200900013674,0,07,000,00,2,3,11,A01
200900013674,1,07,000,00,0,0,17,D01
200900013674,0,07,000,00,2,7,02,B01
200900013674,0,07,000,00,2,6,23,C01
200900013675,0,07,000,00,1,4,20,A01
200900013676,0,10,000,00,2,5,01,A01
200900013676,0,07,000,00,0,4,01,D01
200900013676,0,07,000,00,2,2,01,E01
200900013676,0,07,000,00,2,1,01,B01
200900013676,0,07,000,00,2,4,01,C01
200900013677,0,07,000,00,2,3,09,A01
200900013677,0,01,000,00,2,1,01,B01
200900013678,0,02,000,00,2,1,01,A01
200900013678,0,07,000,00,2,3,15,B01
200900013679,0,07,000,00,2,1,01,A01
200900013679,0,07,000,00,2,8,15,B01
200900013680,0,07,000,00,1,1,15,A01
200900013681,0,07,000,00,2,1,01,A01
200900013681,0,02,000,00,2,3,13,B01
200900013682,0,07,000,04,2,8,00,A01
200900013682,0,07,000,00,2,1,01,B01
200900013683,0,07,000,04,0,1,21,A01
200900013684,0,02,000,00,2,1,01,B01
200900013684,0,07,000,00,2,2,15,A01
200900013685,0,07,000,00,2,4,01,A01
200900013685,0,07,000,00,0,4,01,B01
200900013685,0,07,000,00,0,4,01,C01
200900013686,0,33,000,00,0,8,12,A01
200900013687,1,07,000,00,0,0,00,A01
200900013688,0,07,000,15,0,2,01,A01
200900013689,0,37,002,00,2,4,23,B01
200900013689,0,07,000,00,2,1,01,A01
200900013690,0,07,000,04,2,1,02,A01
200900013690,0,07,000,00,0,8,02,B01
200900013691,0,07,000,00,2,4,01,B01
200900013691,0,07,000,00,2,1,01,A01
200900013692,0,10,000,00,2,2,01,B01
200900013692,0,07,000,00,2,1,01,A01
200900013693,0,07,000,00,1,2,15,A01
200900013694,0,07,000,00,2,3,13,A01
200900013694,0,07,000,00,2,3,01,B02
200900013695,0,07,000,00,2,3,01,C01
200900013695,0,07,000,14,2,2,02,A01
200900013695,0,07,000,00,2,6,02,B01
200900013696,0,07,000,00,2,0,01,A01
200900013696,0,07,000,00,2,0,01,B01
200900013697,0,02,000,00,2,1,15,B01
200900013697,0,07,000,00,2,3,16,A01
200900013698,0,07,000,00,1,2,01,A01
200900013699,0,07,000,00,2,4,02,B01
200900013699,0,07,000,00,2,1,02,A01
200900013700,0,07,000,00,2,3,09,A01
200900013700,0,07,000,00,2,2,01,B01
200900013701,0,07,000,03,0,3,00,A01
200900013702,0,07,000,00,2,1,06,A01
200900013702,0,07,000,00,2,3,23,B01
200900013703,0,07,000,00,1,0,15,A01
200900013704,0,30,000,00,2,1,01,B02
200900013704,0,07,000,00,2,3,15,A01
200900013705,0,34,000,00,2,5,17,A01
200900013705,0,07,000,00,2,3,15,B01
200900013706,0,07,000,00,1,2,01,A01
200900013707,0,10,000,00,2,4,15,B01
200900013707,0,07,000,00,2,1,01,A01
200900013708,0,07,000,01,0,2,01,A01
200900013709,0,34,000,00,2,8,01,B01
200900013709,0,07,000,00,2,1,13,A01
200900013710,0,07,000,00,2,7,01,B01
200900013710,0,07,000,00,2,3,16,A01
200900013711,0,33,000,00,2,2,03,A01
200900013711,0,07,000,00,0,6,11,B01
200900013712,0,07,000,02,0,8,02,A01
200900013713,0,33,000,03,0,2,01,A01
200900013714,0,07,000,00,2,4,23,B01
200900013714,0,07,000,00,2,4,23,C01
200900013714,0,07,000,00,2,1,02,A01
200900013715,0,07,000,00,0,2,13,B02
200900013715,0,07,000,00,0,2,01,A01
200900013716,0,07,000,00,0,4,02,B01
200900013716,0,10,000,00,2,1,02,A01
200900013717,0,07,000,00,2,6,11,A01
200900013717,0,33,000,00,2,7,02,B01
200900013718,0,07,000,00,2,1,01,A01
200900013718,0,01,000,00,2,6,13,B01
200900013719,0,14,000,04,0,6,09,A01
200900013720,0,07,000,00,2,2,01,A01
200900013720,0,01,000,00,2,1,05,B01
200900013721,0,07,000,00,1,1,15,A01
200900013722,0,07,000,13,0,1,00,A01
200900013723,0,07,000,00,1,1,01,A01
200900013724,0,07,000,00,1,2,15,A01
200900013725,0,07,000,00,2,1,01,A01
200900013725,0,07,000,00,2,1,01,B02
200900013726,0,07,000,13,0,3,00,A01
200900013727,0,10,000,04,0,3,00,A01
200900013728,0,07,000,00,1,1,01,A01
200900013729,0,30,000,00,0,2,01,A01
200900013730,0,10,000,00,2,1,01,B02
200900013730,0,07,000,00,2,1,17,A01
200900013730,0,38,001,00,0,3,02,C03
200900013731,0,07,000,00,0,4,02,F02
200900013731,0,07,000,00,2,1,02,A01
200900013731,0,07,000,00,2,4,02,C01
200900013731,0,07,000,00,2,1,02,B01
200900013731,0,07,000,00,2,4,02,E01
200900013731,0,07,000,00,2,4,02,D01
200900013732,0,10,000,00,2,3,23,B01
200900013732,0,07,000,00,2,6,02,C01
200900013732,0,07,000,00,2,4,02,E01
200900013732,0,07,000,01,2,1,01,A01
200900013733,0,07,000,00,2,1,01,B01
200900013733,0,07,000,00,2,1,13,A01
200900013734,0,07,000,00,1,3,01,A01
200900013735,0,07,000,00,1,1,15,A01
200900013736,0,10,000,04,2,7,11,A01
200900013736,0,10,000,00,2,8,01,B01
200900013737,0,07,000,13,0,3,01,A01
200900013738,0,07,000,05,0,1,21,A01
200900013739,0,07,000,04,0,2,00,A01
200900013740,0,07,000,03,0,2,01,A01
200900013741,0,07,000,03,0,3,16,A01
200900013742,0,07,000,00,2,1,02,C01
200900013742,0,15,000,00,2,5,02,B01
200900013742,0,07,000,00,2,1,09,A01
200900013743,0,07,000,00,1,1,17,A01
200900013744,0,32,000,00,1,7,01,A01
200900013745,0,30,000,00,2,2,09,A01
200900013745,0,07,000,00,2,2,16,B01
200900013746,0,30,000,00,0,4,01,B01
200900013746,0,07,000,00,2,2,14,A01
200900013747,0,15,000,00,2,8,23,C01
200900013747,0,07,000,00,2,3,15,A01
200900013747,0,33,000,00,2,1,02,B01
200900013748,0,33,000,00,0,8,01,A01
200900013749,0,07,000,00,2,1,01,A01
200900013749,0,07,000,00,2,4,01,C01
200900013749,0,07,000,00,2,4,01,B01
200900013750,0,33,000,06,0,1,01,A01
200900013751,0,33,000,00,2,0,21,B01
200900013751,0,07,000,00,2,0,17,A01
200900013752,0,07,000,00,0,2,17,A01
200900013752,0,30,000,00,2,1,01,B02
200900013753,0,14,000,00,2,3,01,A01
200900013753,0,07,000,00,2,3,13,B02
200900013754,0,07,000,00,2,4,04,A01
200900013754,0,30,000,00,2,1,01,B01
200900013755,0,10,000,00,0,8,10,A01
200900013755,0,15,000,00,2,3,01,B02
200900013756,0,07,000,00,2,2,19,A01
200900013756,0,30,000,00,2,1,01,B01
200900013757,0,07,000,03,2,1,00,C01
200900013757,0,07,000,00,2,5,12,A01
200900013757,0,07,000,00,2,3,01,B01
200900013757,0,07,000,00,9,3,00,D01
200900013758,0,10,000,00,1,1,01,A01
200900013759,0,33,000,00,0,8,01,A01
200900013760,0,07,000,00,0,8,01,B01
200900013760,0,01,000,00,2,7,13,A01
200900013761,0,03,000,00,2,7,15,B01
200900013761,0,15,000,00,2,1,01,A01
200900013762,0,07,000,00,1,3,01,A01
200900013763,0,07,000,00,1,3,15,A01
200900013764,0,07,000,00,2,5,15,A01
200900013764,0,02,000,00,2,1,01,B01
200900013765,0,07,000,00,2,2,01,B01
200900013765,0,10,000,00,2,2,15,A01
200900013766,0,07,000,14,0,1,06,A01
200900013767,0,07,000,04,0,9,12,A01
200900013768,0,33,000,00,0,8,11,A01
200900013769,0,33,000,00,2,1,01,B01
200900013769,0,10,000,00,2,8,09,A01
200900013770,0,07,000,00,0,1,00,A01
200900013771,0,07,000,00,2,2,02,A01
200900013771,0,07,000,00,2,0,02,B01
200900013772,0,07,000,00,1,2,01,A01
200900013773,0,07,000,00,0,0,01,A01
200900013774,0,07,000,00,0,0,01,A01
200900013775,0,32,000,00,2,0,01,B01
200900013775,0,31,000,00,2,0,01,C01
200900013775,0,07,000,14,2,0,01,A01
200900013776,0,07,000,00,2,3,15,B01
200900013776,0,30,000,00,2,2,17,A01
200900013777,0,07,000,00,2,1,00,B02
200900013777,0,07,000,00,2,1,01,A01
200900013777,0,07,000,00,2,3,00,C03
200900013778,0,07,000,00,1,0,00,A01
200900013779,0,07,000,00,2,1,02,A01
200900013779,0,07,000,00,2,4,02,B01
200900013779,0,07,000,00,1,3,02,C01
200900013780,0,07,000,06,0,5,02,B02
200900013780,0,07,000,00,2,1,02,A01
200900013781,0,07,000,00,2,3,15,B01
200900013781,0,31,000,00,2,1,17,A01
200900013782,0,31,000,00,0,0,01,A01
200900013783,0,07,000,00,1,4,04,A01
200900013784,0,33,000,00,2,1,13,A01
200900013784,0,07,000,00,2,0,01,B01
200900013785,0,07,000,02,0,1,01,A01
200900013786,0,07,000,00,1,1,01,A01
200900013787,0,07,000,02,0,6,13,A01
200900013788,0,07,000,00,1,7,01,A01
200900013789,0,07,000,06,0,7,13,A01
200900013790,0,07,000,00,2,4,02,B01
200900013790,0,07,000,00,2,1,02,A01
200900013791,0,10,000,00,2,1,01,A01
200900013791,0,07,000,00,2,2,01,B02
200900013791,0,10,000,00,2,4,01,C03
200900013792,0,07,000,00,2,4,02,C01
200900013792,0,07,000,00,2,1,02,A01
200900013792,0,07,000,00,2,1,02,B01
200900013793,0,10,000,00,2,7,15,A01
200900013793,0,32,000,00,2,1,01,B02
200900013794,0,33,000,00,2,8,01,B01
200900013794,0,07,000,00,2,5,17,A01
200900013795,0,07,000,13,0,9,17,A01
200900013796,0,07,000,00,1,2,15,A01
200900013797,0,33,000,06,0,1,01,A01
200900013798,0,01,000,00,0,1,01,A01
200900013799,0,07,000,00,1,3,15,A01
200900013800,0,30,000,00,0,7,01,A01
200900013801,0,07,000,00,2,2,02,A01
200900013801,0,33,000,00,0,4,23,B01
200900013802,0,02,000,00,1,1,09,A01
200900013803,0,10,000,00,1,3,01,A01
200900013804,0,30,000,00,0,0,01,A01
200900013805,0,02,000,16,0,7,16,A01
200900013806,0,31,000,03,0,8,13,A01
200900013807,0,07,000,02,0,8,13,A01
200900013808,0,07,000,00,2,3,13,A01
200900013808,0,03,000,00,2,1,21,B02
200900013809,0,07,000,14,0,1,01,A01
200900013810,0,07,000,08,0,1,01,A01
200900013811,0,07,000,00,2,1,09,A01
200900013811,0,02,000,00,2,4,01,B02
200900013812,0,07,000,00,2,3,15,B02
200900013812,0,33,000,00,2,2,17,A01
200900013813,0,07,000,00,2,1,01,B02
200900013813,0,07,000,03,2,8,15,A01
200900013814,0,07,000,00,2,3,01,B01
200900013814,0,03,000,00,2,1,13,A01
200900013815,0,07,000,00,2,3,19,A01
200900013815,0,07,000,00,2,2,01,B01
200900013816,0,31,000,00,0,7,01,A01
200900013817,0,01,000,00,0,0,01,A01
200900013818,0,07,000,00,2,1,09,B01
200900013818,0,07,000,00,2,1,23,C01
200900013818,0,07,000,00,2,3,06,A01
200900013819,0,02,000,16,0,8,01,A01
200900013820,0,02,000,00,0,7,01,A01
200900013821,0,17,000,02,0,1,13,A01
200900013822,0,33,000,00,2,1,02,A01
200900013822,0,07,000,00,2,6,15,B01
200900013823,0,33,000,00,1,1,01,A01
200900013824,0,07,000,00,1,2,01,A01
200900013825,0,02,000,00,2,3,01,B01
200900013825,0,07,000,00,2,1,15,A01
200900013826,0,10,000,00,2,1,06,A01
200900013826,0,10,000,00,2,3,01,B01
200900013827,0,07,000,00,2,2,02,A01
200900013827,0,07,000,00,2,4,23,B01
200900013828,0,07,000,00,2,1,15,A01
200900013828,0,33,000,00,2,1,01,B01
200900013829,0,02,000,00,0,0,01,A01
200900013830,0,07,000,00,1,1,01,A01
200900013831,0,07,000,06,0,1,01,A01
200900013832,0,07,000,00,1,0,16,A01
200900013833,0,07,000,00,2,1,01,B02
200900013833,0,02,000,00,2,1,20,A01
200900013834,0,07,000,00,2,2,01,B01
200900013834,0,07,000,00,2,0,16,A01
200900013835,0,07,000,14,0,0,15,A01
200900013836,0,07,000,00,2,4,01,B02
200900013836,0,07,000,00,2,1,01,C03
200900013836,0,38,001,00,2,4,15,A01
200900013837,0,07,000,05,0,1,00,A01
200900013838,0,32,000,00,1,1,01,A01
200900013839,0,07,000,00,2,3,02,B02
200900013839,0,07,000,00,2,3,13,A01
200900013840,0,10,000,00,2,0,01,B01
200900013840,0,02,000,01,2,0,01,A01
200900013841,0,33,000,00,2,0,17,A01
200900013841,0,07,000,00,2,3,15,B01
200900013842,0,07,000,06,0,0,01,A01
200900013843,0,10,000,00,2,3,19,B02
200900013843,0,10,000,00,2,2,01,A01
200900013844,0,07,000,00,2,4,02,C01
200900013844,0,07,000,00,2,1,02,A01
200900013844,0,07,000,00,2,4,02,B01
200900013845,0,07,000,00,2,3,01,A01
200900013846,0,07,000,04,0,9,00,A01
200900013847,0,07,000,00,2,2,15,B02
200900013847,0,30,000,00,2,8,15,A01
200900013848,0,07,000,00,2,1,01,A01
200900013848,0,07,000,00,2,0,00,B01
200900013849,0,07,000,00,1,4,20,A01
200900013850,0,07,000,00,1,3,01,A01
200900013851,0,07,000,00,2,4,01,B02
200900013851,0,33,000,00,2,1,01,A01
200900013852,0,07,000,00,2,1,01,B02
200900013852,2,07,000,00,2,8,15,A01
200900013853,0,07,000,06,0,0,01,A01
200900013854,0,07,000,00,1,0,01,A01
200900013855,2,07,000,00,2,1,13,A01
200900013855,0,07,000,00,2,1,01,B01
200900013856,0,30,000,02,0,1,00,A01
200900013857,0,07,000,13,2,8,01,B01
200900013857,0,07,000,00,2,3,01,A01
200900013858,0,07,000,00,1,5,01,A01
200900013859,0,30,000,00,2,4,23,C01
200900013859,0,07,000,00,2,4,23,D01
200900013859,0,07,000,00,2,4,23,B01
200900013859,0,10,000,00,2,1,02,A01
200900013860,0,07,000,03,0,1,01,A01
200900013861,0,07,000,13,0,9,17,A01
200900013862,0,07,000,00,0,0,00,A01
200900013863,0,13,000,00,2,2,01,B02
200900013863,0,07,000,00,2,3,15,A01
200900013864,0,07,000,06,0,1,01,A01
200900013865,0,38,006,00,2,8,01,B01
200900013865,0,07,000,00,2,8,12,A01
200900013866,0,07,000,00,2,1,20,B01
200900013866,0,07,000,00,2,0,04,A01
200900013867,0,07,000,00,0,0,01,A01
200900013868,0,07,000,00,0,5,15,A01
200900013868,0,07,000,00,0,3,01,B02
200900013869,0,07,000,00,2,3,01,B02
200900013869,0,34,000,00,2,1,13,A01
200900013870,0,07,000,00,1,1,01,A01
200900013871,0,34,000,00,2,1,01,B01
200900013871,0,07,000,00,2,3,11,A01
200900013872,0,34,000,00,2,1,01,B01
200900013872,0,07,000,00,2,7,11,A01
200900013873,0,07,000,00,2,0,09,B01
200900013873,0,32,000,00,2,0,01,A01
200900013874,0,33,000,00,2,1,17,A01
200900013874,0,07,000,00,2,3,15,B02
200900013875,0,10,000,00,2,3,01,B02
200900013875,0,07,000,00,2,3,01,A01
200900013876,0,14,000,00,2,0,00,A01
200900013876,0,07,000,00,9,2,00,B02
200900013877,0,07,000,00,2,6,01,B01
200900013877,0,07,000,00,2,0,01,C01
200900013877,0,07,000,00,2,0,17,A01
200900013878,0,07,000,00,1,0,04,A01
200900013879,0,07,000,00,2,0,00,A01
200900013879,0,07,000,00,0,0,00,B01
200900013880,0,10,000,00,1,0,04,A01
200900013881,0,07,000,00,2,4,02,B01
200900013881,0,07,000,00,2,1,02,A01
200900013882,0,32,000,00,0,0,01,A01
200900013883,0,07,000,,,1,01,B02
200900013883,0,33,000,00,2,0,01,A01
200900013884,0,07,000,14,0,1,02,A01
200900013884,0,07,000,00,0,2,02,C03
200900013884,0,07,000,14,0,1,02,B02
200900013885,0,07,000,00,2,4,12,A01
200900013885,0,34,000,00,2,1,01,B01
200900013886,0,07,000,06,0,1,01,A01
200900013887,0,07,000,01,0,0,14,A01
200900013888,0,32,000,00,1,0,01,A01
200900013889,0,07,000,00,0,9,01,A01
200900013890,0,31,000,00,2,1,13,A01
200900013890,1,07,000,00,0,0,17,C01
200900013890,0,34,000,00,2,1,01,B01
200900013891,0,02,000,16,0,1,15,A01
200900013892,0,07,000,00,2,1,01,C01
200900013892,0,07,000,00,0,4,01,D01
200900013892,0,07,000,00,2,1,01,A01
200900013892,0,07,000,00,2,1,01,B01
200900013893,0,07,000,00,0,2,01,A01
200900013894,0,07,000,00,0,7,01,A01
200900013894,0,07,000,00,2,1,16,B01
200900013895,0,30,000,13,0,2,14,A01
200900013896,0,02,000,16,0,8,01,A01
200900013897,0,07,000,00,1,1,01,A01
200900013898,0,02,000,00,2,1,01,A01
200900013898,0,07,000,00,0,0,01,B01
200900013899,0,02,000,00,2,1,01,A01
200900013899,0,07,000,00,0,3,01,B01
200900013900,0,07,000,00,2,3,13,A01
200900013900,0,07,000,00,2,3,01,B02
200900013901,0,07,000,00,4,0,01,A01
200900013901,0,40,000,00,2,1,01,B01
200900013902,0,07,000,00,1,1,01,A01
200900013903,0,07,000,00,1,7,01,A01
200900013904,0,10,000,00,0,3,00,A01
200900013905,0,02,000,16,0,7,01,A01
200900013906,0,07,000,00,0,4,01,B01
200900013906,0,07,000,00,2,1,01,A01
200900013906,1,07,000,00,2,4,04,Z02
200900013906,0,07,000,00,2,1,01,C01
200900013906,0,07,000,00,2,1,01,E01
200900013906,0,07,000,00,2,1,01,D01
200900013906,0,07,000,00,2,2,01,G02
200900013907,0,07,000,00,1,1,01,A01
200900013908,0,07,000,16,1,1,01,A01
200900013909,0,07,000,00,2,1,01,A01
200900013909,0,07,000,00,2,1,01,C01
200900013909,0,07,000,00,2,1,01,B01
200900013910,0,02,000,00,2,1,01,A01
200900013910,0,07,000,00,0,7,01,B01
200900013911,0,07,000,00,2,1,01,C03
200900013911,0,10,000,00,2,3,01,B02
200900013911,0,07,000,00,2,3,13,A01
200900013912,0,15,000,00,2,8,01,A01
200900013912,0,07,000,00,0,1,01,B01
200900013913,0,10,000,00,0,2,15,A01
200900013913,0,02,000,00,2,1,01,B02
200900013914,0,38,000,00,0,3,15,A01
200900013914,0,07,000,00,0,2,01,B02
200900013915,0,07,000,00,0,0,01,B01
200900013915,0,07,000,00,2,1,15,A01
200900013916,0,07,000,00,2,2,15,A01
200900013916,0,02,000,00,2,1,01,B02
200900013917,0,02,000,00,2,1,01,B02
200900013917,0,07,000,00,2,8,15,A01
200900013918,0,07,000,04,0,1,01,A01
200900013919,0,02,000,16,0,8,01,A01
200900013920,0,07,000,00,2,3,01,A01
200900013920,0,02,000,00,0,8,01,B01
200900013921,0,07,000,00,0,4,01,B01
200900013921,0,07,000,00,2,1,13,A01
200900013922,0,07,000,00,1,4,20,A01
200900013923,0,07,000,01,0,8,01,B01
200900013923,0,07,000,00,2,2,01,A01
200900013924,0,37,001,00,0,0,01,A01
200900013925,0,07,000,00,2,3,13,B02
200900013925,0,07,000,00,2,3,01,A01
200900013926,0,07,000,08,0,1,14,A01
200900013927,0,07,000,00,2,0,10,A01
200900013927,0,33,000,00,2,0,01,B01
200900013928,0,07,000,00,0,8,10,A01
200900013928,0,33,000,00,2,1,17,B02
200900013929,0,30,000,00,1,0,17,A01
200900013930,0,07,000,00,2,1,02,A01
200900013930,0,07,000,00,2,4,02,B02
200900013931,0,07,000,00,2,3,19,A01
200900013931,0,33,000,00,2,1,01,B02
200900013932,0,33,000,00,0,1,01,B02
200900013932,0,07,000,00,2,6,01,A01
200900013933,0,07,000,14,2,1,13,A01
200900013933,0,07,000,00,2,1,01,B01
200900013934,0,07,000,10,0,3,13,A01
200900013935,0,07,000,01,0,1,20,A01
200900013936,0,07,000,00,2,0,11,A01
200900013936,0,33,000,00,2,8,17,B01
200900013937,0,07,000,00,2,9,01,A01
200900013937,0,07,000,00,2,0,09,B01
200900013938,0,07,000,00,6,1,01,A01
200900013939,0,07,000,00,2,3,16,A01
200900013939,0,07,000,00,2,7,00,B02
200900013940,0,07,000,00,2,3,01,B02
200900013940,0,07,000,00,2,3,13,A01
200900013941,0,07,000,00,2,1,01,B01
200900013941,0,07,000,00,2,1,17,A01
200900013942,0,07,000,00,2,0,02,B01
200900013942,1,07,000,00,2,0,02,A01
200900013943,0,07,000,08,2,3,11,A01
200900013943,0,07,000,00,0,0,09,B02
200900013944,0,07,000,00,2,8,01,B01
200900013944,0,33,000,00,2,7,00,A01
200900013945,0,07,000,00,2,2,15,A01
200900013945,0,07,000,06,2,1,01,B02
200900013946,0,07,000,00,1,0,20,A01
200900013947,0,30,000,00,2,1,01,A01
200900013947,0,07,000,00,2,3,09,B01
200900013948,0,07,000,00,0,0,09,A01
200900013948,0,07,000,00,2,0,01,B01
200900013949,0,07,000,06,0,1,00,A01
200900013950,0,07,000,00,2,1,01,B01
200900013950,0,07,000,00,2,1,01,A01
200900013951,0,14,000,00,2,3,01,B02
200900013951,0,07,000,00,2,1,01,A01
200900013952,0,02,000,00,2,7,00,A01
200900013952,0,07,000,00,2,1,01,B01
200900013953,0,07,000,00,1,1,01,A01
200900013954,0,07,000,13,2,2,14,A01
200900013954,0,10,000,00,2,1,01,B02
200900013955,0,07,000,01,2,2,01,B01
200900013955,0,07,000,00,2,2,01,A01
200900013956,0,07,000,00,1,1,01,A01
200900013957,0,07,000,14,0,2,01,A01
200900013958,0,01,000,00,2,0,00,A01
200900013958,0,07,000,00,2,3,01,B01
200900013959,0,07,000,00,2,3,00,A01
200900013959,0,30,000,00,2,7,01,B01
200900013960,0,07,000,00,1,2,01,A01
200900013961,0,07,000,00,1,1,01,A01
200900013962,0,07,000,00,2,8,22,A01