Num_Acc,senc,catv,occutc,obs,obsm,choc,manv,num_veh
200900013962,0,01,000,00,0,7,01,B01
200900013963,0,07,000,00,1,1,01,A01
200900013964,0,01,000,00,0,0,01,B01
200900013964,0,07,000,00,2,1,01,A01
200900013965,0,07,000,00,2,3,01,A01
200900013965,0,02,000,00,2,2,01,B01
200900013966,0,07,000,00,1,1,01,A01
200900013967,0,07,000,00,2,1,01,A01
200900013967,0,07,000,00,0,8,15,B01
200900013968,0,07,000,00,2,4,01,C01
200900013968,0,07,000,00,2,1,01,A01
200900013968,0,07,000,00,2,4,02,B01
200900013969,0,07,000,00,2,3,15,A01
200900013969,0,02,000,00,0,1,01,B01
200900013970,0,07,000,00,2,2,01,B01
200900013970,0,10,000,00,0,8,01,A01
200900013971,0,17,000,00,2,6,13,A01
200900013971,0,07,000,00,0,8,01,B01
200900013972,0,07,000,06,0,2,01,A01
200900013973,0,07,000,00,2,3,00,B01
200900013973,0,07,000,00,2,1,00,A01
200900013974,0,07,000,00,0,8,01,B01
200900013974,2,07,000,00,2,1,01,A01
200900013975,0,07,000,00,1,1,01,A01
200900013976,0,30,000,00,2,1,00,A01
200900013976,0,07,000,00,2,0,00,B01
200900013977,0,07,000,00,2,3,15,B01
200900013977,0,07,000,00,2,1,01,A01
200900013978,0,07,000,13,0,1,01,A01
200900013979,0,31,000,00,2,1,02,B02
200900013979,0,15,000,00,2,1,23,C03
200900013979,0,07,000,00,2,6,15,A01
200900013980,0,07,000,00,2,8,01,A01
200900013980,0,01,000,00,2,1,19,B02
200900013981,0,33,000,00,2,1,01,B01
200900013981,0,07,000,00,0,7,15,A01
200900013982,0,07,000,00,2,1,15,A01
200900013982,0,02,000,00,2,1,01,B01
200900013983,0,32,000,00,2,1,17,A01
200900013983,0,07,000,00,0,8,15,B01
200900013984,0,07,000,02,0,8,01,A01
200900013985,0,01,000,01,0,1,01,B01
200900013985,0,07,000,00,0,8,22,A01
200900013986,0,07,000,00,2,2,01,B02
200900013986,0,01,000,00,2,1,13,A01
200900013987,0,07,000,00,0,4,01,B01
200900013987,0,07,000,00,2,1,02,A01
200900013988,0,33,000,03,0,8,01,A01
200900013989,0,07,000,08,1,1,13,A01
200900013990,0,10,000,00,2,8,15,B02
200900013990,0,33,000,00,2,7,17,A01
200900013991,0,02,000,00,2,7,01,B01
200900013991,0,07,000,00,2,1,09,A01
200900013992,0,01,000,00,0,4,11,B02
200900013992,0,10,000,00,2,3,02,A01
200900013993,0,07,000,00,0,8,00,C03
200900013993,0,07,000,00,2,3,15,B02
200900013993,0,31,000,01,2,2,17,A01
200900013994,0,33,000,02,0,1,17,A01
200900013995,0,99,000,00,2,3,13,B02
200900013995,0,99,000,00,2,3,00,A01
200900013996,0,10,000,02,0,3,14,A01
200900013997,0,07,000,00,0,6,02,B02
200900013997,0,33,000,09,2,1,00,A01
200900013998,0,07,000,00,2,1,00,A01
200900013998,0,02,000,00,2,1,01,B01
200900013999,0,07,000,00,0,3,02,A01
200900013999,0,07,000,00,0,5,02,B01
200900014000,0,10,000,00,2,6,02,B01
200900014000,0,07,000,00,2,2,02,A01
200900014001,0,07,000,00,2,1,00,A01
200900014001,0,07,000,00,2,9,01,C01
200900014001,0,07,000,00,2,1,01,B01
200900014002,0,34,000,00,2,8,01,B01
200900014002,0,07,000,00,2,5,12,A01
200900014003,0,07,000,00,0,4,02,D01
200900014003,0,07,000,00,2,4,02,C01
200900014003,0,07,000,00,2,1,02,B01
200900014003,0,07,000,00,2,1,02,A01
200900014004,0,07,000,00,2,4,02,B01
200900014004,0,07,000,00,0,4,02,C01
200900014004,0,07,000,00,2,1,02,A01
200900014005,0,34,000,00,2,5,03,A01
200900014005,0,07,000,00,0,5,01,B01
200900014006,0,07,000,00,2,1,02,A01
200900014006,0,07,000,00,2,4,02,B01
200900014007,0,07,000,04,0,2,17,A01
200900014008,0,33,000,00,0,7,16,A01
200900014009,0,07,000,00,0,3,01,B01
200900014009,0,07,000,04,2,1,00,A01
200900014010,0,33,000,16,0,7,01,A01
200900014011,0,07,000,00,0,8,01,A01
200900014012,0,07,000,00,2,1,02,A01
200900014012,0,07,000,00,2,4,02,C01
200900014012,0,07,000,00,2,4,02,B01
200900014013,0,07,000,00,2,1,02,A01
200900014013,0,07,000,00,0,4,02,C01
200900014013,0,07,000,00,2,4,02,B01
200900014014,0,07,000,00,0,2,12,B01
200900014014,0,33,000,03,0,3,03,A01
200900014015,0,07,000,03,0,7,00,A01
200900014016,0,34,000,00,0,0,01,A01
200900014017,0,07,000,03,0,3,12,A01
200900014018,0,07,000,00,2,4,02,C01
200900014018,0,07,000,00,2,4,02,B01
200900014018,0,07,000,00,0,4,02,D01
200900014018,0,07,000,00,2,1,02,A01
200900014019,0,10,000,00,2,1,02,A01
200900014019,0,10,000,00,0,4,02,B01
200900014020,0,33,000,00,0,2,01,B01
200900014020,0,07,000,00,2,3,11,A01
200900014021,0,07,000,00,2,1,02,A01
200900014021,0,07,000,00,2,1,02,D01
200900014021,0,10,000,00,2,1,02,C01
200900014021,0,07,000,00,0,4,02,B01
200900014022,0,07,000,00,0,0,01,A01
200900014023,0,07,000,00,2,1,01,A01
200900014023,0,07,000,00,2,2,02,B01
200900014024,0,07,000,00,0,4,01,B01
200900014024,0,07,000,00,2,6,01,A01
200900014025,0,07,000,00,2,1,01,A01
200900014025,0,07,000,00,0,4,02,C01
200900014025,0,07,000,00,0,8,01,D01
200900014025,0,07,000,00,2,4,02,B01
200900014026,0,33,000,00,0,0,01,C01
200900014026,0,07,000,00,1,7,01,A01
200900014026,0,32,000,00,0,7,01,B01
200900014027,0,07,000,00,0,4,02,B01
200900014027,0,07,000,01,0,1,02,A01
200900014028,0,33,000,01,0,1,21,A01
200900014028,0,07,000,00,0,6,23,B01
200900014029,0,33,000,14,0,1,02,A01
200900014030,0,07,000,00,0,4,02,C01
200900014030,0,07,000,00,2,4,02,B01
200900014030,0,07,000,00,2,1,02,A01
200900014031,0,15,000,00,2,1,02,A01
200900014031,0,07,000,00,0,4,02,B01
200900014032,0,07,000,00,0,4,02,C01
200900014032,0,07,000,00,0,4,02,B01
200900014032,0,07,000,00,0,1,02,A01
200900014033,0,07,000,03,2,7,12,A01
200900014033,0,07,000,03,0,3,01,B01
200900014034,1,07,000,00,0,1,02,A01
200900014034,0,07,000,14,0,4,02,B01
200900014034,0,07,000,00,0,4,02,C01
200900014035,0,32,000,00,0,8,01,B01
200900014035,0,07,000,00,2,7,12,A01
200900014036,0,07,000,03,0,3,00,A01
200900014037,0,32,000,00,2,8,01,B01
200900014037,0,07,000,03,2,5,12,A01
200900014038,0,07,000,00,0,4,02,B01
200900014038,0,07,000,00,0,1,02,A01
200900014038,0,07,000,00,0,4,02,C01
200900014039,0,07,000,00,0,6,11,A01
200900014039,0,33,000,00,2,1,21,B01
200900014040,0,07,000,00,2,3,19,B02
200900014040,2,07,000,14,0,2,01,A01
200900014041,0,07,000,00,2,2,16,B02
200900014041,0,33,000,00,2,1,05,A01
200900014042,0,07,000,00,2,1,01,A01
200900014042,0,07,000,00,2,4,01,B02
200900014043,0,07,000,02,0,9,14,A01
200900014044,0,07,000,00,0,1,01,A01
200900014044,0,10,000,00,0,4,15,B02
200900014045,0,07,000,13,0,1,14,A01
200900014046,0,07,000,00,2,1,15,B02
200900014046,0,02,000,00,2,1,01,A01
200900014047,0,30,000,00,2,2,01,A01
200900014047,0,07,000,00,2,3,19,B02
200900014048,0,07,000,00,1,1,01,A01
200900014049,0,33,000,13,0,5,01,A01
200900014050,0,33,000,00,2,1,01,A01
200900014050,0,10,000,00,2,7,15,B01
200900014051,0,13,000,00,1,0,11,A01
200900014052,0,07,000,00,2,3,17,A01
200900014052,0,07,000,02,2,8,17,B02
200900014053,0,07,000,00,2,6,23,C01
200900014053,0,07,000,00,2,1,17,A01
200900014053,0,07,000,00,2,1,01,B01
200900014054,0,07,000,00,2,1,15,B01
200900014054,0,02,000,00,2,3,01,A01
200900014055,0,07,000,03,2,0,13,A01
200900014055,0,07,000,00,2,8,17,B01
200900014056,0,36,000,13,0,0,14,A01
200900014057,0,07,000,00,2,0,23,F02
200900014057,0,07,000,00,2,4,01,D01
200900014057,0,07,000,03,2,4,23,C01
200900014057,0,07,000,00,2,0,23,E01
200900014057,0,07,000,00,2,0,23,B01
200900014057,0,07,000,03,2,3,01,A01
200900014058,0,99,000,00,1,0,00,A01
200900014059,0,07,000,03,0,3,01,A01
200900014060,0,07,000,02,0,1,14,A01
200900014061,0,10,000,13,0,3,01,A01
200900014062,0,07,000,00,2,1,13,A01
200900014062,0,07,000,00,2,1,23,B02
200900014063,0,07,000,00,2,1,01,B02
200900014063,0,07,000,00,2,5,15,A01
200900014064,0,07,000,00,2,2,15,A01
200900014064,0,02,000,00,2,1,01,B02
200900014065,0,07,000,00,2,2,19,A01
200900014065,0,07,000,00,2,1,01,B02
200900014066,0,07,000,00,2,3,09,A01
200900014066,0,02,000,00,2,5,12,B02
200900014067,0,02,000,00,2,1,01,C01
200900014067,0,10,000,00,2,4,00,B01
200900014067,0,07,000,00,2,1,01,A01
200900014068,0,07,000,00,2,1,01,A01
200900014068,0,01,000,00,2,2,21,B01
200900014069,0,01,000,00,0,1,01,A01
200900014070,0,07,000,00,2,1,00,B01
200900014070,0,30,000,00,2,7,00,A01
200900014071,0,07,000,00,2,0,00,A01
200900014072,0,07,000,00,1,0,00,A01
200900014073,0,30,000,00,0,0,00,A01
200900014073,0,07,000,00,0,0,00,B01
200900014074,0,07,000,01,0,0,00,A01
200900014075,0,07,000,00,2,3,19,A01
200900014075,0,07,000,00,2,2,01,B01
200900014076,0,07,000,00,2,1,01,A01
200900014076,0,07,000,00,2,4,01,B01
200900014076,0,07,000,00,2,4,01,C01
200900014077,0,07,000,02,0,2,01,A01
200900014078,0,07,000,00,2,2,01,B01
200900014078,0,07,000,00,2,1,15,A01
200900014079,0,13,000,00,2,7,01,A01
200900014079,0,33,000,00,2,7,02,B01
200900014080,0,07,000,00,0,0,00,B01
200900014080,0,07,000,00,0,0,00,A01
200900014081,0,07,000,00,0,0,00,A01
200900014082,0,07,000,03,0,1,01,A01
200900014083,0,07,000,00,1,2,01,A01
200900014084,0,02,000,14,0,7,17,A01
200900014084,0,07,000,00,2,7,23,B01
200900014085,0,37,020,00,1,1,01,A01
200900014086,0,02,000,06,0,2,14,A01
200900014087,0,32,000,00,1,0,01,A01
200900014088,0,07,000,00,2,4,01,A01
200900014088,0,33,000,00,2,1,00,B01
200900014089,0,02,000,00,1,1,17,A01
200900014090,0,07,000,04,0,1,13,A01
200900014091,0,07,000,06,0,2,14,A01
200900014092,0,33,000,11,0,1,00,A01
200900014093,0,07,000,00,2,8,15,B01
200900014093,0,30,000,00,2,2,17,A01
200900014094,0,07,000,00,2,1,01,A01
200900014094,0,07,000,00,2,1,15,B01
200900014095,0,07,000,11,0,0,00,A01
200900014096,0,30,000,00,2,1,02,A01
200900014096,0,10,000,00,0,4,02,B01
200900014097,0,07,000,00,1,1,15,A01
200900014098,0,33,000,00,0,0,00,A01
200900014099,0,34,000,00,2,4,12,B01
200900014099,0,07,000,00,2,1,01,A01
200900014100,0,30,000,00,2,4,01,A01
200900014100,0,07,000,00,0,4,23,B01
200900014101,0,07,000,00,2,1,01,B01
200900014101,0,02,000,00,2,7,15,A01
200900014102,0,07,000,00,1,1,01,A01
200900014103,0,07,000,00,1,2,15,A01
200900014104,0,07,000,00,2,1,02,A01
200900014104,0,07,000,00,2,4,02,B01
200900014105,0,07,000,00,2,3,01,B01
200900014105,0,07,000,00,2,1,21,A01
200900014106,0,32,000,00,0,1,01,A01
200900014107,0,07,000,00,2,1,01,B01
200900014107,0,07,000,00,2,7,15,A01
200900014108,0,07,000,00,2,3,15,A01
200900014108,0,30,000,00,2,1,01,B01
200900014109,0,07,000,06,0,2,14,A01
200900014110,0,31,000,00,2,1,08,B01
200900014110,0,07,000,00,2,5,15,A01
200900014111,0,07,000,00,1,0,00,A01
200900014112,0,33,000,00,2,7,17,A01
200900014112,0,07,000,00,2,8,15,B01
200900014113,0,07,000,00,2,1,02,B01
200900014113,0,07,000,00,2,7,02,A01
200900014114,0,07,000,00,2,3,13,A01
200900014114,0,07,000,00,2,8,01,B01
200900014115,0,30,000,00,1,1,18,A01
200900014116,0,07,000,15,0,2,14,A01
200900014117,0,07,000,00,1,3,01,A01
200900014118,0,07,000,00,1,1,01,A01
200900014119,0,31,000,00,2,8,13,A01
200900014119,0,30,000,00,2,1,01,B01
200900014120,0,07,000,00,2,1,00,A01
200900014120,0,07,000,00,2,8,01,B01
200900014121,0,07,000,00,2,3,10,A01
200900014121,0,33,000,00,2,5,02,B01
200900014122,0,07,000,00,1,2,01,A01
200900014123,0,07,000,00,2,3,01,B01
200900014123,0,02,000,00,2,1,01,A01
200900014124,0,02,000,00,2,1,01,A01
200900014124,0,07,000,00,2,8,01,B01
200900014125,0,10,000,02,0,1,10,A01
200900014126,0,07,000,00,2,1,09,A01
200900014126,0,07,000,00,2,1,01,B01
200900014127,0,32,000,00,2,1,01,B01
200900014127,0,07,000,00,2,2,09,A01
200900014128,0,10,000,00,1,3,01,A01
200900014129,0,07,000,00,2,5,23,B01
200900014129,0,30,000,00,2,1,02,A01
200900014130,0,07,000,00,1,7,01,A01
200900014131,0,07,000,00,2,1,01,B01
200900014131,0,07,000,00,2,7,01,A01
200900014132,0,07,000,03,0,1,14,A01
200900014133,0,07,000,00,1,8,01,A01
200900014134,0,07,000,00,2,8,01,A01
200900014134,0,07,000,00,2,1,01,B01
200900014135,0,30,000,00,2,1,13,A01
200900014135,0,07,000,00,0,3,01,B01
200900014136,0,07,000,00,2,1,00,A01
200900014136,0,07,000,00,2,4,01,B01
200900014137,0,14,000,00,0,0,23,A01
200900014138,0,07,000,00,2,3,00,B01
200900014138,0,07,000,00,2,3,00,A01
200900014139,0,07,000,00,2,1,13,A01
200900014139,0,07,000,11,2,3,01,B01
200900014140,0,07,000,00,1,1,01,A01
200900014141,0,07,000,01,2,1,01,A01
200900014141,0,10,000,01,2,6,09,B01
200900014142,0,07,000,00,1,2,01,A01
200900014143,0,02,000,00,2,6,01,B01
200900014143,0,07,000,00,2,3,15,A01
200900014144,0,07,000,00,1,1,01,A01
200900014145,0,07,000,00,2,7,15,A01
200900014145,0,37,001,00,2,2,01,B01
200900014146,0,07,000,00,2,1,09,A01
200900014146,0,33,000,07,2,7,01,B01
200900014147,0,07,000,00,2,6,01,B01
200900014147,0,07,000,00,2,3,01,C01
200900014147,0,32,000,00,2,1,01,A01
200900014148,0,07,000,00,0,1,00,B01
200900014148,0,31,000,00,2,1,00,A01
200900014149,0,07,000,00,2,2,01,A01
200900014149,0,13,000,00,2,1,01,B01
200900014150,1,07,000,00,1,0,00,Z01
200900014151,0,07,000,00,2,1,01,B01
200900014151,0,07,000,00,2,7,01,A01
200900014152,0,07,000,00,1,1,00,A01
200900014153,0,02,000,01,0,1,01,A01
200900014153,0,03,000,00,0,4,24,B01
200900014154,0,07,000,00,0,4,01,B01
200900014154,0,32,000,00,2,1,21,A01
200900014155,0,07,000,00,1,1,01,A01
200900014156,0,02,000,00,2,9,01,A01
200900014156,1,07,000,00,2,0,15,B01
200900014157,0,30,000,00,0,7,01,B01
200900014157,0,07,000,00,2,1,01,A01
200900014158,0,32,000,00,0,3,01,B01
200900014158,0,07,000,00,0,0,15,A01
200900014159,0,07,000,00,2,2,01,A01
200900014159,0,07,000,00,2,8,16,B01
200900014160,0,07,000,00,2,1,15,A01
200900014160,0,32,000,00,2,1,01,B01
200900014161,0,07,000,00,2,8,20,A01
200900014161,0,32,000,00,2,1,01,B01
200900014162,0,07,000,08,0,9,01,A01
200900014163,0,02,000,00,1,2,02,A01
200900014164,0,31,000,00,2,8,01,B01
200900014164,0,07,000,00,2,6,04,A01
200900014165,0,07,000,00,2,1,01,A01
200900014165,0,07,000,00,2,4,01,B01
200900014166,0,02,000,00,2,1,01,A01
200900014166,0,07,000,00,0,6,01,B01
200900014167,0,02,000,00,1,0,21,A01
200900014168,0,02,000,00,2,1,01,A01
200900014168,0,07,000,00,2,1,01,B01
200900014169,0,02,000,00,2,1,09,B01
200900014169,0,07,000,00,2,2,02,A01
200900014170,0,33,000,00,2,1,01,B01
200900014170,0,07,000,00,2,1,15,A01
200900014171,0,33,000,00,2,1,01,B01
200900014171,1,07,000,00,2,3,16,Z01
200900014172,0,07,000,00,2,2,00,B01
200900014172,0,30,000,01,2,3,00,A01
200900014173,0,30,000,00,2,1,18,A01
200900014173,0,10,000,00,2,2,16,B01
200900014174,0,07,000,00,2,8,15,A01
200900014174,0,33,000,00,2,1,01,B01
200900014175,0,07,000,00,2,8,11,A01
200900014175,0,02,000,00,2,2,01,B01
200900014176,0,32,000,00,1,1,18,A01
200900014177,0,32,000,00,2,1,17,A01
200900014177,0,07,000,00,2,3,17,B01
200900014178,0,07,000,00,2,1,13,A01
200900014178,0,99,000,00,2,1,01,B01
200900014179,0,13,000,00,1,0,02,A01
200900014180,0,02,000,00,2,1,01,A01
200900014180,0,07,000,00,0,4,23,B01
200900014181,0,07,000,00,2,3,10,A01
200900014181,0,02,000,00,2,2,17,B01
200900014182,0,37,001,00,1,1,15,A01
200900014183,0,07,000,00,2,7,15,A01
200900014183,0,30,000,00,2,1,01,B01
200900014184,0,07,000,00,2,8,01,B01
200900014184,0,10,000,00,2,7,01,C01
200900014184,0,32,000,00,2,2,00,A01
200900014185,0,07,000,00,2,3,01,A01
200900014185,0,31,000,00,2,4,01,B01
200900014186,0,02,000,00,0,0,00,A01
200900014187,0,33,000,00,0,0,00,A01
200900014188,0,07,000,00,2,5,02,A01
200900014188,0,33,000,00,2,1,02,B01
200900014189,0,07,000,00,1,1,01,A01
200900014190,0,07,000,00,2,1,02,A01
200900014190,0,07,000,00,2,1,00,B01
200900014190,0,07,000,00,2,7,00,C01
200900014191,0,02,000,14,0,1,01,A01
200900014191,0,07,000,14,2,1,01,B01
200900014191,0,07,000,00,0,0,01,C01
200900014192,1,07,000,14,0,1,01,A01
200900014192,0,07,000,00,2,4,02,B01
200900014193,0,07,000,00,1,1,00,A01
200900014194,0,07,000,00,2,2,17,B01
200900014194,0,07,000,00,2,8,15,A01
200900014195,0,07,000,00,2,4,01,B01
200900014195,0,07,000,00,2,1,00,A01
200900014196,0,07,000,06,0,6,01,A01
200900014197,0,33,000,00,2,3,09,B01
200900014197,0,32,000,00,2,1,17,A01
200900014198,0,07,000,12,0,2,00,A01
200900014199,0,33,000,06,0,7,00,A01
200900014200,0,31,000,00,2,1,01,A01
200900014200,0,07,000,00,2,2,15,B02
200900014201,0,07,000,00,1,2,01,A01
200900014202,0,02,000,00,0,0,01,A01
200900014203,0,07,000,00,2,3,13,A01
200900014203,0,14,000,00,0,3,01,B02
200900014204,0,30,000,00,2,1,17,A01
200900014204,0,07,000,00,2,1,15,B02
200900014205,0,07,000,00,1,3,01,A01
200900014206,0,10,000,00,2,1,13,B02
200900014206,0,10,000,00,2,1,01,A01
200900014207,0,31,000,00,1,1,00,A01
200900014208,0,34,000,00,2,1,17,B02
200900014208,0,07,000,00,0,6,02,A01
200900014209,0,07,000,00,1,4,20,A01
200900014210,0,07,000,00,2,2,02,B02
200900014210,0,07,000,00,0,6,02,A01
200900014211,0,14,000,01,1,2,14,A01
200900014211,0,10,000,02,1,4,24,B02
200900014212,0,32,000,00,2,7,17,A01
200900014212,0,07,000,00,2,3,15,B02
200900014213,0,38,002,00,1,0,01,A01
200900014214,0,07,000,00,2,5,01,B01
200900014214,0,07,000,00,2,6,04,A01
200900014215,0,07,000,00,2,3,01,B01
200900014215,0,02,000,00,2,1,12,A01
200900014216,0,07,000,00,1,3,04,A01
200900014217,0,07,000,00,1,2,01,A01
200900014218,0,07,000,00,2,1,15,A01
200900014218,0,33,000,00,2,1,01,B01
200900014219,0,31,000,00,2,1,01,B01
200900014219,0,07,000,00,2,6,10,A01
200900014220,0,07,000,00,2,7,15,A01
200900014220,0,31,000,00,2,1,01,B01
200900014221,0,07,000,00,2,8,01,B01
200900014221,0,07,000,00,2,7,01,A01
200900014222,0,07,000,00,2,1,15,A01
200900014222,0,31,000,00,2,1,01,B01
200900014223,0,07,000,00,1,1,15,A01
200900014224,0,17,000,00,1,1,15,A01
200900014225,0,07,000,00,2,6,02,B01
200900014225,0,30,000,00,2,1,02,A01
200900014225,0,07,000,00,2,3,23,C01
200900014226,0,07,000,00,1,2,09,A01
200900014227,0,07,000,00,2,2,16,B01
200900014227,0,02,000,00,2,1,01,A01
200900014228,0,38,001,09,1,3,20,A01
200900014229,1,07,000,00,1,7,01,A01
200900014230,0,02,000,00,1,1,01,A01
200900014231,0,02,000,00,2,1,02,B01
200900014231,0,07,000,00,2,2,12,A01
200900014232,0,02,000,00,2,1,02,A01
200900014232,0,07,000,00,2,4,02,B01
200900014233,0,32,000,12,0,2,01,A01
200900014234,0,07,000,00,2,2,13,A01
200900014234,0,31,000,00,0,1,01,B01
200900014235,0,02,000,00,1,0,01,A01
200900014236,0,07,000,00,1,3,01,A01
200900014237,0,07,000,00,0,3,15,A01
200900014237,0,30,000,00,2,1,01,B01
200900014238,0,07,000,00,2,1,01,A01
200900014238,0,07,000,00,0,4,01,B01
200900014239,0,07,000,01,0,0,01,A01
200900014240,0,07,000,00,2,3,00,A01
200900014240,0,07,000,00,2,0,00,B01
200900014241,0,07,000,06,0,3,13,A01
200900014242,0,07,000,00,2,8,15,A01
200900014242,0,07,000,00,2,1,01,B01
200900014243,0,30,000,01,0,1,00,A01
200900014243,0,07,000,00,2,6,23,B02
200900014244,0,07,000,00,2,3,16,A01
200900014244,0,02,000,00,2,4,01,B02
200900014245,0,33,000,00,1,1,01,A01
200900014246,0,07,000,00,1,1,16,A01
200900014247,0,31,000,00,0,1,01,A01
200900014248,0,07,000,00,2,2,15,A01
200900014248,0,32,000,00,2,1,01,B01
200900014249,0,07,000,00,1,1,15,A01
200900014250,0,32,000,00,1,2,01,A01
200900014251,0,07,000,03,0,1,13,A01
200900014252,0,32,000,00,2,7,01,B01
200900014252,0,07,000,00,2,3,09,A01
200900014253,0,07,000,00,2,1,01,B01
200900014253,0,07,000,00,2,7,01,A01
200900014254,0,07,000,00,2,1,01,A01
200900014254,0,07,000,00,2,7,15,B01
200900014254,0,07,000,00,2,8,23,C01
200900014255,0,32,000,00,2,1,01,B01
200900014255,0,07,000,00,0,3,15,A01
200900014256,0,07,000,00,2,6,23,B01
200900014256,0,32,000,00,2,1,01,A01
200900014257,0,07,000,00,2,3,00,A01
200900014257,0,02,000,00,2,1,00,B01
200900014258,0,33,000,08,0,1,00,A01
200900014259,0,10,000,00,2,0,16,B01
200900014259,0,02,000,00,2,1,01,A01
200900014260,0,07,000,00,1,1,01,A01
200900014261,0,07,000,00,1,3,01,A01
200900014262,0,07,000,00,2,5,15,B01
200900014262,0,33,000,00,2,1,01,A01
200900014263,0,07,000,00,1,1,01,A01
200900014264,0,07,000,00,2,8,11,A01
200900014264,0,34,000,01,2,7,12,B01
200900014265,0,40,000,00,1,2,01,A01
200900014266,0,07,000,00,2,1,01,A01
200900014266,0,07,000,00,2,4,23,B01
200900014267,0,33,000,00,1,1,01,A01
200900014268,0,07,000,00,2,8,15,A01
200900014268,0,31,000,00,2,7,17,B01
200900014269,0,07,000,00,2,4,01,B01
200900014269,0,33,000,00,2,1,01,A01
200900014270,0,02,000,00,2,1,05,A01
200900014270,0,07,000,00,2,1,01,B01
200900014271,0,07,000,00,2,7,01,A01
200900014271,0,33,000,00,2,3,01,B01
200900014272,0,07,000,00,2,8,02,A01
200900014272,0,30,000,00,2,1,02,B01
200900014273,0,07,000,00,2,4,01,B01
200900014273,0,31,000,00,2,1,01,A01
200900014274,0,33,000,00,2,1,01,A01
200900014274,0,07,000,00,0,4,01,B02
200900014275,0,02,000,08,2,1,02,A01
200900014275,0,01,000,00,2,8,15,B02
200900014276,0,07,000,13,0,7,01,A01
200900014277,0,36,000,12,0,1,01,B02
200900014277,0,36,000,00,0,0,01,A01
200900014278,0,07,000,00,2,1,01,B02
200900014278,0,07,000,00,2,7,09,A01
200900014279,0,14,000,00,2,3,01,A01
200900014280,0,30,000,00,0,0,00,A01
200900014281,0,21,000,00,2,0,02,A01
200900014281,0,02,000,00,2,1,02,B02
200900014282,0,07,000,00,0,6,02,B02
200900014282,0,33,000,00,2,1,02,A01
200900014283,0,07,000,00,2,2,01,B02
200900014283,0,30,000,00,2,1,01,A01
200900014284,0,33,000,00,2,1,17,B02
200900014284,0,07,000,00,2,3,15,A01
200900014285,0,07,000,00,2,7,01,B02
200900014285,0,02,000,00,2,1,01,A01
200900014286,0,33,000,00,2,0,21,A01
200900014287,0,14,000,02,6,1,02,A01
200900014288,0,07,000,00,0,9,01,A01
200900014289,0,07,000,03,0,1,01,A01
200900014290,0,07,000,01,0,2,01,A01
200900014291,0,01,000,00,9,8,09,A01
200900014291,0,01,000,00,9,7,16,B02
200900014292,0,02,000,00,1,7,02,A01
200900014293,0,07,000,00,9,3,01,B02
200900014293,0,01,000,00,2,7,13,A01
200900014294,0,07,000,00,2,4,23,C01
200900014294,0,10,000,00,2,1,01,A01
200900014294,0,15,000,00,2,4,23,D01
200900014294,0,07,000,00,2,4,23,B01
200900014295,0,33,000,02,0,1,01,A01
200900014296,0,07,000,00,2,1,15,A01
200900014296,0,30,000,00,2,1,01,B01
200900014297,0,07,000,00,1,1,20,A01
200900014298,0,01,000,00,2,1,19,A01
200900014298,0,07,000,00,2,2,16,B01
200900014299,0,07,000,00,1,3,01,A01
200900014300,0,07,000,00,0,8,01,A01
200900014301,0,37,000,00,1,4,01,A01
200900014302,0,07,000,08,0,1,02,B01
200900014302,0,33,000,08,0,4,02,A01
200900014303,0,07,000,00,1,1,20,A01
200900014304,0,33,000,07,0,1,01,A01
200900014305,0,36,000,02,0,1,01,A01
200900014306,0,07,000,00,0,4,01,C03
200900014306,0,07,000,00,2,1,01,A01
200900014306,0,07,000,00,0,4,01,B02
200900014307,0,07,000,00,0,9,01,A01
200900014308,0,07,000,00,2,1,02,C03
200900014308,0,07,000,00,0,4,02,A01
200900014308,0,07,000,00,2,4,02,B02
200900014309,0,07,000,00,2,0,01,B02
200900014309,0,07,000,00,2,1,01,A01
200900014310,0,33,000,00,0,0,01,A01
200900014311,0,07,000,02,0,1,01,A01
200900014312,0,07,000,00,0,5,23,B02
200900014312,0,30,000,00,2,1,01,A01
200900014313,0,02,000,00,2,0,01,B01
200900014313,0,07,000,00,2,1,09,A01
200900014314,0,07,000,08,0,3,01,A01
200900014315,0,36,000,16,0,1,01,A01
200900014316,0,07,000,00,0,4,00,B02
200900014316,0,07,000,00,0,2,02,A01
200900014317,0,07,000,00,0,2,01,A01
200900014318,0,07,000,00,0,1,13,A01
200900014318,0,10,000,00,0,1,01,B02
200900014319,0,07,000,14,0,1,01,B02
200900014319,0,07,000,00,0,7,23,A01
200900014320,0,07,000,01,0,2,01,A01
200900014321,0,07,000,00,2,1,01,B02
200900014321,0,07,000,00,2,1,15,A01
200900014322,0,07,000,00,9,0,17,A01
200900014322,0,01,000,00,2,0,02,B02
200900014323,0,07,000,00,2,2,19,A01
200900014323,0,07,000,00,2,1,01,B02
200900014324,0,07,000,13,0,2,16,A01
200900014325,0,03,000,00,2,1,17,A01
200900014325,0,07,000,00,2,6,01,B01
200900014325,0,07,000,00,2,6,01,C01
200900014326,0,07,000,00,1,1,01,A01
200900014327,0,07,000,00,1,2,01,A01
200900014328,0,07,000,00,2,1,01,B02
200900014328,0,01,000,00,2,3,19,A01
200900014329,0,17,000,00,2,3,02,B01
200900014329,0,17,000,00,0,5,02,A01