Num_Acc,senc,catv,occutc,obs,obsm,choc,manv,num_veh
200900014718,0,33,000,00,2,8,15,B02
200900014719,0,07,000,00,2,6,01,B02
200900014719,0,07,000,00,2,3,01,A01
200900014720,0,33,000,00,0,2,01,A01
200900014721,0,10,000,00,2,8,13,A01
200900014721,0,07,000,00,2,3,01,B02
200900014722,0,07,000,16,0,9,19,A01
200900014723,0,02,000,06,0,1,16,A01
200900014724,0,07,000,00,0,9,01,A01
200900014725,0,10,000,00,2,3,01,C01
200900014725,0,07,000,00,2,1,13,A01
200900014725,0,14,000,00,2,1,01,B01
200900014726,0,07,000,00,0,7,00,A01
200900014727,0,07,000,00,2,1,01,A01
200900014727,0,07,000,00,0,1,00,B01
200900014728,0,07,000,00,2,1,01,A01
200900014728,0,07,000,00,2,4,01,B01
200900014729,0,07,000,04,0,8,01,A01
200900014730,0,07,000,00,0,4,00,A01
200900014730,0,01,000,00,0,0,00,B01
200900014731,0,30,000,08,0,7,14,A01
200900014732,0,30,000,00,2,1,01,A01
200900014732,0,07,000,00,2,4,01,B01
200900014733,0,02,000,00,1,0,00,A01
200900014734,0,02,000,00,2,1,02,B02
200900014734,0,07,000,00,0,4,23,A01
200900014735,0,30,000,00,0,1,15,A01
200900014736,0,07,000,00,2,3,13,A01
200900014736,0,10,000,00,2,3,01,B02
200900014737,0,07,000,00,2,2,15,B01
200900014737,0,33,000,00,2,1,01,A01
200900014737,0,07,000,00,2,1,02,C01
200900014738,0,07,000,02,0,7,14,A01
200900014739,0,01,000,00,9,4,21,B02
200900014739,0,07,000,00,9,2,17,A01
200900014740,0,30,000,12,0,1,14,A01
200900014741,0,07,000,15,0,2,01,A01
200900014742,0,30,000,10,0,2,14,A01
200900014743,0,30,000,00,2,1,01,A01
200900014743,0,01,000,00,2,1,01,B02
200900014744,0,30,000,16,0,8,01,A01
200900014745,0,33,000,00,9,1,01,A01
200900014746,0,14,000,00,2,3,01,B02
200900014746,0,07,000,00,2,3,13,A01
200900014747,0,10,000,02,0,2,01,A01
200900014748,0,07,000,13,0,3,13,A01
200900014749,0,17,000,00,0,6,02,B02
200900014749,0,10,000,00,2,2,02,A01
200900014750,0,33,000,14,0,1,01,A01
200900014751,0,33,000,00,2,1,01,A01
200900014751,0,07,000,00,2,7,19,B01
200900014752,0,01,000,00,2,3,01,B01
200900014752,0,07,000,00,9,3,15,A01
200900014753,0,30,000,00,0,0,02,A01
200900014754,0,31,000,00,2,1,01,B01
200900014754,0,07,000,00,2,6,15,A01
200900014755,0,30,000,00,1,1,01,A01
200900014756,0,33,000,00,2,8,01,B01
200900014756,0,07,000,00,2,2,19,A01
200900014757,0,02,000,00,1,0,02,A01
200900014758,0,17,000,00,1,1,00,A01
200900014759,0,01,000,00,0,0,02,B01
200900014759,0,07,000,00,0,0,01,A01
200900014760,0,02,000,00,2,1,01,B01
200900014760,0,07,000,00,2,6,15,A01
200900014761,0,07,000,00,0,9,13,A01
200900014762,0,14,000,02,0,2,01,A01
200900014763,0,14,000,01,1,2,01,A01
200900014764,0,07,000,13,0,7,01,A01
200900014765,0,33,000,00,2,8,01,B02
200900014765,0,33,000,00,2,8,17,A01
200900014766,0,33,000,00,2,2,17,A01
200900014766,0,07,000,00,0,3,15,B02
200900014767,0,07,000,00,2,3,15,B02
200900014767,0,07,000,00,2,1,17,A01
200900014768,0,33,000,00,2,1,01,B02
200900014768,0,07,000,00,2,1,13,A01
200900014769,0,31,000,00,2,1,01,B02
200900014769,0,07,000,00,2,7,15,A01
200900014770,0,07,000,00,2,3,01,B02
200900014770,0,07,000,00,2,2,13,A01
200900014771,0,10,000,00,1,2,01,A01
200900014772,0,07,000,08,0,7,13,A01
200900014773,0,33,000,14,2,1,01,A01
200900014773,0,07,000,00,2,3,15,B02
200900014774,0,17,000,03,0,3,14,A01
200900014774,0,17,000,00,0,4,24,C03
200900014774,0,17,000,00,0,4,24,B02
200900014775,0,10,000,02,0,3,13,A01
200900014776,0,33,000,00,2,1,21,B02
200900014776,0,33,000,00,2,1,21,C03
200900014776,0,33,000,00,2,1,21,D04
200900014776,0,33,000,00,0,0,00,A01
200900014777,0,14,000,00,2,1,01,B02
200900014777,0,07,000,00,2,1,01,A01
200900014778,0,33,000,00,2,9,01,B02
200900014778,0,07,000,00,0,0,19,A01
200900014779,0,07,000,00,2,3,01,C03
200900014779,0,07,000,00,2,3,01,B02
200900014779,0,10,000,00,2,3,13,A01
200900014780,0,07,000,00,0,1,01,A01
200900014781,0,07,000,00,0,6,01,A01
200900014781,0,01,000,00,2,3,13,B02
200900014782,0,07,000,00,2,1,01,A01
200900014782,0,07,000,00,0,8,01,B01
200900014783,0,07,000,00,0,9,13,A01
200900014784,0,33,000,16,0,3,13,A01
200900014785,0,30,000,00,0,8,00,A01
200900014786,0,07,000,00,0,1,15,A01
200900014786,0,33,000,00,2,1,01,B02
200900014787,0,07,000,00,2,4,02,B01
200900014787,0,07,000,00,2,1,02,A01
200900014788,0,02,000,00,2,1,01,A01
200900014788,0,07,000,00,2,2,01,B01
200900014789,0,10,000,00,1,0,01,A01
200900014790,0,07,000,00,1,2,01,A01
200900014791,0,07,000,00,2,3,15,B01
200900014791,0,02,000,00,2,7,17,A01
200900014792,0,07,000,00,2,2,17,A01
200900014792,0,33,000,00,2,1,01,B01
200900014793,0,33,000,00,2,0,00,A01
200900014793,0,07,000,00,2,4,02,B01
200900014794,0,07,000,13,0,3,00,A01
200900014795,0,07,000,13,0,0,13,A01
200900014796,0,07,000,13,0,2,00,A01
200900014797,0,07,000,00,2,0,13,A01
200900014797,0,02,000,01,2,0,17,B01
200900014798,0,07,000,01,0,3,16,A01
200900014798,0,07,000,00,2,2,00,B02
200900014799,0,07,000,08,0,1,00,A01
200900014800,0,31,000,00,2,1,06,B01
200900014800,0,07,000,00,2,2,06,A01
200900014801,0,07,000,00,2,8,13,C01
200900014801,0,07,000,00,2,5,02,B01
200900014801,0,10,000,00,2,1,02,A01
200900014802,0,02,000,00,2,1,13,A01
200900014802,0,07,000,00,2,2,01,B01
200900014803,0,07,000,00,9,9,01,A01
200900014804,0,07,000,00,2,3,00,A01
200900014804,0,07,000,00,2,3,00,B01
200900014805,0,38,001,00,2,1,00,A01
200900014805,0,07,000,00,2,4,00,B01
200900014806,0,07,000,00,1,1,09,A01
200900014807,0,07,000,00,1,3,15,A01
200900014808,0,07,000,13,0,1,14,A01
200900014809,0,07,000,00,2,1,01,B01
200900014809,0,31,000,15,2,8,01,A01
200900014810,0,07,000,00,2,7,15,A01
200900014810,0,01,000,00,2,1,01,B01
200900014811,0,07,000,06,0,1,00,A01
200900014812,0,33,000,00,2,2,17,A01
200900014812,0,07,000,00,2,1,15,B01
200900014813,0,30,000,00,2,1,05,A01
200900014813,0,07,000,00,2,3,01,B01
200900014814,0,07,000,00,2,1,01,B01
200900014814,0,07,000,00,2,8,09,A01
200900014815,0,02,000,00,2,1,00,A01
200900014815,0,07,000,00,2,4,00,B01
200900014816,0,07,000,00,2,3,09,A01
200900014816,0,30,000,00,2,2,01,B01
200900014817,0,07,000,00,2,1,15,A01
200900014817,0,34,000,00,2,9,01,B01
200900014818,0,07,000,00,2,1,01,B01
200900014818,0,07,000,00,2,5,01,A01
200900014819,0,07,000,00,2,1,00,A01
200900014819,0,33,000,00,2,1,00,B01
200900014820,0,32,000,00,2,1,01,B01
200900014820,0,07,000,00,2,7,15,A01
200900014821,0,07,000,00,2,4,00,B01
200900014821,0,07,000,00,2,1,00,A01
200900014822,0,07,000,00,2,3,09,A01
200900014822,0,07,000,00,2,2,01,B01
200900014823,0,07,000,00,2,3,10,A01
200900014823,0,07,000,00,2,1,01,B01
200900014824,0,14,000,00,2,3,15,A01
200900014824,0,31,000,00,2,8,01,B01
200900014825,0,33,000,00,2,1,01,B01
200900014825,0,07,000,00,2,8,10,A01
200900014826,0,07,000,00,2,2,00,B01
200900014826,0,07,000,00,2,6,00,A01
200900014827,0,07,000,00,2,4,23,B01
200900014827,0,07,000,00,2,1,02,A01
200900014827,0,07,000,00,2,4,23,C01
200900014828,0,01,000,00,2,0,00,B01
200900014828,0,02,000,00,0,0,00,A01
200900014829,0,07,000,02,0,2,01,A01
200900014830,0,02,000,00,2,2,01,A01
200900014830,0,99,000,00,2,8,15,B02
200900014831,0,33,000,04,0,3,13,A01
200900014832,0,07,000,00,2,5,01,A01
200900014832,0,33,000,00,2,1,01,B01
200900014833,0,33,000,00,2,1,17,B02
200900014833,0,07,000,00,2,8,15,A01
200900014834,0,07,000,00,2,3,01,A01
200900014834,0,33,000,00,2,1,01,B01
200900014835,0,33,000,00,2,1,01,B01
200900014835,0,07,000,00,2,1,05,A01
200900014836,1,07,000,00,2,0,14,A01
200900014836,0,32,000,00,2,2,01,B01
200900014837,0,07,000,00,1,1,16,A01
200900014838,0,07,000,00,2,7,01,B01
200900014838,0,07,000,06,2,1,16,A01
200900014839,0,30,000,00,0,3,01,B02
200900014839,0,07,000,00,0,2,14,A01
200900014840,0,30,000,00,2,1,00,A01
200900014840,0,07,000,00,2,8,00,B01
200900014841,0,07,000,00,2,3,13,A01
200900014841,0,07,000,00,2,3,01,B02
200900014842,0,07,000,00,2,6,01,B02
200900014842,0,07,000,00,2,1,19,A01
200900014843,0,07,000,00,2,1,01,A01
200900014843,0,07,000,00,2,9,02,B01
200900014844,0,07,000,00,2,2,01,A01
200900014844,0,07,000,00,2,7,01,B01
200900014845,0,14,000,00,2,3,01,A01
200900014845,0,07,000,15,2,8,00,B01
200900014846,0,07,000,00,1,2,01,A01
200900014847,0,07,000,00,2,1,01,C01
200900014847,0,02,000,00,2,1,01,B01
200900014847,0,07,000,00,2,1,16,A01
200900014848,0,07,000,00,2,8,09,B01
200900014848,2,07,000,00,2,1,01,A01
200900014849,0,07,000,00,0,3,11,B02
200900014849,0,33,000,00,2,1,01,A01
200900014850,0,07,000,00,2,3,01,B01
200900014850,0,07,000,00,2,2,01,A01
200900014851,0,07,000,00,2,2,15,A01
200900014851,0,33,000,00,2,1,01,B01
200900014852,0,07,000,00,6,1,01,A01
200900014853,0,07,000,00,2,2,01,B02
200900014853,0,07,000,00,2,2,15,A01
200900014853,0,07,000,00,2,8,01,C03
200900014854,0,30,000,00,0,5,24,A01
200900014854,0,07,000,00,2,1,15,B02
200900014855,0,07,000,11,9,1,06,A01
200900014856,0,07,000,06,0,1,01,A01
200900014857,0,07,000,00,2,2,01,B01
200900014857,0,07,000,00,2,3,01,A01
200900014858,0,07,000,00,2,4,02,B01
200900014858,0,07,000,00,2,6,01,C01
200900014858,0,07,000,00,2,1,02,A01
200900014859,0,07,000,00,2,3,15,B01
200900014859,0,30,000,00,2,1,01,A01
200900014860,0,07,000,00,2,7,01,A01
200900014860,0,07,000,00,2,3,01,B01
200900014861,0,07,000,00,2,3,16,A01
200900014861,0,07,000,00,2,8,15,B01
200900014862,0,07,000,00,2,1,00,A01
200900014862,0,07,000,00,2,8,00,B01
200900014863,0,07,000,02,0,1,13,A01
200900014864,0,30,000,00,2,2,01,B01
200900014864,0,07,000,00,2,3,09,A01
200900014865,0,07,000,12,0,1,00,A01
200900014866,0,02,000,13,0,1,01,A01
200900014867,0,07,000,00,2,1,13,B02
200900014867,0,07,000,00,2,1,00,A01
200900014868,0,07,000,00,1,1,01,A01
200900014869,0,07,000,00,2,2,15,B02
200900014869,0,33,000,00,2,1,01,A01
200900014870,0,07,000,00,2,1,02,A01
200900014870,0,07,000,00,2,5,02,C01
200900014870,0,07,000,00,2,1,02,B01
200900014871,0,14,000,00,2,3,01,A01
200900014871,0,14,000,00,2,3,01,B02
200900014872,0,07,000,03,2,8,01,B02
200900014873,0,07,000,00,2,3,23,B01
200900014873,0,02,000,00,2,0,17,A01
200900014874,0,30,000,00,2,6,01,B01
200900014874,0,07,000,00,2,8,15,A01
200900014875,0,07,000,02,6,1,01,A01
200900014876,0,07,000,00,2,3,19,B02
200900014876,0,33,000,00,2,1,01,A01
200900014877,0,07,000,04,0,1,01,A01
200900014878,1,07,000,00,0,0,02,C01
200900014878,0,07,000,00,2,4,02,B01
200900014878,0,07,000,00,2,1,02,A01
200900014879,0,32,000,00,0,7,01,A01
200900014880,0,07,000,00,2,0,00,A01
200900014880,0,30,000,00,2,0,01,B01
200900014881,0,02,000,01,0,8,01,A01
200900014881,0,07,000,00,2,8,23,B02
200900014882,0,02,000,00,2,1,01,B01
200900014882,0,07,000,00,2,8,01,A01
200900014883,0,07,000,13,0,1,01,A01
200900014884,0,10,000,00,2,6,21,B02
200900014884,0,07,000,00,2,1,13,A01
200900014884,0,07,000,00,2,3,01,C03
200900014885,0,07,000,00,1,2,01,A01
200900014886,0,07,000,00,2,0,23,C01
200900014886,0,07,000,00,2,1,02,A01
200900014886,0,07,000,00,2,4,15,B01
200900014887,0,07,000,00,2,2,02,A01
200900014887,0,07,000,00,0,4,02,B02
200900014888,0,07,000,00,2,3,15,A01
200900014888,0,02,000,00,2,1,01,B01
200900014889,0,07,000,03,0,2,21,A01
200900014890,0,33,000,13,0,7,01,A01
200900014891,0,07,000,00,1,1,23,A01
200900014892,0,07,000,00,0,0,01,A01
200900014893,0,07,000,00,0,4,01,A01
200900014893,0,30,000,00,0,4,15,B02
200900014894,0,10,000,00,2,3,15,B02
200900014894,0,10,000,00,2,3,23,C03
200900014894,0,10,000,00,2,3,01,A01
200900014895,0,03,000,00,2,8,19,A01
200900014895,0,07,000,00,2,1,01,B02
200900014896,0,07,000,01,0,1,01,B02
200900014896,0,07,000,00,1,5,01,A01
200900014897,0,07,000,00,2,3,01,A01
200900014897,0,10,000,00,2,3,01,B02
200900014898,0,10,000,00,2,8,01,B02
200900014898,0,01,000,00,2,1,16,A01
200900014899,0,33,000,13,0,7,01,A01
200900014900,0,07,000,00,2,1,21,C03
200900014900,0,07,000,00,2,1,01,A01
200900014900,0,07,000,00,2,6,01,B02
200900014901,0,10,000,04,0,2,13,A01
200900014901,0,07,000,14,0,2,01,B02
200900014902,0,10,000,00,2,2,01,B01
200900014902,0,07,000,00,2,5,01,A01
200900014903,0,07,000,00,2,4,23,B01
200900014903,0,07,000,00,2,1,01,A01
200900014904,0,07,000,00,2,3,23,B01
200900014904,0,02,000,00,2,1,01,A01
200900014905,0,07,000,00,2,3,19,A01
200900014905,0,31,000,00,2,1,01,B01
200900014906,0,07,000,00,1,0,01,A01
200900014907,0,32,000,00,2,1,01,B01
200900014907,0,07,000,00,2,2,15,A01
200900014908,0,07,000,00,1,0,00,A01
200900014909,0,07,000,01,0,0,06,A01
200900014910,1,07,000,00,0,0,00,A01
200900014910,0,07,000,00,2,7,00,B01
200900014911,0,07,000,02,0,9,01,A01
200900014912,0,07,000,00,2,1,02,A01
200900014912,0,07,000,00,2,4,02,B01
200900014913,0,07,000,00,2,2,01,A01
200900014913,0,37,005,00,2,3,01,B01
200900014914,0,07,000,00,2,4,01,B01
200900014914,0,02,000,00,2,2,09,A01
200900014915,0,07,000,00,2,0,00,A01
200900014915,0,07,000,00,2,0,00,B01
200900014916,0,07,000,13,0,2,13,A01
200900014917,0,07,000,00,2,3,09,A01
200900014917,0,02,000,00,2,1,01,B01
200900014918,0,07,000,06,0,1,01,A01
200900014919,0,10,000,08,2,1,13,A01
200900014919,0,33,000,00,2,1,21,B01
200900014920,0,07,000,02,0,3,01,A01
200900014921,1,07,000,02,0,8,01,A01
200900014922,0,02,000,00,2,1,00,B01
200900014922,0,07,000,00,2,1,01,A01
200900014923,0,07,000,10,0,1,01,A01
200900014924,0,07,000,00,2,2,16,A01
200900014924,0,01,000,00,2,1,15,B02
200900014924,0,01,000,00,2,1,15,C03
200900014925,0,07,000,00,1,8,01,A01
200900014926,0,07,000,00,2,3,00,B02
200900014926,0,07,000,00,2,3,13,A01
200900014927,0,07,000,06,0,9,01,A01
200900014928,0,07,000,07,0,8,01,A01
200900014929,0,07,000,13,0,1,01,A01
200900014930,0,07,000,13,0,3,01,A01
200900014931,0,33,000,00,2,4,02,B01
200900014931,0,07,000,00,2,2,15,A01
200900014932,0,07,000,06,0,4,01,A01
200900014933,0,07,000,13,0,9,00,A01
200900014934,0,07,000,02,0,8,14,A01
200900014935,0,02,000,00,2,1,17,B01
200900014935,0,07,000,00,2,3,19,A01
200900014936,0,07,000,00,2,3,23,C01
200900014936,0,07,000,00,2,7,15,A01
200900014936,0,30,000,00,2,1,01,B01
200900014937,0,07,000,02,0,8,14,A01
200900014938,0,07,000,00,0,5,19,A01
200900014938,0,07,000,00,2,6,02,B02
200900014939,0,01,000,00,2,8,01,B02
200900014939,0,10,000,00,9,2,17,A01
200900014940,0,07,000,16,0,1,01,A01
200900014941,0,07,000,00,1,2,01,A01
200900014942,0,07,000,00,2,1,05,A01
200900014942,0,07,000,00,2,1,01,B02
200900014943,0,07,000,03,0,7,17,A01
200900014944,0,07,000,04,2,8,17,A01
200900014944,0,07,000,04,2,4,14,B01
200900014945,0,07,000,00,0,1,14,A01
200900014946,0,07,000,02,0,7,01,A01
200900014947,0,02,000,00,2,4,02,B01
200900014947,0,10,000,00,2,4,04,A01
200900014948,0,07,000,00,2,3,16,B02
200900014948,0,07,000,00,2,3,01,A01
200900014949,0,33,000,00,2,1,01,A01
200900014949,1,07,000,00,2,8,15,B01
200900014950,0,07,000,00,2,1,01,B01
200900014950,0,33,000,00,2,1,01,A01
200900014951,0,30,000,00,2,1,01,A01
200900014951,0,07,000,00,2,2,01,B01
200900014952,0,07,000,01,0,1,06,A01
200900014953,0,30,000,00,1,1,01,A01
200900014954,0,07,000,00,2,7,15,A01
200900014954,0,30,000,00,2,1,01,B01
200900014955,0,17,000,00,1,7,15,A01
200900014956,0,07,000,00,1,2,01,A01
200900014957,0,07,000,00,2,1,13,A01
200900014957,0,31,000,00,2,1,00,B01
200900014958,0,07,000,00,9,1,01,A01
200900014958,0,01,000,16,0,1,09,C01
200900014959,0,01,000,00,2,1,01,B01
200900014959,0,07,000,00,2,7,15,A01
200900014960,0,07,000,00,1,1,01,A01
200900014961,0,07,000,00,1,1,01,A01
200900014962,0,07,000,00,1,3,01,A01
200900014963,0,07,000,09,0,1,01,A01
200900014964,0,07,000,00,2,3,01,B01
200900014964,0,02,000,00,2,0,00,A01
200900014965,0,07,000,00,2,1,21,A01
200900014965,0,07,000,00,2,4,23,C01
200900014965,0,07,000,00,2,5,23,B01
200900014966,0,07,000,00,9,1,10,B01
200900014966,0,34,000,00,2,1,17,A01
200900014967,0,07,000,06,2,1,17,A01
200900014967,0,20,000,00,2,2,01,B01
200900014968,0,07,000,00,2,2,01,A01
200900014968,0,01,000,00,0,4,02,B01
200900014969,0,07,000,00,1,2,01,A01
200900014970,0,07,000,00,1,1,01,A01
200900014971,0,07,000,06,0,1,01,A01
200900014972,0,07,000,00,0,1,01,A01
200900014973,0,07,000,00,1,5,04,A01
200900014974,0,07,000,00,2,7,01,B01
200900014974,0,07,000,00,2,8,01,A01
200900014975,0,07,000,00,0,1,01,A01
200900014975,0,01,000,00,0,7,06,B01
200900014976,0,30,000,00,0,0,00,A01
200900014977,0,32,000,01,0,1,19,A01
200900014978,0,30,000,00,2,1,02,A01
200900014978,0,07,000,00,2,6,01,B01
200900014979,0,10,000,00,2,1,01,A01
200900014979,0,07,000,00,2,4,01,B01
200900014980,0,31,000,00,1,1,01,A01
200900014981,0,07,000,00,1,1,01,A01
200900014982,0,07,000,02,0,1,01,A01
200900014983,0,07,000,00,1,0,04,A01
200900014984,0,07,000,00,2,3,17,A01
200900014984,0,07,000,00,2,7,15,B01
200900014985,0,30,000,00,2,7,01,B01
200900014985,0,07,000,00,2,1,09,A01
200900014986,0,07,000,00,1,2,13,A01
200900014987,0,07,000,00,2,3,21,A01
200900014987,0,07,000,00,2,3,01,B01
200900014988,0,07,000,00,2,2,01,B01
200900014988,0,07,000,00,2,3,09,A01
200900014989,0,07,000,02,0,1,01,A01
200900014990,0,02,000,00,2,1,02,A01
200900014990,0,07,000,00,2,2,20,B01
200900014991,0,20,000,00,2,2,01,B01
200900014991,0,07,000,00,2,1,01,A01
200900014992,0,07,000,00,2,1,01,A01
200900014992,0,07,000,00,2,9,16,B01
200900014993,1,07,000,00,1,0,00,X01
200900014994,0,07,000,01,2,1,01,A01
200900014994,0,07,000,00,2,2,09,B01
200900014995,0,02,000,15,0,1,01,A01
200900014996,0,07,000,00,2,8,15,B01
200900014996,0,07,000,00,2,1,01,A01
200900014997,0,07,000,00,2,3,09,A01
200900014997,0,07,000,00,2,1,01,B01
200900014998,0,07,000,00,2,1,01,C01
200900014998,0,07,000,00,2,1,01,B01
200900014998,1,07,000,00,0,0,17,D01
200900014998,0,07,000,00,2,7,01,A01
200900014999,0,07,000,00,2,1,01,B01
200900014999,0,07,000,00,2,7,01,A01
200900015000,0,01,000,00,2,5,01,B01
200900015000,0,07,000,00,9,2,01,A01
200900015001,0,07,000,02,0,8,13,A01
200900015002,0,07,000,00,2,3,01,A01
200900015002,0,07,000,01,2,3,01,B01
200900015003,1,07,000,00,1,4,02,A01
200900015004,0,07,000,00,1,7,01,A01
200900015005,0,10,000,00,1,2,01,A01
200900015006,0,02,000,01,0,5,02,A01
200900015007,0,07,000,03,2,1,02,B01
200900015007,0,07,000,00,2,1,11,A01
200900015008,0,13,000,00,2,1,02,A01
200900015008,0,30,000,00,0,4,02,B01
200900015009,0,07,000,00,2,3,13,A01
200900015009,0,33,000,00,2,1,01,B01
200900015010,0,07,000,00,2,1,01,B01
200900015010,0,03,000,00,2,1,13,A01
200900015011,0,07,000,00,0,1,01,B01
200900015011,2,07,000,00,0,4,20,A01
200900015012,0,30,000,00,0,0,01,A01
200900015013,0,03,000,00,2,1,05,A01
200900015013,0,15,000,00,2,1,01,B02
200900015014,0,07,000,00,2,1,01,C03
200900015014,0,07,000,00,0,0,13,A01
200900015014,0,07,000,00,2,1,01,B02
200900015015,0,07,000,00,0,3,15,A01
200900015015,0,33,000,00,0,1,01,B02
200900015016,0,02,000,00,0,1,13,A01
200900015016,0,07,000,00,0,1,01,B02
200900015017,0,02,000,00,2,1,01,A01
200900015017,0,10,000,00,2,4,01,B02
200900015018,0,10,000,06,0,1,15,A01
200900015019,0,07,000,00,2,3,01,B02
200900015019,0,07,000,00,2,3,17,A01
200900015020,0,07,000,00,1,2,01,A01
200900015021,0,07,000,00,2,5,00,A01
200900015021,0,33,000,00,2,1,01,B02
200900015022,0,31,000,00,0,1,00,A01
200900015023,0,30,000,08,0,1,01,A01
200900015024,0,07,000,00,0,5,15,B02
200900015024,0,33,000,00,2,1,01,A01
200900015025,0,07,000,00,2,3,13,A01
200900015025,0,30,000,00,2,1,01,B02
200900015026,0,07,000,06,0,3,16,A01
200900015027,0,33,000,00,2,5,02,A01
200900015027,0,07,000,00,2,3,16,B02
200900015028,0,07,000,00,2,8,15,B02
200900015028,0,33,000,00,2,1,11,A01
200900015029,0,07,000,00,2,1,01,A01
200900015029,0,01,000,00,2,3,01,B02
200900015030,0,02,000,00,2,1,17,A01
200900015030,0,07,000,00,2,3,20,B02
200900015031,0,02,000,00,0,0,01,A01
200900015032,0,01,000,00,0,4,02,B02
200900015032,1,07,000,00,9,2,02,A01
200900015033,0,07,000,00,2,1,01,B02
200900015033,0,31,000,00,0,8,19,A01
200900015034,0,30,000,00,2,1,16,A01
200900015034,0,07,000,00,2,3,01,B01
200900015035,0,07,000,00,0,8,00,B01
200900015035,0,31,000,00,0,1,00,A01
200900015036,0,07,000,00,2,1,01,A01
200900015036,0,07,000,09,2,0,02,B01
200900015037,0,07,000,00,2,1,01,A01
200900015037,0,07,000,00,2,8,15,B01
200900015038,0,07,000,00,0,0,01,B01
200900015038,0,33,000,02,0,0,00,A01
200900015039,0,07,000,00,2,7,01,A01
200900015039,0,33,000,00,2,1,01,B01
200900015040,0,07,000,00,1,1,01,A01
200900015041,1,02,000,00,1,1,01,A01
200900015042,0,07,000,00,1,1,01,A01
200900015043,0,07,000,00,1,0,01,A01
200900015044,0,33,000,00,0,8,15,B01
200900015044,1,07,000,00,0,0,01,A01
200900015045,0,07,000,08,0,1,01,A01
200900015046,0,07,000,00,2,1,16,B01
200900015046,0,32,000,07,2,9,01,A01
200900015047,0,07,000,00,1,2,01,A01
200900015048,0,07,000,08,0,1,21,A01
200900015049,0,07,000,08,0,1,17,A01
200900015050,0,07,000,00,1,0,01,A01
200900015051,0,07,000,14,2,3,16,A01
200900015051,0,31,000,00,2,1,01,B01
200900015052,0,07,000,00,2,2,12,A01
200900015052,0,30,000,00,2,8,01,B01
200900015053,0,30,000,12,0,1,01,A01
200900015054,0,07,000,00,2,2,01,B01
200900015054,0,07,000,01,2,3,01,A01
200900015055,0,33,000,11,0,1,01,A01
200900015056,0,07,000,00,2,8,02,B01
200900015056,0,02,000,00,2,2,02,A01
200900015057,0,07,000,00,1,1,02,A01
200900015058,0,07,000,00,1,7,01,A01
200900015059,0,30,000,00,1,1,01,A01
200900015060,0,31,000,00,2,9,01,B01
200900015060,0,07,000,00,2,5,15,A01
200900015061,0,07,000,00,1,1,01,A01
200900015062,0,01,000,00,0,8,00,B01
200900015062,0,07,000,00,9,1,00,A01
200900015063,0,07,000,00,2,5,09,B01
200900015063,0,07,000,00,2,1,01,A01
200900015064,0,37,062,00,1,2,01,A01
200900015065,0,07,000,00,1,0,01,A01
200900015066,0,01,000,00,2,8,01,B01
200900015066,0,07,000,00,2,2,16,A01
200900015067,0,07,000,00,2,2,17,A01
200900015067,0,01,000,00,2,3,01,B01
200900015068,0,07,000,00,1,0,01,A01
200900015069,0,07,000,00,2,8,15,B01
200900015069,0,07,000,01,2,9,17,A01
200900015070,0,02,000,00,0,0,17,A01
200900015071,0,07,000,00,2,1,15,A01
200900015071,0,07,000,00,2,1,02,B01
200900015072,0,07,000,01,0,1,19,A01
200900015073,0,07,000,00,2,4,23,B01
200900015073,0,07,000,00,2,1,02,A01
200900015074,0,07,000,00,2,3,01,B01
200900015074,0,07,000,00,2,1,01,A01
200900015075,0,07,000,00,2,8,23,A01
200900015075,0,02,000,00,2,7,01,B01
200900015076,0,31,000,00,2,1,01,A01
200900015076,0,07,000,00,2,1,01,B01
200900015077,0,07,000,00,1,1,15,A01
200900015078,1,07,000,00,1,0,01,A01
200900015079,0,07,000,00,1,3,01,A01
200900015080,0,07,000,12,0,9,01,A01
200900015081,0,07,000,00,2,7,10,A01
200900015081,0,07,000,00,2,1,01,B01
200900015082,0,07,000,00,1,3,01,A01
200900015083,0,07,000,00,1,4,04,A01
200900015084,0,07,000,00,2,3,09,A01
200900015084,0,02,000,00,2,1,01,B01
200900015085,0,07,000,00,2,4,01,B01
200900015085,0,33,000,00,2,1,02,A01
200900015086,0,07,000,00,2,8,01,B01
200900015086,0,03,000,00,2,2,15,A01
200900015087,0,33,000,00,2,1,01,B01
200900015087,0,07,000,00,2,6,15,A01
200900015088,0,07,000,00,2,7,14,A01
200900015088,0,07,000,00,2,8,01,B01
200900015089,0,10,000,00,2,0,00,A01
200900015089,0,07,000,04,2,0,00,B01
200900015090,0,07,000,00,2,0,01,C01
200900015090,0,07,000,00,2,0,01,B01
200900015090,0,20,000,00,2,1,12,A01
200900015091,0,07,000,00,2,0,00,A01
200900015091,0,07,000,00,2,0,01,C01
200900015091,0,07,000,00,2,0,00,B01
200900015092,0,07,000,03,0,0,00,A01
200900015092,0,07,000,00,2,1,00,B01
200900015093,0,07,000,03,0,0,00,A01
200900015094,0,07,000,00,2,0,12,A01
200900015094,0,33,000,00,2,0,01,B01
200900015095,0,07,000,04,0,0,00,A01
200900015096,0,07,000,00,2,1,02,A01
200900015096,0,07,000,00,2,4,02,B01
200900015097,0,33,000,16,0,0,00,A01