Num_Acc,senc,catv,occutc,obs,obsm,choc,manv,num_veh
200900015098,0,07,000,00,2,4,02,C01
200900015098,0,07,000,00,2,1,02,A01
200900015098,0,07,000,00,2,4,02,B01
200900015099,0,07,000,12,0,9,14,A01
200900015100,0,07,000,00,2,4,02,B01
200900015100,0,17,000,00,2,1,02,A01
200900015101,0,07,000,03,0,0,00,A01
200900015102,0,33,000,00,2,1,02,A01
200900015102,1,07,000,00,2,4,02,B01
200900015103,0,07,000,03,2,5,12,A01
200900015103,0,33,000,00,2,8,01,B01
200900015103,0,07,000,00,2,4,01,C01
200900015104,0,38,002,16,0,7,14,A01
200900015105,0,10,000,03,0,9,00,A01
200900015106,0,33,000,00,2,1,03,A01
200900015106,0,07,000,00,2,4,12,B01
200900015107,0,07,000,00,2,0,12,A01
200900015107,0,07,000,00,2,0,02,B01
200900015107,0,10,000,00,2,4,01,C01
200900015108,0,07,000,00,2,4,02,B01
200900015108,0,17,000,00,2,1,02,A01
200900015108,0,17,000,00,2,4,02,C01
200900015109,0,33,000,00,2,1,02,A01
200900015109,0,07,000,00,2,6,02,B01
200900015110,0,07,000,00,2,4,02,E01
200900015110,0,07,000,00,2,1,02,B01
200900015110,0,07,000,00,2,4,02,C01
200900015110,0,10,000,00,2,1,02,A01
200900015110,0,07,000,00,2,4,02,D01
200900015111,0,07,000,04,2,8,11,A01
200900015111,0,10,000,00,2,7,01,B01
200900015112,0,07,000,00,2,1,02,A01
200900015112,0,10,000,00,2,4,02,B01
200900015113,0,10,000,00,2,1,02,A01
200900015113,0,07,000,00,2,4,02,B01
200900015113,0,07,000,00,2,4,02,C01
200900015114,0,10,000,03,2,0,00,A01
200900015114,0,14,000,00,2,0,01,B01
200900015115,0,07,000,00,2,4,02,B01
200900015115,0,07,000,00,2,1,02,A01
200900015116,0,07,000,00,2,1,02,A01
200900015116,0,17,000,00,2,4,02,B01
200900015117,0,17,000,00,2,8,01,C01
200900015117,0,17,000,00,0,0,11,A01
200900015117,0,33,000,03,2,8,17,B01
200900015118,0,07,000,13,0,9,14,A01
200900015119,0,14,000,03,0,0,00,A01
200900015120,0,07,000,00,2,7,12,A01
200900015120,0,07,000,00,2,8,01,B01
200900015121,0,07,000,04,0,0,00,A01
200900015122,0,07,000,03,0,3,13,A01
200900015123,0,07,000,02,0,0,00,A01
200900015124,0,07,000,13,0,0,00,A01
200900015125,0,17,000,00,2,0,00,B01
200900015125,0,07,000,00,2,0,00,A01
200900015126,0,07,000,00,2,0,00,A01
200900015126,0,07,000,00,2,0,00,B01
200900015127,0,07,000,03,0,0,00,A01
200900015128,0,07,000,00,2,1,02,A01
200900015128,0,07,000,00,2,4,02,B01
200900015128,0,07,000,00,2,4,02,C01
200900015129,0,07,000,00,2,4,02,B01
200900015129,0,10,000,04,2,1,02,A01
200900015130,0,07,000,00,0,0,00,A01
200900015131,0,33,000,15,0,1,00,A01
200900015132,0,07,000,00,2,0,00,A01
200900015132,0,07,000,13,2,0,00,B01
200900015133,0,07,000,00,2,0,01,B01
200900015133,0,33,000,00,2,0,17,A01
200900015134,0,33,000,00,2,0,00,A01
200900015134,0,07,000,00,2,4,01,B01
200900015135,0,33,000,00,0,0,00,A01
200900015136,0,14,000,04,0,0,00,A01
200900015137,0,33,000,00,2,1,01,B01
200900015137,0,07,000,00,2,5,01,A01
200900015138,0,07,000,00,1,6,01,A01
200900015139,0,07,000,00,1,1,23,A01
200900015140,0,07,000,00,9,6,01,B01
200900015140,0,07,000,00,2,2,01,A01
200900015140,0,07,000,00,2,1,01,C01
200900015141,0,01,000,00,2,0,00,B01
200900015141,0,07,000,00,2,1,01,A01
200900015142,0,33,000,15,0,2,14,A01
200900015143,0,32,000,09,0,9,01,A01
200900015144,0,07,000,00,2,1,01,B01
200900015144,0,32,000,07,2,7,15,A01
200900015145,0,02,000,00,2,1,02,A01
200900015145,0,07,000,00,2,4,15,B01
200900015146,0,34,000,00,0,0,00,A01
200900015147,0,07,000,01,0,2,01,A01
200900015148,0,07,000,00,2,3,10,A01
200900015148,0,30,000,01,2,5,17,B01
200900015149,0,02,000,01,0,1,01,B01
200900015149,0,07,000,00,2,3,22,A01
200900015150,0,07,000,00,2,1,01,A01
200900015150,0,07,000,01,2,1,01,B01
200900015151,0,33,000,00,2,1,17,A01
200900015151,0,07,000,00,2,6,15,B01
200900015152,0,07,000,00,2,1,09,A01
200900015152,0,37,000,00,2,3,01,B01
200900015153,0,07,000,00,2,3,15,A01
200900015153,0,30,000,00,2,1,01,B01
200900015154,0,02,000,00,2,1,02,A01
200900015154,0,07,000,00,2,4,02,B01
200900015155,0,07,000,00,2,1,01,A01
200900015155,0,01,000,00,2,1,01,B01
200900015156,0,07,000,00,2,4,02,C01
200900015156,0,07,000,00,2,1,02,A01
200900015156,0,07,000,00,2,0,02,B01
200900015157,2,07,000,00,2,3,02,A01
200900015157,0,07,000,00,2,2,09,B01
200900015158,0,02,000,00,2,1,01,B01
200900015158,0,07,000,00,2,7,15,A01
200900015159,0,02,000,09,0,3,01,A01
200900015160,0,02,000,00,0,8,01,A01
200900015161,0,07,000,00,2,1,01,B01
200900015161,0,07,000,00,2,8,19,A01
200900015162,0,13,000,00,2,1,01,A01
200900015162,0,15,000,00,0,4,01,B01
200900015163,0,07,000,13,0,1,01,A01
200900015164,0,07,000,02,0,3,13,A01
200900015165,0,07,000,04,0,1,00,A01
200900015166,0,07,000,13,0,1,21,A01
200900015167,0,07,000,00,2,1,13,A01
200900015167,0,07,000,00,2,1,01,B01
200900015168,0,07,000,02,0,8,14,A01
200900015169,0,07,000,02,0,8,01,A01
200900015170,0,07,000,08,0,1,13,A01
200900015171,0,33,000,00,2,1,02,A01
200900015171,0,33,000,00,0,6,02,B01
200900015172,0,07,000,00,2,3,01,A01
200900015172,0,33,000,00,2,1,01,C01
200900015172,0,07,000,00,2,3,01,B01
200900015173,0,31,000,06,0,1,01,A01
200900015174,0,07,000,08,2,7,15,A01
200900015174,0,07,000,08,2,1,01,B01
200900015175,0,07,000,00,2,8,09,A01
200900015175,0,07,000,00,2,3,01,B01
200900015176,0,07,000,00,2,1,01,B01
200900015176,0,07,000,00,2,1,13,A01
200900015177,0,07,000,00,2,2,01,A01
200900015177,0,02,000,00,2,1,13,B01
200900015178,0,07,000,02,0,3,01,A01
200900015179,0,07,000,02,0,2,01,A01
200900015180,0,07,000,00,2,3,01,B01
200900015180,0,07,000,00,2,3,17,A01
200900015181,0,30,000,00,2,8,01,A01
200900015182,0,07,000,08,0,2,01,A01
200900015183,0,07,000,00,2,5,21,A01
200900015183,0,33,000,00,2,1,21,B01
200900015184,0,07,000,00,2,3,01,B01
200900015184,0,30,000,00,2,3,13,A01
200900015185,0,07,000,00,2,1,02,A01
200900015185,0,07,000,00,0,4,02,B01
200900015186,0,10,000,00,1,4,04,A01
200900015187,0,10,000,00,2,2,09,A01
200900015187,0,07,000,06,2,3,02,B01
200900015188,0,10,000,04,2,1,17,A01
200900015188,0,14,000,04,0,5,02,B01
200900015189,0,07,000,00,2,8,00,A01
200900015189,0,07,000,00,2,1,00,B01
200900015190,0,07,000,00,0,1,16,A01
200900015191,0,15,000,01,0,2,01,C01
200900015191,0,10,000,00,2,1,01,A01
200900015191,0,14,000,00,0,4,01,B01
200900015192,0,33,000,00,2,1,01,B01
200900015192,0,07,000,00,2,1,13,A01
200900015193,0,07,000,06,0,1,01,A01
200900015194,0,07,000,08,0,1,17,A01
200900015195,0,33,000,00,2,1,01,B02
200900015195,0,07,000,00,2,1,15,A01
200900015196,0,07,000,00,2,5,01,C03
200900015196,0,07,000,00,2,3,01,A01
200900015196,0,07,000,00,2,1,01,B02
200900015197,0,07,000,00,2,2,01,B02
200900015197,0,01,000,00,2,7,15,A01
200900015198,2,07,000,00,2,1,13,A01
200900015198,0,07,000,00,2,1,01,B01
200900015199,0,07,000,02,0,1,01,A01
200900015200,0,07,000,03,0,1,01,A01
200900015201,0,07,000,13,0,1,13,A01
200900015202,0,07,000,02,0,3,13,A01
200900015203,0,07,000,13,0,1,01,A01
200900015204,0,03,000,13,0,1,14,B01
200900015204,0,07,000,02,0,2,14,A01
200900015205,0,07,000,00,2,3,02,E05
200900015205,0,10,000,00,2,6,02,B02
200900015205,0,07,000,00,2,3,17,A01
200900015205,0,07,000,00,2,3,01,C03
200900015205,0,07,000,00,2,1,02,D04
200900015206,0,07,000,00,2,8,10,A01
200900015206,0,07,000,00,2,2,01,B02
200900015207,0,07,000,01,0,1,01,A01
200900015207,0,14,000,00,2,6,23,B02
200900015208,0,07,000,08,0,1,14,A01
200900015209,0,07,000,01,0,1,01,A01
200900015210,0,07,000,00,2,1,13,A01
200900015210,0,07,000,00,2,1,02,C03
200900015210,0,07,000,00,2,1,01,B02
200900015211,0,07,000,02,0,9,13,A01
200900015212,0,07,000,00,1,2,01,A01
200900015213,0,31,000,00,1,1,21,A01
200900015214,0,07,000,02,0,6,01,A01
200900015215,0,07,000,06,0,1,01,A01
200900015216,0,07,000,16,0,3,14,A01
200900015217,0,07,000,00,0,4,01,B02
200900015217,0,07,000,00,2,1,01,A01
200900015218,0,07,000,15,0,1,13,A01
200900015219,0,33,000,00,0,0,00,A01
200900015219,0,07,000,14,0,1,00,B02
200900015220,0,07,000,00,1,1,01,A01
200900015221,0,07,000,00,1,2,16,A01
200900015222,0,14,000,00,2,8,15,A01
200900015222,0,02,000,00,2,1,01,B01
200900015223,0,99,000,00,2,1,01,B01
200900015223,0,07,000,00,2,1,13,A01
200900015224,0,20,000,00,1,2,15,A01
200900015225,0,07,000,00,1,1,01,A01
200900015226,0,07,000,00,2,6,15,B01
200900015226,0,33,000,00,2,1,17,A01
200900015227,0,17,000,00,1,8,11,A01
200900015228,0,07,000,00,2,1,13,A01
200900015228,0,07,000,00,0,1,01,B01
200900015229,0,07,000,00,2,1,13,A01
200900015229,0,07,000,00,0,3,23,B01
200900015230,0,01,000,00,2,8,01,A01
200900015230,0,07,000,00,2,2,01,B01
200900015231,0,33,000,00,2,1,01,B01
200900015231,0,31,000,00,2,4,11,A01
200900015232,0,10,000,00,9,2,01,B02
200900015232,0,01,000,00,0,1,01,A01
200900015233,0,07,000,13,0,3,14,A01
200900015234,0,02,000,00,2,1,01,B02
200900015234,0,07,000,00,2,7,15,A01
200900015235,0,33,000,00,0,0,01,A01
200900015236,0,33,000,13,0,1,01,A01
200900015237,0,07,000,00,0,2,01,B02
200900015237,0,07,000,00,2,3,13,A01
200900015238,0,14,000,00,0,4,01,B02
200900015238,0,07,000,00,2,1,02,A01
200900015239,0,07,000,00,2,4,01,A01
200900015239,0,10,000,00,2,1,01,B02
200900015240,0,30,000,01,0,2,00,A01
200900015240,0,14,000,00,2,4,00,B02
200900015241,0,02,000,00,2,1,01,B02
200900015241,0,07,000,00,2,2,19,A01
200900015242,0,17,000,00,2,8,01,B02
200900015242,0,07,000,00,2,3,01,A01
200900015243,0,07,000,02,0,7,02,A01
200900015244,0,07,000,00,2,2,15,A01
200900015244,0,32,000,00,2,1,01,B02
200900015245,0,33,000,00,2,7,21,B01
200900015245,0,07,000,00,2,1,09,A01
200900015246,0,17,000,06,0,2,14,A01
200900015247,0,02,000,02,0,1,01,A01
200900015248,0,01,000,16,0,8,01,A01
200900015249,0,07,000,00,2,1,01,B02
200900015249,0,07,000,00,2,1,01,A01
200900015250,0,31,000,08,0,9,01,A01
200900015251,0,07,000,00,2,6,,B02
200900015251,0,33,000,00,2,2,01,A01
200900015252,0,07,000,00,1,2,01,A01
200900015253,0,07,000,00,2,1,19,A01
200900015253,0,33,000,00,2,8,01,B02
200900015254,0,07,000,00,2,1,01,B02
200900015254,0,33,000,00,2,0,16,A01
200900015255,0,07,000,02,2,3,13,A01
200900015255,0,07,000,00,2,3,01,B02
200900015256,0,33,000,07,0,0,00,A01
200900015257,0,35,000,00,2,2,02,A01
200900015258,0,10,000,00,1,3,01,A01
200900015259,0,30,000,13,0,7,15,A01
200900015260,0,07,000,00,1,2,01,A01
200900015261,0,33,000,00,2,3,01,C03
200900015261,0,33,000,00,2,3,01,B02
200900015261,0,07,000,00,2,3,01,A01
200900015262,0,07,000,00,2,3,13,A01
200900015262,0,07,000,00,2,2,01,B02
200900015263,0,07,000,14,1,3,01,A01
200900015264,0,01,000,00,2,8,01,B01
200900015264,0,07,000,00,2,2,16,A01
200900015265,0,33,000,00,2,1,01,B01
200900015265,0,07,000,00,2,2,15,A01
200900015266,0,10,000,00,2,3,01,B02
200900015266,0,07,000,00,2,3,13,A01
200900015267,0,30,000,00,2,2,02,B02
200900015267,0,07,000,00,0,5,15,A01
200900015268,0,07,000,02,0,1,14,A01
200900015269,0,02,000,05,0,2,01,A01
200900015270,0,07,000,00,2,8,15,B02
200900015270,0,33,000,00,2,1,01,A01
200900015271,0,07,000,00,2,1,02,B02
200900015271,0,07,000,00,2,1,13,A01
200900015272,0,07,000,00,2,2,15,A01
200900015272,0,33,000,00,2,1,01,B02
200900015273,0,02,000,00,2,1,13,B02
200900015273,0,07,000,00,2,1,01,A01
200900015274,0,07,000,01,0,1,01,A01
200900015275,0,03,000,08,0,1,01,A01
200900015276,0,07,000,00,2,3,13,A01
200900015276,0,10,000,00,2,3,01,B02
200900015277,0,07,000,13,0,1,01,A01
200900015278,0,07,000,02,0,1,01,A01
200900015279,0,07,000,02,0,1,01,A01
200900015280,0,10,000,00,2,1,01,A01
200900015280,0,07,000,00,2,4,15,B02
200900015281,0,01,000,00,2,7,19,B02
200900015281,0,07,000,00,9,2,01,A01
200900015282,0,33,000,00,2,1,02,A01
200900015282,0,07,000,00,0,6,23,B02
200900015283,0,07,000,00,9,2,17,A01
200900015283,0,01,000,00,0,4,01,B02
200900015284,1,07,000,00,0,0,00,A01
200900015285,0,07,000,00,0,9,01,A01
200900015286,0,07,000,00,1,1,01,A01
200900015287,0,07,000,00,2,6,16,A01
200900015287,0,33,000,00,2,1,01,B01
200900015288,0,07,000,00,9,3,15,B01
200900015288,0,02,000,09,2,3,17,A01
200900015289,0,31,000,00,1,1,01,A01
200900015290,0,33,000,00,1,1,01,A01
200900015291,0,01,000,00,2,8,00,B02
200900015291,0,07,000,00,2,3,01,A01
200900015292,0,07,000,16,0,1,01,A01
200900015293,0,33,000,04,0,7,01,A01
200900015294,0,17,000,00,0,8,01,A01
200900015295,0,07,000,02,0,9,01,A01
200900015296,0,30,000,00,2,1,01,B02
200900015296,0,07,000,00,2,6,04,A01
200900015297,0,15,000,00,2,8,00,B02
200900015297,0,33,000,00,2,8,13,A01
200900015298,0,07,000,02,0,1,01,A01
200900015299,0,99,000,00,2,1,01,A01
200900015299,0,99,000,00,2,1,01,B02
200900015300,0,07,000,00,2,7,15,A01
200900015300,0,07,000,00,2,1,01,B02
200900015301,0,07,000,00,2,3,01,A01
200900015301,0,07,000,00,2,2,19,B02
200900015302,0,10,000,00,2,8,01,B02
200900015302,0,07,000,00,2,7,14,A01
200900015303,0,07,000,00,2,1,01,A01
200900015303,0,07,000,00,2,8,01,B02
200900015304,0,14,000,01,0,1,01,C03
200900015304,0,07,000,01,0,4,23,B02
200900015304,0,07,000,00,0,4,23,A01
200900015305,0,33,000,03,0,9,01,A01
200900015306,0,33,000,14,0,1,01,A01
200900015307,0,02,000,00,2,1,01,A01
200900015307,0,07,000,00,2,2,15,B02
200900015308,0,07,000,00,2,1,01,B02
200900015308,0,01,000,00,2,8,19,A01
200900015309,0,07,000,00,2,1,01,A01
200900015309,0,07,000,00,2,7,01,B02
200900015310,0,07,000,00,2,3,15,B02
200900015310,0,07,000,00,2,2,01,A01
200900015311,0,07,000,00,2,1,01,B01
200900015311,0,07,000,00,2,3,09,A01
200900015312,0,02,000,00,2,1,01,B01
200900015312,0,07,000,00,2,3,01,A01
200900015313,0,07,000,00,1,2,01,A01
200900015314,0,07,000,13,0,3,01,A01
200900015315,0,07,000,00,0,3,18,B01
200900015315,0,02,000,00,2,1,01,A01
200900015316,0,07,000,00,1,2,01,A01
200900015317,0,07,000,00,1,2,01,A01
200900015318,0,07,000,00,2,3,13,A01
200900015318,0,07,000,00,2,3,01,B02
200900015319,0,32,000,00,2,1,01,A01
200900015319,0,07,000,00,0,4,01,B02
200900015320,0,33,000,00,2,1,17,A01
200900015320,0,31,000,00,2,8,15,B02
200900015321,0,07,000,00,2,1,15,A01
200900015321,0,31,000,00,2,8,18,B02
200900015322,0,33,000,13,0,1,02,A01
200900015323,0,07,000,00,2,4,02,B01
200900015323,0,33,000,00,2,2,02,A01
200900015324,0,33,000,00,2,1,01,B01
200900015324,0,07,000,00,2,5,15,A01
200900015325,0,01,000,00,0,0,14,A01
200900015326,0,33,000,00,2,1,01,A01
200900015326,0,07,000,00,0,6,20,B02
200900015327,0,07,000,01,0,1,01,A01
200900015328,0,07,000,00,2,5,15,A01
200900015328,0,07,000,00,2,1,01,B01
200900015329,0,07,000,00,2,1,02,A01
200900015329,0,07,000,00,2,4,01,B01
200900015330,0,07,000,00,2,3,15,A01
200900015330,0,02,000,00,2,1,01,B01
200900015331,0,07,000,13,0,1,01,A01
200900015332,0,07,000,16,2,3,01,B02
200900015332,0,07,000,00,2,2,19,A01
200900015333,0,07,000,08,0,1,01,A01
200900015334,0,07,000,00,2,5,01,B01
200900015334,0,07,000,00,2,3,10,A01
200900015335,0,07,000,00,2,3,15,A01
200900015335,0,33,000,00,2,3,01,B01
200900015336,0,07,000,00,1,4,04,A01
200900015337,0,07,000,00,2,2,01,B01
200900015337,0,01,000,00,2,1,16,A01
200900015338,0,02,000,00,2,2,18,A01
200900015338,0,07,000,00,2,3,15,B01
200900015339,0,07,000,03,0,2,14,A01
200900015340,0,07,000,00,2,3,13,A01
200900015340,0,33,000,00,2,2,17,B02
200900015341,0,07,000,00,2,4,01,C01
200900015341,0,07,000,00,2,1,01,A01
200900015341,0,07,000,00,2,4,01,B01
200900015342,0,02,000,00,2,1,01,A01
200900015342,0,07,000,00,2,4,01,B01
200900015343,0,33,000,00,,4,01,B02
200900015343,0,07,000,00,2,2,01,A01
200900015344,0,07,000,13,2,5,17,A01
200900015344,0,07,000,00,,6,01,B02
200900015345,0,10,000,00,2,3,01,A01
200900015345,0,07,000,00,,3,15,B02
200900015346,0,07,000,,,1,01,B02
200900015346,0,07,000,,2,8,15,A01
200900015347,0,32,000,00,1,1,01,A01
200900015348,0,07,000,13,0,3,01,A01
200900015349,0,07,000,16,0,9,01,A01
200900015350,0,07,000,00,2,1,01,A01
200900015350,0,07,000,00,0,4,15,B02
200900015351,0,07,000,00,,8,01,A01
200900015351,0,01,000,00,2,1,01,B02
200900015352,0,01,000,,,1,01,A01
200900015352,0,07,000,00,2,2,16,B02
200900015353,0,07,000,00,2,1,01,A01
200900015353,0,33,000,00,2,1,13,B02
200900015354,0,07,000,00,0,9,01,A01
200900015355,0,02,000,00,2,1,13,A01
200900015355,0,07,000,00,2,8,15,B01
200900015356,0,02,000,00,2,7,17,A01
200900015356,0,07,000,00,2,3,01,B01
200900015357,0,07,000,00,2,6,17,A01
200900015357,0,07,000,00,2,3,01,B01
200900015358,0,07,000,00,1,1,01,A01
200900015359,0,02,000,00,2,1,01,B01
200900015359,0,07,000,00,2,3,15,A01
200900015360,0,07,000,00,2,4,16,A01
200900015360,0,01,000,00,2,1,01,B01
200900015361,0,07,000,00,2,1,15,A01
200900015361,0,30,000,00,2,7,01,B01
200900015362,0,07,000,00,2,1,01,A01
200900015362,0,17,000,00,0,4,02,B02
200900015363,0,07,000,00,2,8,19,A01
200900015363,0,33,000,00,2,1,01,B02
200900015364,0,07,000,02,0,8,13,A01
200900015365,0,07,000,00,2,3,13,A01
200900015365,0,17,000,00,2,8,01,B02
200900015366,0,07,000,03,0,1,01,A01
200900015367,0,02,000,00,2,4,15,A01
200900015367,0,17,000,00,2,2,21,B02
200900015368,0,07,000,00,2,1,13,B02
200900015368,0,15,000,00,2,3,01,A01
200900015369,0,07,000,10,2,3,21,A01
200900015369,0,07,000,00,0,0,23,B02
200900015370,0,07,000,16,0,1,13,A01
200900015371,0,07,000,00,2,5,15,A01
200900015371,0,33,000,00,2,1,01,B02
200900015372,0,07,000,02,0,2,00,A01
200900015373,0,07,000,00,2,3,01,B02
200900015373,0,07,000,00,2,3,13,A01
200900015374,0,07,000,00,2,3,01,B02
200900015374,0,15,000,00,2,2,19,A01
200900015375,0,30,000,00,2,4,01,B02
200900015375,0,07,000,00,2,1,02,A01
200900015376,0,36,000,08,0,3,13,A01
200900015377,0,10,000,06,0,8,02,A01
200900015378,0,07,000,00,2,1,01,A01
200900015378,0,07,000,00,2,0,01,B02
200900015379,0,07,000,02,0,9,01,A01
200900015380,0,07,000,00,2,3,13,A01
200900015380,0,14,000,00,2,3,01,B02
200900015381,0,07,000,16,0,7,14,A01
200900015382,0,33,000,00,0,8,01,A01
200900015383,0,07,000,01,0,3,00,A01
200900015383,0,07,000,00,0,8,24,C03
200900015383,0,10,000,00,2,6,24,B02
200900015384,0,07,000,00,2,8,09,A01
200900015384,0,07,000,00,2,3,01,B01
200900015385,0,07,000,08,0,1,14,A01
200900015386,0,07,000,00,1,4,04,A01
200900015387,0,07,000,00,0,7,15,A01
200900015387,0,33,000,00,2,1,01,B01
200900015388,0,15,000,00,2,3,09,A01
200900015388,0,07,000,00,2,1,01,B01
200900015389,0,07,000,00,2,3,10,A01
200900015389,0,33,000,00,2,1,01,B01
200900015390,0,36,000,00,2,1,01,A01
200900015390,0,07,000,00,2,4,23,B02
200900015391,0,07,000,02,0,1,14,A01
200900015392,0,07,000,00,2,1,13,A01
200900015392,0,15,000,00,2,1,01,B02
200900015393,0,07,000,00,2,1,01,B01
200900015393,0,30,000,00,2,1,01,A01
200900015394,0,07,000,02,0,2,00,A01
200900015395,0,07,000,00,2,3,01,A01
200900015395,0,07,000,00,2,2,01,B02
200900015396,0,07,000,00,2,3,01,A01
200900015396,0,07,000,00,2,2,19,B02
200900015397,0,30,000,00,2,7,15,B02
200900015397,0,07,000,00,2,1,15,A01
200900015398,0,07,000,00,2,2,01,A01
200900015398,0,07,000,00,2,3,01,B02
200900015399,0,07,000,03,0,9,00,A01
200900015400,0,02,000,12,0,7,14,A01
200900015401,0,02,000,00,2,1,01,B01
200900015401,0,07,000,00,2,1,15,A01
200900015402,0,30,000,00,0,0,01,A01
200900015403,0,07,000,08,0,1,01,A01
200900015404,0,07,000,00,1,4,04,A01
200900015405,0,07,000,00,1,1,01,A01
200900015406,0,07,000,00,2,5,15,A01
200900015406,0,02,000,00,2,1,01,B01
200900015407,0,07,000,02,0,1,06,A01
200900015408,0,07,000,01,0,2,14,A01
200900015409,0,07,000,00,1,7,16,A01
200900015410,0,07,000,00,2,3,01,A01
200900015410,0,07,000,00,2,3,01,B01
200900015411,0,07,000,00,1,1,01,A01
200900015412,0,07,000,00,2,6,01,A01
200900015412,0,30,000,00,0,1,01,B01
200900015413,0,07,000,09,0,1,01,A01
200900015414,0,07,000,07,0,2,01,A01
200900015415,0,07,000,00,1,4,04,A01
200900015416,0,07,000,00,2,4,02,C01
200900015416,0,07,000,00,2,4,02,B01
200900015416,0,07,000,00,2,1,01,A01
200900015417,0,07,000,00,1,1,15,A01
200900015418,0,30,000,12,0,0,01,A01
200900015419,0,13,000,00,1,7,01,A01
200900015420,0,30,000,00,1,1,01,A01
200900015421,0,07,000,00,2,4,23,B01
200900015421,0,07,000,00,2,1,02,A01
200900015421,0,07,000,00,2,4,23,C01
200900015422,0,30,000,12,0,1,01,A01
200900015423,0,07,000,00,2,2,01,A01
200900015423,0,03,000,00,2,3,01,B01
200900015424,0,07,000,07,2,1,01,A01
200900015424,0,07,000,00,2,1,01,B01
200900015425,0,07,000,00,2,1,01,B01
200900015425,0,07,000,00,2,6,15,A01
200900015426,0,07,000,00,2,5,15,A01
200900015426,0,33,000,00,2,1,01,B01
200900015427,0,33,000,00,2,1,01,B01
200900015427,0,07,000,00,2,7,15,A01
200900015428,0,33,000,14,0,1,16,A01
200900015429,0,07,000,00,2,4,02,C01
200900015429,0,07,000,00,2,1,01,A01
200900015429,0,07,000,00,2,4,02,B01
200900015430,0,07,000,00,2,1,01,A01
200900015430,0,10,000,00,2,2,13,B02
200900015431,0,10,000,00,0,0,05,B02
200900015431,0,15,000,00,2,0,21,A01
200900015432,0,10,000,00,2,1,01,B02
200900015432,0,07,000,00,2,1,17,A01
200900015433,0,07,000,00,0,1,15,A01
200900015434,0,07,000,00,2,3,05,A01
200900015434,0,07,000,00,2,1,01,B02
200900015435,0,07,000,00,0,2,05,A01
200900015435,0,07,000,00,2,2,01,B02
200900015436,0,07,000,00,2,1,13,A01
200900015436,0,37,000,00,2,1,01,B02
200900015437,0,07,000,00,2,3,13,A01
200900015437,0,02,000,00,2,1,01,B01
200900015438,0,07,000,13,0,1,01,A01
200900015439,0,07,000,00,9,1,09,B02
200900015439,0,01,000,00,2,7,01,A01
200900015440,0,07,000,08,0,1,01,A01
200900015441,0,07,000,00,9,1,15,A01
200900015441,0,01,000,00,2,1,01,B02
200900015442,0,21,000,00,2,3,01,A01
200900015442,0,02,000,00,2,1,01,B02
200900015443,0,07,000,00,2,6,15,B01
200900015443,0,30,000,00,2,1,17,A01
200900015444,0,07,000,00,2,4,15,B01
200900015444,0,02,000,00,2,1,01,A01
200900015445,0,07,000,00,1,6,04,A01
200900015446,0,07,000,00,2,1,01,B01
200900015446,0,07,000,08,2,5,01,A01
200900015447,0,07,000,00,1,1,15,A01
200900015448,0,10,000,,2,2,01,B02
200900015448,0,30,000,,2,3,15,A01
200900015449,0,01,000,01,0,0,01,B01
200900015449,0,07,000,00,2,0,24,A01
200900015450,0,07,000,00,2,1,15,A01
200900015450,0,30,000,00,2,1,08,B01
200900015451,0,07,000,00,2,1,02,A01
200900015451,0,07,000,00,0,4,02,B01
200900015452,0,07,000,00,2,4,02,A01
200900015452,0,07,000,00,2,4,02,B01
200900015453,0,33,000,00,1,1,08,A01
200900015454,0,07,000,00,1,1,01,A01
200900015455,0,32,000,00,2,0,00,B01
200900015455,0,07,000,00,2,3,00,A01
200900015456,0,37,000,00,1,2,01,A01
200900015457,0,07,000,00,2,6,15,A01
200900015457,0,31,000,00,2,1,01,B01
200900015458,0,07,000,00,2,6,15,A01
200900015458,0,02,000,00,2,7,01,B01
200900015459,0,30,000,00,2,0,15,B01
200900015459,0,07,000,00,2,1,01,A01
200900015460,0,30,000,00,1,1,01,A01
200900015461,0,07,000,00,1,1,01,A01
200900015462,0,13,000,00,1,8,01,A01
200900015463,0,33,000,00,2,0,09,A01
200900015464,0,01,000,00,2,0,01,B02
200900015464,0,07,000,00,9,1,19,A01
200900015465,0,33,000,00,2,1,01,A01
200900015465,0,07,000,00,2,3,01,B02
200900015466,0,07,000,00,2,1,17,A01
200900015466,0,07,000,00,2,3,01,B02
200900015467,0,07,000,00,2,3,01,A01
200900015467,0,07,000,00,2,2,19,B02
200900015468,0,33,000,00,2,1,01,B02
200900015468,0,07,000,00,2,8,01,C03
200900015468,0,07,000,00,2,1,13,A01
200900015469,0,17,000,03,0,2,21,A01
200900015470,0,07,000,00,2,3,01,B02
200900015470,0,07,000,00,2,3,13,A01
200900015471,0,38,000,00,2,1,01,B02
200900015471,0,30,000,00,2,1,13,A01
200900015472,0,30,000,00,2,1,05,A01
200900015472,0,07,000,00,2,3,01,B02
200900015473,0,21,000,13,0,9,01,A01
200900015474,0,07,000,00,2,2,15,A01
200900015474,0,31,000,00,2,1,01,B02
200900015475,0,07,000,00,2,2,05,B02
200900015475,0,07,000,00,2,7,21,A01
200900015476,0,02,000,16,0,1,01,A01
200900015477,0,33,000,00,2,1,01,B02
200900015477,0,07,000,00,2,4,15,A01