Num_Acc,senc,catv,occutc,obs,obsm,choc,manv,num_veh
200900015478,0,30,000,00,2,1,05,A01
200900015478,0,07,000,00,2,1,01,B02
200900015479,0,07,000,00,0,8,01,B02
200900015479,0,31,000,00,2,1,01,A01
200900015480,0,07,000,00,1,2,01,A01
200900015481,0,07,000,00,0,4,23,A01
200900015481,0,01,000,00,2,1,01,B02
200900015482,0,33,000,13,0,1,17,A01
200900015483,0,07,000,02,0,1,01,A01
200900015484,0,30,000,00,2,8,01,A01
200900015484,0,07,000,00,2,2,01,B02
200900015485,0,10,000,00,2,4,04,B02
200900015485,0,33,000,00,2,1,01,A01
200900015486,0,33,000,04,0,7,02,A01
200900015487,0,33,000,00,2,9,21,B02
200900015487,0,07,000,00,0,6,13,A01
200900015488,0,33,000,00,0,1,01,A01
200900015489,0,07,000,00,2,2,01,A01
200900015489,0,10,000,00,0,6,15,B02
200900015490,0,07,000,00,2,2,01,A01
200900015490,0,07,000,00,2,3,09,B02
200900015491,0,10,000,06,0,1,01,A01
200900015492,0,01,000,00,2,2,19,B02
200900015492,0,33,000,00,2,1,01,A01
200900015493,0,07,000,00,2,1,15,A01
200900015493,0,02,000,00,2,1,01,B02
200900015494,0,07,000,00,9,1,01,C03
200900015494,0,17,000,03,2,3,14,B02
200900015494,0,17,000,03,2,1,06,A01
200900015494,0,07,000,00,9,2,01,D04
200900015495,0,33,000,00,0,0,15,A01
200900015496,0,15,000,00,2,1,02,A01
200900015496,0,07,000,00,0,4,01,B02
200900015497,0,07,000,08,1,3,13,A01
200900015498,0,07,000,01,1,1,01,A01
200900015499,0,07,000,02,0,5,01,A01
200900015500,0,07,000,01,0,4,23,B02
200900015500,0,07,000,01,0,9,23,C03
200900015500,0,07,000,01,0,1,01,D04
200900015500,0,07,000,01,0,9,23,A01
200900015501,0,10,000,00,2,0,24,D04
200900015501,0,07,000,00,2,7,11,B02
200900015501,0,07,000,00,2,1,01,A01
200900015501,0,07,000,00,2,1,24,C03
200900015502,0,30,000,00,1,1,01,A01
200900015503,0,07,000,10,2,3,13,B01
200900015503,0,07,000,00,2,3,01,A01
200900015504,0,07,000,00,2,2,15,A01
200900015504,0,01,000,00,2,1,01,B01
200900015505,0,10,000,00,1,1,01,A01
200900015506,0,07,000,00,1,1,01,A01
200900015507,0,07,000,00,0,0,15,C01
200900015507,0,07,000,01,0,1,21,A01
200900015507,0,07,000,00,0,5,24,B01
200900015508,0,07,000,00,2,1,01,A01
200900015508,0,07,000,00,2,7,10,B01
200900015509,0,07,000,00,2,1,09,A01
200900015509,0,01,000,00,2,2,01,B01
200900015510,0,37,001,00,1,3,15,A01
200900015511,0,30,000,00,2,1,02,A01
200900015511,0,07,000,00,2,5,02,B01
200900015512,0,07,000,00,2,7,15,A01
200900015512,0,33,000,00,2,2,01,B01
200900015513,0,01,000,00,2,8,19,B01
200900015513,0,07,000,00,2,1,01,A01
200900015514,0,07,000,00,2,1,01,B01
200900015514,1,07,000,00,2,1,01,A01
200900015515,1,07,000,00,1,1,01,A01
200900015516,0,07,000,00,2,0,16,A01
200900015516,0,01,000,12,2,0,01,B01
200900015517,0,33,000,00,2,1,01,B01
200900015517,0,07,000,00,2,2,19,A01
200900015518,0,07,000,00,2,2,01,A01
200900015518,0,32,000,00,2,1,00,B02
200900015519,0,31,000,12,0,5,00,A01
200900015520,0,07,000,06,2,2,01,A01
200900015520,0,07,000,00,0,6,24,B02
200900015521,0,07,000,00,2,4,02,B01
200900015521,0,07,000,00,2,1,02,A01
200900015522,0,07,000,00,0,4,01,B01
200900015522,0,07,000,00,2,1,01,A01
200900015523,0,07,000,00,1,2,21,A01
200900015524,0,07,000,00,2,2,21,B01
200900015524,0,07,000,00,2,1,00,A01
200900015525,0,07,000,00,0,1,01,A01
200900015526,1,15,000,00,1,3,01,A01
200900015527,0,07,000,00,2,1,01,B02
200900015527,0,10,000,00,2,8,15,A01
200900015528,0,07,000,,2,9,02,B02
200900015528,0,07,000,,2,1,02,A01
200900015528,0,10,000,,,4,02,C03
200900015529,0,07,000,00,1,1,,A01
200900015530,0,30,000,01,0,1,01,A01
200900015531,0,07,000,08,0,8,13,A01
200900015532,0,07,000,00,2,1,02,B02
200900015532,0,30,000,00,0,4,02,A01
200900015533,0,07,000,00,1,1,01,A01
200900015534,0,07,000,00,2,1,01,B01
200900015534,0,07,000,00,2,2,10,A01
200900015535,0,07,000,00,2,1,00,B02
200900015535,0,07,000,00,2,2,15,A01
200900015536,0,02,000,00,2,1,01,A01
200900015536,0,20,000,00,2,1,16,B02
200900015537,0,01,000,00,2,8,01,B02
200900015537,0,07,000,00,2,7,01,A01
200900015538,0,07,000,00,1,4,20,A01
200900015539,0,07,000,05,0,1,13,A01
200900015540,0,07,000,04,2,1,02,A01
200900015540,0,37,044,00,2,6,02,B02
200900015541,0,30,000,00,2,4,01,B02
200900015541,0,07,000,00,2,1,01,A01
200900015542,0,01,000,01,0,1,14,A01
200900015543,0,33,000,00,2,3,17,A01
200900015543,0,07,000,00,2,3,01,B02
200900015544,0,30,000,00,0,0,01,A01
200900015545,0,07,000,00,2,1,01,A01
200900015545,0,36,000,00,2,1,01,B02
200900015546,0,07,000,00,1,3,02,A01
200900015547,0,07,000,00,0,8,00,B02
200900015547,0,07,000,00,2,1,01,A01
200900015548,0,07,000,00,2,3,13,A01
200900015548,0,14,000,00,2,3,01,B02
200900015549,0,07,000,00,2,1,01,A01
200900015549,0,07,000,00,2,7,01,B02
200900015550,0,07,000,00,1,2,01,A01
200900015551,0,07,000,12,0,9,01,A01
200900015552,0,07,000,00,2,6,16,A01
200900015552,0,30,000,00,2,7,16,B01
200900015553,0,07,000,00,1,1,01,A01
200900015554,0,07,000,04,0,2,13,A01
200900015554,0,17,000,00,0,6,01,B02
200900015555,0,07,000,00,2,8,15,B02
200900015555,0,33,000,00,2,7,17,A01
200900015556,0,07,000,15,0,1,00,A01
200900015557,0,03,000,01,0,1,04,A01
200900015558,0,33,000,00,2,1,01,B01
200900015558,0,07,000,00,2,1,05,A01
200900015559,0,07,000,08,0,3,17,A01
200900015560,0,10,000,00,1,2,01,A01
200900015561,0,33,000,11,2,1,17,A01
200900015561,0,07,000,00,0,6,01,B02
200900015562,0,07,000,00,1,1,01,A01
200900015563,0,07,000,00,1,1,01,A01
200900015564,0,07,000,00,0,1,01,A01
200900015565,0,01,000,00,2,0,15,B01
200900015565,0,07,000,00,2,2,01,A01
200900015566,0,07,000,00,2,1,15,B01
200900015566,0,33,000,00,2,1,17,A01
200900015567,0,15,000,00,2,1,19,B02
200900015567,0,07,000,00,2,8,15,A01
200900015568,0,07,000,10,0,3,13,A01
200900015569,0,07,000,00,2,3,01,B02
200900015569,0,07,000,00,2,3,15,A01
200900015570,0,17,000,00,0,6,23,B01
200900015570,0,07,000,01,0,1,02,A01
200900015571,0,32,000,00,2,1,01,A01
200900015571,0,07,000,00,2,4,01,B01
200900015572,0,02,000,00,1,0,01,A01
200900015573,0,07,000,00,1,2,01,A01
200900015574,0,33,000,00,2,1,01,B02
200900015574,0,07,000,00,2,5,15,A01
200900015575,0,07,000,00,1,1,01,A01
200900015576,0,07,000,13,0,3,13,A01
200900015577,0,10,000,00,2,1,01,A01
200900015577,0,01,000,00,2,8,01,B02
200900015578,0,07,000,13,0,3,01,A01
200900015579,0,07,000,08,0,1,01,A01
200900015580,0,02,000,11,0,1,01,A01
200900015581,0,07,000,02,0,3,16,A01
200900015582,0,30,000,01,0,1,01,A01
200900015583,0,07,000,,1,2,01,A01
200900015584,0,07,000,06,2,3,01,B02
200900015584,0,07,000,,2,3,17,A01
200900015585,0,07,000,07,2,1,01,A01
200900015585,0,07,000,00,2,3,15,B02
200900015586,0,07,000,00,2,1,02,A01
200900015586,0,07,000,00,2,4,23,C03
200900015586,0,07,000,00,2,4,02,B02
200900015587,0,07,000,,,4,01,B02
200900015587,0,33,000,,2,1,02,A01
200900015588,0,07,000,00,1,1,02,A01
200900015589,0,20,000,08,0,1,01,A01
200900015590,0,07,000,00,1,1,01,A01
200900015591,0,07,000,13,0,1,01,A01
200900015592,0,30,000,00,2,1,02,A01
200900015592,0,07,000,00,2,7,15,B01
200900015593,0,07,000,00,2,1,01,B01
200900015593,0,02,000,00,0,6,21,A01
200900015594,0,07,000,00,2,2,15,A01
200900015594,0,07,000,00,2,3,01,B01
200900015595,0,07,000,00,2,1,13,A01
200900015595,0,33,000,00,0,4,01,B01
200900015595,0,07,000,00,2,1,01,C01
200900015596,0,07,000,00,2,3,01,C03
200900015596,0,07,000,00,2,2,01,A01
200900015596,0,14,000,00,2,6,23,B02
200900015597,0,02,000,00,0,1,21,A01
200900015598,0,07,000,03,0,1,01,A01
200900015599,0,10,000,00,2,3,11,A01
200900015599,0,33,000,00,2,2,02,B01
200900015600,0,07,000,14,0,1,02,A01
200900015600,0,07,000,00,0,4,23,C01
200900015600,0,07,000,14,0,4,23,B01
200900015601,0,10,000,00,2,5,01,A01
200900015601,0,10,000,00,2,1,19,B02
200900015602,0,07,000,00,2,1,02,A01
200900015602,0,07,000,00,2,4,02,B01
200900015603,0,07,000,00,2,1,01,C03
200900015603,0,07,000,00,2,8,01,B02
200900015603,0,07,000,00,2,1,13,A01
200900015604,0,07,000,00,1,1,01,A01
200900015605,0,30,000,11,0,1,01,A01
200900015606,0,07,000,00,2,1,13,A01
200900015606,0,07,000,00,2,1,01,B02
200900015607,0,07,000,00,2,1,02,A01
200900015607,0,10,000,00,2,4,02,B01
200900015608,0,39,000,00,2,3,01,B01
200900015608,0,10,000,00,4,7,01,A01
200900015609,0,07,000,06,0,2,15,A01
200900015610,0,07,000,00,2,7,15,B01
200900015610,0,02,000,00,2,1,02,A01
200900015611,0,07,000,02,0,1,01,A01
200900015612,0,33,000,00,2,1,01,A01
200900015612,0,14,000,00,2,3,01,B02
200900015613,0,07,000,03,2,1,13,A01
200900015613,0,10,000,03,2,1,01,B01
200900015614,0,07,000,00,2,8,17,A01
200900015614,0,01,000,00,2,7,02,B02
200900015615,0,07,000,00,2,1,01,C02
200900015615,0,33,000,00,2,1,17,A01
200900015615,0,07,000,00,2,3,15,B02
200900015616,0,07,000,00,2,1,15,A01
200900015616,0,02,000,00,2,1,01,B02
200900015617,0,07,000,,2,1,15,B02
200900015617,0,30,000,,2,7,17,A01
200900015618,0,07,000,00,2,3,01,A01
200900015618,0,07,000,00,2,1,01,B01
200900015619,0,07,000,00,2,1,01,B01
200900015619,0,07,000,00,2,1,13,A01
200900015620,0,07,000,00,2,7,15,A01
200900015620,0,07,000,00,2,1,01,B01
200900015621,0,33,000,08,0,2,13,A01
200900015622,0,33,000,00,2,1,01,B02
200900015622,0,33,000,00,2,1,17,A01
200900015622,0,07,000,00,2,2,01,C03
200900015623,0,07,000,00,2,1,13,A01
200900015623,0,10,000,00,2,1,01,B02
200900015624,0,07,000,00,2,2,17,B02
200900015624,0,02,000,00,2,8,15,A01
200900015625,0,07,000,13,0,9,01,A01
200900015626,0,07,000,13,0,9,01,A01
200900015627,0,17,000,00,2,5,17,B02
200900015627,0,01,000,00,2,3,15,A01
200900015628,0,07,000,00,2,3,01,B02
200900015628,0,10,000,00,2,1,13,A01
200900015629,0,07,000,00,2,3,01,B02
200900015629,0,10,000,00,2,3,15,A01
200900015630,0,33,000,13,0,3,01,A01
200900015631,0,07,000,00,1,3,01,A01
200900015632,0,02,000,00,2,1,01,A01
200900015632,0,07,000,00,2,4,01,B01
200900015633,0,02,000,06,0,1,01,A01
200900015634,0,07,000,00,1,1,20,A01
200900015635,0,07,000,00,2,1,15,A01
200900015635,0,07,000,00,2,3,01,B01
200900015636,0,31,000,00,2,1,01,B01
200900015636,0,07,000,00,2,7,19,A01
200900015637,0,03,000,02,0,1,02,A01
200900015638,0,07,000,00,2,1,01,A01
200900015638,0,10,000,00,2,6,01,B01
200900015639,0,10,000,00,0,2,01,B02
200900015639,0,02,000,00,2,8,09,A01
200900015640,0,07,000,00,2,1,01,A01
200900015640,0,07,000,00,2,8,01,B01
200900015641,0,33,000,,1,1,01,A01
200900015642,0,02,000,00,2,1,17,B02
200900015642,0,07,000,00,2,1,01,C03
200900015642,0,07,000,00,2,3,09,A01
200900015643,0,07,000,00,1,1,01,A01
200900015644,0,01,000,,2,,01,C03
200900015644,0,01,000,,2,,01,B02
200900015644,0,07,000,,2,0,15,A01
200900015645,0,32,000,00,2,1,01,B01
200900015645,0,07,000,00,2,3,19,A01
200900015646,0,30,000,16,0,1,01,A01
200900015647,0,07,000,00,2,8,01,B01
200900015647,0,07,000,00,2,1,19,A01
200900015648,0,17,000,02,0,3,01,A01
200900015649,0,33,000,02,0,2,13,A01
200900015650,0,07,000,00,5,1,01,A01
200900015651,0,07,000,00,2,1,01,B01
200900015651,0,07,000,00,2,1,19,A01
200900015652,0,07,000,00,2,1,13,A01
200900015652,0,07,000,00,2,1,01,B02
200900015653,0,07,000,02,0,9,01,A01
200900015654,0,07,000,00,2,1,01,A01
200900015654,0,07,000,00,2,1,01,B01
200900015655,0,07,000,00,2,1,01,A01
200900015655,0,07,000,00,2,1,01,B01
200900015656,0,33,000,00,2,1,17,A01
200900015656,0,07,000,00,2,8,19,B02
200900015657,0,07,000,00,2,7,15,A01
200900015657,0,33,000,00,2,1,01,B01
200900015658,0,30,000,01,0,2,14,A01
200900015659,0,07,000,00,2,2,16,A01
200900015659,0,07,000,01,2,7,01,B01
200900015660,0,07,000,00,2,1,01,A01
200900015660,0,07,000,00,2,3,01,B01
200900015661,0,30,000,00,2,1,02,A01
200900015661,0,02,000,00,2,5,16,B01
200900015662,0,07,000,10,0,2,19,A01
200900015663,0,07,000,00,2,2,01,B02
200900015663,0,01,000,00,2,3,19,A01
200900015664,0,02,000,00,2,3,01,B02
200900015664,0,07,000,00,2,3,05,A01
200900015665,0,07,000,00,2,1,13,A01
200900015665,0,02,000,00,2,1,01,B02
200900015666,0,07,000,02,0,8,14,A01
200900015667,0,07,000,00,0,0,15,A01
200900015668,0,07,000,02,0,1,01,A01
200900015669,0,14,000,00,2,3,13,A01
200900015669,0,14,000,00,2,3,01,C03
200900015670,0,07,000,02,0,1,00,A01
200900015671,0,33,000,06,0,1,01,A01
200900015672,0,07,000,02,0,8,13,A01
200900015673,0,07,000,13,0,1,01,A01
200900015674,0,02,000,00,0,9,17,A01
200900015675,0,07,000,01,0,7,00,B02
200900015675,0,07,000,01,0,8,04,A01
200900015676,0,07,000,13,2,5,17,A01
200900015676,0,07,000,14,2,3,01,B01
200900015677,0,07,000,00,2,1,01,B02
200900015677,0,07,000,00,2,7,13,A01
200900015678,0,02,000,00,1,1,01,A01
200900015679,0,07,000,02,0,2,01,A01
200900015680,0,33,000,00,2,3,01,A01
200900015680,0,07,000,00,2,6,19,B02
200900015681,0,01,000,13,0,1,01,A01
200900015682,0,07,000,00,2,8,19,A01
200900015682,0,07,000,00,2,1,01,B02
200900015683,0,07,000,00,2,3,01,B02
200900015683,0,07,000,00,2,3,13,A01
200900015684,0,10,000,00,2,8,10,A01
200900015684,0,10,000,00,2,1,01,B02
200900015685,0,33,000,10,0,1,14,A01
200900015686,0,07,000,02,0,3,14,A01
200900015687,0,07,000,00,2,3,01,B02
200900015687,0,10,000,00,2,3,01,A01
200900015688,0,07,000,00,2,2,17,A01
200900015688,0,21,000,00,2,3,15,B02
200900015689,0,07,000,00,2,1,01,B02
200900015689,0,10,000,00,2,2,15,A01
200900015690,0,07,000,02,0,2,13,A01
200900015691,0,30,000,00,2,1,01,B02
200900015691,0,07,000,00,2,8,09,A01
200900015692,0,07,000,00,1,2,01,A01
200900015693,0,02,000,00,0,0,01,A01
200900015694,0,30,000,00,2,8,01,B01
200900015694,0,07,000,00,2,1,11,A01
200900015695,0,07,000,10,0,1,13,A01
200900015696,0,07,000,01,2,4,02,B01
200900015696,0,07,000,00,2,1,02,A01
200900015697,0,33,000,02,0,9,01,A01
200900015698,0,07,000,00,2,1,13,A01
200900015698,0,07,000,00,2,3,01,B02
200900015699,0,07,000,00,1,8,05,A01
200900015700,0,07,000,03,0,3,16,A01
200900015701,0,07,000,13,0,2,01,A01
200900015702,0,07,000,00,1,2,00,A01
200900015703,0,10,000,00,2,4,01,B02
200900015703,0,10,000,00,2,1,01,A01
200900015704,0,30,000,00,2,1,01,B02
200900015704,0,07,000,00,2,3,15,A01
200900015705,0,07,000,13,0,1,13,A01
200900015706,0,07,000,00,1,4,24,A01
200900015707,0,31,000,06,0,3,01,A01
200900015708,0,30,000,00,2,1,21,A01
200900015708,0,07,000,00,2,8,01,B01
200900015709,0,33,000,00,2,7,01,A01
200900015709,0,07,000,00,2,3,15,B01
200900015710,0,01,000,00,2,7,01,A01
200900015710,0,07,000,00,2,2,01,B01
200900015711,0,07,000,00,2,2,01,A01
200900015711,0,01,000,00,2,1,01,B01
200900015712,0,07,000,00,2,1,15,A01
200900015712,0,07,000,00,2,3,01,B01
200900015713,0,07,000,00,2,1,23,C01
200900015713,0,07,000,01,2,2,15,B01
200900015713,0,07,000,00,2,1,19,A01
200900015714,0,07,000,00,2,1,01,A01
200900015714,0,07,000,00,2,4,01,B01
200900015715,0,31,000,00,2,1,17,A01
200900015716,0,10,000,00,2,3,01,A01
200900015716,0,02,000,00,2,2,09,B01
200900015717,0,07,000,00,2,3,01,B02
200900015718,0,07,000,00,2,1,01,B01
200900015718,0,07,000,00,2,1,01,C01
200900015718,0,07,000,00,2,1,15,A01
200900015719,0,01,000,00,2,1,01,A01
200900015719,0,17,000,00,2,7,16,B01
200900015720,0,02,000,00,2,1,01,B01
200900015720,1,07,000,00,2,1,15,A01
200900015721,0,07,000,00,2,3,05,A01
200900015721,0,07,000,00,2,9,01,C01
200900015721,0,07,000,00,2,8,01,B01
200900015722,0,33,000,00,2,1,01,A01
200900015722,0,07,000,00,2,8,15,B01
200900015723,0,07,000,00,1,4,04,A01
200900015724,0,07,000,00,2,7,20,A01
200900015724,2,31,000,00,2,1,01,B01
200900015725,0,10,000,00,2,2,01,B01
200900015725,0,07,000,08,2,7,15,A01
200900015726,0,15,000,00,2,8,01,C01
200900015726,0,07,000,00,2,1,01,B01
200900015726,0,07,000,00,2,1,05,A01
200900015727,0,07,000,00,2,4,11,B01
200900015727,0,33,000,00,2,1,01,A01
200900015728,0,07,000,00,2,8,15,B01
200900015728,0,07,000,02,2,7,17,A01
200900015729,0,07,000,00,2,4,01,B01
200900015729,0,07,000,00,2,4,01,C01
200900015729,0,07,000,00,2,1,01,A01
200900015730,0,07,000,00,2,1,10,B02
200900015730,0,31,000,00,0,2,01,A01
200900015731,0,33,000,02,0,1,01,A01
200900015732,0,14,000,00,2,3,02,A01
200900015732,0,32,000,00,2,1,02,B02
200900015733,0,07,000,02,0,9,00,A01
200900015734,0,30,000,00,2,1,01,A01
200900015734,0,07,000,00,2,4,00,B01
200900015735,0,99,000,00,2,8,19,B02
200900015735,0,07,000,00,2,1,01,A01
200900015736,0,07,000,00,2,4,00,B01
200900015736,0,33,000,00,2,1,01,A01
200900015737,0,07,000,00,2,4,13,A01
200900015737,0,33,000,00,2,1,01,B01
200900015738,0,07,000,00,2,2,15,A01
200900015738,0,07,000,00,2,1,01,B01
200900015739,0,07,000,13,0,1,01,A01
200900015740,0,07,000,00,2,4,01,C01
200900015740,0,07,000,00,2,1,01,A01
200900015740,0,07,000,00,2,4,01,B01
200900015741,0,07,000,00,2,2,00,B01
200900015741,0,30,000,00,2,1,00,A01
200900015742,0,07,000,00,2,0,01,B01
200900015742,0,07,000,00,2,0,05,A01
200900015743,0,34,000,00,2,1,03,A01
200900015743,0,07,000,00,2,5,11,B01
200900015744,0,07,000,00,2,1,01,B01
200900015744,0,07,000,00,2,4,01,C01
200900015744,0,07,000,00,2,1,12,A01
200900015745,0,07,000,00,2,3,15,A01
200900015745,0,02,000,01,2,1,01,B01
200900015746,0,07,000,00,0,4,23,B01
200900015746,0,07,000,00,2,8,21,C01
200900015746,0,07,000,00,2,1,01,A01
200900015747,0,07,000,00,2,1,13,A01
200900015747,0,07,000,00,2,1,01,B01
200900015748,0,07,000,00,0,1,02,A01
200900015748,0,07,000,00,2,4,02,B01
200900015749,0,07,000,00,2,5,15,A01
200900015749,0,01,000,00,2,1,01,B01
200900015750,2,07,000,00,2,1,06,A01
200900015750,0,07,000,00,2,1,01,B01
200900015751,1,07,000,00,2,1,01,A01
200900015751,0,02,000,00,1,3,01,B01
200900015752,1,07,000,00,2,2,02,A01
200900015752,0,02,000,00,2,4,02,B01
200900015753,0,01,000,00,2,3,15,A01
200900015753,0,07,000,00,2,2,01,B01
200900015754,0,07,000,00,2,3,16,B01
200900015754,1,07,000,00,2,0,00,A01
200900015755,0,07,000,00,1,3,01,A01
200900015756,0,07,000,00,2,3,09,B02
200900015756,0,14,000,00,2,3,01,A01
200900015757,0,10,000,08,0,8,00,A01
200900015758,0,01,000,00,0,0,01,A01
200900015759,0,07,000,02,0,9,01,A01
200900015760,0,33,000,00,2,1,01,B02
200900015760,0,10,000,00,2,2,10,A01
200900015761,0,07,000,00,2,1,01,A01
200900015761,0,07,000,00,2,7,01,B02
200900015762,0,07,000,00,2,3,01,B02
200900015762,0,07,000,00,2,2,01,A01
200900015763,0,07,000,00,2,2,05,A01
200900015763,0,07,000,00,2,1,01,B02
200900015764,0,33,000,00,2,1,01,A01
200900015764,0,07,000,00,2,3,19,B02
200900015765,0,07,000,09,0,9,01,A01
200900015766,0,07,000,13,0,9,01,A01
200900015767,0,10,000,03,0,3,14,A01
200900015768,0,33,000,00,2,7,01,A01
200900015768,0,07,000,00,2,1,15,B02
200900015769,0,07,000,00,2,1,01,A01
200900015769,0,07,000,00,2,4,23,B02
200900015769,0,07,000,00,2,4,23,C03
200900015770,0,07,000,00,2,7,15,A01
200900015770,0,02,000,00,2,1,01,B02
200900015771,0,33,000,00,2,1,21,A01
200900015771,0,10,000,00,0,8,09,B02
200900015772,0,33,000,00,2,7,02,A01
200900015772,0,07,000,00,0,8,10,B01
200900015773,0,07,000,00,1,1,01,A01
200900015774,0,07,000,00,2,1,01,C01
200900015774,0,07,000,00,2,6,15,B01
200900015774,0,33,000,00,2,7,17,A01
200900015775,0,33,000,00,2,0,01,B01
200900015775,0,07,000,00,2,1,00,A01
200900015776,0,07,000,00,2,1,01,B02
200900015777,0,32,000,15,2,3,01,B01
200900015777,0,07,000,00,2,1,01,A01
200900015778,0,01,000,00,2,1,19,B01
200900015778,0,07,000,00,2,2,01,A01
200900015779,0,07,000,00,1,2,17,A01
200900015780,0,07,000,00,1,0,00,A01
200900015781,0,17,000,00,2,2,12,A01
200900015781,0,07,000,00,2,8,01,B01
200900015782,0,07,000,00,2,1,00,A01
200900015782,0,07,000,00,2,5,00,B01
200900015783,0,07,000,00,9,3,01,A01
200900015784,0,14,000,00,2,1,15,A01
200900015784,0,07,000,00,2,7,01,B01
200900015785,0,07,000,00,2,8,00,B01
200900015785,0,07,000,00,2,8,00,A01
200900015786,0,34,000,00,2,1,01,A01
200900015786,0,07,000,00,2,2,15,B01
200900015787,0,07,000,00,2,7,16,B01
200900015787,0,30,000,00,2,1,18,A01
200900015788,0,10,000,00,2,2,01,B01
200900015788,0,07,000,00,2,3,15,A01
200900015789,0,33,000,12,2,1,17,A01
200900015789,0,30,000,00,2,0,01,B01
200900015790,0,30,000,00,2,2,19,A01
200900015790,0,07,000,00,2,1,01,B01
200900015791,0,07,000,00,2,6,01,B01
200900015791,0,15,000,00,2,2,12,A01
200900015792,0,07,000,00,2,2,01,A01
200900015792,0,01,000,00,2,8,15,B02
200900015793,0,10,000,00,2,7,15,B02
200900015793,0,31,000,00,2,1,01,A01
200900015794,0,07,000,01,0,1,02,B02
200900015794,0,14,000,00,2,6,23,A01
200900015795,0,07,000,00,2,1,01,B02
200900015795,0,07,000,00,2,1,13,A01
200900015796,0,07,000,00,2,1,01,A01
200900015796,0,07,000,00,2,8,15,B02
200900015797,0,07,000,00,2,1,01,B02
200900015797,0,07,000,00,2,1,15,A01
200900015798,0,07,000,04,0,3,17,A01
200900015799,0,32,000,00,2,1,19,B02
200900015799,0,07,000,00,2,2,01,A01
200900015800,0,33,000,01,0,1,01,B02
200900015800,0,07,000,00,2,2,13,A01
200900015801,0,07,000,00,1,1,00,A01
200900015802,0,07,000,08,0,7,01,A01
200900015803,0,07,000,00,2,3,19,A01
200900015803,0,33,000,00,2,1,01,B02
200900015804,1,07,000,00,2,6,17,A01
200900015804,0,33,000,00,2,8,01,B02
200900015805,0,07,000,04,2,1,01,A01
200900015805,0,01,000,00,2,4,01,B02
200900015806,0,07,000,06,0,2,01,A01
200900015807,0,10,000,06,0,8,01,A01
200900015808,0,07,000,00,2,1,01,D01
200900015808,0,07,000,00,2,1,01,B01
200900015808,0,07,000,00,2,1,00,A01
200900015808,0,07,000,00,2,1,01,C01
200900015809,0,03,000,14,0,3,01,A01
200900015810,0,33,000,00,2,1,01,B01
200900015810,0,07,000,00,2,8,19,A01
200900015811,0,07,000,00,1,2,03,A01
200900015812,0,36,000,02,0,1,01,A01
200900015813,0,07,000,00,2,3,19,A01
200900015813,0,02,000,00,2,1,17,B01
200900015814,0,07,000,00,2,5,16,A01
200900015814,0,30,000,00,2,1,01,B01
200900015815,0,33,000,16,0,1,01,A01
200900015816,0,07,000,00,2,1,01,B01
200900015816,0,07,000,00,2,1,13,A01
200900015817,0,01,000,00,2,1,05,B02
200900015817,0,31,000,00,2,1,01,A01
200900015818,0,30,000,00,1,1,17,A01
200900015819,0,02,000,00,1,1,17,A01
200900015820,0,07,000,06,0,9,13,A01
200900015821,0,07,000,13,0,1,01,A01
200900015822,0,07,000,15,2,8,01,B01
200900015822,1,07,000,00,2,1,00,A01
200900015823,0,30,000,01,0,1,02,A01
200900015824,0,07,000,00,2,3,15,A01
200900015824,0,02,000,00,2,1,01,B01
200900015825,0,07,000,00,2,4,01,A01
200900015825,0,07,000,00,2,1,15,B01
200900015826,1,07,000,00,1,2,01,A01
200900015827,0,07,000,00,2,1,01,B01
200900015827,0,07,000,00,2,1,15,A01
200900015828,0,07,000,00,1,1,01,A01
200900015829,0,07,000,00,1,3,15,A01
200900015830,0,34,000,01,2,1,01,B01
200900015830,0,07,000,00,2,6,10,A01
200900015831,0,07,000,00,1,7,01,A01
200900015832,0,07,000,00,2,4,23,B01
200900015832,0,02,000,00,2,1,01,A01
200900015833,0,07,000,00,2,1,00,A01
200900015833,0,07,000,00,2,4,00,B01
200900015834,0,07,000,00,2,4,15,A01
200900015834,0,07,000,00,2,1,01,B01
200900015835,1,07,000,00,1,0,00,A01
200900015836,0,07,000,00,2,7,01,B01
200900015836,0,30,000,00,2,1,01,A01
200900015837,0,07,000,00,1,1,01,A01
200900015838,0,02,000,00,2,1,00,A01
200900015838,0,07,000,00,2,6,00,B01
200900015839,0,14,000,00,2,4,01,B01
200900015839,0,07,000,00,2,1,01,A01
200900015840,0,07,000,06,0,9,00,A01
200900015841,0,07,000,00,2,5,19,A01
200900015841,0,31,000,00,2,0,01,B01
200900015842,0,07,000,00,2,8,09,A01
200900015842,0,14,000,00,2,2,01,B01
200900015843,0,07,000,08,0,1,01,A01
200900015844,0,07,000,10,0,1,01,A01
200900015845,0,33,000,14,0,1,01,A01
200900015846,0,07,000,00,2,1,19,A01
200900015846,0,07,000,08,2,1,19,B01
200900015847,0,01,000,00,2,1,01,B01
200900015847,0,07,000,00,2,7,15,A01
200900015848,0,07,000,01,0,9,01,A01
200900015849,0,01,000,00,2,7,01,B01
200900015849,0,07,000,00,2,8,09,A01
200900015850,0,07,000,00,2,2,16,B01
200900015850,0,33,000,00,2,1,01,A01
200900015851,0,31,000,00,2,1,01,B02
200900015851,0,07,000,00,2,8,01,A01