Num_Acc,senc,catv,occutc,obs,obsm,choc,manv,num_veh
200900015852,0,07,000,00,1,7,01,A01
200900015853,0,07,000,00,0,0,00,A01
200900015853,0,07,000,00,0,7,19,B02
200900015854,0,07,000,00,1,5,04,A01
200900015855,0,07,000,00,2,3,01,A01
200900015855,0,37,000,00,2,3,01,B02
200900015856,0,07,000,00,2,1,13,A01
200900015856,0,15,000,00,2,1,01,B02
200900015857,0,01,000,00,2,1,00,B02
200900015857,0,07,000,00,2,3,19,A01
200900015858,0,07,000,00,2,6,01,B02
200900015858,0,07,000,00,2,1,01,A01
200900015858,0,07,000,00,2,8,19,C03
200900015859,0,07,000,01,0,1,01,A01
200900015860,0,07,000,00,2,3,01,B02
200900015860,0,07,000,00,2,3,13,A01
200900015861,0,14,000,00,2,3,17,A01
200900015861,0,14,000,02,0,6,15,B02
200900015862,0,07,000,00,2,3,01,B02
200900015862,2,07,000,01,2,1,01,A01
200900015863,0,33,000,00,2,0,00,A01
200900015864,0,07,000,00,2,3,01,A01
200900015864,0,07,000,00,2,3,01,B02
200900015865,0,31,000,00,2,2,01,A01
200900015865,0,07,000,00,2,2,15,B02
200900015866,0,07,000,00,0,3,01,A01
200900015866,0,07,000,00,2,5,13,B02
200900015867,0,07,000,02,0,1,13,A01
200900015868,0,07,000,02,0,3,01,A01
200900015869,0,07,000,13,0,3,00,A01
200900015870,0,07,000,12,0,1,01,A01
200900015871,0,02,000,,2,1,01,A01
200900015871,0,10,000,,2,5,17,B02
200900015872,0,30,000,11,0,1,13,A01
200900015873,0,33,000,00,2,2,15,A01
200900015873,0,07,000,00,2,1,01,B01
200900015874,0,33,000,00,2,6,13,A01
200900015874,0,10,000,00,2,2,01,B01
200900015875,0,07,000,00,2,5,12,A01
200900015875,0,33,000,00,2,1,01,B01
200900015876,0,07,000,00,2,7,15,A01
200900015876,0,31,000,00,2,1,01,B01
200900015877,0,07,000,00,0,3,01,A01
200900015878,0,33,000,00,2,8,01,B01
200900015878,0,30,000,00,2,0,01,A01
200900015878,0,33,000,00,2,8,01,C01
200900015879,0,30,000,00,1,3,01,A01
200900015880,0,02,000,00,0,0,01,A01
200900015881,0,32,000,00,2,9,01,B01
200900015881,0,07,000,08,2,9,01,A01
200900015882,0,01,000,00,2,4,15,A01
200900015882,1,07,000,00,2,0,02,Z01
200900015883,0,07,000,06,0,3,20,A01
200900015884,2,32,000,00,2,7,15,Z01
200900015884,0,33,000,00,2,1,01,A01
200900015885,0,01,000,00,2,5,01,A01
200900015885,1,07,000,00,2,0,01,Z01
200900015886,0,30,000,00,1,2,01,A01
200900015887,0,07,000,00,2,2,16,A01
200900015887,0,01,000,00,2,1,18,B01
200900015888,0,02,000,00,2,7,01,A01
200900015888,0,07,000,00,2,1,01,B01
200900015889,0,07,000,00,2,8,01,B01
200900015889,0,33,000,00,2,1,01,A01
200900015890,0,32,000,00,0,7,01,A01
200900015891,0,33,000,00,2,1,12,A01
200900015891,0,10,000,00,2,7,01,B01
200900015892,0,07,000,00,2,3,01,A01
200900015892,0,31,000,00,2,8,01,B01
200900015893,0,32,000,00,2,0,01,B01
200900015893,0,01,000,00,2,0,16,A01
200900015894,0,32,000,00,2,8,01,B01
200900015894,0,07,000,00,2,0,11,A01
200900015895,0,07,000,00,2,1,02,A01
200900015895,0,07,000,00,2,4,23,B01
200900015896,0,10,000,00,2,2,15,A01
200900015896,0,32,000,00,2,8,01,B01
200900015897,0,07,000,00,2,3,15,A01
200900015897,0,33,000,00,2,2,01,B01
200900015898,1,07,000,00,2,1,02,Z01
200900015898,0,07,000,00,2,4,02,A01
200900015899,0,07,000,00,2,2,16,B01
200900015899,0,32,000,00,2,8,18,A01
200900015900,0,07,000,00,2,3,13,A01
200900015900,0,30,000,00,2,7,17,B01
200900015901,0,02,000,00,0,0,21,A01
200900015902,0,07,000,00,2,2,02,A01
200900015902,0,07,000,00,2,6,02,B01
200900015903,0,07,000,00,2,7,16,B01
200900015903,0,32,000,00,2,8,18,A01
200900015904,0,07,000,11,0,1,14,A01
200900015905,0,10,000,00,2,3,01,A01
200900015905,0,32,000,00,2,2,01,B01
200900015906,0,02,000,01,0,1,14,A01
200900015907,0,33,000,00,2,7,01,B01
200900015907,0,10,000,00,2,3,15,A01
200900015908,0,32,000,00,2,3,01,B01
200900015908,0,07,000,00,2,3,15,A01
200900015909,0,01,000,00,1,1,01,A01
200900015910,0,10,000,00,2,2,01,B01
200900015910,0,32,000,00,2,2,01,A01
200900015911,0,01,000,00,2,8,15,B01
200900015911,0,32,000,00,2,1,17,A01
200900015912,0,07,000,00,1,0,04,A01
200900015913,0,07,000,00,2,2,22,A01
200900015913,0,01,000,00,2,1,01,B01
200900015914,0,02,000,00,2,1,15,A01
200900015914,0,01,000,00,2,8,15,B01
200900015915,0,10,000,00,1,2,01,A01
200900015916,1,01,000,00,2,3,01,Z01
200900015916,0,34,000,00,2,1,01,A01
200900015917,0,07,000,00,2,4,15,B01
200900015917,0,33,000,00,2,2,05,A01
200900015918,0,01,000,00,2,8,01,B01
200900015918,0,01,000,00,2,7,17,A01
200900015919,0,32,000,00,0,8,01,A01
200900015920,0,07,000,00,1,1,01,A01
200900015921,0,07,000,01,0,9,13,A01
200900015922,0,07,000,00,2,1,01,B01
200900015922,0,07,000,00,2,2,01,A01
200900015923,1,07,000,00,2,4,04,Z01
200900015923,0,01,000,00,2,8,02,A01
200900015924,0,01,000,00,1,0,01,A01
200900015925,0,33,000,00,2,8,01,B01
200900015925,0,07,000,00,2,2,12,A01
200900015926,0,07,000,00,2,2,01,A01
200900015926,0,30,000,00,2,8,01,B01
200900015927,0,07,000,00,1,3,15,A01
200900015928,1,07,000,00,2,0,14,Z01
200900015928,0,33,000,00,2,8,01,A01
200900015929,0,10,000,00,2,2,05,A01
200900015929,0,07,000,00,2,8,15,B01
200900015930,1,07,000,00,2,3,15,Z01
200900015930,0,31,000,00,2,2,01,A01
200900015931,0,07,000,00,2,0,02,A01
200900015931,0,31,000,00,2,4,02,B01
200900015932,0,07,000,00,2,1,02,C01
200900015932,0,10,000,00,2,1,02,A01
200900015932,0,07,000,00,2,4,01,B01
200900015933,0,07,000,08,1,9,14,A01
200900015934,0,37,002,00,2,2,17,A01
200900015934,0,01,000,00,2,3,13,B01
200900015935,0,07,000,00,1,3,01,A01
200900015936,0,30,000,00,0,0,01,A01
200900015937,0,30,000,00,2,7,17,B01
200900015937,0,07,000,00,2,3,15,A01
200900015938,0,07,000,00,1,3,01,A01
200900015939,0,07,000,00,1,0,04,A01
200900015940,0,07,000,00,1,1,15,A01
200900015941,1,07,000,00,2,4,04,Z01
200900015941,0,34,000,00,2,3,23,A01
200900015942,0,07,000,01,0,1,13,A01
200900015943,0,01,000,00,0,0,01,A01
200900015944,0,07,000,07,0,1,13,A01
200900015945,0,07,000,00,2,3,16,B01
200900015945,0,07,000,00,2,3,05,A01
200900015946,0,10,000,00,2,2,16,B01
200900015946,0,30,000,00,2,7,18,A01
200900015947,0,34,000,00,2,2,17,A01
200900015947,0,07,000,00,2,8,15,B01
200900015948,0,02,000,00,2,2,17,B01
200900015948,0,07,000,00,2,3,15,A01
200900015949,0,10,000,00,2,3,10,B01
200900015949,0,34,000,01,2,2,01,A01
200900015950,0,31,000,00,2,4,02,B01
200900015950,0,33,000,00,2,1,02,A01
200900015951,0,32,000,14,0,3,13,A01
200900015952,0,07,000,00,1,4,04,A01
200900015953,0,01,000,00,2,2,02,A01
200900015953,0,07,000,00,2,6,02,B01
200900015954,0,32,000,00,2,1,15,A01
200900015954,0,07,000,00,2,6,15,B01
200900015955,0,01,000,00,1,1,07,A01
200900015956,0,07,000,00,1,2,01,A01
200900015957,0,30,000,00,2,1,01,B01
200900015957,0,07,000,00,2,5,15,A01
200900015958,1,02,000,00,1,0,01,Z01
200900015959,0,07,000,00,2,6,23,B01
200900015959,0,30,000,00,2,2,02,A01
200900015960,0,01,000,00,0,0,13,A01
200900015961,0,07,000,04,2,3,02,A01
200900015961,1,07,000,00,2,0,02,Z01
200900015962,0,07,000,02,0,7,13,A01
200900015963,1,30,000,00,2,0,18,Z01
200900015963,0,30,000,00,2,0,16,A01
200900015964,0,32,000,12,0,2,21,A01
200900015965,0,01,000,00,2,1,17,B01
200900015965,0,07,000,00,2,6,22,A01
200900015966,0,32,000,00,0,3,01,A01
200900015967,0,07,000,00,2,4,02,B01
200900015967,0,32,000,00,2,1,02,A01
200900015968,0,02,000,00,1,0,01,A01
200900015969,0,07,000,12,0,1,14,A01
200900015970,0,01,000,00,0,0,01,A01
200900015971,0,07,000,00,2,8,15,A01
200900015971,0,30,000,00,2,2,17,B01
200900015972,0,33,000,04,0,8,13,A01
200900015973,0,07,000,00,2,8,01,B01
200900015973,0,14,000,00,2,3,15,A01
200900015974,0,07,000,00,2,2,01,A01
200900015974,0,01,000,00,2,7,01,B01
200900015975,0,07,000,00,1,1,01,A01
200900015976,0,17,000,00,2,2,12,A01
200900015976,0,10,000,04,2,7,01,B01
200900015977,0,01,000,00,1,0,01,A01
200900015978,0,32,000,00,2,1,01,B01
200900015978,0,07,000,00,2,2,01,A01
200900015979,0,07,000,00,2,6,20,B01
200900015979,0,37,016,00,2,1,02,A01
200900015980,0,37,003,00,1,0,01,A01
200900015981,0,32,000,00,2,7,01,A01
200900015981,0,32,000,00,2,9,01,B01
200900015982,0,07,000,00,2,3,01,B01
200900015982,0,07,000,00,2,3,15,C01
200900015982,0,34,000,00,2,7,17,A01
200900015983,0,34,000,00,2,1,01,B01
200900015983,0,30,000,00,2,1,15,A01
200900015984,0,07,000,00,2,2,02,A01
200900015984,0,14,000,00,2,6,16,B01
200900015985,0,30,000,00,0,7,01,A01
200900015986,0,32,000,00,2,1,01,A01
200900015986,0,02,000,00,2,1,01,B01
200900015987,0,30,000,00,0,1,01,A01
200900015988,0,02,000,14,0,1,14,A01
200900015989,0,30,000,14,1,1,05,A01
200900015990,0,07,000,00,2,8,15,B01
200900015990,0,33,000,12,2,1,17,A01
200900015991,0,10,000,00,2,3,01,B01
200900015991,0,02,000,00,2,5,01,A01
200900015992,0,07,000,00,2,8,22,A01
200900015992,0,32,000,00,2,1,17,B01
200900015993,0,07,000,02,0,1,14,A01
200900015994,0,07,000,00,1,1,15,A01
200900015995,0,01,000,00,2,1,15,B01
200900015995,0,32,000,00,2,8,01,A01
200900015996,0,30,000,14,0,2,14,A01
200900015997,0,33,000,00,2,8,03,A01
200900015997,0,07,000,00,2,4,12,B01
200900015998,0,30,000,00,1,7,01,A01
200900015999,0,32,000,00,2,7,23,A01
200900015999,1,07,000,00,2,3,14,Z01
200900016000,0,07,000,00,2,3,10,A01
200900016000,0,32,000,00,2,3,01,B01
200900016001,0,01,000,00,2,3,02,A01
200900016001,1,07,000,00,2,0,17,Z01
200900016002,0,30,000,00,2,3,01,B01
200900016002,0,07,000,00,2,1,15,A01
200900016003,0,07,000,00,2,0,15,A01
200900016003,0,30,000,00,2,0,01,B01
200900016004,0,07,000,11,0,1,21,A01
200900016005,0,30,000,00,2,1,01,B01
200900016005,0,07,000,00,2,3,15,A01
200900016006,0,32,000,00,1,1,01,A01
200900016007,0,07,000,00,2,2,15,A01
200900016007,0,32,000,00,2,3,01,B01
200900016008,0,32,000,00,2,7,01,A01
200900016008,0,07,000,00,2,5,15,B01
200900016009,0,07,000,00,1,1,16,A01
200900016010,0,31,000,00,2,8,14,A01
200900016010,0,07,000,00,2,8,01,B01
200900016011,0,07,000,00,1,3,16,A01
200900016012,0,01,000,00,2,4,02,B01
200900016012,0,07,000,00,2,2,02,A01
200900016013,0,07,000,00,2,2,15,B01
200900016013,0,31,000,00,2,1,13,A01
200900016014,0,07,000,06,0,1,01,A01
200900016015,0,32,000,00,2,3,02,A01
200900016015,0,30,000,00,2,5,02,B01
200900016016,0,07,000,00,2,7,01,A01
200900016016,0,07,000,00,2,1,01,B01
200900016017,0,30,000,01,2,3,02,A01
200900016017,0,32,000,00,2,8,02,B01
200900016018,0,07,000,01,0,1,14,A01
200900016019,0,07,000,00,2,2,16,A01
200900016019,0,32,000,00,2,0,16,B01
200900016020,0,32,000,14,0,1,12,A01
200900016021,0,07,000,00,2,1,02,A01
200900016021,0,07,000,00,2,4,23,B01
200900016022,0,38,051,00,2,8,13,A01
200900016022,0,37,029,00,2,3,07,B01
200900016023,0,07,000,00,2,6,15,B01
200900016023,0,33,000,00,2,7,17,A01
200900016024,0,32,000,00,1,2,01,A01
200900016025,0,07,000,01,0,3,13,A01
200900016026,0,30,000,00,1,2,01,A01
200900016027,0,10,000,00,2,3,16,A01
200900016027,0,33,000,00,2,3,07,B01
200900016028,0,32,000,00,0,8,15,A01
200900016029,0,30,000,00,2,1,01,A01
200900016029,0,10,000,00,2,2,16,B01
200900016030,0,07,000,00,2,1,01,B01
200900016030,0,13,000,00,2,8,01,A01
200900016031,0,07,000,00,2,2,22,A01
200900016031,0,30,000,00,2,1,01,B01
200900016032,0,33,000,00,2,2,02,A01
200900016032,0,33,000,00,2,6,02,B01
200900016033,0,07,000,00,2,5,02,B01
200900016033,0,33,000,00,2,1,02,A01
200900016034,0,30,000,00,2,7,16,B01
200900016034,0,31,000,00,2,3,07,A01
200900016035,0,31,000,00,2,8,17,A01
200900016035,0,07,000,00,2,2,01,B01
200900016036,0,07,000,00,2,5,02,C01
200900016036,0,07,000,00,2,8,02,B01
200900016036,0,31,000,00,2,7,17,A01
200900016037,0,07,000,00,2,5,02,B01
200900016037,0,31,000,00,2,1,02,A01
200900016038,0,07,000,08,0,3,21,A01
200900016039,0,33,000,00,2,1,02,A01
200900016039,0,07,000,00,2,4,23,B01
200900016040,0,30,000,00,2,1,01,A01
200900016040,0,07,000,00,2,3,10,B01
200900016041,2,07,000,00,2,1,16,Z01
200900016041,0,01,000,00,2,5,01,A01
200900016042,0,02,000,00,1,1,01,A01
200900016043,0,07,000,00,1,3,01,A01
200900016044,0,02,000,00,2,1,01,A01
200900016044,0,34,000,00,2,3,01,B01
200900016045,0,02,000,00,2,1,01,A01
200900016045,0,07,000,00,2,6,15,B01
200900016046,0,32,000,00,0,0,01,A01
200900016047,0,33,000,00,2,1,15,A01
200900016047,0,32,000,00,2,1,01,B01
200900016048,0,07,000,00,2,3,01,B01
200900016048,0,01,000,00,2,7,19,A01
200900016049,0,33,000,12,0,0,21,A01
200900016050,0,07,000,00,2,2,16,A01
200900016050,0,32,000,00,2,8,18,B01
200900016051,0,01,000,00,1,1,01,A01
200900016052,0,07,000,00,2,1,01,A01
200900016052,0,30,000,00,2,4,18,B01
200900016053,1,07,000,00,1,2,01,Z01
200900016054,0,07,000,00,2,3,10,A01
200900016054,0,32,000,00,2,7,01,B01
200900016055,0,33,000,00,1,1,01,A01
200900016056,0,32,000,00,0,0,01,A01
200900016057,0,07,000,00,2,2,10,B01
200900016057,0,07,000,00,2,3,01,A01
200900016058,0,07,000,00,2,7,01,B01
200900016058,0,01,000,00,2,8,01,A01
200900016059,0,32,000,11,0,1,01,A01
200900016060,0,30,000,00,2,1,01,B01
200900016060,0,07,000,00,2,6,10,A01
200900016061,0,01,000,00,2,0,02,A01
200900016061,1,07,000,00,2,0,02,Z01
200900016062,0,07,000,08,0,9,13,A01
200900016063,0,01,000,00,0,0,07,A01
200900016064,0,01,000,00,1,1,01,A01
200900016065,0,07,000,00,2,2,01,B01
200900016065,0,31,000,12,2,1,13,A01
200900016066,0,07,000,00,1,1,01,A01
200900016067,0,32,000,00,2,1,02,A01
200900016067,0,07,000,00,2,4,02,B01
200900016068,0,34,000,00,2,2,02,A01
200900016068,0,07,000,00,2,6,15,B01
200900016069,0,02,000,00,2,2,01,B01
200900016069,0,32,000,00,2,1,01,A01
200900016070,0,01,000,00,2,3,01,B01
200900016070,0,32,000,00,2,0,16,A01
200900016071,0,33,000,00,2,7,14,A01
200900016071,0,07,000,00,2,6,01,B01
200900016072,0,07,000,04,0,3,01,B01
200900016072,0,07,000,04,2,3,14,A01
200900016073,0,01,000,00,0,0,01,A01
200900016074,0,32,000,00,2,4,23,B01
200900016074,0,07,000,00,2,1,15,A01
200900016075,0,37,001,00,2,3,01,B01
200900016075,0,07,000,00,2,2,15,A01
200900016076,0,30,000,00,2,3,01,A01
200900016076,0,07,000,00,2,5,01,B01
200900016077,0,01,000,00,0,1,05,A01
200900016078,0,07,000,00,2,3,01,A01
200900016078,0,33,000,00,2,2,01,B01
200900016079,0,07,000,00,2,1,01,A01
200900016079,1,07,000,00,2,0,01,Z01
200900016080,0,07,000,00,2,4,23,A01
200900016080,0,33,000,00,2,1,02,B01
200900016081,0,14,000,00,2,1,02,A01
200900016081,0,10,000,00,2,4,23,B01
200900016082,0,07,000,00,2,3,22,A01
200900016082,0,01,000,00,2,1,01,B01
200900016083,1,07,000,00,2,0,22,Z01
200900016083,0,01,000,00,2,1,01,A01
200900016084,0,33,000,00,2,8,01,A01
200900016084,0,07,000,00,2,2,01,B01
200900016085,0,33,000,00,2,1,01,B01
200900016085,0,07,000,00,2,5,09,A01
200900016086,0,30,000,00,2,1,01,B01
200900016086,0,01,000,00,2,6,01,A01
200900016087,0,10,000,00,2,4,23,B01
200900016087,0,30,000,00,2,8,02,A01
200900016088,0,01,000,00,2,3,15,A01
200900016088,0,32,000,00,2,3,01,B01
200900016089,0,01,000,01,0,1,14,A01
200900016090,0,30,000,00,0,8,21,A01
200900016091,0,33,000,00,0,2,21,A01
200900016092,0,07,000,11,0,2,14,A01
200900016093,0,10,000,00,2,5,16,A01
200900016093,0,31,000,00,2,3,01,B01
200900016094,0,07,000,00,2,0,01,A01
200900016094,0,01,000,00,2,0,01,B01
200900016095,0,32,000,00,2,1,01,B01
200900016095,0,10,000,00,2,1,01,A01
200900016096,0,10,000,00,2,1,01,B01
200900016096,0,07,000,00,2,7,01,A01
200900016097,0,31,000,00,2,1,01,B01
200900016097,0,07,000,00,2,1,15,A01
200900016098,0,07,000,00,2,3,15,B01
200900016098,0,33,000,00,2,2,17,A01
200900016099,0,07,000,00,2,3,16,B01
200900016099,0,32,000,00,2,1,01,A01
200900016100,0,07,000,00,2,3,01,A01
200900016100,0,01,000,00,2,1,01,B01
200900016101,0,07,000,00,2,3,02,A01
200900016101,0,34,000,00,2,5,23,B01
200900016102,0,34,000,15,0,1,14,A01
200900016103,0,07,000,00,2,3,01,A01
200900016103,0,02,000,00,2,0,01,B01
200900016104,0,32,000,00,2,7,17,A01
200900016104,0,07,000,00,2,3,15,B01
200900016105,0,07,000,04,2,5,01,C01
200900016105,0,07,000,00,2,3,13,A01
200900016105,0,07,000,00,2,5,01,B01
200900016106,0,07,000,00,2,1,02,A01
200900016106,0,01,000,00,2,4,02,B01
200900016107,0,07,000,00,2,6,24,B01
200900016107,0,07,000,00,2,2,14,A01
200900016108,0,07,000,09,2,7,01,A01
200900016108,0,07,000,00,2,1,01,B01
200900016109,0,07,000,00,2,2,15,A01
200900016109,0,33,000,00,2,8,01,B01
200900016110,0,33,000,00,0,8,01,A01
200900016111,0,30,000,00,2,4,02,B01
200900016111,0,07,000,00,2,4,02,A01
200900016112,0,07,000,00,2,5,09,A01
200900016112,0,34,000,00,2,0,01,B01
200900016113,0,34,000,00,2,2,01,B01
200900016113,0,01,000,00,2,6,13,A01
200900016114,0,07,000,00,2,3,15,B01
200900016114,0,02,000,00,2,2,17,A01
200900016115,0,07,000,00,2,1,02,A01
200900016115,0,07,000,00,2,4,23,B01
200900016116,0,32,000,00,2,2,17,A01
200900016116,0,07,000,00,2,3,15,B01
200900016117,0,32,000,00,2,7,17,B01
200900016117,0,07,000,00,2,3,13,A01
200900016118,0,07,000,00,1,2,01,A01
200900016119,0,07,000,00,1,3,17,A01
200900016120,0,32,000,00,0,0,21,A01
200900016121,0,32,000,00,2,3,01,B01
200900016121,0,07,000,00,2,7,09,A01
200900016122,0,07,000,00,2,4,23,B01
200900016122,0,10,000,00,2,0,02,A01
200900016123,0,10,000,00,2,6,22,B01
200900016123,0,37,062,00,2,3,07,A01
200900016124,0,07,000,00,1,3,18,A01
200900016125,0,10,000,00,1,2,01,A01
200900016126,0,10,000,07,0,3,13,A01
200900016127,0,07,000,00,1,1,15,A01
200900016128,0,30,000,08,0,3,01,A01
200900016129,0,07,000,00,2,1,07,A01
200900016129,0,33,000,00,2,7,15,B01
200900016130,0,10,000,00,2,1,07,B01
200900016130,0,30,000,00,2,4,15,A01
200900016131,0,30,000,00,2,8,01,A01
200900016131,0,07,000,00,2,5,01,B01
200900016132,0,30,000,00,2,2,01,A01
200900016132,0,10,000,00,2,6,22,B01
200900016133,0,32,000,00,2,1,01,A01
200900016133,1,07,000,00,2,0,15,Z01
200900016134,0,32,000,01,2,2,01,B01
200900016134,0,07,000,00,2,3,15,A01
200900016135,0,34,000,14,0,1,21,A01
200900016136,0,07,000,00,2,7,16,B01
200900016136,0,30,000,00,2,8,18,A01
200900016137,0,07,000,00,2,8,01,B01
200900016137,0,32,000,00,2,7,01,A01
200900016138,0,32,000,00,0,0,01,A01
200900016139,0,33,000,00,2,3,01,B01
200900016139,0,10,000,00,2,2,15,A01
200900016140,0,34,000,00,1,1,01,A01
200900016141,0,07,000,00,1,1,01,A01
200900016142,1,07,000,00,1,0,15,Z01
200900016143,0,33,000,14,0,4,14,A01
200900016144,0,01,000,00,2,3,01,B01
200900016144,0,07,000,00,2,2,01,A01
200900016145,0,07,000,00,2,3,15,B01
200900016145,0,02,000,00,2,1,17,A01
200900016146,0,01,000,00,2,8,15,A01
200900016146,0,32,000,00,2,1,01,B01
200900016147,0,33,000,00,0,0,01,A01
200900016148,0,10,000,00,2,1,02,A01
200900016148,0,32,000,00,2,4,02,B01
200900016149,0,33,000,00,2,1,02,A01
200900016149,0,07,000,00,2,5,02,B01
200900016150,0,33,000,00,2,7,01,B01
200900016150,0,07,000,00,2,8,10,A01
200900016151,0,01,000,00,0,0,07,A01
200900016152,0,01,000,00,2,8,02,A01
200900016152,0,32,000,00,2,8,02,D01
200900016152,0,01,000,00,2,8,02,B01
200900016152,0,30,000,00,2,7,02,C01
200900016153,0,10,000,00,1,2,01,A01
200900016154,0,32,000,00,2,5,17,B01
200900016154,0,07,000,00,2,3,10,A01
200900016155,0,31,000,00,0,0,01,A01
200900016156,0,31,000,00,2,1,01,B01
200900016156,0,07,000,00,2,6,15,A01
200900016157,0,37,000,00,2,0,15,A01
200900016157,0,33,000,00,2,6,01,B01
200900016158,0,07,000,00,1,2,01,A01
200900016159,0,07,000,00,2,5,15,A01
200900016159,0,30,000,00,2,1,01,B01
200900016160,0,32,000,00,2,3,14,A01
200900016160,0,07,000,00,2,6,24,B01
200900016161,0,07,000,00,2,1,01,B01
200900016161,0,30,000,00,2,1,01,A01
200900016162,0,30,000,12,0,8,13,A01
200900016163,0,07,000,00,2,2,01,A01
200900016163,0,32,000,00,2,3,01,B01
200900016164,0,07,000,00,2,0,09,A01
200900016164,0,01,000,00,2,0,01,B01
200900016165,0,30,000,00,2,1,01,B01
200900016165,0,07,000,00,2,2,15,A01
200900016166,0,01,000,00,1,0,07,A01
200900016167,0,30,000,00,2,3,02,A01
200900016167,0,07,000,00,2,0,23,B01
200900016168,0,33,000,00,2,1,13,A01
200900016168,0,07,000,00,2,5,01,B01
200900016169,0,30,000,00,1,1,01,A01
200900016170,0,02,000,00,1,1,01,A01
200900016171,0,10,000,00,1,7,16,A01
200900016172,0,30,000,00,2,1,01,B01
200900016172,0,07,000,00,2,6,10,A01
200900016173,0,33,000,00,2,8,01,B01
200900016173,0,07,000,00,2,1,01,A01
200900016174,0,07,000,00,2,6,01,C01
200900016174,0,07,000,00,2,3,01,B01
200900016174,0,07,000,00,2,1,21,A01
200900016175,0,07,000,00,1,2,07,A01
200900016176,0,32,000,00,2,1,02,A01
200900016176,0,32,000,00,2,4,23,B01
200900016177,0,31,000,00,2,3,18,A01
200900016177,0,10,000,00,2,2,16,B01
200900016178,0,32,000,00,0,0,21,A01
200900016179,0,10,000,00,1,1,01,A01
200900016180,0,07,000,00,2,1,02,A01
200900016180,0,07,000,00,2,5,23,B01
200900016181,0,30,000,00,0,0,21,A01
200900016182,0,07,000,00,2,4,23,B01
200900016182,0,10,000,00,2,1,02,A01
200900016183,0,01,000,00,2,1,01,B01
200900016183,0,07,000,00,2,6,01,A01
200900016184,1,07,000,00,2,0,01,Z01
200900016184,0,30,000,00,2,2,01,A01
200900016185,0,07,000,00,2,4,23,C01
200900016185,0,07,000,00,2,1,02,A01
200900016185,0,07,000,00,2,4,23,B01
200900016186,0,07,000,00,2,1,02,A01
200900016186,0,34,000,00,2,4,02,B01
200900016187,0,07,000,00,2,8,14,A01
200900016187,0,07,000,04,2,2,01,B01
200900016188,0,07,000,00,2,2,16,A01
200900016188,0,01,000,00,2,8,07,B01
200900016189,0,33,000,00,2,3,01,B01
200900016189,0,01,000,00,2,0,19,A01
200900016190,0,31,000,00,2,1,01,B01
200900016190,0,07,000,00,2,6,15,A01
200900016191,0,30,000,00,2,0,01,A01
200900016191,1,07,000,00,2,7,01,Z01
200900016192,0,32,000,01,2,7,01,B01
200900016192,0,07,000,00,2,3,01,A01
200900016193,0,07,000,00,1,2,01,A01
200900016194,0,30,000,15,0,0,01,A01
200900016195,0,30,000,00,2,1,02,A01
200900016195,0,07,000,00,2,6,02,B01
200900016196,0,07,000,01,0,1,14,A01
200900016197,0,02,000,00,0,0,01,A01
200900016198,0,30,000,00,0,0,21,A01
200900016199,0,33,000,00,0,0,01,A01
200900016200,0,07,000,00,2,4,15,B01
200900016200,0,30,000,00,2,1,02,A01
200900016201,0,01,000,00,0,1,01,A01
200900016202,0,32,000,00,2,1,01,B01
200900016202,0,07,000,00,2,2,15,A01
200900016203,0,31,000,07,2,1,17,A01
200900016203,0,10,000,00,2,0,01,B01
200900016204,0,07,000,00,1,3,15,A01
200900016205,0,07,000,00,2,2,01,B01
200900016205,0,01,000,00,2,1,01,A01
200900016206,0,02,000,00,2,1,02,A01
200900016206,0,07,000,00,2,5,02,B01
200900016207,0,32,000,00,2,1,01,A01
200900016207,0,07,000,00,2,3,10,B01
200900016208,0,07,000,00,1,3,01,A01
200900016209,1,07,000,00,1,2,01,A01
200900016210,0,02,000,00,0,0,01,B01
200900016210,0,01,000,00,0,0,07,A01
200900016211,0,32,000,00,0,0,01,A01
200900016212,0,07,000,00,0,5,16,A01
200900016212,0,01,000,00,0,8,07,B01
200900016213,0,10,000,00,2,5,01,D01
200900016213,0,07,000,00,2,8,01,B01
200900016213,0,14,000,00,2,2,12,A01
200900016213,0,07,000,00,2,5,01,C01
200900016214,0,07,000,00,2,3,11,A01
200900016214,0,32,000,00,2,5,03,B01
200900016215,0,07,000,00,1,2,01,A01
200900016216,0,07,000,00,1,3,01,A01
200900016217,0,07,000,00,2,7,16,A01
200900016217,0,01,000,00,2,3,01,B01
200900016218,0,30,000,00,0,8,01,A01
200900016219,0,01,000,00,2,1,01,B01
200900016219,0,10,000,00,0,3,09,A01
200900016220,0,30,000,00,0,0,01,A01
200900016221,1,07,000,00,2,1,02,Z01
200900016221,0,32,000,00,0,4,02,A01
200900016222,0,30,000,00,2,0,01,A01
200900016223,0,30,000,00,0,9,01,A01
200900016224,0,02,000,00,2,3,07,A01
200900016224,0,07,000,00,9,3,15,B01
200900016225,0,07,000,00,2,8,01,C01
200900016225,0,07,000,00,2,2,12,A01
200900016225,0,33,000,00,2,8,03,B01
200900016226,0,07,000,00,2,5,01,C01
200900016226,0,07,000,00,2,1,13,A01
200900016226,0,32,000,00,2,4,17,B01
200900016227,0,30,000,14,0,7,01,A01
200900016228,0,02,000,00,0,0,01,A01
200900016229,0,07,000,00,0,3,01,B01
200900016229,0,07,000,04,2,7,21,A01
200900016230,0,30,000,00,2,1,02,A01