Num_Acc,senc,catv,occutc,obs,obsm,choc,manv,num_veh
200900016604,0,15,000,00,2,8,01,B02
200900016605,0,33,000,00,2,1,01,B02
200900016605,0,07,000,00,2,2,15,A01
200900016606,0,31,000,12,0,7,01,A01
200900016607,0,31,000,13,0,0,01,A01
200900016608,0,07,000,00,2,4,02,B01
200900016608,0,31,000,00,2,1,02,A01
200900016609,0,07,000,00,2,1,02,A01
200900016609,0,07,000,00,2,4,23,B01
200900016610,0,07,000,00,2,1,01,A01
200900016610,0,07,000,00,2,4,23,B01
200900016611,0,32,000,00,1,1,01,A01
200900016612,0,07,000,00,2,1,01,A01
200900016612,0,07,000,00,2,4,23,B01
200900016613,0,02,000,00,2,1,17,B01
200900016613,0,07,000,00,2,3,09,A01
200900016614,0,31,000,00,2,7,02,A01
200900016614,0,07,000,00,2,8,02,B01
200900016615,0,10,000,00,2,1,23,E01
200900016615,0,07,000,00,2,8,23,B01
200900016615,0,07,000,00,2,1,15,A01
200900016615,0,02,000,00,2,7,23,C01
200900016615,0,07,000,00,2,1,23,D01
200900016616,0,07,000,00,2,6,15,A01
200900016616,0,30,000,00,2,1,00,B01
200900016617,0,07,000,00,2,1,01,A01
200900016617,0,07,000,00,2,4,23,B01
200900016617,0,07,000,00,2,4,20,C01
200900016618,0,07,000,00,2,3,13,A01
200900016618,0,07,000,00,2,3,01,B01
200900016619,0,07,000,00,2,3,09,A01
200900016619,0,30,000,00,2,8,01,B01
200900016620,0,07,000,00,2,7,15,A01
200900016620,0,30,000,00,2,1,01,B01
200900016621,0,07,000,00,0,0,00,A01
200900016621,0,07,000,00,2,0,00,B01
200900016622,0,31,000,00,2,1,15,A01
200900016622,0,33,000,00,2,1,01,B01
200900016623,0,07,000,00,2,1,13,A01
200900016623,0,33,000,00,2,3,01,B02
200900016624,0,07,000,00,2,3,01,B02
200900016624,0,07,000,00,2,3,01,A01
200900016625,0,07,000,00,2,1,13,A01
200900016625,0,07,000,00,2,1,01,B02
200900016626,0,07,000,00,2,3,13,A01
200900016626,0,07,000,00,2,3,01,B02
200900016627,0,07,000,00,0,3,01,B02
200900016627,0,07,000,00,0,1,13,A01
200900016628,0,33,000,00,2,3,01,B02
200900016628,0,07,000,00,2,3,15,A01
200900016629,0,07,000,00,0,4,02,B02
200900016629,0,07,000,00,0,1,02,A01
200900016629,0,07,000,00,0,4,02,C03
200900016630,0,33,000,00,2,9,01,B02
200900016630,0,10,000,00,2,3,15,A01
200900016631,0,07,000,00,2,1,01,A01
200900016631,0,33,000,00,2,4,01,B02
200900016632,0,07,000,00,2,3,01,A01
200900016633,0,14,000,00,1,3,01,A01
200900016634,0,30,000,00,2,1,17,A01
200900016634,0,07,000,00,2,3,19,B02
200900016635,0,07,000,00,2,7,15,B02
200900016635,0,33,000,00,2,1,01,A01
200900016636,0,10,000,00,2,2,01,B02
200900016636,0,30,000,00,2,1,13,A01
200900016637,0,07,000,00,2,1,15,A01
200900016637,0,32,000,00,2,8,01,B01
200900016638,0,07,000,00,1,1,01,A01
200900016639,0,02,000,00,2,1,17,A01
200900016639,0,07,000,00,2,8,09,B01
200900016640,0,07,000,00,2,3,01,B02
200900016640,0,07,000,00,2,3,13,A01
200900016640,0,07,000,00,2,1,01,C03
200900016641,0,07,000,00,2,4,23,B01
200900016641,0,07,000,00,2,1,01,A01
200900016641,0,07,000,00,2,4,23,C01
200900016642,0,07,000,00,2,4,00,B01
200900016642,0,33,000,00,2,1,01,A01
200900016643,0,07,000,02,0,9,00,A01
200900016644,0,07,000,00,2,7,13,A01
200900016644,0,07,000,00,2,1,01,B01
200900016645,0,07,000,02,0,1,14,A01
200900016646,0,07,000,00,2,2,01,A01
200900016646,0,10,000,00,0,6,23,B01
200900016647,0,07,000,00,2,6,01,A01
200900016647,0,02,000,00,2,7,12,B01
200900016648,0,31,000,00,0,7,01,A01
200900016649,0,07,000,00,2,8,09,A01
200900016649,0,33,000,00,2,1,01,B01
200900016650,0,07,000,00,2,4,01,B01
200900016650,0,02,000,00,2,1,01,A01
200900016651,0,02,000,00,2,1,01,B01
200900016651,0,07,000,00,2,5,15,A01
200900016652,0,07,000,00,2,1,01,A01
200900016652,0,07,000,00,2,0,01,B01
200900016653,0,07,000,00,1,3,04,A01
200900016654,0,07,000,00,2,1,15,A01
200900016654,0,02,000,00,2,1,01,B01
200900016655,0,07,000,00,2,2,16,A01
200900016655,0,02,000,00,2,6,01,B01
200900016656,0,07,000,00,2,0,09,A01
200900016656,0,33,000,00,2,8,21,B01
200900016657,0,07,000,00,2,6,14,A01
200900016657,0,07,000,00,2,3,01,B01
200900016658,0,31,000,06,0,7,01,A01
200900016659,0,07,000,00,1,7,01,A01
200900016660,0,07,000,00,1,1,09,A01
200900016661,0,32,000,16,0,9,01,A01
200900016662,0,07,000,00,2,3,15,B02
200900016662,0,07,000,00,2,1,01,A01
200900016663,0,33,000,13,0,1,01,A01
200900016664,0,07,000,00,2,7,01,B02
200900016664,0,07,000,00,2,2,13,A01
200900016665,0,07,000,00,1,2,01,A01
200900016666,0,07,000,06,0,1,13,A01
200900016667,0,17,000,02,0,1,13,A01
200900016668,0,07,000,00,1,3,01,A01
200900016669,0,21,000,00,1,0,04,A01
200900016670,0,33,000,00,1,0,02,A01
200900016671,0,33,000,00,2,1,01,B01
200900016671,0,07,000,00,2,2,10,A01
200900016672,0,36,000,12,0,1,01,A01
200900016673,0,07,000,00,2,2,02,A01
200900016673,0,01,000,00,2,4,02,B01
200900016674,0,07,000,13,0,7,01,A01
200900016675,0,07,000,06,0,1,13,A01
200900016676,0,07,000,01,1,2,01,A01
200900016676,0,07,000,00,2,7,24,B01
200900016677,1,33,000,00,1,1,00,A01
200900016678,0,07,000,00,2,4,01,B01
200900016678,0,07,000,00,2,1,01,A01
200900016679,0,07,000,00,2,3,01,B01
200900016679,0,07,000,00,2,1,13,A01
200900016680,0,07,000,00,2,5,01,C01
200900016680,0,02,000,01,2,8,18,A01
200900016681,0,07,000,00,2,1,02,A01
200900016681,0,07,000,00,2,4,01,B01
200900016682,0,07,000,00,2,2,17,A01
200900016682,0,07,000,00,2,8,15,B01
200900016683,0,37,001,00,2,1,01,B01
200900016683,0,07,000,00,2,3,15,A01
200900016684,0,36,000,09,2,1,14,A01
200900016685,0,07,000,00,2,2,15,A01
200900016685,0,07,000,00,2,3,01,B01
200900016686,0,30,000,00,2,1,01,B01
200900016686,0,01,000,00,2,7,15,A01
200900016687,0,17,000,00,2,7,15,B01
200900016687,0,07,000,00,2,1,01,A01
200900016688,0,07,000,00,2,8,15,A01
200900016688,0,07,000,00,2,3,01,B01
200900016689,0,07,000,00,2,5,15,A01
200900016689,0,10,000,00,2,5,01,C01
200900016689,0,34,000,00,2,1,01,B01
200900016690,0,33,000,04,0,0,01,A01
200900016691,0,07,000,00,2,3,13,A01
200900016691,0,07,000,00,2,2,01,B01
200900016692,0,07,000,00,0,0,12,A01
200900016692,0,07,000,02,0,9,21,B01
200900016693,0,07,000,00,0,4,02,B01
200900016693,0,07,000,00,2,1,02,A01
200900016694,0,07,000,13,9,1,17,B01
200900016694,0,15,000,03,9,1,06,A01
200900016695,0,07,000,00,2,1,02,A01
200900016695,0,07,000,00,0,4,02,C01
200900016695,0,07,000,00,2,4,02,B01
200900016696,0,07,000,03,0,1,13,A01
200900016697,1,31,000,06,0,0,01,A01
200900016698,0,07,000,00,1,1,01,A01
200900016699,0,07,000,00,1,1,20,A01
200900016700,0,07,000,00,1,2,01,A01
200900016701,0,33,000,00,2,8,01,B02
200900016701,0,33,000,00,2,8,17,A01
200900016702,0,07,000,00,0,3,05,A01
200900016702,0,07,000,00,0,3,17,B02
200900016703,0,07,000,00,2,1,13,A01
200900016703,0,07,000,00,2,1,01,B02
200900016704,0,10,000,00,2,3,01,A01
200900016704,0,17,000,00,2,5,01,B02
200900016705,0,33,000,00,0,0,01,A01
200900016706,0,33,000,00,2,1,17,A01
200900016706,0,07,000,00,2,8,15,B02
200900016707,0,07,000,00,2,1,01,B02
200900016707,0,07,000,00,2,1,13,A01
200900016708,0,07,000,00,2,3,13,A01
200900016708,0,07,000,00,2,3,01,B02
200900016709,0,07,000,00,0,1,01,B02
200900016709,0,33,000,00,0,4,15,A01
200900016710,0,07,000,00,0,1,01,A01
200900016711,0,07,000,00,0,1,01,A01
200900016712,1,07,000,00,1,4,20,A01
200900016713,0,07,000,00,2,3,11,A01
200900016713,0,07,000,00,0,8,01,C01
200900016713,0,07,000,00,2,2,01,B01
200900016714,0,07,000,00,2,3,01,A01
200900016714,0,01,000,00,2,1,09,B01
200900016715,0,02,000,00,2,1,13,A01
200900016715,0,07,000,00,2,1,01,B01
200900016716,0,14,000,00,1,2,15,A01
200900016717,0,07,000,00,1,0,01,A01
200900016718,0,07,000,00,2,3,01,A01
200900016718,0,07,000,00,2,4,15,B01
200900016719,0,07,000,00,1,1,15,A01
200900016720,0,07,000,00,0,4,01,A01
200900016720,0,07,000,00,2,4,01,C01
200900016720,0,07,000,01,0,1,02,B01
200900016721,0,02,000,00,2,3,09,A01
200900016721,0,13,000,00,2,2,01,B01
200900016722,0,07,000,00,2,3,00,B01
200900016722,0,30,000,00,2,1,00,A01
200900016723,0,33,000,00,2,8,02,B01
200900016723,0,07,000,00,2,6,02,A01
200900016724,0,07,000,00,1,5,01,A01
200900016725,0,07,000,00,1,3,01,A01
200900016726,1,07,000,00,2,0,00,A01
200900016726,0,02,000,00,2,8,15,B01
200900016727,0,02,000,00,2,1,02,A01
200900016727,0,07,000,00,2,5,01,B01
200900016728,0,07,000,00,2,1,01,B01
200900016728,0,02,000,00,2,8,16,A01
200900016729,0,10,000,03,0,8,01,A01
200900016730,0,07,000,00,0,6,01,B01
200900016730,0,07,000,00,2,2,12,A01
200900016731,0,07,000,14,0,1,02,A01
200900016731,0,07,000,00,0,4,23,B01
200900016732,0,10,000,00,0,5,01,B01
200900016732,0,07,000,00,2,7,12,A01
200900016733,0,07,000,02,0,0,13,A01
200900016734,0,07,000,00,2,3,01,B02
200900016734,0,02,000,00,2,8,15,A01
200900016735,0,07,000,12,0,1,01,A01
200900016736,0,33,000,00,0,1,01,A01
200900016737,0,33,000,00,0,3,01,A01
200900016738,0,30,000,03,0,3,01,A01
200900016739,0,30,000,01,0,1,01,A01
200900016740,0,07,000,00,2,4,02,A01
200900016740,2,03,000,00,0,1,07,C03
200900016740,0,07,000,00,0,6,02,B02
200900016741,0,33,000,00,2,1,02,A01
200900016741,0,33,000,00,0,3,02,B02
200900016742,0,10,000,00,0,1,01,A01
200900016743,0,07,000,00,2,1,01,B02
200900016743,0,07,000,00,2,2,15,A01
200900016744,0,33,000,00,2,1,17,B02
200900016744,0,07,000,00,2,3,01,A01
200900016745,0,07,000,00,2,3,11,A01
200900016745,0,02,000,00,2,3,01,B02
200900016746,0,33,000,00,0,1,01,A01
200900016747,0,31,000,00,0,4,01,A01
200900016748,0,33,000,13,0,1,01,A01
200900016749,0,07,000,00,1,1,01,A01
200900016750,0,02,000,00,0,9,01,A01
200900016751,0,07,000,00,2,1,13,A01
200900016751,0,07,000,00,0,3,21,C01
200900016751,0,07,000,00,2,1,01,B01
200900016752,0,31,000,00,2,1,01,A01
200900016752,0,07,000,00,2,6,19,B01
200900016753,0,07,000,00,2,2,15,A01
200900016753,0,02,000,00,2,1,01,B01
200900016754,0,10,000,00,2,7,15,A01
200900016754,0,33,000,00,2,1,01,B01
200900016755,0,10,000,00,2,1,02,A01
200900016755,0,07,000,00,2,4,02,C01
200900016755,0,07,000,00,2,4,23,B01
200900016756,0,07,000,00,2,3,15,A01
200900016756,0,07,000,00,2,3,01,B01
200900016757,0,07,000,00,1,1,01,A01
200900016758,0,07,000,00,2,3,15,A01
200900016758,0,01,000,00,2,8,01,B01
200900016759,0,30,000,00,2,1,01,B01
200900016759,0,99,000,00,2,6,15,A01
200900016760,0,02,000,00,2,1,13,A01
200900016760,0,07,000,00,2,3,01,B01
200900016761,0,07,000,00,2,1,02,B01
200900016761,0,07,000,00,2,4,02,A01
200900016762,0,07,000,13,0,1,14,A01
200900016763,0,07,000,00,2,4,01,B01
200900016763,0,07,000,00,2,1,02,A01
200900016764,0,07,000,00,1,3,01,A01
200900016765,0,07,000,00,2,2,15,A01
200900016765,0,33,000,00,2,1,01,B01
200900016766,0,07,000,00,2,4,01,B01
200900016766,0,07,000,00,2,1,02,A01
200900016767,0,07,000,00,2,1,02,B01
200900016767,0,07,000,00,2,4,02,A01
200900016767,0,07,000,00,2,1,02,C01
200900016768,0,07,000,00,2,8,15,B01
200900016768,0,02,000,00,2,7,17,A01
200900016769,0,07,000,00,1,3,02,A01
200900016770,0,07,000,00,2,1,01,A01
200900016770,0,01,000,00,2,1,02,B02
200900016771,0,02,000,00,2,8,18,A01
200900016771,0,07,000,00,2,2,20,B01
200900016772,0,33,000,00,0,0,00,A01
200900016773,0,07,000,00,0,5,01,A01
200900016773,0,02,000,00,2,1,19,B02
200900016774,0,07,000,00,2,3,19,B02
200900016774,0,33,000,00,2,1,01,A01
200900016775,0,07,000,00,0,1,16,B02
200900016775,0,07,000,00,0,8,23,A01
200900016776,0,33,000,00,2,8,01,A01
200900016776,0,07,000,00,2,2,15,B02
200900016777,0,07,000,00,1,1,01,A01
200900016778,0,02,000,16,0,0,14,A01
200900016779,0,07,000,00,0,4,02,A01
200900016779,0,07,000,00,0,4,23,B01
200900016779,0,07,000,00,2,1,02,C01
200900016780,0,07,000,00,2,3,01,A01
200900016780,0,07,000,00,2,3,01,B02
200900016781,0,07,000,00,2,5,01,A01
200900016781,0,07,000,00,2,1,01,B02
200900016782,0,07,000,00,0,9,01,A01
200900016783,0,10,000,00,1,1,01,A01
200900016784,0,07,000,13,0,2,14,A01
200900016785,0,07,000,00,0,9,01,A01
200900016786,0,35,000,00,2,1,00,B02
200900016786,0,07,000,00,2,1,01,A01
200900016787,0,07,000,00,2,1,02,A01
200900016787,0,15,000,00,2,4,02,B02
200900016788,0,10,000,00,2,5,01,A01
200900016788,0,33,000,00,2,1,01,B02
200900016789,0,07,000,00,5,1,13,A01
200900016790,0,07,000,00,2,3,05,A01
200900016790,0,13,000,00,2,3,01,B02
200900016791,0,07,000,02,0,2,01,A01
200900016792,0,07,000,00,2,1,01,B02
200900016792,0,07,000,00,2,7,19,A01
200900016793,0,07,000,00,0,1,00,A01
200900016793,0,07,000,00,0,1,00,B02
200900016794,0,30,000,08,0,8,19,A01
200900016795,0,07,000,09,0,2,14,A01
200900016796,0,10,000,00,2,1,01,A01
200900016796,0,07,000,00,2,6,15,B02
200900016797,0,14,000,00,2,4,02,B02
200900016797,0,07,000,00,2,1,02,A01
200900016798,0,07,000,00,6,1,01,A01
200900016799,0,07,000,00,2,1,15,A01
200900016799,0,07,000,00,2,6,01,B01
200900016800,0,02,000,00,2,7,01,A01
200900016800,0,07,000,00,2,8,16,B01
200900016801,0,07,000,00,2,1,17,A01
200900016801,0,07,000,00,2,4,01,B01
200900016802,0,07,000,00,1,1,01,A01
200900016803,0,07,000,00,1,6,01,A01
200900016804,0,07,000,00,2,7,24,A01
200900016804,0,07,000,00,2,6,01,B01
200900016805,1,07,000,00,0,0,00,A01
200900016806,0,10,000,00,2,1,01,A01
200900016806,0,07,000,00,2,1,01,B01
200900016807,0,07,000,00,1,3,01,A01
200900016808,1,07,000,00,1,0,00,A01
200900016809,0,02,000,00,2,1,17,B01
200900016809,0,07,000,00,2,6,10,A01
200900016810,0,07,000,00,2,2,15,B01
200900016810,0,07,000,00,2,1,01,A01
200900016811,0,07,000,00,2,1,01,A01
200900016811,0,07,000,00,2,8,01,B01
200900016811,0,07,000,00,2,4,01,C01
200900016812,0,07,000,00,2,1,01,B01
200900016812,0,07,000,00,2,1,01,A01
200900016813,0,07,000,00,2,3,15,A01
200900016813,0,07,000,00,2,6,01,B01
200900016814,0,02,000,00,2,0,01,A01
200900016815,0,07,000,00,2,1,01,A01
200900016815,0,07,000,00,2,1,01,B01
200900016816,0,07,000,00,2,6,01,B01
200900016816,0,02,000,00,2,1,01,A01
200900016817,0,02,000,00,2,8,01,B01
200900016817,0,07,000,00,2,1,15,A01
200900016818,0,07,000,00,1,0,01,A01
200900016819,0,30,000,00,2,1,17,B02
200900016819,0,07,000,00,2,8,15,A01
200900016820,0,10,000,00,2,1,01,A01
200900016820,0,15,000,00,2,4,01,B01
200900016821,0,07,000,00,2,7,01,B01
200900016821,0,02,000,00,2,1,19,A01
200900016822,0,07,000,00,1,0,01,A01
200900016823,0,10,000,00,2,1,01,A01
200900016823,0,07,000,00,2,4,01,B01
200900016824,0,33,000,07,0,1,01,A01
200900016825,0,07,000,00,2,6,15,B01
200900016825,0,33,000,00,2,1,17,A01
200900016826,0,07,000,07,0,1,01,A01
200900016827,0,02,000,00,2,1,01,B01
200900016827,0,07,000,00,2,3,15,A01
200900016828,0,07,000,00,2,3,01,B02
200900016828,0,07,000,00,2,2,15,A01
200900016829,0,17,000,00,2,1,01,B01
200900016829,0,07,000,00,2,8,10,A01
200900016830,0,10,000,00,2,5,15,B02
200900016830,0,33,000,00,2,1,01,A01
200900016831,0,30,000,00,2,8,16,A01
200900016831,0,07,000,00,2,1,01,C01
200900016831,0,33,000,00,9,1,01,B01
200900016832,0,07,000,03,0,1,11,A01
200900016833,0,07,000,00,0,4,15,A01
200900016833,0,30,000,00,2,1,01,B02
200900016834,0,02,000,00,2,7,17,B02
200900016834,0,07,000,00,2,8,15,A01
200900016835,0,07,000,00,2,1,17,A01
200900016835,0,33,000,00,2,1,01,B02
200900016836,0,07,000,00,2,3,01,A01
200900016836,0,14,000,00,2,2,01,B02
200900016837,0,07,000,00,0,1,01,B02
200900016837,0,01,000,00,2,1,01,A01
200900016838,0,07,000,13,0,1,01,A01
200900016839,0,07,000,00,2,1,13,B01
200900016839,0,14,000,00,2,3,01,A01
200900016840,0,14,000,00,2,4,23,B01
200900016840,0,07,000,00,0,3,01,A01
200900016841,0,07,000,00,0,7,01,A01
200900016841,0,02,000,00,0,3,13,B02
200900016842,0,07,000,00,2,3,13,A01
200900016842,0,33,000,00,2,6,17,B02
200900016843,0,07,000,13,0,1,01,A01
200900016844,0,07,000,03,0,6,17,A01
200900016845,0,07,000,00,2,1,01,B02
200900016845,0,07,000,00,2,5,15,A01
200900016846,0,33,000,00,2,1,17,B02
200900016846,0,07,000,00,2,4,10,A01
200900016847,0,07,000,00,2,2,19,A01
200900016847,0,33,000,00,2,1,01,B02
200900016848,0,15,000,02,0,2,01,A01
200900016848,0,14,000,00,2,3,01,B01
200900016849,0,07,000,00,1,1,24,A01
200900016850,0,07,000,00,2,5,15,B02
200900016850,0,33,000,00,2,1,01,A01
200900016851,0,01,000,00,2,1,01,A01
200900016851,0,01,000,00,2,1,01,B02
200900016851,0,07,000,00,9,2,09,C03
200900016852,0,33,000,00,9,8,01,A01
200900016852,0,33,000,00,9,8,01,B02
200900016853,0,07,000,00,2,6,15,B02
200900016853,0,07,000,00,2,2,11,A01
200900016854,0,07,000,00,2,5,17,A01
200900016854,0,33,000,00,2,1,17,B02
200900016855,0,07,000,03,2,3,00,B01
200900016855,0,10,000,00,2,8,00,A01
200900016856,0,14,000,00,1,6,01,B01
200900016856,0,07,000,00,2,1,02,A01
200900016857,0,07,000,00,2,1,15,A01
200900016857,0,30,000,00,2,8,01,B01
200900016858,0,07,000,00,2,5,15,A01
200900016858,0,07,000,00,0,2,01,B02
200900016859,0,32,000,00,0,7,13,A01
200900016860,0,07,000,00,2,3,01,A01
200900016860,0,01,000,01,0,2,00,B01
200900016861,0,07,000,00,2,3,01,A01
200900016861,0,07,000,00,2,3,01,B01
200900016862,0,10,000,02,0,2,01,A01
200900016863,0,07,000,00,2,1,13,A01
200900016863,0,07,000,00,2,3,13,B02
200900016864,0,07,000,13,0,8,21,A01
200900016865,0,07,000,01,2,1,01,B01
200900016865,0,07,000,00,2,7,01,A01
200900016866,0,33,000,00,2,1,21,A01
200900016866,0,07,000,00,2,4,23,B01
200900016867,0,07,000,00,2,1,02,A01
200900016867,0,07,000,00,2,4,02,B01
200900016868,0,07,000,13,0,1,01,A01
200900016869,0,07,000,00,2,2,01,A01
200900016869,0,01,000,00,2,1,00,B01
200900016870,0,13,000,00,2,3,13,A01
200900016870,0,07,000,00,2,3,01,B02
200900016871,0,07,000,00,2,1,01,B02
200900016871,0,30,000,00,2,8,01,A01
200900016872,0,07,000,00,1,1,21,A01
200900016873,0,07,000,00,2,2,09,A01
200900016873,0,07,000,00,2,7,01,B01
200900016874,0,01,000,00,2,6,02,B02
200900016874,0,10,000,00,9,2,21,A01
200900016875,0,07,000,13,0,1,01,A01
200900016876,0,07,000,13,0,1,01,A01
200900016877,0,30,000,00,2,1,15,A01
200900016877,0,07,000,00,2,1,01,B02
200900016878,0,02,000,00,0,0,01,A01
200900016879,0,37,000,00,2,1,15,A01
200900016879,0,31,000,00,0,1,01,B01
200900016880,0,33,000,02,0,1,01,A01
200900016881,0,31,000,04,0,1,02,A01
200900016882,0,32,000,00,2,1,01,A01
200900016882,0,07,000,00,2,1,15,B02
200900016883,0,33,000,03,0,2,14,A01
200900016884,0,07,000,00,2,2,06,A01
200900016884,0,33,000,00,2,1,01,B02
200900016885,0,34,000,00,2,1,13,A01
200900016885,0,07,000,00,2,8,00,C01
200900016885,0,07,000,00,2,3,00,B01
200900016886,0,33,000,00,1,1,01,A01
200900016886,0,33,000,,,,,C03
200900016886,0,33,000,,,,,B02
200900016887,0,07,000,00,2,3,01,A01
200900016887,0,02,000,00,0,1,01,B01
200900016888,0,02,000,00,2,1,01,B02
200900016888,0,07,000,00,9,3,17,A01
200900016889,0,07,000,00,2,8,15,B02
200900016889,0,33,000,00,2,2,17,A01
200900016890,0,33,000,16,0,7,00,A01
200900016891,0,07,000,00,0,3,01,B02
200900016891,0,07,000,00,0,3,13,A01
200900016892,0,07,000,00,2,1,01,A01
200900016892,0,33,000,00,0,0,01,B01
200900016893,0,07,000,00,2,2,00,A01
200900016893,0,07,000,00,2,2,13,B02
200900016894,0,07,000,00,1,2,21,A01
200900016895,0,17,000,00,1,7,16,A01
200900016896,0,10,000,00,1,2,01,A01
200900016897,0,07,000,00,2,3,15,A01
200900016897,0,30,000,00,2,1,01,B02
200900016898,0,07,000,06,0,1,14,A01
200900016899,0,02,000,00,1,0,14,A01
200900016900,0,33,000,12,0,7,01,A01
200900016901,0,07,000,00,1,1,01,A01
200900016902,0,07,000,00,2,1,01,A01
200900016902,0,10,000,00,2,8,19,B02
200900016903,0,07,000,00,1,1,01,A01
200900016904,0,07,000,00,2,3,01,A01
200900016904,0,07,000,00,2,8,01,B02
200900016905,0,07,000,00,2,1,01,B02
200900016905,0,07,000,00,2,1,13,A01
200900016906,0,31,000,13,0,0,01,A01
200900016906,1,07,000,,,,,A02
200900016907,0,10,000,00,1,1,15,A01
200900016908,0,10,000,00,2,0,01,A01
200900016908,0,33,000,00,2,1,01,B02
200900016909,1,07,000,,,,,B02
200900016909,0,33,000,00,2,8,01,A01
200900016910,0,30,000,00,2,7,01,B02
200900016910,0,07,000,00,2,2,15,A01
200900016911,1,07,000,00,0,0,01,B02
200900016911,0,30,000,12,0,0,01,A01
200900016912,0,07,000,,1,1,13,A01
200900016913,0,07,000,00,0,3,01,A01
200900016913,0,07,000,00,0,3,01,B02
200900016914,0,07,000,00,2,3,01,B02
200900016914,0,07,000,00,2,3,13,A01
200900016914,0,07,000,00,2,9,01,C03
200900016915,0,14,000,00,2,5,20,A01
200900016915,0,07,000,00,2,2,01,B02
200900016916,0,33,000,00,0,8,01,A01
200900016916,0,07,000,00,0,8,01,B02
200900016917,0,07,000,00,2,3,05,A01
200900016917,0,10,000,00,2,6,01,B02
200900016917,0,33,000,00,9,8,01,C03
200900016918,0,07,000,00,2,3,15,A01
200900016918,0,02,000,00,0,1,01,B01
200900016919,0,36,000,06,0,7,01,A01
200900016920,0,07,000,00,1,3,00,A01
200900016921,0,07,000,00,2,3,01,B02
200900016921,0,02,000,00,2,1,19,A01
200900016922,0,01,000,00,2,1,01,A01
200900016922,0,07,000,00,0,8,01,B01
200900016923,0,10,000,00,1,0,01,A01
200900016924,0,07,000,00,2,1,15,A01
200900016924,0,33,000,01,0,1,01,B01
200900016925,0,34,000,00,2,1,17,B02
200900016925,0,10,000,00,2,2,10,A01
200900016926,0,33,000,00,2,1,01,B02
200900016926,0,07,000,00,2,8,09,A01
200900016927,0,32,000,00,0,7,01,A01
200900016928,0,07,000,00,2,2,15,A01
200900016928,0,07,000,00,2,1,01,B02
200900016929,0,33,000,00,1,1,01,A01
200900016930,0,02,000,00,2,0,01,A01
200900016930,0,07,000,00,2,2,01,B02
200900016931,0,02,000,00,0,0,01,A01
200900016932,0,07,000,01,1,2,01,A01
200900016933,0,07,000,00,2,1,01,B02
200900016933,0,07,000,00,2,1,01,A01
200900016934,0,07,000,00,2,3,15,A01
200900016934,0,01,000,00,2,0,01,B01
200900016935,0,07,000,13,0,3,01,A01
200900016936,0,07,000,00,2,1,01,C01
200900016936,0,33,000,00,2,1,17,B01
200900016936,0,07,000,00,2,3,09,A01
200900016937,0,02,000,00,2,1,01,B02
200900016937,0,07,000,00,2,3,01,A01
200900016938,0,07,000,00,2,5,15,A01
200900016938,0,30,000,00,2,1,01,B01
200900016939,0,07,000,00,2,3,01,A01
200900016939,0,07,000,00,2,3,01,B01
200900016940,0,10,000,00,2,2,21,B02
200900016940,0,01,000,00,2,1,15,A01
200900016941,0,07,000,00,1,1,01,A01
200900016942,0,03,000,00,2,2,01,B01
200900016942,0,07,000,00,2,3,09,A01
200900016943,0,07,000,08,0,2,01,A01
200900016944,0,02,000,00,2,7,16,A01
200900016944,1,10,000,00,2,1,01,B01
200900016945,0,07,000,00,2,1,01,A01
200900016945,0,07,000,00,2,1,01,B02
200900016946,0,10,000,00,2,1,02,B02
200900016946,0,07,000,00,2,4,23,A01
200900016947,0,07,000,00,2,7,12,A01
200900016947,0,07,000,00,2,0,23,C01
200900016947,0,02,000,00,2,0,16,B01
200900016948,0,07,000,00,1,1,01,A01
200900016949,0,38,009,00,2,1,01,B02
200900016949,0,07,000,00,2,5,17,A01
200900016950,0,07,000,00,2,4,01,B01
200900016950,0,07,000,00,2,4,01,C01
200900016950,0,07,000,00,2,1,01,A01
200900016951,0,07,000,15,2,3,01,B01
200900016951,0,07,000,00,2,1,15,A01
200900016952,0,07,000,00,2,4,01,B01
200900016952,0,07,000,00,2,1,01,A01
200900016953,0,33,000,08,0,1,01,A01
200900016954,0,07,000,00,0,2,01,B02
200900016954,0,07,000,00,0,2,05,A01
200900016955,0,07,000,06,0,1,01,A01
200900016956,0,07,000,00,2,1,01,A01
200900016956,0,31,000,00,2,1,13,B02
200900016957,0,33,000,00,0,0,01,A01
200900016958,0,07,000,00,2,7,01,B01
200900016958,0,07,000,00,2,2,01,A01
200900016959,0,10,000,00,2,4,02,B01
200900016959,0,07,000,00,2,1,01,A01
200900016960,0,14,000,13,0,0,14,A01
200900016961,0,07,000,00,2,1,01,A01
200900016961,0,07,000,00,2,7,01,B01
200900016962,0,01,000,00,2,1,15,A01
200900016962,0,07,000,,2,1,01,B02
200900016963,0,10,000,00,2,8,19,A01
200900016963,0,02,000,00,2,1,01,B02
200900016964,0,07,000,08,0,3,01,A01
200900016965,0,02,000,00,2,8,01,B02
200900016965,0,07,000,00,2,8,15,A01
200900016966,0,07,000,00,2,1,13,A01
200900016966,0,07,000,00,2,3,01,B02
200900016967,0,07,000,00,2,2,01,A01
200900016967,0,02,000,00,2,8,19,B02
200900016968,0,33,000,13,0,1,13,A01
200900016969,0,33,000,16,0,8,01,A01
200900016970,0,07,000,00,1,3,00,A01