Num_Acc,senc,catv,occutc,obs,obsm,choc,manv,num_veh
200900016971,0,01,000,00,2,1,19,B02
200900016971,0,07,000,00,2,2,01,A01
200900016972,0,07,000,00,2,8,15,B02
200900016972,0,33,000,00,2,7,17,A01
200900016973,0,07,000,00,2,3,01,A01
200900016973,0,30,000,00,2,1,01,B01
200900016974,0,30,000,08,0,1,00,A01
200900016975,0,02,000,00,2,8,01,B01
200900016975,0,07,000,00,2,2,19,C01
200900016975,0,07,000,00,2,3,23,A01
200900016976,0,10,000,01,0,1,14,A01
200900016976,0,15,000,01,0,4,00,B02
200900016977,0,07,000,00,2,1,00,F02
200900016977,0,15,000,00,2,1,02,A01
200900016977,0,07,000,00,0,4,00,D01
200900016977,0,15,000,00,0,4,00,C01
200900016977,0,07,000,00,2,0,00,G02
200900016977,0,99,000,00,2,0,00,E01
200900016977,0,07,000,00,2,0,02,B01
200900016978,0,33,000,00,2,1,01,B01
200900016978,0,07,000,00,2,3,15,A01
200900016979,0,07,000,00,2,8,01,B01
200900016979,0,07,000,00,2,1,01,A01
200900016980,0,10,000,00,1,3,02,A01
200900016981,0,31,000,00,2,1,01,B01
200900016981,0,07,000,00,2,3,09,A01
200900016982,0,07,000,03,2,1,17,A01
200900016982,0,07,000,10,2,9,01,B02
200900016983,0,07,000,00,2,7,13,B02
200900016983,0,07,000,00,2,2,02,C03
200900016983,0,07,000,00,2,2,01,A01
200900016984,0,31,000,00,2,1,01,A01
200900016984,0,10,000,00,2,1,15,B02
200900016985,0,13,000,00,0,7,01,A01
200900016986,0,07,000,12,0,9,01,A01
200900016987,0,15,000,00,2,4,01,B02
200900016987,0,07,000,03,2,1,01,A01
200900016988,0,07,000,06,0,7,01,A01
200900016989,0,07,000,00,2,1,01,B02
200900016989,0,07,000,00,2,1,01,A01
200900016990,0,10,000,00,2,1,01,A01
200900016990,0,07,000,00,2,6,15,B02
200900016991,0,07,000,02,0,8,01,A01
200900016992,0,07,000,00,2,1,01,B02
200900016992,0,07,000,00,2,7,06,A01
200900016993,0,07,000,00,2,3,01,B01
200900016993,0,07,000,00,2,2,09,A01
200900016994,0,07,000,00,0,4,02,B02
200900016994,0,07,000,00,2,1,02,A01
200900016995,0,10,000,01,0,1,01,A01
200900016995,0,07,000,00,2,4,23,B02
200900016995,0,07,000,00,2,6,23,C03
200900016996,0,10,000,00,2,1,17,A01
200900016996,0,07,000,00,2,8,02,B01
200900016996,0,07,000,00,2,4,02,C01
200900016997,0,07,000,00,2,5,04,A01
200900016997,0,31,000,00,2,6,21,B02
200900016998,0,30,000,00,0,2,05,A01
200900016999,0,07,000,00,2,8,19,A01
200900016999,0,02,000,00,2,1,01,B02
200900017000,0,07,000,08,0,2,16,A01
200900017001,0,07,000,00,2,1,01,B02
200900017001,0,07,000,00,2,2,05,A01
200900017002,0,07,000,04,0,3,01,A01
200900017003,0,07,000,00,2,1,01,B02
200900017003,0,07,000,00,2,2,15,A01
200900017004,0,10,000,00,0,6,23,A01
200900017004,0,01,000,01,0,1,01,B02
200900017005,0,07,000,03,0,3,01,B02
200900017005,0,07,000,11,2,3,06,A01
200900017006,0,10,000,00,0,4,23,A01
200900017006,0,07,000,14,0,1,02,B02
200900017007,0,07,000,00,2,2,15,A01
200900017007,0,07,000,00,2,1,01,B02
200900017008,0,07,000,00,0,3,01,B02
200900017008,0,07,000,00,0,1,17,A01
200900017009,0,07,000,00,2,3,01,A01
200900017009,0,10,000,00,2,8,15,B02
200900017010,0,01,000,00,2,1,01,A01
200900017010,0,07,000,00,2,8,01,B01
200900017011,0,07,000,00,2,3,00,B01
200900017011,0,07,000,00,2,2,01,A01
200900017012,0,07,000,00,2,1,01,B01
200900017012,0,03,000,00,2,1,05,A01
200900017013,0,07,000,00,1,1,01,A01
200900017014,0,02,000,00,2,1,17,A01
200900017014,0,10,000,00,2,4,15,B01
200900017015,0,07,000,00,0,2,01,A01
200900017016,0,10,000,00,1,4,04,A01
200900017017,0,07,000,00,2,1,09,A01
200900017017,0,07,000,00,2,2,01,B01
200900017018,0,07,000,00,2,1,01,A01
200900017018,0,01,000,00,2,4,15,B01
200900017019,0,07,000,00,2,8,01,B01
200900017019,0,07,000,00,2,1,15,A01
200900017020,0,02,000,00,2,1,01,B01
200900017020,0,07,000,00,2,3,15,A01
200900017021,0,10,000,00,2,1,01,A01
200900017021,0,07,000,00,2,4,23,B01
200900017021,0,07,000,00,2,3,01,C01
200900017022,0,07,000,00,2,3,09,A01
200900017022,0,07,000,00,2,1,01,B01
200900017023,0,07,000,00,2,2,02,A01
200900017023,0,07,000,00,0,4,02,B01
200900017024,0,07,000,00,2,1,15,A01
200900017024,0,33,000,00,2,2,17,B01
200900017025,1,07,000,00,1,0,00,A01
200900017026,0,10,000,00,2,1,02,A01
200900017026,0,07,000,00,0,5,23,C01
200900017026,0,07,000,00,0,4,23,D01
200900017026,0,07,000,00,2,4,23,B01
200900017027,0,10,000,08,0,5,00,A01
200900017028,0,07,000,00,2,4,02,B01
200900017028,0,07,000,00,2,1,02,C01
200900017028,0,07,000,00,0,4,02,A01
200900017029,0,07,000,03,2,2,01,A01
200900017029,0,07,000,01,0,1,01,B01
200900017030,0,10,000,00,0,4,02,A01
200900017030,0,10,000,00,2,1,02,B01
200900017031,0,07,000,00,2,6,01,B01
200900017031,0,15,000,00,2,2,11,A01
200900017032,0,07,000,00,2,8,01,B01
200900017032,0,07,000,00,5,1,01,A01
200900017033,0,07,000,00,2,1,01,A01
200900017033,0,07,000,00,2,4,01,B01
200900017034,0,07,000,00,0,4,02,A01
200900017034,0,07,000,00,2,4,02,C01
200900017034,0,10,000,00,2,1,02,D01
200900017034,0,07,000,00,2,4,02,B01
200900017035,0,07,000,03,0,1,01,A01
200900017036,0,14,000,00,2,7,02,B01
200900017036,0,07,000,00,2,6,02,A01
200900017037,0,07,000,04,0,7,11,A01
200900017038,0,07,000,00,2,6,01,A01
200900017038,0,07,000,00,2,2,01,B01
200900017039,0,07,000,03,0,2,21,A01
200900017040,0,07,000,04,0,4,01,A01
200900017040,0,07,000,00,2,1,02,B01
200900017041,0,07,000,04,0,3,01,A01
200900017042,0,07,000,00,0,3,00,A01
200900017042,1,07,000,00,2,2,12,B01
200900017043,0,07,000,11,0,9,12,A01
200900017044,0,14,000,00,2,7,01,A01
200900017044,0,07,000,00,2,8,09,B01
200900017045,0,33,000,10,0,3,01,A01
200900017046,0,07,000,00,2,6,11,A01
200900017046,0,33,000,00,2,7,01,B01
200900017047,0,07,000,00,0,4,01,A01
200900017047,0,07,000,00,2,1,01,C01
200900017047,0,07,000,00,0,4,01,B01
200900017048,0,07,000,04,0,1,13,A01
200900017049,0,33,000,00,2,8,18,B01
200900017049,0,10,000,00,2,2,02,A01
200900017050,0,07,000,00,0,4,00,A01
200900017050,0,07,000,00,2,1,00,B01
200900017051,0,33,000,00,0,8,01,A01
200900017052,0,07,000,03,0,7,13,A01
200900017053,0,07,000,00,0,5,01,B01
200900017053,0,07,000,00,2,1,01,C01
200900017053,0,07,000,00,1,3,01,F02
200900017053,0,07,000,00,2,3,01,E01
200900017053,0,07,000,00,0,6,01,A01
200900017053,0,07,000,00,2,8,01,D01
200900017054,0,07,000,00,1,3,00,A01
200900017055,0,33,000,00,2,1,02,C01
200900017055,0,33,000,00,2,1,02,B01
200900017055,0,07,000,00,2,5,02,A01
200900017056,0,31,000,00,1,3,01,A01
200900017057,0,07,000,00,2,2,02,B01
200900017057,0,07,000,00,2,8,06,A01
200900017058,0,07,000,00,2,3,01,A01
200900017058,0,07,000,00,0,1,01,B01
200900017059,0,17,000,13,0,8,13,A01
200900017060,0,07,000,00,2,1,00,A01
200900017060,0,07,000,00,0,4,00,B01
200900017061,0,07,000,00,2,7,09,A01
200900017061,0,30,000,00,2,3,01,B01
200900017062,0,07,000,00,2,2,01,B01
200900017062,0,07,000,00,0,6,11,A01
200900017063,0,30,000,00,2,1,02,A01
200900017063,0,30,000,00,2,4,02,B01
200900017064,0,07,000,00,1,5,02,A01
200900017065,0,07,000,00,2,2,15,A01
200900017065,0,07,000,00,2,9,14,B01
200900017066,0,07,000,00,2,4,02,A01
200900017066,0,07,000,00,2,4,02,B01
200900017066,0,07,000,00,2,1,02,D01
200900017066,0,07,000,00,2,4,02,C01
200900017067,0,07,000,00,0,0,00,A01
200900017067,0,07,000,00,0,0,00,B01
200900017068,0,07,000,16,0,4,15,C01
200900017068,0,07,000,16,2,4,23,B01
200900017068,0,10,000,00,2,1,02,A01
200900017069,0,07,000,00,2,1,01,B01
200900017069,0,07,000,00,2,7,13,A01
200900017070,0,02,000,00,0,7,00,A01
200900017071,0,07,000,00,2,1,00,B01
200900017071,0,07,000,12,2,1,01,A01
200900017072,0,07,000,00,2,1,01,B01
200900017072,0,07,000,00,2,3,09,A01
200900017073,0,07,000,00,1,3,01,A01
200900017074,1,07,000,01,0,0,00,A01
200900017074,0,02,000,01,0,0,00,B01
200900017075,0,07,000,00,1,2,00,A01
200900017076,0,07,000,00,2,3,10,A01
200900017076,0,33,000,00,2,0,17,B01
200900017077,0,30,000,00,2,7,00,B01
200900017077,0,07,000,00,2,1,00,A01
200900017078,0,07,000,02,0,0,00,B01
200900017078,0,07,000,00,0,0,00,A01
200900017079,0,07,000,00,0,6,00,C01
200900017079,0,07,000,01,1,0,00,A01
200900017079,0,07,000,01,0,6,00,B01
200900017080,0,07,000,00,2,3,00,A01
200900017080,0,07,000,00,2,2,00,B01
200900017081,0,33,000,00,0,0,00,B01
200900017081,0,07,000,00,0,0,00,A01
200900017082,0,07,000,00,1,2,00,A01
200900017083,0,02,000,00,2,3,09,A01
200900017083,0,07,000,00,0,1,01,B01
200900017084,0,07,000,01,0,0,00,A01
200900017085,0,07,000,00,0,1,00,B01
200900017085,0,10,000,01,0,0,00,A01
200900017086,0,07,000,01,2,0,15,A01
200900017086,0,07,000,01,2,0,15,B01
200900017087,0,07,000,08,2,5,02,B01
200900017087,0,07,000,00,0,6,23,A01
200900017088,0,07,000,00,2,8,10,A01
200900017088,0,30,000,00,2,1,01,B01
200900017089,0,07,000,00,2,2,15,B01
200900017089,0,32,000,00,2,7,17,A01
200900017090,0,31,000,00,2,2,01,A01
200900017090,0,07,000,00,0,8,09,B01
200900017091,0,32,000,00,2,7,17,B01
200900017091,0,07,000,00,0,3,15,A01
200900017092,0,07,000,00,2,8,15,B01
200900017092,0,33,000,00,2,1,17,A01
200900017093,1,07,000,00,0,1,00,A01
200900017094,0,01,000,00,1,1,00,A01
200900017095,0,07,000,00,0,3,00,A01
200900017095,0,07,000,01,0,5,00,B01
200900017096,0,02,000,00,1,1,00,A01
200900017097,0,07,000,00,2,7,00,B01
200900017097,0,02,000,01,2,2,00,A01
200900017098,0,02,000,00,2,5,15,A01
200900017098,1,07,000,00,9,0,00,B01
200900017099,0,32,000,00,2,2,01,B01
200900017099,0,07,000,00,2,3,01,A01
200900017100,0,07,000,00,2,1,00,B01
200900017100,0,07,000,00,2,7,00,A01
200900017101,0,32,000,00,2,1,01,A01
200900017101,0,32,000,00,2,4,23,B01
200900017102,0,33,000,01,0,0,00,A01
200900017103,0,07,000,00,1,4,04,A01
200900017104,0,07,000,00,2,1,01,A01
200900017104,0,07,000,00,2,3,16,B01
200900017105,0,07,000,00,2,2,15,A01
200900017105,0,33,000,00,2,1,01,B01
200900017106,0,30,000,00,2,2,00,B01
200900017106,0,07,000,00,0,3,00,A01
200900017107,0,02,000,01,0,1,09,B01
200900017107,0,07,000,00,0,4,00,A01
200900017108,0,30,000,00,2,2,01,A01
200900017108,0,07,000,00,2,6,01,B01
200900017109,0,07,000,01,1,1,20,A01
200900017110,0,34,000,00,0,0,21,A01
200900017111,0,34,000,00,2,1,02,A01
200900017111,0,07,000,00,2,5,15,B01
200900017112,0,07,000,01,2,1,00,B01
200900017112,0,30,000,00,2,1,00,A01
200900017113,0,30,000,00,0,0,00,A01
200900017114,0,07,000,01,1,0,00,A01
200900017115,0,07,000,00,0,0,00,A01
200900017115,0,32,000,00,0,0,00,B01
200900017116,0,31,000,00,2,2,01,B01
200900017116,0,07,000,00,2,6,01,A01
200900017117,0,07,000,00,2,1,02,A01
200900017117,0,07,000,01,2,4,02,B01
200900017118,0,07,000,00,2,2,01,B01
200900017118,0,30,000,08,2,4,01,A01
200900017119,0,31,000,00,0,1,00,B01
200900017119,0,99,000,00,0,1,15,A01
200900017120,0,02,000,00,0,8,00,B01
200900017120,0,07,000,00,2,7,00,A01
200900017121,0,07,000,06,2,1,00,A01
200900017121,0,37,000,00,2,0,00,B01
200900017122,0,07,000,01,2,1,01,A01
200900017122,0,07,000,00,2,6,15,B01
200900017123,0,02,000,00,2,8,00,A01
200900017123,0,07,000,00,2,1,00,B01
200900017124,0,07,000,00,2,3,15,A01
200900017124,0,33,000,00,2,1,01,B01
200900017125,0,33,000,00,2,7,00,A01
200900017125,1,07,000,00,0,0,00,B01
200900017126,0,31,000,00,0,1,23,B01
200900017126,0,07,000,00,0,6,15,A01
200900017127,0,07,000,00,2,4,00,A01
200900017127,0,07,000,00,2,1,00,B01
200900017128,0,33,000,00,2,7,00,B01
200900017128,1,07,000,00,2,3,00,A01
200900017129,0,07,000,00,2,2,09,A01
200900017129,0,32,000,00,2,1,01,B01
200900017130,0,31,000,00,2,1,03,A01
200900017130,0,07,000,00,2,6,02,B01
200900017131,1,07,000,01,0,0,00,A01
200900017131,0,07,000,01,0,0,00,B01
200900017132,0,07,000,00,0,0,00,A01
200900017132,0,02,000,00,0,0,00,B01
200900017133,0,07,000,00,1,7,01,A01
200900017134,0,07,000,00,2,3,02,B01
200900017134,0,32,000,00,2,7,02,A01
200900017135,0,07,000,00,2,4,01,B01
200900017135,0,07,000,00,2,1,01,A01
200900017136,0,32,000,00,2,7,17,B01
200900017136,0,07,000,00,2,3,17,A01
200900017137,0,07,000,00,2,6,00,A01
200900017137,0,32,000,00,2,1,00,B01
200900017138,0,07,000,00,2,2,01,A01
200900017138,0,07,000,00,2,3,01,B01
200900017139,0,30,000,00,0,0,00,A01
200900017139,0,07,000,00,0,2,00,B01
200900017140,1,07,000,00,1,0,00,A01
200900017141,0,01,000,00,0,0,00,B01
200900017141,1,07,000,00,0,0,00,A01
200900017142,0,07,000,00,1,2,01,A01
200900017143,0,07,000,00,0,0,00,B01
200900017143,0,07,000,00,0,0,00,A01
200900017144,0,02,000,00,2,0,02,B01
200900017144,0,07,000,00,2,2,15,A01
200900017145,2,07,000,00,2,3,00,A01
200900017145,0,37,000,00,2,3,23,B01
200900017146,0,33,000,00,0,0,01,A01
200900017147,0,07,000,00,1,2,00,A01
200900017148,0,07,000,00,0,6,01,B01
200900017148,0,07,000,00,2,2,13,A01
200900017149,0,31,000,00,2,8,11,A01
200900017149,0,30,000,00,2,1,01,B01
200900017150,0,07,000,00,2,1,17,A01
200900017150,0,02,000,00,2,8,01,B01
200900017151,0,07,000,00,2,4,00,B01
200900017151,0,07,000,00,2,1,00,A01
200900017152,0,02,000,00,2,1,00,B01
200900017152,0,07,000,00,2,3,00,A01
200900017153,0,07,000,00,2,1,01,A01
200900017153,0,07,000,00,2,3,01,B01
200900017154,0,07,000,00,2,2,12,A01
200900017154,0,07,000,00,2,3,01,B01
200900017155,0,07,000,13,0,0,00,A01
200900017156,0,02,000,01,0,0,00,B01
200900017156,0,07,000,00,2,8,00,A01
200900017157,0,10,000,09,0,1,01,A01
200900017158,0,31,000,00,2,5,23,B01
200900017158,0,33,000,00,2,4,23,C01
200900017158,0,30,000,00,2,1,02,A01
200900017159,0,10,000,00,0,0,00,C01
200900017159,0,10,000,00,0,0,00,A01
200900017159,0,10,000,00,0,0,00,B01
200900017160,0,07,000,00,2,3,09,A01
200900017160,0,33,000,00,2,1,00,B01
200900017161,0,31,000,00,2,1,00,C01
200900017161,0,33,000,00,2,1,00,B01
200900017161,0,07,000,01,2,1,00,A01
200900017162,0,13,000,00,2,8,02,A01
200900017162,0,33,000,00,2,7,02,B01
200900017163,0,07,000,01,2,5,05,A01
200900017163,0,30,000,01,2,1,17,B01
200900017164,0,07,000,00,2,3,15,A01
200900017164,0,32,000,00,2,2,01,B01
200900017165,0,07,000,00,0,8,24,A01
200900017165,0,31,000,01,0,1,01,B01
200900017165,0,99,000,00,0,0,00,C01
200900017166,0,02,000,00,1,1,01,A01
200900017167,1,07,000,00,0,0,00,A01
200900017168,0,07,000,00,0,1,00,A01
200900017169,0,07,000,12,0,2,00,A01
200900017170,0,07,000,00,2,2,01,B01
200900017170,0,07,000,00,2,3,09,A01
200900017171,0,07,000,00,1,2,15,A01
200900017172,0,07,000,00,1,2,02,A01
200900017173,0,32,000,00,0,0,00,A01
200900017174,0,07,000,00,0,0,00,A01
200900017174,0,33,000,01,0,0,00,B01
200900017175,0,30,000,00,1,1,01,A01
200900017176,0,07,000,00,2,0,00,C01
200900017176,0,33,000,00,2,7,00,A01
200900017176,0,07,000,00,2,0,00,B01
200900017177,0,07,000,00,2,8,00,A01
200900017177,0,30,000,01,0,2,00,B01
200900017178,0,07,000,00,1,1,15,A01
200900017179,0,33,000,01,2,1,00,B01
200900017179,0,07,000,00,2,6,24,C01
200900017179,0,07,000,00,2,2,00,A01
200900017180,0,07,000,00,2,5,01,B01
200900017180,0,07,000,00,2,1,19,A01
200900017181,0,07,000,00,1,8,00,B01
200900017182,0,07,000,00,0,4,01,C01
200900017182,0,07,000,00,2,1,01,A01
200900017182,0,07,000,00,2,4,01,B01
200900017183,0,07,000,00,2,6,01,B01
200900017183,0,02,000,00,2,1,01,A01
200900017184,0,07,000,00,2,8,15,B01
200900017184,0,07,000,00,2,1,17,A01
200900017185,0,07,000,00,1,2,01,A01
200900017186,0,07,000,14,2,0,00,A01
200900017186,0,33,000,01,2,1,21,B01
200900017187,0,07,000,00,2,3,01,B01
200900017187,1,07,000,00,2,0,00,A01
200900017188,0,15,000,00,1,1,01,A01
200900017189,0,07,000,00,1,3,00,A01
200900017190,0,07,000,00,2,1,00,A01
200900017190,0,33,000,00,2,4,00,B01
200900017190,0,33,000,00,2,4,00,C01
200900017190,0,07,000,00,2,4,00,D01
200900017191,0,03,000,08,0,9,00,A01
200900017192,0,07,000,00,1,0,00,A01
200900017193,0,07,000,00,0,2,02,B01
200900017193,0,07,000,00,0,3,15,A01
200900017194,0,20,000,00,0,6,01,B02
200900017195,0,33,000,00,2,4,01,B01
200900017195,0,10,000,00,2,1,01,A01
200900017196,0,07,000,00,1,4,04,A01
200900017197,0,30,000,00,2,1,17,B01
200900017197,0,07,000,00,2,8,15,A01
200900017198,0,07,000,00,1,1,01,A01
200900017199,0,34,000,00,2,1,01,A01
200900017199,0,07,000,00,2,4,01,B01
200900017200,0,07,000,00,1,1,01,A01
200900017201,0,07,000,00,9,2,15,A01
200900017201,0,32,000,00,2,1,01,B01
200900017202,0,07,000,00,2,2,16,A01
200900017202,0,02,000,00,2,1,18,B01
200900017203,0,10,000,00,9,1,10,A01
200900017203,0,31,000,00,2,1,01,B01
200900017204,0,31,000,00,2,1,02,A01
200900017204,0,07,000,00,2,4,01,B01
200900017205,0,30,000,00,2,1,17,B01
200900017205,0,07,000,00,2,1,15,A01
200900017206,0,07,000,00,2,7,01,B01
200900017206,0,07,000,00,2,1,01,A01
200900017207,0,33,000,01,0,0,01,A01
200900017208,0,07,000,00,1,7,01,A01
200900017209,0,30,000,00,2,1,13,A01
200900017209,0,07,000,00,2,1,01,B01
200900017210,0,07,000,00,2,3,15,A01
200900017210,0,01,000,00,2,1,01,B01
200900017211,0,07,000,00,1,8,01,A01
200900017212,0,10,000,00,2,5,15,A01
200900017212,0,33,000,00,2,3,01,B01
200900017213,0,33,000,00,0,0,00,A01
200900017214,0,30,000,00,2,1,01,B01
200900017214,0,07,000,00,2,2,15,A01
200900017215,0,07,000,00,0,0,10,A01
200900017215,0,33,000,00,0,0,21,B01
200900017216,0,07,000,00,2,0,01,A01
200900017216,0,07,000,00,9,8,05,B01
200900017216,0,07,000,00,2,8,01,C01
200900017217,0,07,000,00,2,3,09,A01
200900017217,0,30,000,00,2,2,01,B01
200900017218,0,07,000,00,2,8,23,B01
200900017218,0,07,000,00,2,1,14,A01
200900017219,0,34,000,00,2,2,17,A01
200900017219,0,07,000,00,2,8,15,B01
200900017220,0,33,000,00,2,1,02,A01
200900017220,0,07,000,00,2,3,15,B01
200900017221,0,01,000,00,2,1,01,B01
200900017221,0,07,000,00,2,1,09,A01
200900017222,0,33,000,12,0,1,01,A01
200900017223,0,31,000,00,0,7,01,A01
200900017224,0,07,000,00,1,1,15,A01
200900017225,0,07,000,00,2,1,05,A01
200900017225,0,02,000,00,2,1,01,B01
200900017226,0,07,000,00,2,4,02,B01
200900017226,0,07,000,00,2,1,01,A01
200900017227,0,30,000,16,0,0,21,A01
200900017228,0,07,000,00,2,1,01,A01
200900017228,0,07,000,00,2,4,02,B01
200900017229,0,01,000,00,2,1,01,A01
200900017229,0,21,000,00,2,2,01,B02
200900017230,0,07,000,00,0,5,04,A01
200900017230,0,33,000,00,0,1,01,B02
200900017231,0,07,000,00,2,2,01,B01
200900017231,0,07,000,00,2,1,09,A01
200900017232,0,30,000,00,2,1,15,A01
200900017232,0,33,000,00,2,1,01,B01
200900017233,0,07,000,08,0,2,14,A01
200900017234,0,07,000,06,0,3,19,A01
200900017235,0,30,000,13,0,0,01,A01
200900017236,0,07,000,00,2,4,02,C01
200900017236,0,07,000,00,2,1,01,A01
200900017236,0,07,000,00,2,4,02,B01
200900017237,0,02,000,00,2,1,01,B01
200900017237,0,07,000,00,2,2,15,A01
200900017238,0,07,000,00,1,1,01,A01
200900017239,0,07,000,06,0,1,06,A01
200900017240,0,33,000,00,2,1,02,A01
200900017240,0,07,000,00,2,4,02,B01
200900017241,0,30,000,00,2,1,05,A01
200900017241,0,07,000,00,0,1,01,B01
200900017242,0,07,000,00,2,4,02,B01
200900017242,0,07,000,00,2,1,02,A01
200900017243,0,07,000,07,0,1,01,A01
200900017244,0,07,000,00,2,2,15,A01
200900017244,0,30,000,00,2,1,01,B01
200900017245,0,07,000,00,2,1,17,A01
200900017245,0,07,000,07,2,8,15,B02
200900017246,0,17,000,00,2,3,15,A01
200900017246,0,07,000,00,2,7,17,B01
200900017247,0,07,000,00,2,2,21,A01
200900017247,0,01,000,00,2,4,01,B01
200900017248,0,07,000,00,2,3,01,B01
200900017248,0,02,000,00,2,0,09,A01
200900017249,0,07,000,00,2,3,11,A01
200900017249,0,33,000,00,2,1,01,B01
200900017250,0,07,000,00,2,5,15,A01
200900017250,0,02,000,00,2,1,01,B01
200900017251,0,30,000,02,0,1,13,A01
200900017252,0,10,000,00,9,5,15,A01
200900017252,0,01,000,00,2,0,01,B02
200900017253,0,07,000,00,1,1,16,A01
200900017254,0,10,000,00,0,0,01,B02
200900017255,0,15,000,00,2,8,17,A01
200900017255,0,33,000,00,2,8,17,B02
200900017256,0,32,000,00,2,7,01,A01
200900017256,0,07,000,00,2,3,01,B01
200900017257,0,07,000,00,2,2,01,A01
200900017257,0,01,000,00,2,1,01,B01
200900017258,0,07,000,00,1,4,04,A01
200900017259,0,01,000,00,0,0,01,A01
200900017260,0,34,000,00,2,1,17,B01
200900017260,0,07,000,00,2,8,15,A01
200900017261,0,07,000,00,2,1,15,A01
200900017261,0,30,000,00,2,7,01,B01
200900017262,0,07,000,00,2,1,02,A01
200900017262,0,33,000,00,2,4,15,B01
200900017263,0,07,000,14,0,1,01,A01
200900017263,0,15,000,00,0,4,23,B02
200900017264,0,07,000,00,2,8,15,A01
200900017264,0,30,000,00,2,1,01,B01
200900017265,0,07,000,00,1,1,01,A01
200900017266,0,07,000,00,2,1,01,A01
200900017266,0,02,000,00,2,8,01,B01
200900017267,0,07,000,00,2,1,14,A01
200900017268,0,07,000,00,2,7,17,A01
200900017268,0,30,000,00,2,1,01,B01
200900017269,0,30,000,00,2,8,01,B01
200900017269,0,07,000,00,2,2,16,A01
200900017270,0,33,000,00,2,5,01,B01
200900017270,0,07,000,00,2,1,19,A01
200900017271,0,07,000,00,2,1,01,B01
200900017271,0,07,000,00,0,1,01,A01
200900017272,0,07,000,00,2,4,02,B01
200900017272,0,34,000,00,2,1,02,A01
200900017273,0,07,000,00,2,4,02,C01
200900017273,0,07,000,00,2,4,02,B01
200900017273,0,07,000,00,2,1,02,A01
200900017274,0,31,000,00,1,1,01,A01
200900017275,0,07,000,00,2,7,01,B01
200900017275,0,02,000,00,2,1,19,A01
200900017276,0,30,000,00,2,1,01,B01
200900017276,0,07,000,00,2,5,15,A01
200900017277,0,07,000,00,2,3,01,B01
200900017277,0,01,000,00,2,1,19,A01
200900017278,0,07,000,09,0,8,01,A01
200900017279,0,07,000,00,1,4,04,A01
200900017280,0,07,000,00,2,3,15,A01
200900017280,0,33,000,00,2,1,01,B01
200900017281,0,07,000,06,0,1,01,A01
200900017282,0,07,000,00,2,2,01,B02
200900017282,0,01,000,00,2,1,05,A01
200900017283,0,02,000,00,2,1,01,B02
200900017283,0,07,000,00,2,3,15,A01
200900017284,0,07,000,00,2,1,15,A01
200900017284,0,07,000,00,2,3,01,B01
200900017285,0,30,000,00,2,0,17,A01
200900017285,0,30,000,00,2,3,01,B01
200900017286,0,07,000,00,2,2,01,B01
200900017286,0,07,000,00,2,1,01,C01
200900017286,0,07,000,00,2,1,13,A01
200900017287,0,02,000,00,2,7,15,A01
200900017287,0,07,000,00,2,1,01,B01
200900017288,0,07,000,13,0,1,06,A01
200900017289,0,07,000,00,2,1,01,A01
200900017289,0,07,000,00,2,4,02,B01
200900017290,0,10,000,00,0,5,15,A01
200900017290,0,31,000,00,2,1,02,B02
200900017291,0,07,000,00,2,5,20,B02
200900017291,0,31,000,00,2,2,00,A01
200900017291,0,10,000,00,2,3,01,C03
200900017292,0,07,000,00,9,2,09,A01
200900017292,0,02,000,00,2,7,01,B01
200900017293,0,07,000,00,2,0,00,A01
200900017293,0,07,000,08,2,3,01,B02
200900017294,0,30,000,00,2,1,15,A01
200900017294,0,07,000,00,2,7,01,B01
200900017295,0,07,000,00,2,1,13,A01
200900017295,0,07,000,00,2,3,01,B02
200900017296,0,07,000,00,2,3,01,A01
200900017296,0,07,000,00,2,1,01,B01
200900017297,0,30,000,00,2,1,01,B02
200900017297,0,30,000,00,2,1,05,A01
200900017298,0,07,000,00,1,1,01,A01
200900017299,0,07,000,00,2,1,01,B02
200900017299,0,07,000,00,2,7,01,A01
200900017300,0,07,000,00,2,2,15,A01
200900017300,0,34,000,00,2,1,01,B01
200900017301,0,07,000,00,2,1,13,A01
200900017301,0,07,000,00,2,1,01,B02
200900017302,0,07,000,00,1,1,17,A01
200900017303,0,30,000,00,0,8,01,A01
200900017304,0,07,000,00,2,1,01,B02
200900017304,0,07,000,00,2,1,13,A01
200900017305,0,33,000,00,2,8,01,A01
200900017305,0,14,000,00,0,0,01,B01
200900017306,0,17,000,00,0,7,00,A01
200900017307,0,07,000,00,2,1,01,A01
200900017307,0,07,000,00,2,1,01,B01
200900017308,0,30,000,00,2,1,00,A01
200900017308,0,07,000,00,0,4,01,B01
200900017309,0,07,000,00,2,8,15,B01
200900017309,0,02,000,00,2,1,17,A01
200900017310,0,07,000,00,2,1,01,B01
200900017310,0,07,000,09,2,5,01,A01
200900017311,0,30,000,00,2,7,01,B02
200900017311,0,10,000,00,2,1,01,A01
200900017312,0,07,000,00,2,4,01,B01
200900017312,0,07,000,00,2,1,01,A01
200900017313,0,07,000,00,1,1,01,A01
200900017314,0,07,000,06,0,1,14,A01
200900017315,0,30,000,01,0,1,01,A01
200900017316,0,30,000,00,2,7,01,B01
200900017316,0,07,000,00,2,8,16,A01
200900017317,0,07,000,00,2,4,01,C01