Num_Acc,senc,catv,occutc,obs,obsm,choc,manv,num_veh
200900019566,0,07,000,00,0,3,01,B02
200900019567,0,07,000,00,2,3,21,B02
200900019567,0,31,000,00,2,3,13,A01
200900019568,0,07,000,00,2,7,15,A01
200900019568,0,33,000,00,2,1,18,B02
200900019569,0,33,000,01,0,2,21,A01
200900019569,0,10,000,00,0,8,15,B02
200900019570,0,10,000,00,2,3,13,A01
200900019570,0,07,000,00,2,3,01,B02
200900019571,0,07,000,00,2,7,09,A01
200900019571,0,02,000,00,2,8,01,B02
200900019572,0,02,000,00,0,8,13,A01
200900019573,0,33,000,00,0,1,01,A01
200900019574,0,33,000,00,2,1,00,A01
200900019574,0,10,000,00,2,1,00,B02
200900019575,0,07,000,06,1,2,01,A01
200900019576,2,07,000,08,0,0,15,A01
200900019577,0,07,000,00,2,3,01,B02
200900019577,0,07,000,00,2,3,01,A01
200900019578,0,02,000,00,2,8,17,A01
200900019578,0,33,000,00,2,8,17,B02
200900019579,0,07,000,13,0,3,00,A01
200900019580,0,07,000,00,2,1,13,A01
200900019580,0,07,000,00,2,1,01,B02
200900019580,0,33,000,00,2,1,01,C03
200900019581,0,17,000,00,2,1,01,B02
200900019581,0,31,000,00,2,1,05,A01
200900019582,0,10,000,00,2,1,01,B02
200900019582,0,07,000,00,2,1,13,A01
200900019583,0,07,000,02,0,1,01,A01
200900019584,0,15,000,00,0,0,01,B02
200900019584,0,33,000,14,0,1,17,A01
200900019585,0,07,000,06,0,1,21,A01
200900019586,0,33,000,00,2,1,01,A01
200900019586,0,10,000,00,2,3,01,B02
200900019587,0,10,000,00,0,6,23,B02
200900019587,0,33,000,00,2,1,01,A01
200900019588,0,33,000,00,2,1,02,B02
200900019588,0,30,000,00,0,6,16,A01
200900019589,0,31,000,00,2,1,01,B01
200900019589,0,07,000,00,2,6,15,A01
200900019590,0,07,000,00,0,4,02,B01
200900019590,0,07,000,00,0,1,02,A01
200900019591,0,33,000,00,2,1,02,A01
200900019591,0,07,000,00,0,5,02,B01
200900019592,0,07,000,00,9,1,01,B01
200900019592,0,01,000,00,2,1,00,A01
200900019593,0,10,000,00,2,2,15,A01
200900019593,0,07,000,00,2,1,01,B01
200900019594,0,07,000,00,2,7,01,B01
200900019594,0,07,000,00,2,1,01,A01
200900019595,0,31,000,00,2,7,21,B01
200900019595,0,07,000,00,2,1,19,A01
200900019596,0,33,000,15,0,0,01,A01
200900019597,0,07,000,00,1,1,01,A01
200900019598,0,30,000,00,2,0,01,B01
200900019598,0,07,000,00,2,1,01,A01
200900019599,0,07,000,00,0,3,15,B01
200900019599,0,33,000,00,2,1,17,A01
200900019600,0,33,000,00,2,1,01,B01
200900019600,0,07,000,00,2,2,15,A01
200900019601,0,10,000,00,1,6,00,A01
200900019602,0,02,000,00,2,1,02,A01
200900019602,0,37,015,00,2,4,23,B01
200900019603,0,34,000,00,2,8,01,B01
200900019603,0,07,000,00,2,7,12,A01
200900019604,0,07,000,00,2,2,19,A01
200900019604,0,30,000,00,2,1,01,B01
200900019605,0,37,002,00,2,2,01,A01
200900019605,0,07,000,00,2,8,09,B01
200900019606,0,30,000,00,0,8,15,B01
200900019606,0,32,000,00,2,1,17,A01
200900019607,0,33,000,00,2,1,00,A01
200900019607,0,07,000,00,2,3,01,B01
200900019608,0,01,000,09,0,1,01,A01
200900019609,0,07,000,00,2,3,15,A01
200900019609,0,33,000,00,2,7,01,B01
200900019610,0,31,000,00,0,1,01,A01
200900019611,0,32,000,00,2,1,06,A01
200900019611,0,07,000,00,2,6,02,B01
200900019612,0,33,000,00,2,1,01,B01
200900019612,0,07,000,00,2,8,15,A01
200900019613,0,07,000,00,1,2,16,A01
200900019614,0,07,000,00,1,1,00,A01
200900019614,0,02,000,00,2,1,02,B01
200900019615,0,07,000,00,2,7,17,A01
200900019615,0,33,000,00,2,8,01,B01
200900019616,0,31,000,00,2,1,01,B01
200900019616,0,10,000,00,2,1,13,A01
200900019617,0,33,000,00,2,1,21,B01
200900019617,0,07,000,00,0,8,15,A01
200900019618,0,07,000,00,1,2,09,A01
200900019619,0,32,000,00,2,2,17,A01
200900019619,0,07,000,00,2,6,15,B01
200900019620,0,33,000,00,1,8,01,A01
200900019621,0,07,000,00,2,1,01,A01
200900019621,0,07,000,00,2,4,01,B01
200900019622,0,31,000,00,2,1,17,B01
200900019622,0,07,000,00,2,2,15,A01
200900019623,0,32,000,00,2,1,17,A01
200900019623,0,07,000,00,2,8,15,B01
200900019624,0,07,000,00,2,8,05,D01
200900019624,0,32,000,00,2,0,05,A01
200900019624,0,07,000,00,0,0,11,B01
200900019624,0,07,000,00,2,8,05,C01
200900019625,0,07,000,00,2,3,09,B01
200900019625,0,34,000,00,2,7,15,A01
200900019626,0,33,000,00,0,9,14,A01
200900019627,0,07,000,00,2,1,13,A01
200900019627,0,07,000,00,2,1,01,C03
200900019627,0,07,000,00,0,1,01,B02
200900019628,0,07,000,08,0,2,14,A01
200900019629,0,07,000,00,2,3,01,A01
200900019629,0,07,000,00,0,6,10,B02
200900019630,0,01,000,00,0,8,19,B02
200900019630,0,10,000,06,2,1,01,A01
200900019631,0,07,000,00,2,1,01,A01
200900019631,0,07,000,00,,4,23,B02
200900019632,0,10,000,00,1,1,23,B02
200900019632,0,07,000,00,2,1,01,A01
200900019633,0,33,000,00,2,1,17,A01
200900019633,0,07,000,00,,8,15,B02
200900019634,0,14,000,00,2,2,01,B02
200900019634,0,01,000,00,0,3,13,A01
200900019635,0,01,000,00,,1,01,A01
200900019635,0,10,000,00,2,2,01,B02
200900019636,0,07,000,00,1,2,01,A01
200900019637,0,07,000,13,0,1,01,A01
200900019638,0,31,000,16,0,8,01,A01
200900019639,0,10,000,00,1,2,01,A01
200900019640,0,07,000,00,9,2,17,A01
200900019640,0,02,000,00,2,8,10,B02
200900019641,0,02,000,00,0,1,01,A01
200900019642,0,07,000,00,2,3,01,B02
200900019642,0,07,000,00,2,3,01,C03
200900019642,0,07,000,00,2,2,15,A01
200900019643,0,07,000,13,0,2,01,A01
200900019644,0,07,000,10,0,8,01,A01
200900019645,0,07,000,00,2,2,01,A01
200900019645,0,07,000,00,2,1,15,B02
200900019646,0,10,000,00,2,1,01,B02
200900019646,0,38,000,00,2,4,01,A01
200900019647,0,07,000,02,0,3,01,A01
200900019648,0,33,000,06,0,1,01,A01
200900019649,0,07,000,00,0,9,13,A01
200900019650,0,07,000,00,2,1,15,A01
200900019650,0,07,000,00,2,3,01,B02
200900019651,0,33,000,13,0,1,01,A01
200900019652,0,07,000,02,0,1,00,A01
200900019653,0,07,000,00,2,8,19,A01
200900019653,0,07,000,00,2,1,01,B02
200900019654,0,07,000,00,1,3,01,A01
200900019655,0,02,000,00,2,1,17,A01
200900019655,0,07,000,00,2,3,15,B01
200900019656,0,31,000,09,0,1,14,A01
200900019657,0,07,000,00,1,7,01,A01
200900019658,0,30,000,00,2,8,13,A01
200900019658,0,10,000,00,2,1,01,B01
200900019659,0,10,000,00,1,5,20,A01
200900019660,0,07,000,00,9,1,09,A01
200900019660,0,01,000,00,2,1,01,B01
200900019661,0,07,000,00,0,3,00,B02
200900019661,0,07,000,00,2,1,06,A01
200900019661,0,07,000,00,0,3,01,C03
200900019662,0,14,000,00,2,8,01,B01
200900019662,0,07,000,00,2,3,13,A01
200900019663,0,10,000,00,2,4,02,C01
200900019663,0,07,000,00,2,4,02,B01
200900019663,0,07,000,00,2,1,01,A01
200900019663,0,07,000,00,2,4,02,D01
200900019664,0,07,000,00,2,1,01,B01
200900019664,0,07,000,00,2,1,01,A01
200900019665,0,07,000,10,0,1,14,A01
200900019666,0,32,000,06,0,1,01,A01
200900019667,2,07,000,16,0,9,14,A01
200900019668,0,07,000,00,2,1,02,A01
200900019668,0,07,000,00,2,4,23,B01
200900019669,0,07,000,00,2,1,01,B01
200900019669,0,07,000,00,2,1,15,A01
200900019670,0,07,000,06,0,9,01,A01
200900019671,0,10,000,00,2,8,23,B02
200900019671,0,07,000,00,2,6,01,A01
200900019672,0,07,000,00,2,2,13,A01
200900019672,0,07,000,00,2,3,01,B02
200900019672,0,07,000,00,2,1,01,C03
200900019673,0,07,000,00,2,3,21,A01
200900019673,0,15,000,00,2,1,21,B02
200900019674,0,01,000,00,2,1,15,A01
200900019674,0,10,000,00,2,2,01,B02
200900019675,0,31,000,13,0,0,01,A01
200900019676,0,01,000,00,0,4,01,B02
200900019676,0,02,000,00,2,1,01,A01
200900019677,0,10,000,04,0,1,13,A01
200900019678,0,07,000,00,2,3,01,A01
200900019678,0,10,000,00,2,1,01,B02
200900019679,0,07,000,00,2,1,13,A01
200900019679,0,10,000,00,2,2,01,B02
200900019680,0,07,000,00,2,2,17,A01
200900019680,0,07,000,00,2,3,16,C03
200900019680,0,07,000,00,2,8,15,B02
200900019681,0,14,000,03,0,1,01,A01
200900019682,0,20,000,06,2,8,01,A01
200900019682,0,07,000,00,2,8,01,B02
200900019683,0,07,000,02,0,1,02,A01
200900019684,0,15,000,00,0,3,13,A01
200900019685,0,07,000,00,1,1,20,A01
200900019686,0,14,000,00,2,8,13,A01
200900019686,0,07,000,00,0,8,01,B02
200900019687,0,07,000,00,2,2,16,A01
200900019687,0,01,000,00,2,1,01,B01
200900019688,0,07,000,00,0,4,01,B01
200900019688,0,02,000,00,2,4,01,A01
200900019689,0,02,000,00,2,1,17,A01
200900019689,0,07,000,00,2,3,15,B01
200900019690,0,02,000,00,2,6,24,A01
200900019690,0,02,000,01,1,1,01,B02
200900019691,0,10,000,00,2,1,01,A01
200900019691,0,07,000,00,2,4,23,B01
200900019692,0,01,000,00,2,1,00,B01
200900019692,0,07,000,00,9,2,16,A01
200900019693,0,02,000,01,0,1,01,A01
200900019694,0,07,000,00,1,1,20,A01
200900019695,0,07,000,00,2,1,15,A01
200900019695,0,30,000,00,2,1,01,B01
200900019696,0,07,000,00,2,3,01,B01
200900019696,0,01,000,00,2,1,15,A01
200900019697,0,07,000,00,2,4,01,B01
200900019697,0,07,000,00,2,1,01,A01
200900019698,0,07,000,00,2,2,15,A01
200900019698,0,01,000,00,2,8,19,B01
200900019699,0,07,000,00,1,3,01,A01
200900019700,0,07,000,09,0,4,01,A01
200900019701,0,07,000,00,2,2,16,A01
200900019701,0,07,000,00,2,3,01,B01
200900019702,0,07,000,07,0,1,01,A01
200900019703,0,07,000,00,1,2,01,A01
200900019704,0,02,000,00,2,8,01,B01
200900019704,1,07,000,00,2,0,01,A01
200900019705,0,15,000,00,2,1,01,A01
200900019705,0,15,000,00,2,4,02,B01
200900019706,0,07,000,00,2,3,21,A01
200900019706,0,07,000,00,2,1,01,B01
200900019707,0,03,000,00,2,1,01,B01
200900019707,0,02,000,00,2,1,01,A01
200900019708,0,37,021,00,1,2,16,A01
200900019709,0,02,000,00,1,1,01,A01
200900019710,0,07,000,00,1,3,01,A01
200900019711,0,07,000,00,1,1,01,A01
200900019712,0,07,000,00,2,4,16,A01
200900019712,0,31,000,00,2,1,01,B01
200900019713,1,07,000,00,2,0,01,B01
200900019713,0,07,000,00,2,1,01,A01
200900019714,0,33,000,00,2,1,17,A01
200900019714,0,13,000,00,0,8,08,B01
200900019715,0,07,000,00,2,1,10,A01
200900019715,0,30,000,00,2,1,01,B01
200900019716,1,07,000,00,2,0,00,A01
200900019716,0,01,000,00,2,0,19,B01
200900019717,0,07,000,00,1,3,01,A01
200900019718,0,36,000,01,0,1,01,A01
200900019719,0,07,000,00,2,3,20,A01
200900019719,0,33,000,00,2,1,01,B01
200900019720,0,07,000,00,2,4,02,C01
200900019720,0,07,000,00,0,4,02,D01
200900019720,0,07,000,00,2,4,02,B01
200900019720,0,07,000,00,2,1,02,A01
200900019721,0,07,000,00,2,3,16,B01
200900019721,0,10,000,00,2,3,16,A01
200900019722,0,07,000,00,2,2,19,B01
200900019722,0,02,000,00,2,1,05,A01
200900019723,0,33,000,00,2,0,17,B01
200900019723,0,07,000,00,2,3,15,A01
200900019724,0,07,000,00,1,3,01,A01
200900019725,0,07,000,00,2,4,01,B01
200900019725,0,02,000,00,2,1,01,A01
200900019726,0,07,000,00,2,6,09,A01
200900019726,0,07,000,00,2,1,01,B01
200900019727,2,30,000,00,2,1,01,A01
200900019727,0,01,000,00,2,1,01,B01
200900019728,0,07,000,00,2,7,16,A01
200900019728,0,01,000,00,2,1,01,B01
200900019729,0,01,000,00,2,8,01,B01
200900019729,0,07,000,00,2,1,15,A01
200900019730,0,30,000,00,1,1,15,A01
200900019731,0,01,000,00,2,0,01,B01
200900019731,0,07,000,00,2,0,14,A01
200900019732,0,10,000,00,1,4,04,A01
200900019733,0,07,000,00,2,1,01,B01
200900019733,0,01,000,00,2,1,01,A01
200900019734,1,07,000,00,1,4,04,A01
200900019735,1,30,000,00,1,0,01,A01
200900019736,0,07,000,00,1,1,01,A01
200900019737,0,01,000,00,2,1,01,B01
200900019737,0,07,000,00,2,3,15,A01
200900019738,0,07,000,00,2,1,01,A01
200900019738,0,37,002,00,2,2,01,B01
200900019739,0,07,000,00,2,0,24,B01
200900019739,0,01,000,00,2,3,13,A01
200900019739,0,07,000,00,2,7,01,C01
200900019740,0,02,000,00,2,2,01,B01
200900019740,0,01,000,00,2,1,01,A01
200900019741,0,07,000,00,2,1,01,A01
200900019741,0,07,000,00,2,4,01,B01
200900019742,0,07,000,00,1,2,15,A01
200900019743,0,40,000,00,1,2,01,A01
200900019744,0,07,000,00,2,1,15,B01
200900019744,0,10,000,00,2,3,01,A01
200900019745,0,01,000,00,1,1,01,A01
200900019746,0,07,000,00,2,8,24,A01
200900019746,0,01,000,01,0,1,01,B01
200900019747,0,30,000,15,0,1,05,A01
200900019747,0,07,000,00,2,1,01,B01
200900019748,0,40,000,00,2,8,01,A01
200900019748,0,02,000,00,4,2,01,B01
200900019749,0,07,000,00,2,3,16,A01
200900019749,0,07,000,00,2,2,01,B01
200900019750,0,07,000,00,2,7,17,B01
200900019750,0,33,000,00,0,8,16,A01
200900019751,0,07,000,03,0,2,14,A01
200900019752,0,07,000,00,2,1,02,C01
200900019752,0,07,000,00,0,4,02,A01
200900019752,0,07,000,00,2,4,02,B01
200900019753,0,07,000,00,0,6,01,C01
200900019753,0,10,000,03,0,6,01,A01
200900019753,0,17,000,00,2,2,12,B01
200900019754,0,15,000,00,2,2,12,A01
200900019754,0,07,000,00,0,6,01,B01
200900019755,0,07,000,00,0,6,02,A01
200900019755,0,07,000,00,2,2,00,B01
200900019756,0,07,000,00,0,3,00,B02
200900019756,0,07,000,00,2,3,13,A01
200900019757,0,07,000,00,2,3,15,B02
200900019757,0,30,000,15,2,7,17,A01
200900019758,0,31,000,00,2,8,01,A01
200900019758,0,07,000,00,2,1,05,B02
200900019759,0,07,000,13,0,9,18,A01
200900019760,0,07,000,00,2,4,02,B02
200900019760,0,30,000,00,2,1,02,A01
200900019761,0,31,000,00,2,1,21,A01
200900019761,0,31,000,00,2,1,21,B02
200900019762,0,33,000,00,9,0,05,A01
200900019762,0,07,000,00,9,2,01,B02
200900019763,0,01,000,00,0,0,01,A01
200900019764,0,30,000,13,0,1,01,A01
200900019765,0,33,000,14,0,1,01,A01
200900019766,0,07,000,00,0,1,01,A01
200900019767,0,07,000,13,0,1,14,A01
200900019768,0,07,000,02,0,1,01,A01
200900019769,0,33,000,00,2,7,03,A01
200900019769,0,07,000,00,0,8,01,B02
200900019770,0,07,000,00,2,7,01,A01
200900019770,0,01,000,00,2,1,16,B02
200900019771,0,33,000,02,0,9,01,A01
200900019772,0,01,000,00,2,1,01,A01
200900019772,0,01,000,00,2,1,15,B02
200900019773,0,07,000,00,2,3,01,B02
200900019773,0,01,000,00,2,1,01,A01
200900019774,0,33,000,13,0,3,01,A01
200900019775,0,02,000,00,2,7,19,B02
200900019775,0,07,000,00,2,3,01,A01
200900019776,0,07,000,00,2,7,01,A01
200900019776,0,01,000,00,2,0,01,B02
200900019777,0,07,000,03,0,1,01,A01
200900019778,0,07,000,00,2,8,15,A01
200900019778,0,07,000,00,2,1,01,B02
200900019779,0,07,000,02,0,3,01,A01
200900019780,0,07,000,01,1,2,02,A01
200900019781,0,07,000,00,1,1,15,A01
200900019782,0,10,000,00,2,2,01,A01
200900019782,0,07,000,00,2,1,01,B01
200900019783,0,33,000,00,2,1,01,B01
200900019783,0,07,000,00,2,5,15,A01
200900019784,0,07,000,00,0,8,01,A01
200900019784,0,17,000,00,2,2,12,B01
200900019785,0,15,000,00,2,1,01,B01
200900019785,0,07,000,00,2,8,13,A01
200900019786,2,07,000,00,2,1,01,A01
200900019786,0,07,000,00,2,4,01,B01
200900019787,1,07,000,00,0,8,10,A01
200900019787,0,33,000,00,2,1,01,B02
200900019788,0,01,000,12,2,7,19,B01
200900019788,0,37,008,00,2,1,01,A01
200900019789,0,07,000,00,1,2,01,A01
200900019790,0,07,000,00,2,8,17,A01
200900019790,0,33,000,00,2,7,17,B02
200900019791,0,07,000,04,0,3,01,A01
200900019792,0,07,000,00,0,8,01,A01
200900019793,0,07,000,00,2,1,01,B02
200900019793,0,07,000,00,0,8,19,A01
200900019794,0,07,000,00,2,3,13,A01
200900019794,0,10,000,00,2,3,01,B02
200900019795,0,07,000,08,0,1,00,A01
200900019796,0,33,000,00,2,7,17,A01
200900019796,0,07,000,00,2,8,15,B02
200900019797,0,31,000,08,1,1,01,A01
200900019798,0,07,000,13,0,9,01,A01
200900019799,0,07,000,00,2,7,19,A01
200900019799,0,07,000,00,2,1,01,B02
200900019800,0,33,000,00,2,1,17,B02
200900019800,0,10,000,00,0,6,10,A01
200900019801,0,07,000,00,2,1,01,B02
200900019801,0,07,000,00,2,1,05,A01
200900019802,0,07,000,00,2,1,19,A01
200900019802,0,30,000,00,2,1,01,B02
200900019803,0,07,000,00,2,3,02,C03
200900019803,0,07,000,00,2,3,08,B02
200900019803,0,07,000,00,2,3,13,A01
200900019804,0,07,000,08,0,8,01,A01
200900019805,0,07,000,00,2,9,11,A01
200900019805,0,07,000,00,2,9,01,B02
200900019806,0,07,000,00,0,0,01,A01
200900019807,0,07,000,00,2,3,01,B02
200900019807,0,07,000,00,2,5,12,A01
200900019808,0,07,000,06,0,1,01,A01
200900019809,0,07,000,14,2,1,01,A01
200900019809,0,07,000,00,2,4,23,B02
200900019810,0,07,000,13,0,7,00,A01
200900019811,0,02,000,00,2,1,01,B02
200900019811,0,07,000,00,2,3,01,A01
200900019812,0,07,000,00,9,3,01,A01
200900019812,0,01,000,00,2,1,05,B02
200900019813,0,07,000,02,0,1,01,A01
200900019814,0,33,000,00,2,1,17,B02
200900019814,0,07,000,00,2,3,10,A01
200900019815,0,07,000,00,2,1,01,B02
200900019815,0,07,000,00,0,1,15,A01
200900019816,0,07,000,00,0,8,01,B02
200900019816,0,14,000,00,2,1,01,A01
200900019817,0,07,000,00,2,8,15,B02
200900019817,0,33,000,00,2,1,17,A01
200900019818,0,07,000,00,2,1,00,A01
200900019818,0,07,000,00,2,1,00,B01
200900019819,0,01,000,00,2,1,17,B01
200900019819,0,07,000,00,9,3,15,A01
200900019820,0,01,000,00,2,1,02,A01
200900019820,0,07,000,00,9,3,19,B01
200900019821,0,07,000,00,2,1,01,B01
200900019821,0,30,000,00,2,1,05,A01
200900019822,0,07,000,00,0,3,00,A01
200900019823,0,01,000,00,2,3,01,B01
200900019823,0,07,000,00,2,2,01,A01
200900019824,0,32,000,00,0,0,00,A01
200900019825,0,07,000,00,1,2,01,A01
200900019826,0,03,000,01,0,1,00,A01
200900019826,0,07,000,00,2,8,24,B01
200900019827,0,07,000,00,2,8,15,A01
200900019827,0,31,000,00,2,1,17,B01
200900019828,0,07,000,00,2,7,15,B01
200900019828,0,01,000,00,2,3,01,A01
200900019829,0,07,000,03,0,7,01,D04
200900019829,0,07,000,00,2,1,01,C03
200900019829,0,07,000,00,2,9,17,A01
200900019829,0,14,000,00,2,1,01,B02
200900019830,0,07,000,00,2,1,13,A01
200900019830,0,07,000,00,2,3,01,B02
200900019831,0,07,000,00,0,1,15,A01
200900019831,0,07,000,00,2,1,01,B01
200900019832,0,07,000,00,1,1,01,A01
200900019833,0,07,000,00,2,4,23,B01
200900019833,0,07,000,00,2,1,01,A01
200900019834,0,07,000,00,2,1,02,A01
200900019834,0,07,000,00,2,4,02,B01
200900019835,0,07,000,00,2,1,01,B01
200900019835,0,07,000,00,2,2,15,A01
200900019836,0,30,000,00,0,0,00,A01
200900019837,0,07,000,00,2,4,04,A01
200900019837,0,33,000,00,2,1,01,B01
200900019838,2,07,000,00,1,0,00,Z01
200900019839,0,07,000,00,2,3,05,A01
200900019839,0,07,000,00,2,3,01,B02
200900019840,0,31,000,00,2,1,01,A01
200900019840,0,07,000,00,2,3,15,B02
200900019841,0,32,000,00,2,7,01,B01
200900019841,0,07,000,00,2,3,11,A01
200900019842,0,07,000,00,2,0,16,A01
200900019842,0,33,000,00,2,0,01,B01
200900019843,0,07,000,06,0,1,01,A01
200900019844,0,07,000,00,2,0,01,B01
200900019844,0,07,000,00,2,0,01,A01
200900019845,0,07,000,00,2,5,01,A01
200900019845,0,07,000,00,2,3,01,B01
200900019846,0,07,000,00,1,1,01,A01
200900019847,0,07,000,00,0,8,11,A01
200900019847,0,07,000,00,2,2,01,B01
200900019848,0,07,000,00,2,1,17,A01
200900019848,0,02,000,00,2,1,01,B02
200900019849,0,07,000,02,0,8,14,A01
200900019850,0,07,000,00,1,1,15,A01
200900019851,0,07,000,00,2,8,15,B01
200900019851,0,33,000,15,2,7,17,A01
200900019852,0,01,000,00,2,4,09,B02
200900019852,0,07,000,00,2,1,01,A01
200900019853,0,07,000,00,2,1,13,A01
200900019853,0,16,000,00,2,3,01,B02
200900019854,0,07,000,00,1,2,16,A01
200900019855,0,07,000,00,1,2,01,A01
200900019856,0,07,000,00,2,3,01,B01
200900019856,0,07,000,00,2,1,01,A01
200900019857,0,07,000,00,1,2,01,A01
200900019858,0,07,000,06,2,2,01,A01
200900019858,0,07,000,07,2,3,01,B01
200900019859,0,07,000,00,1,1,00,A01
200900019860,0,07,000,02,0,1,02,A01
200900019861,0,07,000,00,0,4,23,B02
200900019861,0,07,000,00,2,1,01,A01
200900019862,0,07,000,02,0,7,17,A01
200900019863,0,37,015,00,2,3,15,A01
200900019863,0,30,000,00,2,7,01,B01
200900019863,0,07,000,00,2,7,01,C01
200900019864,0,10,000,00,1,1,02,A01
200900019865,0,07,000,00,1,0,00,A01
200900019866,0,07,000,00,2,7,05,A01
200900019866,0,07,000,00,2,1,01,B02
200900019867,0,07,000,00,2,1,01,B01
200900019867,0,07,000,00,2,2,01,A01
200900019868,0,07,000,00,2,3,01,A01
200900019868,0,07,000,00,2,2,15,B01
200900019869,1,07,000,00,1,3,01,A01
200900019870,1,01,000,00,1,0,00,Z01
200900019871,0,07,000,00,2,1,14,A01
200900019871,0,10,000,00,0,3,01,C03
200900019871,0,10,000,00,2,1,01,B02
200900019872,0,31,000,00,2,1,02,B01
200900019872,0,07,000,00,2,8,10,A01
200900019873,0,37,001,00,1,2,01,A01
200900019874,0,07,000,00,1,2,01,A01
200900019875,0,07,000,16,2,8,01,A01
200900019875,0,07,000,00,2,1,01,B01
200900019876,0,30,000,00,2,1,01,B02
200900019876,0,07,000,00,0,1,15,A01
200900019877,0,07,000,00,2,3,15,A01
200900019877,0,31,000,00,2,1,02,B02
200900019878,0,07,000,00,1,7,01,A01
200900019879,0,07,000,02,0,3,01,A01
200900019880,0,07,000,00,0,1,02,A01
200900019881,0,10,000,00,1,1,01,A01
200900019882,0,07,000,00,1,1,15,A01
200900019883,0,07,000,00,1,4,04,Z01
200900019884,0,07,000,07,2,1,06,A01
200900019884,0,07,000,00,2,3,01,B01
200900019885,0,31,000,00,2,1,01,A01
200900019886,0,07,000,08,0,8,01,A01
200900019887,0,10,000,00,0,4,01,C01
200900019887,0,10,000,00,2,1,02,A01
200900019887,0,07,000,00,0,4,01,D01
200900019887,0,07,000,00,0,4,01,B01
200900019888,0,07,000,00,1,1,01,A01
200900019889,0,07,000,00,1,1,01,A01
200900019890,0,07,000,00,2,7,21,B01
200900019890,0,07,000,00,2,3,21,E01
200900019890,0,07,000,00,2,0,00,Z02
200900019890,0,07,000,08,2,7,21,A01
200900019890,0,07,000,00,2,3,21,C01
200900019890,0,07,000,00,2,8,21,D01
200900019891,0,07,000,00,2,2,01,A01
200900019891,0,07,000,00,2,3,01,B01
200900019892,0,07,000,12,2,3,01,A01
200900019892,0,07,000,12,2,3,01,B01
200900019893,0,10,000,14,0,3,01,D04
200900019893,0,07,000,00,2,1,01,B02
200900019893,0,07,000,00,2,3,13,A01
200900019893,0,07,000,00,2,6,01,C03
200900019894,0,07,000,00,2,2,16,B01
200900019894,0,02,000,00,2,3,01,A01
200900019895,0,07,000,00,2,3,01,C01
200900019895,0,07,000,00,2,3,01,B01
200900019895,0,07,000,00,2,4,01,D01
200900019895,0,32,000,00,2,1,13,A01
200900019896,0,07,000,10,2,0,13,A01
200900019896,1,07,000,00,2,0,00,Z01
200900019897,0,30,000,00,2,2,01,B01
200900019897,0,07,000,00,2,1,01,A01
200900019898,0,07,000,00,1,1,16,A01
200900019899,0,30,000,01,0,1,01,A01
200900019900,0,07,000,00,1,1,01,A01
200900019901,0,10,000,00,1,3,01,A01
200900019902,0,30,000,00,0,7,21,A01
200900019902,0,07,000,00,0,6,02,B01
200900019903,1,07,000,00,2,1,01,A01
200900019903,0,07,000,00,2,3,01,B01
200900019904,0,07,000,15,0,2,01,A01
200900019905,0,07,000,00,1,0,01,A01
200900019906,0,15,000,00,2,6,16,A01
200900019906,0,01,000,00,2,9,16,B01
200900019907,0,07,000,00,1,2,16,A01
200900019908,0,07,000,00,1,0,01,A01
200900019909,0,07,000,00,2,4,23,C01
200900019909,0,07,000,00,2,1,01,A01
200900019909,0,07,000,00,2,4,01,B01
200900019910,0,01,000,00,2,1,01,B01
200900019910,0,30,000,00,2,3,09,A01
200900019911,0,40,001,00,1,1,01,A01
200900019912,0,07,000,00,2,1,02,A01
200900019912,0,07,000,00,0,4,02,C01
200900019912,0,07,000,00,2,0,02,B01
200900019913,0,07,000,00,2,1,09,A01
200900019913,0,30,000,00,2,7,01,B02
200900019914,0,07,000,00,2,8,10,A01
200900019914,0,30,000,00,2,1,01,B01
200900019915,0,07,000,00,1,4,04,A01
200900019916,0,07,000,00,2,1,01,B01
200900019916,0,07,000,15,2,7,15,A01
200900019917,0,07,000,00,2,3,16,A01
200900019917,0,07,000,00,2,2,01,B01
200900019918,0,02,000,00,2,1,01,B02
200900019918,0,07,000,00,2,3,17,A01
200900019919,0,36,000,00,2,0,20,A01
200900019920,0,07,000,00,0,3,01,A01
200900019920,0,07,000,00,0,8,01,B02
200900019921,0,10,000,00,1,2,16,A01
200900019922,0,07,000,,2,8,01,B02
200900019922,0,14,000,,2,4,03,A01
200900019923,0,07,000,04,2,6,01,B01
200900019923,0,17,000,04,2,2,14,A01
200900019924,0,07,000,00,2,1,02,A01
200900019924,0,07,000,00,0,4,02,B01
200900019925,0,07,000,00,0,6,01,B01
200900019925,0,07,000,00,0,2,17,A01
200900019926,0,07,000,00,1,1,01,A01
200900019927,0,15,000,13,0,1,16,A01
200900019928,0,07,000,00,2,3,15,B01
200900019928,0,30,000,00,2,2,05,A01
200900019929,0,13,000,00,2,4,23,C01
200900019929,0,07,000,00,2,1,23,B01
200900019929,0,17,000,00,2,3,01,A01
200900019930,0,07,000,00,1,3,15,A01
200900019931,0,07,000,00,2,3,01,B01
200900019931,0,07,000,00,2,1,21,A01
200900019932,0,07,000,00,1,1,01,A01
200900019933,0,07,000,00,2,1,01,B01
200900019933,0,07,000,00,2,3,05,A01
200900019934,0,07,000,00,1,2,01,A01