Num_Acc,senc,catv,occutc,obs,obsm,choc,manv,num_veh
200900019935,0,07,000,03,0,2,01,A01
200900019936,0,07,000,00,2,4,02,B01
200900019936,0,07,000,00,2,1,02,A01
200900019936,0,07,000,00,0,4,02,D01
200900019936,0,07,000,00,2,4,02,C01
200900019937,0,07,000,00,2,1,02,A01
200900019937,0,99,000,00,2,4,23,B01
200900019938,0,07,000,00,0,3,01,A01
200900019938,0,07,000,00,2,2,12,B01
200900019939,0,07,000,00,2,1,01,B01
200900019939,0,07,000,00,2,7,01,A01
200900019940,0,07,000,12,0,6,01,A01
200900019941,0,07,000,00,2,2,15,A01
200900019941,0,02,000,00,2,1,01,B01
200900019942,0,17,000,00,2,8,02,B01
200900019942,0,07,000,03,2,3,02,A01
200900019943,0,10,000,00,1,4,04,A01
200900019944,0,07,000,00,0,4,02,B01
200900019944,0,10,000,00,2,1,02,A01
200900019945,0,07,000,00,1,2,01,A01
200900019946,0,07,000,00,0,0,01,B01
200900019946,0,07,000,00,2,0,01,C01
200900019946,1,07,000,00,0,0,09,A01
200900019947,0,07,000,00,1,2,01,A01
200900019948,0,33,000,01,0,8,02,A01
200900019948,0,07,000,00,2,2,01,B01
200900019949,0,07,000,00,2,1,02,A01
200900019949,0,07,000,00,2,4,23,B01
200900019949,0,07,000,00,0,4,23,C01
200900019950,0,07,000,00,2,1,01,A01
200900019950,0,07,000,,2,3,10,B01
200900019951,0,07,000,00,1,8,23,A01
200900019952,2,07,000,00,1,2,01,A01
200900019953,1,07,000,00,0,0,00,B01
200900019953,0,07,000,03,0,2,12,A01
200900019954,0,07,000,00,2,3,01,B01
200900019954,0,02,000,00,2,2,01,A01
200900019955,1,07,000,00,1,0,00,Z01
200900019956,0,07,000,03,0,8,17,A01
200900019956,0,17,000,00,0,4,23,B01
200900019957,0,10,000,00,2,1,01,B01
200900019957,0,07,000,00,2,7,01,A01
200900019958,0,14,000,13,0,0,14,A01
200900019959,0,07,000,00,1,0,02,A01
200900019960,0,07,000,04,0,3,01,A01
200900019961,0,07,000,08,0,2,01,A01
200900019962,0,17,000,,2,4,,C01
200900019962,0,07,000,,2,1,01,D01
200900019962,0,07,000,,2,9,09,B01
200900019962,0,17,000,,2,1,01,A01
200900019963,0,07,000,,2,4,01,C02
200900019963,0,07,000,,2,6,12,B02
200900019963,0,15,000,,2,1,02,A01
200900019964,0,07,000,,2,,,A01
200900019964,0,07,000,03,2,3,01,B02
200900019965,0,15,000,,2,1,12,A01
200900019965,0,07,000,,2,1,01,B02
200900019966,0,07,000,14,2,2,,G02
200900019966,0,15,000,,2,2,,D02
200900019966,0,17,000,,2,6,,B02
200900019966,0,07,000,14,,1,,H02
200900019966,0,17,000,,2,3,,A01
200900019966,0,10,000,,2,1,,E02
200900019966,0,07,000,,2,1,,C02
200900019966,0,15,000,,2,3,,F02
200900019967,0,07,000,00,2,3,01,B02
200900019967,0,07,000,00,2,1,13,A01
200900019968,0,14,000,,,4,,F02
200900019968,0,07,000,,2,5,,E02
200900019968,0,10,000,00,0,3,,C02
200900019968,0,07,000,00,0,6,,B02
200900019968,0,13,000,00,0,5,,A01
200900019968,0,07,000,,2,2,,G02
200900019968,0,07,000,,,6,,D02
200900019969,0,07,000,,2,8,11,A01
200900019969,0,07,000,,2,8,13,B02
200900019970,0,07,000,,2,4,01,A01
200900019970,0,07,000,,2,4,01,B02
200900019971,0,10,000,,2,1,01,A01
200900019971,0,07,000,,2,9,01,B02
200900019971,0,07,000,,0,4,01,C02
200900019972,0,10,000,,2,1,02,A01
200900019972,0,07,000,,2,4,02,D02
200900019972,0,07,000,,2,4,02,C02
200900019972,0,07,000,,2,4,02,B02
200900019973,0,07,000,04,0,3,16,A01
200900019974,0,07,000,04,,8,02,A01
200900019975,0,07,000,00,0,0,16,C03
200900019975,0,07,000,00,2,3,01,A01
200900019975,0,07,000,00,2,3,01,B02
200900019976,0,07,000,00,1,1,01,A01
200900019977,0,07,000,00,2,1,01,A01
200900019977,0,07,000,00,2,7,13,B02
200900019978,0,07,000,03,2,1,02,C03
200900019978,0,10,000,03,2,5,03,A01
200900019978,0,07,000,00,2,3,01,B02
200900019979,0,07,000,00,2,2,02,A01
200900019979,0,01,000,00,0,4,02,B02
200900019980,0,07,000,00,2,2,01,B02
200900019980,0,07,000,05,2,3,05,A01
200900019981,0,07,000,00,2,1,19,A01
200900019981,0,31,000,00,2,7,01,B02
200900019982,0,33,000,00,2,7,21,B02
200900019982,0,07,000,00,2,6,00,A01
200900019983,0,07,000,14,0,2,01,B02
200900019983,0,07,000,14,0,2,01,D04
200900019983,0,07,000,14,0,1,01,C03
200900019983,0,07,000,03,0,2,14,A01
200900019983,0,07,000,14,0,3,01,E05
200900019984,0,07,000,00,2,5,15,A01
200900019984,0,07,000,00,2,1,01,B02
200900019984,0,07,000,00,2,2,23,C03
200900019985,0,07,000,00,2,3,17,A01
200900019985,0,30,000,00,2,1,01,B02
200900019986,0,07,000,00,5,1,21,A01
200900019987,0,30,000,00,2,4,01,B02
200900019987,0,07,000,00,2,2,01,A01
200900019988,0,07,000,00,2,5,15,A01
200900019988,0,01,000,00,2,1,01,B02
200900019989,0,07,000,00,1,2,01,A01
200900019990,0,07,000,00,2,8,01,C03
200900019990,0,14,000,00,2,3,13,A01
200900019990,0,07,000,00,2,8,01,B02
200900019991,0,07,000,06,2,7,01,A01
200900019991,0,07,000,00,2,1,01,B01
200900019992,0,07,000,00,1,1,01,A01
200900019993,0,02,000,00,2,1,01,B01
200900019993,0,07,000,00,2,3,15,A01
200900019994,0,07,000,00,2,5,02,B01
200900019994,2,07,000,00,2,1,02,A01
200900019995,0,07,000,00,2,2,15,A01
200900019995,0,07,000,02,2,7,01,B01
200900019996,0,07,000,00,2,1,01,A01
200900019997,0,07,000,00,1,2,12,A01
200900019998,0,33,000,00,2,1,17,A01
200900019998,0,07,000,00,2,8,17,B02
200900019999,0,31,000,00,0,1,01,A01
200900020000,0,33,000,00,2,1,13,A01
200900020000,0,07,000,00,2,1,01,C01
200900020000,0,17,000,00,2,3,01,B01
200900020001,0,07,000,00,2,5,15,A01
200900020001,0,31,000,00,2,1,01,B02
200900020002,0,07,000,00,2,3,15,A01
200900020002,0,33,000,00,2,0,02,B02
200900020003,0,07,000,02,0,2,01,A01
200900020004,0,07,000,13,0,1,17,A01
200900020005,0,07,000,00,0,3,04,A01
200900020005,0,01,000,01,2,0,01,B02
200900020006,0,07,000,02,0,3,13,A01
200900020007,0,01,000,00,2,6,01,C03
200900020007,0,07,000,00,2,2,17,A01
200900020007,0,07,000,08,2,8,01,B02
200900020008,0,14,000,02,0,3,01,A01
200900020009,0,31,000,00,2,9,13,A01
200900020009,0,07,000,00,9,2,01,B02
200900020010,0,33,000,00,2,1,01,A01
200900020010,0,07,000,00,2,8,01,B02
200900020011,0,10,000,00,2,3,15,A01
200900020011,0,33,000,00,2,1,01,B02
200900020012,0,07,000,00,2,1,01,B02
200900020012,0,10,000,00,2,7,13,A01
200900020013,0,33,000,00,2,3,17,A01
200900020013,0,07,000,00,2,3,01,B02
200900020014,0,33,000,13,0,1,01,A01
200900020015,0,07,000,00,2,8,01,C03
200900020015,0,07,000,00,2,1,13,A01
200900020015,0,07,000,00,2,1,01,B02
200900020016,0,07,000,00,0,7,15,A01
200900020016,0,07,000,00,2,1,14,B02
200900020017,0,07,000,12,0,1,01,A01
200900020018,0,10,000,04,0,2,15,A01
200900020019,0,10,000,13,0,3,01,A01
200900020020,0,07,000,00,1,2,01,A01
200900020021,0,07,000,04,2,1,02,B02
200900020021,0,07,000,04,2,2,02,F06
200900020021,0,07,000,00,2,4,02,E05
200900020021,0,07,000,00,2,4,01,C03
200900020021,0,07,000,00,2,1,02,D04
200900020021,0,07,000,00,2,8,01,A01
200900020022,0,07,000,13,0,1,01,A01
200900020023,0,07,000,12,2,6,14,A01
200900020023,0,07,000,00,2,8,01,B02
200900020024,0,33,000,00,0,0,01,A01
200900020025,0,13,000,00,2,1,14,A01
200900020025,0,10,000,00,2,1,01,B02
200900020026,0,10,000,06,0,1,01,A01
200900020027,0,14,000,00,2,6,01,B02
200900020027,0,01,000,00,2,1,13,A01
200900020028,0,30,000,00,2,1,02,B02
200900020028,0,14,000,00,0,6,16,A01
200900020029,0,10,000,00,2,1,00,B02
200900020029,0,07,000,00,2,1,17,A01
200900020030,0,10,000,00,2,4,01,B02
200900020030,0,30,000,00,2,1,01,A01
200900020031,0,07,000,00,1,4,04,A01
200900020032,0,02,000,08,0,2,01,A01
200900020033,0,33,000,00,2,2,03,A01
200900020033,0,07,000,00,2,6,01,B02
200900020033,0,07,000,00,2,7,01,C03
200900020034,0,07,000,00,2,3,19,A01
200900020034,0,30,000,00,2,1,01,B02
200900020035,0,07,000,03,0,8,01,A01
200900020036,0,07,000,00,1,3,01,A01
200900020037,0,07,000,00,0,4,23,A01
200900020037,0,07,000,01,0,1,01,B02
200900020038,0,07,000,00,0,4,01,A01
200900020038,0,02,000,00,2,1,02,B02
200900020039,0,07,000,00,2,1,01,A01
200900020039,0,07,000,00,0,5,09,B02
200900020040,0,33,000,00,0,1,00,A01
200900020041,0,33,000,00,2,1,18,B01
200900020041,0,07,000,00,2,3,23,C01
200900020041,0,07,000,00,2,7,22,A01
200900020042,0,07,000,00,2,5,15,A01
200900020042,0,32,000,00,2,1,01,B01
200900020043,0,07,000,00,2,1,02,A01
200900020043,0,07,000,00,2,4,02,B01
200900020044,0,07,000,00,2,3,01,B01
200900020044,0,33,000,00,2,1,17,A01
200900020045,0,33,000,16,2,3,16,A01
200900020045,0,07,000,00,2,3,01,B01
200900020046,0,07,000,00,2,1,02,A01
200900020046,0,07,000,00,2,4,23,B01
200900020047,1,07,000,00,1,7,20,A01
200900020048,0,07,000,00,1,3,01,A01
200900020049,0,31,000,00,2,1,01,B01
200900020049,0,07,000,00,2,3,10,A01
200900020050,0,07,000,00,1,2,17,A01
200900020051,0,07,000,00,2,3,01,A01
200900020051,0,07,000,00,2,7,01,B01
200900020052,0,07,000,00,2,8,01,B01
200900020052,1,10,000,00,2,3,13,A01
200900020053,0,10,000,00,2,3,13,A01
200900020053,0,32,000,00,2,1,17,B01
200900020054,0,07,000,00,1,3,01,A01
200900020055,0,07,000,00,2,3,15,B01
200900020055,0,30,000,00,2,2,17,A01
200900020056,0,07,000,00,1,7,01,A01
200900020057,0,01,000,00,2,1,01,B01
200900020057,0,07,000,00,2,5,19,A01
200900020058,0,30,000,00,1,1,02,A01
200900020059,0,01,000,00,2,1,01,A01
200900020059,0,07,000,00,2,2,16,B01
200900020060,0,07,000,00,2,7,19,B01
200900020060,0,30,000,00,2,1,01,A01
200900020061,0,07,000,00,2,3,09,A01
200900020061,0,30,000,00,2,1,01,B01
200900020062,0,07,000,00,2,1,01,A01
200900020062,0,02,000,00,2,7,01,B01
200900020063,0,10,000,00,1,4,04,A01
200900020064,0,07,000,00,2,4,02,C01
200900020064,0,07,000,14,0,1,01,A01
200900020064,0,07,000,14,2,4,02,B01
200900020065,0,07,000,00,2,3,15,B01
200900020065,0,33,000,00,2,1,17,A01
200900020066,0,33,000,00,2,1,01,B01
200900020066,0,07,000,00,2,3,09,A01
200900020067,0,07,000,00,2,1,01,A01
200900020067,0,30,000,00,2,4,02,B01
200900020068,0,33,000,00,2,1,19,B01
200900020068,0,33,000,00,2,1,00,A01
200900020069,0,33,000,00,2,1,17,A01
200900020069,0,07,000,00,2,2,09,B01
200900020070,0,07,000,00,2,1,01,A01
200900020070,0,07,000,00,0,4,01,B01
200900020071,0,07,000,08,0,3,13,A01
200900020072,0,07,000,00,2,1,01,A01
200900020073,0,07,000,00,0,4,23,B01
200900020073,0,07,000,00,2,1,01,A01
200900020074,0,07,000,00,1,1,01,A01
200900020074,0,07,000,01,2,3,01,B01
200900020075,0,30,000,00,2,4,23,B01
200900020075,0,07,000,00,2,1,02,A01
200900020076,0,01,000,00,2,1,13,A01
200900020076,0,07,000,00,2,5,01,B01
200900020077,0,02,000,00,1,1,17,A01
200900020078,0,02,000,00,1,1,01,A01
200900020079,0,30,000,00,2,1,12,A01
200900020079,0,07,000,00,2,4,14,B01
200900020080,0,07,000,00,1,1,01,A01
200900020081,0,07,000,00,2,1,01,B01
200900020081,0,07,000,00,2,7,15,A01
200900020082,0,07,000,00,0,0,00,A01
200900020083,0,07,000,00,2,3,13,A01
200900020083,0,30,000,00,2,2,01,B01
200900020084,0,07,000,00,2,0,16,A01
200900020084,0,02,000,00,2,1,01,B01
200900020085,0,07,000,00,1,2,01,A01
200900020086,0,07,000,00,2,3,09,A01
200900020086,0,31,000,00,2,1,01,B01
200900020087,0,07,000,00,2,4,02,A01
200900020087,0,07,000,00,2,1,02,C01
200900020087,0,07,000,00,2,1,02,B01
200900020088,0,32,000,00,2,1,02,A01
200900020088,0,07,000,00,0,5,02,B01
200900020089,0,07,000,00,2,6,10,B01
200900020089,0,07,000,00,2,2,00,A01
200900020090,0,07,000,00,1,3,01,A01
200900020091,1,07,000,00,2,2,17,A01
200900020091,0,07,000,00,2,8,15,B01
200900020091,0,30,000,00,2,1,01,C01
200900020092,0,07,000,00,1,3,20,A01
200900020093,0,07,000,00,2,2,15,A01
200900020093,0,33,000,00,2,1,08,B01
200900020094,1,10,000,00,1,0,01,A01
200900020095,0,07,000,00,2,8,15,A01
200900020095,0,33,000,00,2,1,01,B01
200900020096,0,07,000,00,1,1,01,A01
200900020097,0,37,007,00,2,2,01,B01
200900020097,0,07,000,00,2,3,15,A01
200900020098,2,07,000,00,1,1,02,A01
200900020099,0,30,000,00,2,1,17,A01
200900020099,0,07,000,00,2,2,15,B01
200900020100,0,02,000,00,2,1,01,A01
200900020100,0,33,000,00,2,1,01,B01
200900020101,0,31,000,00,2,1,09,A01
200900020101,0,07,000,00,2,3,15,B01
200900020102,0,02,000,00,2,3,02,B01
200900020102,0,07,000,00,2,3,15,A01
200900020103,0,07,000,01,2,5,01,B01
200900020103,0,07,000,00,2,1,09,A01
200900020104,0,02,000,00,2,1,01,A01
200900020104,0,07,000,00,2,1,01,B01
200900020105,0,07,000,00,0,0,09,B01
200900020105,0,33,000,00,0,0,00,A01
200900020106,1,07,000,00,2,1,02,A01
200900020106,0,07,000,00,2,4,02,B01
200900020106,0,07,000,00,2,4,02,C01
200900020107,0,30,000,00,2,1,17,A01
200900020107,0,07,000,00,0,6,13,B01
200900020108,0,02,000,00,1,1,00,A01
200900020109,0,07,000,00,2,4,24,B01
200900020109,0,02,000,01,0,1,14,A01
200900020110,0,07,000,00,1,2,01,A01
200900020111,0,07,000,00,2,3,09,A01
200900020111,0,33,000,00,2,2,02,B01
200900020112,0,07,000,00,1,1,00,A01
200900020113,0,02,000,00,2,1,01,B01
200900020113,0,07,000,00,2,2,15,A01
200900020114,0,02,000,00,2,1,13,A01
200900020114,0,07,000,00,2,3,01,B01
200900020115,0,33,000,00,2,1,13,A01
200900020115,0,07,000,00,2,3,01,B01
200900020116,0,02,000,00,2,1,01,B01
200900020116,0,07,000,00,2,1,00,A01
200900020117,0,14,000,00,2,3,01,B01
200900020117,0,07,000,00,2,1,01,A01
200900020118,0,07,000,00,1,0,00,A01
200900020119,0,10,000,00,1,3,02,A01
200900020120,0,07,000,00,1,1,01,A01
200900020121,0,02,000,00,2,7,21,B01
200900020121,0,07,000,00,1,1,01,A01
200900020122,0,07,000,00,2,5,17,A01
200900020122,0,02,000,00,2,4,01,B01
200900020123,0,07,000,00,2,3,02,B01
200900020123,0,33,000,00,2,0,02,A01
200900020124,0,07,000,00,0,6,01,A01
200900020124,0,07,000,00,2,1,01,B01
200900020125,0,07,000,00,2,0,02,D01
200900020125,0,07,000,00,2,4,02,B01
200900020125,0,07,000,00,2,1,02,A01
200900020125,0,07,000,00,2,0,02,C01
200900020126,0,02,000,00,2,1,17,A01
200900020126,0,07,000,00,2,3,15,B01
200900020127,0,07,000,06,0,2,14,A01
200900020128,0,30,000,00,1,1,17,A01
200900020129,0,31,000,00,2,1,01,B01
200900020129,0,07,000,00,2,5,01,A01
200900020130,0,33,000,00,1,1,01,A01
200900020131,0,10,000,00,2,6,09,A01
200900020131,0,33,000,00,2,0,00,B01
200900020132,0,07,000,00,2,3,01,A01
200900020132,0,32,000,00,2,4,15,B01
200900020133,0,33,000,00,2,1,01,B01
200900020133,0,07,000,00,2,2,15,A01
200900020134,0,07,000,00,2,4,02,B01
200900020134,0,07,000,00,2,1,01,A01
200900020135,0,30,000,00,2,0,00,B01
200900020135,1,07,000,00,2,0,00,A01
200900020136,0,07,000,00,1,3,15,A01
200900020137,0,07,000,00,2,5,15,A01
200900020137,0,30,000,00,2,1,01,B01
200900020138,0,17,000,00,2,2,12,A01
200900020138,0,07,000,00,0,8,01,B01
200900020139,0,07,000,00,2,1,01,A01
200900020139,0,07,000,00,2,4,02,B01
200900020140,0,30,000,00,2,7,01,A01
200900020140,0,07,000,00,2,3,01,B01
200900020141,0,30,000,00,2,1,01,B01
200900020141,1,07,000,00,2,7,15,A01
200900020142,0,07,000,00,0,8,15,A01
200900020142,0,34,000,00,2,1,01,B01
200900020143,0,07,000,00,0,7,01,B01
200900020143,0,07,000,00,2,1,01,A01
200900020144,0,07,000,00,2,1,01,A01
200900020144,0,07,000,02,2,8,01,B01
200900020145,0,32,000,12,0,1,01,B01
200900020145,0,07,000,00,0,0,15,A01
200900020146,0,34,000,00,2,1,01,B01
200900020146,0,07,000,00,0,7,01,A01
200900020147,0,07,000,00,1,1,01,A01
200900020148,0,31,000,00,0,7,01,A01
200900020148,0,07,000,00,2,1,15,B01
200900020149,0,07,000,00,2,0,01,B01
200900020149,0,07,000,00,0,1,01,A01
200900020150,0,07,000,00,2,3,13,A01
200900020150,0,07,000,00,2,3,01,D01
200900020150,0,07,000,00,0,3,01,C01
200900020150,0,07,000,00,2,9,01,B01
200900020151,0,02,000,14,0,1,01,A01
200900020152,0,32,000,00,2,1,01,B01
200900020152,0,07,000,00,2,1,15,A01
200900020153,0,07,000,00,2,4,02,C01
200900020153,0,07,000,00,2,4,02,B01
200900020153,0,07,000,00,2,1,02,A01
200900020154,0,07,000,00,2,0,00,B01
200900020154,0,31,000,00,2,2,00,A01
200900020155,0,07,000,00,0,8,22,A01
200900020155,0,07,000,01,0,7,01,B01
200900020156,0,32,000,00,1,0,17,A01
200900020157,0,07,000,08,0,1,00,A01
200900020158,0,07,000,00,2,2,02,A01
200900020158,0,07,000,08,2,5,00,B01
200900020159,0,07,000,01,0,2,00,A01
200900020160,0,07,000,00,2,1,02,A01
200900020160,0,31,000,00,2,4,23,B01
200900020161,0,07,000,00,2,4,02,B01
200900020161,0,07,000,00,0,4,02,C01
200900020161,0,07,000,00,2,1,02,A01
200900020162,1,07,000,00,2,0,00,A01
200900020162,0,30,000,00,0,4,00,B01
200900020163,0,07,000,00,2,2,15,A01
200900020163,0,02,000,00,2,1,00,B02
200900020164,0,07,000,00,2,8,23,C03
200900020164,0,07,000,00,2,7,16,B02
200900020164,0,30,000,00,2,8,18,A01
200900020165,0,07,000,00,2,3,01,B02
200900020165,0,02,000,00,2,1,13,A01
200900020166,0,07,000,02,0,1,14,A01
200900020167,0,32,000,00,2,1,00,A01
200900020167,0,07,000,00,2,3,01,B01
200900020167,0,07,000,00,0,0,23,C01
200900020168,0,33,000,00,2,7,23,C01
200900020168,0,10,000,00,2,3,14,A01
200900020168,0,07,000,00,0,0,01,B01
200900020169,0,07,000,06,2,3,01,B01
200900020169,0,07,000,00,2,3,01,A01
200900020170,0,31,000,00,2,1,01,B01
200900020170,0,07,000,00,2,3,15,A01
200900020171,0,07,000,00,2,8,00,C01
200900020171,0,10,000,00,2,2,09,A01
200900020171,0,07,000,01,2,3,01,B01
200900020172,0,07,000,00,2,1,13,A01
200900020172,0,14,000,00,2,1,02,B01
200900020173,0,10,000,00,1,0,00,A01
200900020174,0,02,000,00,2,1,01,B01
200900020174,0,07,000,00,2,7,15,A01
200900020175,0,13,000,00,2,5,01,B01
200900020175,0,07,000,00,2,6,01,C01
200900020175,0,33,000,00,2,1,03,A01
200900020176,0,07,000,00,1,1,00,A01
200900020177,0,31,000,00,2,7,00,A01
200900020177,0,07,000,00,0,0,00,B01
200900020178,0,07,000,00,2,1,01,A01
200900020178,0,17,000,00,2,3,00,B01
200900020179,0,07,000,00,2,7,01,B01
200900020179,0,30,000,00,2,1,01,A01
200900020180,0,07,000,01,2,1,13,A01
200900020181,0,33,000,00,2,1,01,B01
200900020181,0,07,000,00,2,8,09,A01
200900020182,0,31,000,00,2,1,01,A01
200900020182,0,37,001,00,2,2,01,B01
200900020183,0,07,000,00,2,3,09,A01
200900020183,0,07,000,01,2,5,01,B01
200900020184,0,10,000,00,2,6,04,A01
200900020184,0,02,000,00,2,1,01,B01
200900020185,0,07,000,00,2,1,02,A01
200900020185,0,07,000,00,2,4,02,B01
200900020186,0,33,000,01,0,1,01,A01
200900020186,0,07,000,00,2,4,00,B01
200900020187,1,10,000,00,2,1,02,A01
200900020187,0,07,000,00,2,4,02,C01
200900020187,0,07,000,00,2,4,02,B01
200900020188,0,07,000,00,2,3,15,A01
200900020188,0,31,000,00,2,0,17,B01
200900020189,0,07,000,00,2,4,01,B01
200900020189,0,33,000,00,2,1,01,A01
200900020190,0,02,000,00,1,1,01,A01
200900020191,0,07,000,00,2,1,02,B01
200900020191,0,07,000,00,2,7,02,A01
200900020192,0,33,000,00,2,3,02,B01
200900020192,0,10,000,00,2,3,15,A01
200900020193,0,07,000,00,2,3,02,B01
200900020193,0,33,000,00,1,8,21,A01
200900020194,0,07,000,00,2,3,15,A01
200900020194,0,33,000,00,2,1,17,B01
200900020195,0,33,000,00,0,0,01,A01
200900020196,0,07,000,00,2,2,00,A01
200900020196,0,32,000,00,2,0,00,B01
200900020197,0,37,023,00,2,2,01,B01
200900020197,0,07,000,00,2,3,15,A01
200900020198,0,07,000,02,0,1,01,A01
200900020199,0,07,000,00,2,1,01,A01
200900020199,0,07,000,00,2,8,19,B02
200900020200,0,07,000,00,0,0,14,A01
200900020201,0,07,000,00,2,7,01,B02
200900020201,0,07,000,00,0,1,09,A01
200900020202,0,33,000,16,0,7,00,A01
200900020203,0,07,000,00,0,9,01,A01
200900020204,1,07,000,00,1,7,01,A01
200900020205,0,10,000,00,2,2,02,A01
200900020205,0,99,000,00,0,0,00,B02
200900020206,0,33,000,00,2,3,21,A01
200900020206,0,07,000,00,2,5,02,B02
200900020207,0,30,000,01,0,3,01,A01
200900020207,0,07,000,00,2,5,24,C03
200900020207,0,07,000,00,2,2,24,B02
200900020208,0,30,000,00,2,7,01,B02
200900020208,0,07,000,00,2,1,01,A01
200900020209,0,10,000,00,2,3,16,B02
200900020209,0,07,000,00,2,3,01,A01
200900020210,0,01,000,00,2,8,16,B02
200900020210,0,07,000,00,2,1,01,A01
200900020211,0,07,000,01,0,3,01,A01
200900020212,0,07,000,00,2,1,01,B02
200900020212,0,07,000,00,2,3,15,A01
200900020213,0,31,000,00,2,1,01,B02
200900020213,0,07,000,00,2,8,19,A01
200900020214,0,07,000,00,2,1,01,A01
200900020214,0,01,000,00,2,1,16,B02
200900020215,0,07,000,04,0,1,14,A01
200900020216,0,07,000,00,2,1,01,B02
200900020216,0,07,000,00,0,7,19,A01
200900020217,0,07,000,00,2,2,15,A01
200900020217,0,07,000,00,2,2,01,B02
200900020218,0,07,000,00,2,5,17,B01
200900020218,0,02,000,00,2,8,13,A01
200900020219,0,02,000,00,2,1,01,A01
200900020219,0,07,000,00,2,5,15,B01
200900020220,0,33,000,00,2,1,01,A01
200900020220,0,01,000,00,2,0,14,B01
200900020221,0,07,000,00,2,8,01,B01
200900020221,0,07,000,00,2,4,11,C01
200900020221,0,31,000,00,2,1,03,A01
200900020222,0,33,000,01,2,2,01,B01
200900020222,0,02,000,00,2,8,17,A01
200900020223,0,31,000,00,2,8,01,A01
200900020223,1,07,000,00,2,0,15,Z01
200900020224,0,07,000,00,2,3,01,B01
200900020224,0,07,000,00,2,2,01,A01
200900020225,0,07,000,00,1,1,01,A01
200900020226,0,30,000,00,0,0,21,A01
200900020227,0,10,000,00,2,3,02,A01
200900020227,0,07,000,00,2,4,23,B01
200900020228,0,07,000,00,2,3,10,A01
200900020228,0,31,000,00,2,2,01,B01
200900020229,0,02,000,00,0,0,01,A01
200900020230,0,07,000,00,2,1,02,A01
200900020230,0,07,000,00,2,4,23,B01
200900020231,0,31,000,00,0,0,01,A01
200900020232,0,07,000,00,2,2,15,A01
200900020232,0,30,000,00,2,1,01,B01
200900020233,0,31,000,00,0,0,17,A01
200900020234,0,31,000,00,0,1,03,A01
200900020235,0,07,000,00,1,7,01,A01
200900020236,0,32,000,00,0,7,21,A01
200900020237,0,01,000,00,2,8,01,B01
200900020237,0,07,000,00,2,1,15,A01
200900020238,0,07,000,00,2,6,13,A01
200900020238,0,33,000,00,2,2,01,B01
200900020239,1,07,000,00,1,2,01,Z01
200900020240,0,13,000,00,2,2,11,A01
200900020240,0,33,000,00,2,3,11,B01
200900020241,0,01,000,00,2,8,07,B01
200900020241,0,01,000,00,2,5,07,A01
200900020242,1,07,000,00,1,0,01,Z01
200900020243,0,33,000,00,2,7,03,A01
200900020243,0,07,000,00,2,8,01,B01
200900020244,0,01,000,00,1,1,01,A01
200900020245,0,07,000,00,2,8,22,A01
200900020245,0,01,000,00,2,1,01,B01
200900020246,0,32,000,00,2,3,17,A01
200900020246,0,10,000,00,2,6,15,B01
200900020247,0,07,000,00,2,4,23,B01
200900020247,0,07,000,00,2,1,02,A01
200900020248,0,07,000,00,2,1,01,B01
200900020248,0,07,000,14,2,7,15,A01
200900020249,0,07,000,00,2,2,01,B01
200900020249,0,30,000,00,2,3,09,A01
200900020250,0,30,000,00,0,8,15,A01
200900020251,0,10,000,00,2,7,23,A01
200900020251,0,30,000,00,2,3,18,B01
200900020252,0,01,000,00,2,7,17,B01
200900020252,0,07,000,00,2,3,22,A01
200900020253,0,33,000,00,2,1,01,B01
200900020253,0,01,000,00,2,3,19,A01
200900020254,0,07,000,00,1,4,04,A01
200900020255,0,07,000,00,1,2,07,A01
200900020256,0,32,000,00,2,8,01,B01
200900020256,0,07,000,00,2,1,15,A01
200900020257,0,32,000,00,2,3,23,B01
200900020257,0,07,000,00,2,2,14,A01
200900020257,0,07,000,00,2,3,23,C01
200900020258,0,01,000,12,0,3,17,A01
200900020259,0,34,000,00,2,4,01,B01
200900020259,0,07,000,00,2,1,15,A01
200900020260,0,30,000,00,1,1,18,A01
200900020261,0,07,000,07,0,1,15,A01
200900020262,0,10,000,00,1,1,15,A01
200900020263,0,32,000,00,2,6,02,A01
200900020263,0,07,000,00,2,0,02,B01
200900020263,1,07,000,00,2,0,01,Z01
200900020264,0,07,000,00,2,8,01,B01
200900020264,0,07,000,00,2,3,01,C01
200900020264,0,14,000,00,2,2,12,A01
200900020265,0,01,000,00,1,8,01,A01
200900020266,0,37,000,00,2,4,02,B01
200900020266,0,37,000,00,2,1,02,A01
200900020267,1,02,000,00,1,1,01,Z01
200900020268,0,07,000,00,2,2,01,A01
200900020268,0,01,000,00,2,4,11,B01
200900020269,0,07,000,00,1,2,01,A01
200900020270,0,07,000,00,1,5,01,A01
200900020271,0,07,000,00,1,1,01,A01
200900020272,0,01,000,08,0,3,14,A01
200900020273,0,34,000,00,2,0,23,B01
200900020273,0,32,000,00,2,0,02,A01
200900020274,0,32,000,00,0,7,01,A01
200900020275,0,30,000,12,0,2,01,A01
200900020276,0,07,000,00,2,4,23,B01
200900020276,0,30,000,00,2,1,02,A01
200900020277,0,07,000,00,2,1,02,A01
200900020277,0,07,000,00,2,4,23,B01
200900020278,0,07,000,01,2,8,01,B01
200900020278,0,07,000,01,2,1,15,A01