Num_Acc,senc,catv,occutc,obs,obsm,choc,manv,num_veh
200900020279,0,07,000,00,2,0,09,A01
200900020279,0,30,000,00,2,1,02,C01
200900020279,0,34,000,00,2,4,02,B01
200900020280,0,37,030,00,1,1,01,A01
200900020281,0,32,000,01,2,1,18,A01
200900020281,0,10,000,00,2,4,23,B01
200900020282,0,07,000,00,2,3,15,A01
200900020282,0,30,000,00,2,7,01,B01
200900020283,0,10,000,00,2,3,11,A01
200900020283,0,32,000,00,2,2,01,B01
200900020284,0,07,000,00,2,4,23,B01
200900020284,0,07,000,00,2,1,02,A01
200900020285,0,30,000,06,0,1,13,A01
200900020286,0,33,000,00,2,7,15,B01
200900020286,0,30,000,00,2,3,01,A01
200900020287,0,31,000,00,2,1,01,B01
200900020287,0,10,000,00,2,2,15,A01
200900020288,0,30,000,14,0,7,01,A01
200900020289,0,07,000,00,1,1,15,A01
200900020290,0,31,000,00,2,8,03,A01
200900020290,0,07,000,00,2,7,12,B01
200900020291,0,30,000,00,0,0,15,A01
200900020292,0,32,000,01,2,1,14,A01
200900020292,0,07,000,00,2,4,24,B01
200900020293,0,30,000,00,2,2,02,A01
200900020293,0,07,000,00,2,6,23,B01
200900020294,0,07,000,00,1,1,01,A01
200900020295,0,01,000,00,2,8,13,B01
200900020295,0,10,000,00,2,7,01,A01
200900020296,0,07,000,00,2,6,01,B01
200900020296,0,34,000,00,2,1,01,A01
200900020297,0,33,000,00,1,2,17,A01
200900020298,1,07,000,00,2,2,10,Z01
200900020298,0,33,000,00,2,1,01,A01
200900020299,0,33,000,00,1,1,18,A01
200900020300,0,07,000,00,2,4,23,A01
200900020300,1,07,000,00,2,1,02,Z01
200900020301,0,07,000,04,0,3,13,A01
200900020302,0,07,000,00,2,2,01,B01
200900020302,0,30,000,00,2,1,05,A01
200900020303,0,30,000,00,2,3,01,B01
200900020303,0,07,000,00,2,1,15,A01
200900020304,0,07,000,01,0,1,15,A01
200900020305,0,07,000,11,0,1,13,A01
200900020306,0,31,000,00,2,4,02,B01
200900020306,0,07,000,00,2,1,02,A01
200900020307,0,10,000,00,2,4,02,B01
200900020307,0,07,000,00,2,1,02,A01
200900020308,0,32,000,00,2,2,02,A01
200900020308,0,10,000,00,2,5,02,B01
200900020309,1,07,000,00,2,2,01,Z01
200900020309,0,30,000,00,2,3,01,A01
200900020310,0,14,000,00,2,2,02,A01
200900020310,0,07,000,00,2,6,23,B01
200900020311,0,32,000,00,0,0,01,A01
200900020312,0,31,000,00,0,7,01,A01
200900020313,0,07,000,00,1,4,04,A01
200900020314,0,30,000,00,0,2,01,A01
200900020315,0,10,000,00,1,0,04,A01
200900020316,0,10,000,00,2,4,02,B01
200900020316,0,02,000,00,2,1,02,A01
200900020317,0,31,000,00,0,0,21,A01
200900020318,0,32,000,00,2,3,01,A01
200900020318,0,10,000,00,2,2,01,B01
200900020319,0,30,000,00,1,1,01,A01
200900020320,0,07,000,00,2,3,24,B01
200900020320,0,01,000,00,2,5,14,A01
200900020321,0,32,000,00,2,1,03,A01
200900020321,0,10,000,00,2,5,01,B01
200900020322,0,10,000,00,1,1,01,A01
200900020323,0,33,000,00,2,1,01,B01
200900020323,0,10,000,00,2,7,15,A01
200900020324,0,10,000,00,1,5,04,A01
200900020325,1,30,000,00,2,0,01,Z01
200900020325,0,02,000,00,2,7,07,A01
200900020326,0,32,000,00,0,7,21,A01
200900020327,0,07,000,06,0,8,13,A01
200900020328,0,07,000,00,2,3,15,A01
200900020328,0,33,000,00,2,8,01,B01
200900020329,0,07,000,00,2,8,09,A01
200900020329,0,01,000,00,2,1,01,B01
200900020330,0,07,000,00,1,1,01,A01
200900020331,0,07,000,01,1,1,20,A01
200900020332,0,01,000,00,2,3,18,B01
200900020332,0,14,000,00,2,2,22,A01
200900020333,1,33,000,00,1,1,01,Z01
200900020334,0,32,000,00,1,2,01,A01
200900020335,1,07,000,00,2,7,22,Z01
200900020335,0,33,000,00,2,8,18,A01
200900020336,0,01,000,00,1,1,07,A01
200900020337,0,32,000,14,0,0,21,A01
200900020338,0,07,000,00,2,6,23,B01
200900020338,0,32,000,00,2,6,02,A01
200900020339,0,07,000,00,2,2,12,A01
200900020339,0,32,000,00,2,4,01,B01
200900020340,0,33,000,01,0,2,14,A01
200900020341,0,02,000,00,0,0,01,A01
200900020342,0,31,000,00,0,2,01,A01
200900020343,0,07,000,00,1,1,01,A01
200900020344,0,07,000,00,1,6,04,A01
200900020345,0,01,000,00,1,1,01,A01
200900020346,0,07,000,00,2,8,10,A01
200900020346,0,32,000,00,2,7,05,B01
200900020347,1,07,000,00,2,5,17,Z01
200900020347,0,31,000,00,2,1,03,A01
200900020348,0,32,000,00,2,3,01,B01
200900020348,0,07,000,00,2,2,01,A01
200900020349,0,34,000,00,2,3,01,B01
200900020349,0,07,000,00,2,8,15,A01
200900020350,0,30,000,00,0,0,01,A01
200900020351,0,07,000,00,2,1,02,A01
200900020351,0,07,000,00,2,4,23,B01
200900020352,0,07,000,00,1,1,01,A01
200900020353,0,31,000,00,2,7,01,B01
200900020353,0,07,000,00,2,7,15,A01
200900020354,0,07,000,00,2,7,17,A01
200900020354,0,30,000,00,2,3,01,B01
200900020355,0,07,000,00,2,4,23,B01
200900020355,0,07,000,00,2,1,02,A01
200900020355,0,07,000,00,2,4,23,C01
200900020355,0,07,000,00,2,6,23,D01
200900020356,0,07,000,00,2,6,11,A01
200900020356,0,32,000,00,2,2,01,B01
200900020357,0,34,000,00,1,2,01,A01
200900020358,0,33,000,00,2,0,01,A01
200900020358,1,01,000,00,2,2,19,Z01
200900020359,0,07,000,00,2,1,01,B01
200900020359,0,32,000,00,2,7,01,A01
200900020360,0,02,000,00,2,2,17,B01
200900020360,0,10,000,00,2,3,15,A01
200900020361,0,34,000,12,0,8,13,A01
200900020362,0,07,000,00,2,8,15,A01
200900020362,0,33,000,00,2,3,17,B01
200900020363,0,07,000,00,2,3,15,A01
200900020363,0,30,000,00,2,0,01,B01
200900020364,0,33,000,00,2,3,01,A01
200900020364,0,07,000,00,2,2,15,B01
200900020365,0,10,000,00,1,3,01,A01
200900020366,0,33,000,00,2,1,01,A01
200900020366,0,31,000,00,2,8,15,B01
200900020367,0,30,000,00,2,0,01,B01
200900020367,0,07,000,00,2,2,14,A01
200900020368,0,01,000,00,2,0,07,B01
200900020368,0,07,000,00,2,3,15,A01
200900020369,0,07,000,00,1,1,16,A01
200900020370,0,07,000,00,1,1,15,A01
200900020371,0,33,000,00,2,0,23,B01
200900020371,0,07,000,00,2,1,02,A01
200900020372,0,10,000,00,1,3,15,A01
200900020373,0,31,000,00,2,4,15,B01
200900020373,0,32,000,00,2,1,01,A01
200900020374,0,30,000,00,2,8,13,A01
200900020374,0,07,000,00,2,7,01,B01
200900020375,0,07,000,00,2,3,09,A01
200900020375,0,30,000,00,2,1,01,B01
200900020376,0,07,000,00,2,3,13,A01
200900020376,0,37,025,00,2,2,07,B01
200900020377,1,32,000,00,1,1,01,Z01
200900020378,0,34,000,00,2,4,16,B01
200900020378,0,07,000,00,2,1,02,A01
200900020379,0,32,000,12,0,7,14,A01
200900020380,0,33,000,08,1,8,07,A01
200900020381,0,01,000,00,1,2,07,A01
200900020382,0,07,000,00,2,3,01,B01
200900020382,0,33,000,00,2,1,01,A01
200900020383,0,33,000,00,0,7,01,A01
200900020384,0,30,000,00,1,1,01,A01
200900020385,0,07,000,00,2,7,01,B01
200900020385,0,30,000,00,2,3,01,A01
200900020386,0,30,000,00,2,5,17,A01
200900020386,0,10,000,00,2,3,01,B01
200900020387,0,33,000,00,0,0,21,A01
200900020388,0,01,000,00,2,4,23,B01
200900020388,0,07,000,00,2,1,02,A01
200900020389,0,07,000,00,2,4,23,B01
200900020389,0,30,000,00,2,1,02,A01
200900020390,0,10,000,00,2,3,15,A01
200900020390,0,30,000,00,2,8,01,B01
200900020391,0,07,000,00,2,3,15,A01
200900020391,0,30,000,00,2,2,17,B01
200900020392,0,10,000,00,2,2,02,A01
200900020392,0,07,000,00,2,6,02,B01
200900020392,0,07,000,00,2,7,01,C01
200900020393,0,07,000,00,2,2,15,A01
200900020393,0,32,000,00,2,3,01,B01
200900020394,0,07,000,00,2,5,15,B01
200900020394,0,30,000,00,2,5,02,A01
200900020395,0,32,000,00,2,7,17,A01
200900020395,0,07,000,00,2,3,01,B01
200900020396,0,01,000,00,2,0,01,B01
200900020396,0,07,000,00,2,2,17,A01
200900020397,1,07,000,00,2,2,01,Z01
200900020397,0,33,000,00,2,3,01,A01
200900020398,0,07,000,00,2,3,01,B01
200900020398,0,07,000,01,2,3,01,A01
200900020399,0,07,000,00,2,6,10,A01
200900020399,0,34,000,00,2,2,01,B01
200900020400,0,34,000,00,1,8,17,A01
200900020401,0,31,000,00,2,8,02,A01
200900020401,0,07,000,00,2,4,02,B01
200900020402,1,10,000,00,2,0,11,Z01
200900020402,0,32,000,00,2,2,01,A01
200900020403,0,30,000,00,2,1,17,B01
200900020403,0,07,000,00,2,8,10,A01
200900020404,0,07,000,00,2,3,01,B01
200900020404,0,32,000,00,2,5,01,A01
200900020405,0,07,000,00,2,7,15,A01
200900020405,0,38,039,00,2,3,15,B01
200900020406,0,07,000,00,2,4,23,D01
200900020406,0,10,000,00,2,4,02,B01
200900020406,0,10,000,00,2,4,23,E01
200900020406,0,10,000,00,2,1,23,C01
200900020406,0,07,000,00,2,2,02,A01
200900020407,0,02,000,00,1,1,01,A01
200900020408,0,02,000,00,2,3,01,B01
200900020408,0,02,000,00,2,2,09,A01
200900020409,0,07,000,00,2,1,01,A01
200900020409,1,07,000,00,2,0,15,Z01
200900020410,0,07,000,07,0,1,13,A01
200900020411,0,32,000,00,2,1,02,A01
200900020411,0,07,000,00,2,5,16,B01
200900020412,0,32,000,00,2,8,01,B01
200900020412,0,07,000,00,2,1,15,A01
200900020412,0,07,000,00,2,1,23,C01
200900020413,0,10,000,00,2,4,02,A01
200900020413,0,30,000,00,2,4,02,B01
200900020414,0,10,000,00,2,2,22,A01
200900020414,0,33,000,00,2,8,18,B01
200900020415,0,31,000,00,2,8,01,B01
200900020415,0,07,000,00,2,2,12,A01
200900020416,0,07,000,00,2,3,15,B01
200900020416,0,32,000,00,2,7,01,A01
200900020417,0,07,000,00,2,6,15,B01
200900020417,0,34,000,00,2,1,01,A01
200900020418,0,07,000,00,2,1,09,B01
200900020418,0,30,000,00,2,1,01,A01
200900020419,0,13,000,00,1,4,04,A01
200900020420,0,33,000,00,2,1,03,A01
200900020420,0,10,000,00,2,5,12,B01
200900020420,0,07,000,00,2,4,23,C01
200900020421,0,07,000,00,2,8,15,A01
200900020421,0,33,000,00,2,1,01,B01
200900020422,0,07,000,00,1,3,15,A01
200900020423,0,07,000,00,1,2,01,A01
200900020424,0,33,000,00,2,1,02,C01
200900020424,0,33,000,00,2,4,02,B01
200900020424,0,33,000,00,2,1,02,A01
200900020425,0,34,000,00,2,3,01,B01
200900020425,0,14,000,00,2,2,16,A01
200900020426,0,07,000,00,2,3,15,B01
200900020426,0,30,000,00,2,1,17,A01
200900020427,0,33,000,00,1,0,01,A01
200900020428,0,33,000,00,0,7,01,A01
200900020429,0,07,000,00,2,1,02,A01
200900020429,0,01,000,00,2,4,23,B01
200900020430,0,32,000,00,1,1,01,A01
200900020431,0,32,000,00,2,0,17,A01
200900020431,0,30,000,00,2,0,15,B01
200900020432,0,30,000,00,2,1,01,A01
200900020432,0,07,000,00,2,2,15,B01
200900020433,0,07,000,00,2,7,01,B01
200900020433,2,07,000,00,2,1,01,A01
200900020434,0,07,000,02,0,9,13,A01
200900020435,0,07,000,00,2,7,01,B01
200900020435,0,07,000,00,2,3,01,A01
200900020436,1,14,000,00,2,5,16,Z01
200900020436,0,01,000,00,2,8,01,A01
200900020437,0,33,000,00,2,2,01,B01
200900020437,0,10,000,00,2,3,15,A01
200900020438,0,07,000,00,2,6,02,B01
200900020438,0,07,000,00,2,2,02,A01
200900020439,0,33,000,00,2,4,23,B01
200900020439,0,10,000,00,2,1,02,A01
200900020440,0,31,000,00,2,1,01,A01
200900020440,0,07,000,00,2,5,01,B01
200900020441,1,34,000,00,2,5,16,Z01
200900020441,0,32,000,00,2,3,01,A01
200900020442,0,30,000,00,2,1,02,A01
200900020442,0,07,000,00,2,4,23,B01
200900020443,0,01,000,00,0,0,01,A01
200900020444,0,07,000,00,1,1,01,A01
200900020445,1,10,000,00,1,0,01,Z01
200900020446,0,02,000,00,2,3,01,B01
200900020446,0,07,000,00,2,2,16,A01
200900020447,0,37,000,00,1,2,07,A01
200900020448,0,30,000,15,0,1,14,A01
200900020449,0,07,000,00,2,8,15,B01
200900020449,0,32,000,00,2,7,17,A01
200900020450,0,07,000,00,1,3,01,A01
200900020451,0,01,000,00,2,2,01,A01
200900020451,2,07,000,00,2,8,22,Z01
200900020452,0,30,000,00,2,8,17,A01
200900020452,0,10,000,00,2,0,15,B01
200900020453,0,07,000,00,1,3,01,A01
200900020454,0,07,000,00,2,3,11,A01
200900020454,0,33,000,00,2,7,01,B01
200900020455,0,33,000,01,2,1,01,A01
200900020455,1,07,000,00,2,0,01,Z01
200900020456,0,07,000,00,1,3,01,A01
200900020457,0,07,000,00,2,6,01,C01
200900020457,0,07,000,00,2,3,02,A01
200900020457,0,01,000,00,2,4,02,B01
200900020458,0,01,000,00,2,2,19,A01
200900020458,0,07,000,00,2,3,01,B01
200900020459,1,02,000,00,1,0,01,Z01
200900020460,0,33,000,00,1,1,18,A01
200900020461,0,01,000,00,2,0,01,B01
200900020461,0,07,000,00,2,8,22,A01
200900020462,0,07,000,00,1,1,01,A01
200900020463,0,34,000,00,1,1,01,A01
200900020464,0,02,000,01,0,0,14,A01
200900020465,0,07,000,00,2,3,16,B01
200900020465,0,31,000,00,2,1,01,A01
200900020466,0,33,000,00,2,3,01,B01
200900020466,0,32,000,00,2,1,15,A01
200900020467,0,10,000,00,2,8,15,B01
200900020467,0,32,000,00,2,1,05,A01
200900020468,0,30,000,00,0,0,21,A01
200900020469,0,01,000,00,2,1,05,A01
200900020469,0,33,000,00,2,1,01,B01
200900020470,0,30,000,00,1,1,01,A01
200900020471,0,32,000,00,2,1,03,A01
200900020471,1,07,000,00,2,1,01,X01
200900020471,1,07,000,00,2,7,14,Z01
200900020472,0,01,000,00,1,0,01,A01
200900020473,0,07,000,00,2,2,12,A01
200900020473,0,31,000,00,2,3,03,B01
200900020474,0,32,000,00,0,8,21,A01
200900020475,0,07,000,00,2,3,22,A01
200900020475,0,33,000,00,2,1,01,B01
200900020476,0,32,000,00,2,1,01,B01
200900020476,0,07,000,00,2,7,16,A01
200900020477,0,34,000,00,1,2,01,A01
200900020478,0,32,000,00,2,2,01,B01
200900020478,0,07,000,00,2,3,10,A01
200900020479,0,34,000,00,2,1,17,A01
200900020479,0,07,000,00,2,6,15,B01
200900020480,0,34,000,00,1,3,01,A01
200900020481,0,02,000,01,0,1,14,A01
200900020482,0,01,000,00,0,0,14,A01
200900020483,0,07,000,00,2,3,15,B01
200900020483,0,32,000,00,2,8,01,A01
200900020484,0,07,000,00,2,6,23,B01
200900020484,0,30,000,00,2,1,02,A01
200900020485,0,32,000,00,2,7,23,B01
200900020485,0,10,000,00,2,0,14,A01
200900020486,0,31,000,00,2,3,07,A01
200900020486,0,07,000,00,2,3,16,B01
200900020487,0,33,000,00,2,8,01,B01
200900020487,0,07,000,00,2,2,12,A01
200900020488,1,30,000,00,1,0,01,Z01
200900020489,0,32,000,00,2,5,02,A01
200900020489,0,32,000,00,2,3,02,B01
200900020490,0,07,000,00,2,3,15,B01
200900020490,0,02,000,00,2,1,17,A01
200900020491,0,07,000,00,2,6,23,B01
200900020491,0,07,000,00,2,2,02,A01
200900020492,0,07,000,00,2,1,02,A01
200900020492,0,32,000,00,2,4,23,B01
200900020493,0,32,000,00,2,1,02,A01
200900020493,0,07,000,00,2,4,02,B01
200900020494,0,07,000,00,2,3,15,B01
200900020494,0,33,000,00,2,2,05,A01
200900020495,0,37,001,00,1,2,15,A01
200900020496,0,07,000,00,2,5,02,B01
200900020496,0,33,000,00,2,0,02,A01
200900020497,0,31,000,00,2,3,01,B01
200900020497,0,14,000,00,2,2,15,A01
200900020498,0,14,000,00,2,3,16,A01
200900020498,0,31,000,00,2,2,01,B01
200900020499,0,07,000,04,0,1,21,A01
200900020500,0,32,000,00,2,8,03,B01
200900020500,0,10,000,00,2,2,22,A01
200900020500,0,07,000,00,2,8,23,C01
200900020501,0,07,000,00,1,0,01,A01
200900020502,0,33,000,00,1,1,01,A01
200900020503,0,32,000,00,0,7,01,A01
200900020504,0,07,000,00,2,1,02,A01
200900020504,0,07,000,00,2,4,23,C01
200900020504,0,10,000,00,2,4,23,B01
200900020505,0,32,000,00,2,2,02,A01
200900020505,0,07,000,00,2,6,02,B01
200900020506,0,07,000,00,1,4,04,A01
200900020507,0,31,000,00,2,3,01,A01
200900020507,0,07,000,00,2,1,15,B01
200900020508,0,32,000,00,2,0,01,B01
200900020508,0,13,000,00,2,2,15,A01
200900020509,0,32,000,00,2,3,01,B01
200900020509,0,07,000,00,2,1,15,A01
200900020510,0,07,000,00,2,5,15,A01
200900020510,0,32,000,00,2,1,01,B01
200900020511,0,33,000,00,2,3,01,B01
200900020511,0,07,000,00,2,5,16,A01
200900020512,0,33,000,04,2,1,03,A01
200900020512,1,07,000,00,2,5,12,Z01
200900020513,0,07,000,00,1,7,01,A01
200900020514,0,32,000,00,2,4,02,B01
200900020514,0,07,000,00,2,4,04,A01
200900020515,0,32,000,00,2,1,17,B01
200900020515,0,01,000,00,2,3,15,A01
200900020516,0,07,000,00,2,8,01,B01
200900020516,0,33,000,00,2,7,01,A01
200900020517,0,32,000,00,2,7,01,A01
200900020517,0,07,000,00,2,6,09,B01
200900020518,0,31,000,00,0,0,01,A01
200900020519,0,32,000,00,2,1,01,B01
200900020519,0,07,000,00,2,2,01,A01
200900020520,0,30,000,00,2,1,18,A01
200900020520,0,07,000,00,2,7,16,B01
200900020521,0,01,000,00,2,3,09,B01
200900020521,0,32,000,00,2,1,01,A01
200900020522,0,07,000,00,2,2,09,A01
200900020522,0,32,000,00,2,7,01,B01
200900020523,0,02,000,00,2,2,05,A01
200900020523,0,07,000,00,2,3,15,B01
200900020524,0,02,000,12,2,1,18,B01
200900020524,0,07,000,00,2,1,15,A01
200900020525,0,07,000,00,1,3,01,A01
200900020526,0,07,000,00,2,5,15,A01
200900020526,0,31,000,00,2,1,01,B01
200900020527,0,07,000,00,2,2,16,B01
200900020527,0,02,000,00,2,1,18,A01
200900020528,0,10,000,11,0,3,15,A01
200900020529,0,30,000,00,2,8,17,A01
200900020529,0,07,000,00,2,3,01,B01
200900020530,0,10,000,06,2,4,02,A01
200900020530,0,32,000,00,2,1,02,B01
200900020531,0,07,000,00,2,4,11,B01
200900020531,0,33,000,00,2,1,03,A01
200900020532,0,02,000,00,2,7,01,B01
200900020532,0,07,000,00,2,3,10,A01
200900020533,0,31,000,00,1,1,01,A01
200900020534,0,02,000,00,0,0,01,A01
200900020535,0,33,000,00,2,1,03,A01
200900020535,1,07,000,00,2,6,11,Z01
200900020536,0,07,000,00,2,0,02,C01
200900020536,0,07,000,00,2,1,02,A01
200900020536,0,07,000,00,2,4,02,B01
200900020537,0,07,000,00,1,1,16,A01
200900020538,0,33,000,00,2,8,01,B01
200900020538,0,07,000,00,2,2,01,A01
200900020539,0,07,000,00,2,2,09,A01
200900020539,0,32,000,00,2,5,17,B01
200900020540,0,07,000,00,2,2,02,C01
200900020540,0,02,000,00,2,3,02,A01
200900020540,0,10,000,00,2,5,02,B01
200900020541,0,30,000,00,1,2,01,A01
200900020542,0,30,000,01,2,8,21,A01
200900020542,0,07,000,15,2,1,01,B01
200900020543,0,01,000,00,2,1,01,B01
200900020543,0,07,000,00,2,8,22,A01
200900020544,0,07,000,00,2,1,01,B01
200900020544,0,07,000,00,2,1,01,A01
200900020544,0,10,000,00,2,3,01,C01
200900020545,0,07,000,07,2,9,14,A01
200900020545,0,07,000,00,2,3,01,B01
200900020546,0,01,000,00,2,4,23,A01
200900020546,0,32,000,00,2,1,02,B01
200900020547,0,33,000,00,2,2,17,A01
200900020547,0,07,000,00,2,3,01,B01
200900020548,1,33,000,00,1,2,01,Z01
200900020549,0,34,000,00,2,1,13,A01
200900020549,0,07,000,00,2,7,16,B01
200900020550,0,32,000,00,1,2,17,A01
200900020551,0,01,000,12,0,0,14,A01
200900020552,0,07,000,00,2,3,10,A01
200900020552,0,30,000,00,2,1,01,B01
200900020553,0,07,000,00,1,1,01,A01
200900020554,0,02,000,01,0,6,14,A01
200900020555,0,30,000,00,2,2,02,A01
200900020555,0,07,000,00,2,4,02,B01
200900020556,0,02,000,00,2,7,23,B01
200900020556,0,07,000,00,2,3,15,A01
200900020557,0,02,000,01,0,1,14,A01
200900020558,0,07,000,00,2,8,10,A01
200900020558,0,33,000,00,2,2,01,B01
200900020559,0,07,000,00,2,8,09,A01
200900020559,0,01,000,00,2,7,01,B01
200900020560,0,07,000,00,2,3,09,A01
200900020560,0,32,000,00,2,6,17,B01
200900020561,0,07,000,00,2,4,02,B01
200900020561,0,07,000,00,2,2,02,A01
200900020562,0,31,000,00,0,0,01,A01
200900020563,0,07,000,00,2,7,01,B01
200900020563,0,32,000,01,2,3,18,A01
200900020564,0,07,000,00,2,5,15,A01
200900020564,0,31,000,00,2,1,01,B01
200900020565,0,30,000,12,0,1,14,A01
200900020566,0,07,000,00,2,3,15,B01
200900020566,0,01,000,00,2,1,01,A01
200900020567,0,33,000,04,0,7,01,A01
200900020568,0,30,000,14,0,1,15,A01
200900020569,0,32,000,00,0,0,01,A01
200900020570,0,10,000,00,1,3,01,A01
200900020571,0,07,000,00,2,1,02,A01
200900020571,0,07,000,00,2,4,02,B01
200900020572,0,35,000,14,0,0,14,A01
200900020573,0,07,000,00,1,4,04,A01
200900020574,0,01,000,00,2,1,01,A01
200900020574,0,38,000,00,2,2,01,B01
200900020575,0,07,000,04,0,2,16,A01
200900020576,1,07,000,00,2,0,02,Z01
200900020576,0,02,000,00,2,4,02,A01
200900020577,0,07,000,00,2,5,01,B01
200900020577,0,30,000,00,2,2,01,A01
200900020578,0,03,000,12,0,2,14,A01
200900020579,0,10,000,00,2,8,10,A01
200900020579,0,02,000,00,2,1,01,B01
200900020580,0,14,000,00,1,3,15,A01
200900020581,0,30,000,00,2,8,18,B01
200900020581,0,07,000,00,2,7,16,A01
200900020582,0,02,000,00,2,2,01,B01
200900020582,0,07,000,00,2,3,15,A01
200900020583,0,10,000,00,2,1,01,A01
200900020583,0,02,000,00,2,2,15,B01
200900020584,0,07,000,00,2,5,02,B01
200900020584,0,07,000,00,2,4,02,C01
200900020584,0,10,000,00,2,2,02,A01
200900020585,0,33,000,14,0,8,14,A01
200900020586,0,34,000,00,1,1,18,A01
200900020587,0,34,000,00,0,8,01,A01
200900020588,0,07,000,00,2,2,01,B01
200900020588,0,02,000,00,2,1,10,A01
200900020589,0,32,000,12,2,3,21,A01
200900020590,0,07,000,00,2,1,01,B01
200900020590,0,13,000,00,2,7,01,A01
200900020591,0,02,000,00,1,2,17,A01
200900020592,0,33,000,00,2,7,02,B01
200900020592,0,07,000,00,2,5,02,C01
200900020592,0,07,000,00,2,3,13,A01
200900020593,0,02,000,00,1,1,17,A01
200900020594,0,32,000,00,0,1,01,A01
200900020595,0,30,000,00,1,0,01,A01
200900020596,0,30,000,00,2,1,02,A01
200900020596,0,07,000,00,2,5,23,B01
200900020597,0,10,000,00,2,3,16,A01
200900020597,0,34,000,00,2,2,01,B01
200900020598,0,07,000,00,2,5,01,B01
200900020598,0,33,000,00,2,1,03,A01
200900020599,1,33,000,00,1,0,01,Z01
200900020600,0,02,000,00,2,5,01,B01
200900020600,0,07,000,00,2,2,16,A01
200900020601,0,07,000,00,2,4,23,B01
200900020601,0,30,000,00,2,2,02,A01
200900020602,0,07,000,15,0,1,21,A01
200900020603,0,07,000,14,0,2,14,A01
200900020604,0,07,000,11,9,3,13,A01
200900020605,0,33,000,00,0,0,14,A01
200900020606,0,01,000,00,0,1,01,A01
200900020607,0,31,000,00,2,1,02,A01
200900020607,0,07,000,00,2,4,02,B01
200900020608,0,32,000,00,0,8,15,A01
200900020609,0,07,000,00,2,6,13,A01
200900020609,0,33,000,00,2,2,03,B01
200900020610,0,07,000,00,2,2,01,A01
200900020610,0,34,000,00,2,8,01,B01
200900020611,0,07,000,00,1,2,01,A01
200900020612,0,30,000,01,0,1,14,A01
200900020613,0,01,000,00,2,1,19,B01
200900020613,0,07,000,00,2,3,16,A01
200900020614,0,31,000,00,2,2,17,A01
200900020614,0,07,000,00,2,8,15,B01
200900020615,0,07,000,00,2,1,02,A01
200900020615,0,07,000,00,2,4,02,B01
200900020615,0,07,000,00,2,4,02,C01
200900020616,0,30,000,00,1,0,01,A01
200900020617,0,07,000,00,2,4,23,C01
200900020617,0,07,000,00,2,1,11,A01
200900020617,0,07,000,00,2,9,23,B01
200900020618,0,33,000,00,2,2,01,A01
200900020618,1,07,000,00,2,3,13,Z01
200900020619,0,07,000,00,2,2,02,A01
200900020619,0,32,000,00,2,8,23,B01
200900020620,0,07,000,00,2,1,01,B01
200900020620,0,33,000,00,2,7,17,A01
200900020621,0,07,000,00,1,3,15,A01
200900020622,0,07,000,00,2,1,02,A01
200900020622,0,02,000,00,2,4,23,B01
200900020623,0,07,000,00,2,3,09,A01
200900020623,0,02,000,00,2,2,01,B01
200900020624,1,30,000,00,1,1,05,Z01
200900020625,0,10,000,00,1,7,16,A01
200900020626,0,07,000,01,0,1,13,A01
200900020627,0,07,000,00,2,8,01,B01
200900020627,0,14,000,00,2,2,12,A01
200900020628,0,33,000,04,2,2,01,B01
200900020628,0,07,000,00,2,6,11,A01
200900020629,0,07,000,00,2,6,02,C01
200900020629,0,33,000,00,2,7,02,B01
200900020629,0,33,000,00,2,8,11,A01
200900020630,0,07,000,00,2,8,22,A01
200900020630,0,01,000,00,2,1,01,B01
200900020631,0,10,000,00,1,1,17,A01
200900020632,0,07,000,00,2,8,10,A01
200900020632,0,31,000,00,2,1,01,B01
200900020633,0,10,000,00,2,5,02,B01
200900020633,0,10,000,00,2,4,02,C01
200900020633,0,17,000,00,2,1,02,A01
200900020634,0,10,000,00,2,4,02,B01
200900020634,0,07,000,00,2,4,02,C01
200900020634,0,07,000,00,2,1,02,A01
200900020634,0,07,000,00,2,4,02,D01
200900020635,0,33,000,00,2,8,11,C01
200900020635,0,07,000,04,2,4,14,A01
200900020635,0,33,000,00,2,7,11,B01
200900020635,0,10,000,00,2,5,23,D01
200900020636,0,13,000,00,2,7,16,B01
200900020636,0,32,000,00,2,1,07,A01
200900020637,1,07,000,00,1,0,01,Z01
200900020638,0,31,000,00,2,1,01,B01
200900020638,0,07,000,00,2,2,01,A01
200900020639,0,33,000,00,2,7,15,A01
200900020639,0,13,000,00,2,2,01,B01
200900020640,0,07,000,00,1,4,04,A01
200900020641,0,30,000,00,1,1,01,A01
200900020642,0,33,000,00,2,2,01,B01
200900020642,0,07,000,00,2,6,11,A01
200900020643,0,07,000,00,2,4,02,B01
200900020643,0,07,000,00,2,1,02,A01
200900020644,0,14,000,00,1,2,01,A01
200900020645,0,30,000,00,0,0,01,A01
200900020646,0,02,000,00,1,1,01,A01
200900020647,0,07,000,00,1,1,15,A01
200900020648,0,07,000,00,2,1,02,A01
200900020648,0,07,000,00,2,4,23,B01
200900020649,0,07,000,00,2,6,01,A01
200900020649,0,02,000,00,2,1,01,B01
200900020650,0,30,000,00,2,3,01,A01
200900020650,0,07,000,00,2,2,01,B01
200900020651,0,37,010,00,1,5,07,A01
200900020652,0,07,000,00,2,6,13,A01