Num_Acc,senc,catv,occutc,obs,obsm,choc,manv,num_veh
200900020652,0,31,000,00,2,7,03,B01
200900020653,0,32,000,00,0,0,01,A01
200900020654,0,10,000,00,2,7,16,B01
200900020654,0,02,000,00,2,3,18,A01
200900020655,0,07,000,00,2,0,12,A01
200900020655,0,30,000,00,2,0,02,C01
200900020655,0,32,000,00,2,0,02,B01
200900020656,0,33,000,00,2,0,01,B01
200900020656,0,07,000,00,2,0,01,A01
200900020657,0,32,000,00,0,0,21,A01
200900020658,0,07,000,00,2,5,17,A01
200900020658,0,33,000,00,2,3,01,B01
200900020659,0,07,000,00,1,6,04,A01
200900020660,0,37,000,00,1,7,07,A01
200900020661,0,33,000,00,0,7,01,A01
200900020662,0,07,000,00,2,4,02,B01
200900020662,0,30,000,00,2,1,02,A01
200900020663,0,10,000,00,2,5,16,A01
200900020663,0,32,000,00,2,3,01,B01
200900020664,0,07,000,00,2,0,14,A01
200900020664,0,34,000,00,2,3,01,B01
200900020665,0,33,000,00,0,0,21,A01
200900020666,0,33,000,01,2,2,17,A01
200900020666,0,07,000,00,2,3,01,B01
200900020667,0,07,000,00,2,3,01,B01
200900020667,0,07,000,00,2,1,15,A01
200900020668,1,07,000,00,1,0,01,Z01
200900020669,1,07,000,00,2,7,01,Z01
200900020669,0,07,000,01,2,8,16,A01
200900020670,0,33,000,00,2,2,01,B01
200900020670,0,07,000,00,2,3,22,A01
200900020671,0,30,000,00,1,1,01,A01
200900020672,0,30,000,00,2,3,01,B01
200900020672,0,07,000,00,2,1,15,A01
200900020673,0,33,000,00,2,1,01,A01
200900020673,0,07,000,00,2,2,10,B01
200900020674,0,32,000,00,1,1,18,A01
200900020675,0,32,000,00,2,1,01,A01
200900020675,0,07,000,00,2,5,01,B01
200900020676,0,07,000,00,2,1,02,B01
200900020676,0,33,000,00,2,1,02,C01
200900020676,0,07,000,00,2,4,02,A01
200900020677,0,32,000,00,2,7,01,A01
200900020677,0,07,000,00,2,3,15,B01
200900020678,0,33,000,00,2,7,01,A01
200900020678,0,07,000,00,2,3,15,B01
200900020679,0,30,000,00,2,1,01,B01
200900020679,0,07,000,00,2,3,15,A01
200900020680,0,07,000,00,2,2,16,A01
200900020680,0,07,000,00,2,7,16,B01
200900020681,0,07,000,06,0,1,14,A01
200900020682,0,07,000,00,2,1,01,A01
200900020682,0,01,000,00,2,4,01,B01
200900020683,0,07,000,00,2,2,16,B01
200900020683,0,30,000,00,2,0,18,A01
200900020684,0,30,000,15,0,1,00,A01
200900020685,0,02,000,00,2,1,01,A01
200900020685,0,07,000,00,9,5,01,B01
200900020686,0,01,000,00,2,1,01,A01
200900020686,1,07,000,00,0,4,02,Z01
200900020687,0,07,000,00,0,2,01,A01
200900020688,0,07,000,01,0,2,01,A01
200900020688,0,07,000,00,2,3,22,B01
200900020689,0,07,000,00,0,2,01,A01
200900020690,0,07,000,00,1,2,01,A01
200900020691,0,33,000,00,2,3,01,A01
200900020692,0,07,000,00,2,1,01,A01
200900020692,0,07,000,00,0,4,23,D01
200900020692,0,33,000,00,2,1,03,C01
200900020692,0,07,000,00,0,4,22,B01
200900020693,0,07,000,00,0,7,15,A01
200900020693,0,32,000,00,0,2,01,B01
200900020694,0,07,000,00,2,3,15,A01
200900020694,0,33,000,00,2,2,17,B01
200900020695,0,31,000,00,2,1,01,A01
200900020695,0,07,000,00,0,4,01,B01
200900020696,0,07,000,00,1,3,01,A01
200900020697,0,07,000,00,0,4,01,B01
200900020697,0,33,000,00,2,1,01,A01
200900020698,0,07,000,00,2,7,12,A01
200900020698,0,17,000,00,0,4,01,C01
200900020698,0,07,000,00,2,8,01,B01
200900020699,0,07,000,00,2,6,20,B01
200900020699,0,02,000,00,2,2,01,A01
200900020700,0,33,000,00,2,5,17,A01
200900020700,0,32,000,00,2,3,01,B01
200900020701,0,07,000,00,1,1,07,A01
200900020702,0,10,000,00,2,3,15,A01
200900020702,0,33,000,00,2,8,01,B01
200900020703,0,07,000,00,0,6,01,C01
200900020703,0,07,000,00,0,0,12,A01
200900020703,0,33,000,00,2,2,03,B01
200900020704,0,07,000,00,1,6,20,A01
200900020705,0,02,000,08,0,1,15,A01
200900020706,0,32,000,00,2,1,01,A01
200900020706,0,07,000,00,0,1,15,B01
200900020707,0,31,000,00,2,8,01,A01
200900020707,0,07,000,00,2,1,01,B01
200900020708,0,07,000,00,2,5,01,A01
200900020708,0,32,000,00,2,1,15,B01
200900020709,0,07,000,00,2,4,02,B01
200900020709,0,30,000,00,2,1,02,A01
200900020710,0,07,000,00,2,2,15,B01
200900020710,0,30,000,00,2,2,01,A01
200900020711,0,07,000,00,2,8,13,A01
200900020711,0,33,000,01,2,1,01,B01
200900020712,0,07,000,00,2,8,15,A01
200900020712,0,32,000,00,2,7,17,B01
200900020713,0,30,000,00,2,3,01,B01
200900020713,0,07,000,00,2,3,15,A01
200900020714,0,34,000,00,2,8,01,B01
200900020714,0,34,000,00,2,1,01,A01
200900020715,0,32,000,00,0,7,01,A01
200900020716,0,10,000,00,1,2,01,A01
200900020717,0,30,000,00,1,0,01,A01
200900020718,0,13,000,01,0,2,21,A01
200900020719,0,34,000,00,2,1,03,B01
200900020719,0,07,000,00,2,0,23,C01
200900020719,0,07,000,00,2,7,22,A01
200900020720,0,02,000,00,2,1,02,A01
200900020720,0,10,000,00,2,5,02,B01
200900020721,0,07,000,00,1,1,01,A01
200900020722,0,02,000,00,2,1,07,A01
200900020722,0,07,000,00,2,7,16,B01
200900020723,0,30,000,00,1,1,17,A01
200900020724,0,10,000,00,2,2,12,B01
200900020724,0,32,000,00,2,3,01,A01
200900020725,0,37,015,00,1,2,16,A01
200900020726,0,07,000,00,2,2,17,A01
200900020726,0,01,000,00,2,0,01,B01
200900020727,0,10,000,00,2,3,09,B01
200900020727,0,33,000,00,2,2,01,A01
200900020728,0,32,000,01,2,1,01,B01
200900020728,0,07,000,00,2,2,09,A01
200900020729,0,10,000,00,2,4,02,B01
200900020729,0,07,000,00,2,1,02,A01
200900020730,1,07,000,00,2,6,10,Z01
200900020730,0,02,000,00,2,1,01,A01
200900020731,0,32,000,00,1,1,01,A01
200900020732,0,30,000,00,2,8,01,B01
200900020732,0,07,000,00,2,3,15,A01
200900020733,0,33,000,00,2,7,03,A01
200900020733,0,07,000,00,2,2,12,B01
200900020733,0,07,000,00,2,8,01,C01
200900020734,0,33,000,00,2,1,01,A01
200900020734,0,07,000,00,2,3,09,B01
200900020735,0,30,000,00,1,1,16,A01
200900020736,0,01,000,00,1,1,01,A01
200900020737,0,01,000,00,2,1,18,B01
200900020737,0,07,000,00,0,2,22,A01
200900020738,0,15,000,00,0,0,01,C01
200900020738,0,33,000,00,2,4,03,A01
200900020738,0,07,000,01,0,4,01,B01
200900020739,0,10,000,01,2,6,15,A01
200900020739,0,30,000,00,2,3,17,B01
200900020740,0,32,000,00,0,3,01,B01
200900020740,0,33,000,00,2,1,15,A01
200900020741,0,32,000,00,1,2,01,A01
200900020742,0,10,000,00,0,6,01,A01
200900020742,0,31,000,00,2,1,01,B01
200900020743,0,07,000,00,2,1,01,A01
200900020743,0,07,000,00,2,4,23,C01
200900020743,0,07,000,00,2,4,23,B01
200900020744,0,33,000,11,0,8,21,A01
200900020745,0,07,000,00,2,7,15,A01
200900020745,0,33,000,00,2,1,01,B01
200900020746,0,07,000,00,2,1,01,A01
200900020746,0,07,000,00,2,4,01,B01
200900020747,0,07,000,00,0,6,01,B01
200900020747,0,32,000,00,2,1,01,A01
200900020748,0,07,000,00,9,7,15,A01
200900020748,0,01,000,00,2,1,01,B01
200900020749,0,07,000,00,2,7,14,A01
200900020749,0,33,000,00,2,8,01,B01
200900020750,0,30,000,00,0,8,18,B01
200900020750,0,07,000,00,0,7,22,A01
200900020751,1,07,000,00,0,0,00,Z01
200900020751,0,07,000,00,2,8,01,A01
200900020751,0,07,000,00,2,4,23,B01
200900020752,0,33,000,00,2,1,01,A01
200900020752,0,07,000,00,2,4,23,B01
200900020753,0,31,000,00,0,7,03,B01
200900020753,0,10,000,00,2,3,13,A01
200900020753,0,31,000,00,2,2,01,D01
200900020753,0,07,000,00,0,7,01,C01
200900020754,0,01,000,00,1,1,01,A01
200900020755,0,30,000,00,2,2,18,A01
200900020755,0,01,000,00,2,7,16,B01
200900020756,0,07,000,00,0,5,12,B01
200900020756,0,33,000,00,2,1,03,A01
200900020757,0,32,000,00,1,8,00,A01
200900020758,0,02,000,00,2,2,17,B01
200900020758,0,07,000,00,2,3,10,A01
200900020759,1,17,000,00,2,1,01,Z01
200900020759,0,07,000,04,0,4,01,A01
200900020760,0,07,000,00,0,3,13,B01
200900020760,0,33,000,00,2,2,17,A01
200900020761,0,30,000,00,0,7,00,A01
200900020761,1,07,000,00,0,1,01,Z01
200900020762,0,07,000,14,0,1,01,A01
200900020763,0,07,000,00,0,0,18,B01
200900020763,0,02,000,00,0,0,07,A01
200900020764,0,33,000,16,2,2,17,A01
200900020764,0,07,000,00,0,3,15,B01
200900020765,0,33,000,00,2,3,03,A01
200900020765,0,07,000,00,0,6,01,C01
200900020765,0,10,000,00,0,7,12,B01
200900020766,0,07,000,00,2,5,23,B01
200900020766,0,31,000,00,2,1,01,A01
200900020767,0,07,000,00,1,2,01,A01
200900020768,0,07,000,04,2,2,01,A01
200900020768,0,07,000,00,0,6,01,B01
200900020769,0,07,000,00,0,4,02,B01
200900020769,0,33,000,00,2,1,02,A01
200900020770,0,32,000,00,2,1,12,A01
200900020770,0,07,000,00,0,6,23,B01
200900020771,0,07,000,00,2,2,01,A01
200900020771,0,30,000,00,2,3,16,B01
200900020772,0,01,000,00,1,0,21,A01
200900020773,0,33,000,15,0,8,01,A01
200900020774,0,07,000,00,2,1,15,B01
200900020774,0,32,000,00,2,7,01,A01
200900020775,0,07,000,00,9,3,22,A01
200900020775,0,01,000,01,0,1,01,B01
200900020776,0,32,000,00,2,7,17,B01
200900020776,0,07,000,00,2,3,15,A01
200900020777,0,07,000,00,0,4,23,C01
200900020777,0,07,000,00,2,2,01,A01
200900020777,0,07,000,00,2,9,23,B01
200900020778,0,31,000,00,2,3,03,B01
200900020778,0,10,000,00,2,2,12,A01
200900020779,0,33,000,00,0,8,01,B01
200900020779,0,07,000,00,2,1,01,A01
200900020780,0,33,000,00,0,8,01,A01
200900020781,0,07,000,00,0,4,01,B01
200900020781,0,07,000,00,2,1,01,A01
200900020782,0,30,000,00,0,1,01,C01
200900020782,0,34,000,01,0,1,01,B01
200900020782,0,07,000,00,0,0,22,A01
200900020783,0,07,000,00,2,8,01,D01
200900020783,0,10,000,00,2,9,01,A01
200900020783,0,33,000,00,2,1,01,B01
200900020783,0,07,000,00,0,4,01,C01
200900020784,0,10,000,00,0,3,10,B01
200900020784,0,34,000,00,2,1,17,A01
200900020785,0,14,000,00,2,5,01,B01
200900020785,0,33,000,00,2,8,18,A01
200900020786,0,01,000,00,1,8,21,A01
200900020787,0,34,000,00,2,2,01,A01
200900020787,0,07,000,00,2,4,12,B01
200900020788,0,07,000,00,2,5,23,B01
200900020788,0,30,000,00,2,1,01,A01
200900020789,0,30,000,12,0,1,16,A01
200900020790,0,07,000,00,2,3,09,A01
200900020790,0,02,000,00,2,1,01,B01
200900020791,0,07,000,14,0,1,16,A01
200900020792,0,07,000,00,1,2,16,A01
200900020793,0,33,000,00,1,1,01,A01
200900020794,0,07,000,00,2,2,01,A01
200900020794,0,33,000,00,2,2,01,B01
200900020795,0,33,000,00,2,1,01,B01
200900020795,0,07,000,00,2,3,15,A01
200900020796,0,33,000,00,1,1,01,A01
200900020797,0,10,000,00,1,5,04,A01
200900020798,0,07,000,00,2,7,17,B01
200900020798,0,30,000,00,2,8,13,A01
200900020799,0,31,000,00,2,3,18,A01
200900020799,0,07,000,00,2,2,16,B01
200900020800,0,07,000,00,2,8,15,A01
200900020800,0,02,000,00,2,3,01,B01
200900020801,0,07,000,00,1,2,01,A01
200900020802,0,07,000,00,2,5,02,B01
200900020802,0,31,000,00,2,1,02,A01
200900020803,1,02,000,00,1,8,01,Z01
200900020804,0,02,000,00,2,2,01,B01
200900020804,0,07,000,00,2,5,23,C01
200900020804,0,13,000,00,2,3,22,A01
200900020805,0,01,000,00,0,0,21,A01
200900020806,0,07,000,00,2,8,01,B01
200900020806,0,07,000,00,2,1,01,A01
200900020807,0,33,000,00,2,1,03,E01
200900020807,0,07,000,00,2,4,02,B01
200900020807,0,33,000,00,2,8,03,C01
200900020807,0,07,000,00,2,6,12,A01
200900020807,0,07,000,00,2,3,02,D01
200900020808,0,32,000,00,1,1,01,A01
200900020809,0,07,000,00,2,3,09,A01
200900020809,0,30,000,00,2,1,01,B01
200900020810,0,07,000,00,1,4,04,A01
200900020811,0,07,000,00,2,5,22,B01
200900020811,0,30,000,00,2,3,18,A01
200900020812,0,07,000,00,1,2,16,A01
200900020813,0,07,000,00,2,2,15,A01
200900020813,0,30,000,00,2,1,01,B01
200900020814,0,32,000,00,2,4,02,B01
200900020814,0,30,000,00,2,1,02,A01
200900020815,0,07,000,00,2,5,02,B01
200900020815,0,07,000,00,2,3,02,A01
200900020816,0,07,000,00,2,3,15,B01
200900020816,0,30,000,00,2,6,01,A01
200900020817,0,10,000,00,2,2,16,A01
200900020817,0,01,000,00,2,1,07,B01
200900020818,0,07,000,06,0,2,13,A01
200900020819,0,02,000,14,0,1,01,A01
200900020820,0,37,005,00,1,2,07,A01
200900020821,0,07,000,00,1,8,01,A01
200900020822,0,33,000,00,1,1,01,A01
200900020823,0,33,000,00,2,8,18,B01
200900020823,0,07,000,00,2,1,15,A01
200900020824,0,07,000,00,2,6,23,B01
200900020824,0,32,000,00,2,7,14,A01
200900020825,0,10,000,00,2,6,23,B01
200900020825,0,02,000,00,2,6,02,A01
200900020826,0,33,000,00,2,7,14,A01
200900020826,0,07,000,00,2,6,01,B01
200900020827,0,01,000,00,2,3,07,A01
200900020827,1,13,000,00,2,3,17,Z01
200900020828,0,31,000,00,2,1,02,A01
200900020828,0,07,000,00,2,4,02,B01
200900020829,0,03,000,00,1,1,16,A01
200900020830,0,07,000,00,2,3,15,B01
200900020830,0,33,000,00,2,1,17,A01
200900020831,0,33,000,00,2,1,07,A01
200900020831,0,07,000,00,2,7,15,B01
200900020832,0,07,000,14,0,1,13,A01
200900020833,0,10,000,00,2,2,04,A01
200900020833,0,01,000,00,2,1,01,B01
200900020834,0,34,000,00,1,0,01,A01
200900020835,0,07,000,00,2,1,15,A01
200900020835,0,33,000,00,2,1,01,B01
200900020836,0,07,000,00,2,3,01,A01
200900020836,0,33,000,00,2,7,15,B01
200900020837,0,33,000,00,0,7,01,A01
200900020838,0,30,000,00,2,7,17,A01
200900020838,0,07,000,00,2,3,01,B01
200900020839,0,32,000,00,2,0,05,B01
200900020839,0,07,000,00,2,0,10,A01
200900020840,0,07,000,00,2,5,16,B01
200900020840,0,01,000,00,2,1,01,A01
200900020841,0,01,000,00,2,8,05,A01
200900020841,0,07,000,00,2,1,01,B01
200900020842,0,07,000,00,2,1,02,A01
200900020842,0,07,000,00,2,4,23,B01
200900020842,0,32,000,00,2,4,23,C01
200900020843,0,01,000,00,1,1,07,A01
200900020844,0,10,000,00,2,2,15,A01
200900020844,0,33,000,00,2,1,01,B01
200900020845,0,31,000,00,0,0,01,A01
200900020846,0,01,000,00,1,1,01,A01
200900020847,0,07,000,00,1,1,01,A01
200900020848,0,30,000,00,0,7,01,A01
200900020849,0,07,000,00,2,1,02,A01
200900020849,0,07,000,00,2,4,02,B01
200900020850,0,01,000,00,2,1,18,A01
200900020850,0,07,000,00,2,2,16,C01
200900020850,0,01,000,00,2,1,18,B01
200900020851,0,07,000,00,2,8,01,C01
200900020851,0,30,000,00,2,7,01,B01
200900020851,0,07,000,00,2,8,11,A01
200900020852,0,33,000,00,2,8,01,A01
200900020852,0,17,000,00,2,7,14,B01
200900020853,0,07,000,00,2,8,10,A01
200900020853,0,02,000,00,2,3,01,B01
200900020854,0,10,000,00,2,3,09,A01
200900020854,0,02,000,00,2,1,01,B01
200900020855,0,07,000,00,2,2,15,A01
200900020855,0,31,000,00,2,1,01,B01
200900020856,0,32,000,00,1,3,01,A01
200900020857,0,02,000,00,2,1,17,B01
200900020857,0,07,000,00,2,3,13,A01
200900020858,0,10,000,00,2,1,15,B01
200900020858,0,33,000,00,2,7,01,A01
200900020859,0,33,000,00,2,1,16,B01
200900020859,0,07,000,00,2,3,01,A01
200900020860,0,07,000,00,1,8,01,A01
200900020861,0,07,000,00,2,2,02,A01
200900020861,0,07,000,00,2,6,23,B01
200900020862,0,30,000,00,2,4,02,B01
200900020862,0,30,000,00,2,1,02,A01
200900020863,1,07,000,00,1,3,01,Z01
200900020864,0,07,000,00,1,1,16,A01
200900020865,0,10,000,00,2,2,12,A01
200900020865,0,33,000,00,2,8,01,B01
200900020866,0,07,000,01,2,3,16,A01
200900020866,0,01,000,00,2,8,01,B01
200900020867,0,37,016,00,2,8,01,B01
200900020867,0,07,000,00,2,4,23,A01
200900020868,0,30,000,00,2,2,17,A01
200900020868,0,37,025,00,2,3,01,B01
200900020869,0,07,000,01,1,2,20,A01
200900020870,1,07,000,00,2,0,15,Z01
200900020870,0,01,000,00,2,0,01,A01
200900020871,0,30,000,00,2,1,01,B01
200900020871,0,07,000,00,2,2,01,A01
200900020872,0,02,000,00,2,4,02,B01
200900020872,0,07,000,00,2,1,02,A01
200900020873,0,07,000,00,2,6,02,B01
200900020873,0,33,000,00,2,1,02,A01
200900020874,0,07,000,00,2,8,15,A01
200900020874,0,40,000,00,2,2,01,B01
200900020875,0,34,000,00,0,2,01,A01
200900020876,0,07,000,00,2,4,02,B01
200900020876,0,32,000,00,2,1,02,A01
200900020877,0,07,000,00,2,1,02,A01
200900020877,0,33,000,00,2,4,23,B01
200900020878,0,33,000,00,2,5,03,A01
200900020878,0,07,000,00,2,3,12,B01
200900020879,0,07,000,00,2,2,12,A01
200900020879,0,33,000,00,2,8,01,B01
200900020880,0,07,000,00,2,1,01,A01
200900020880,0,07,000,00,2,8,01,B01
200900020881,0,31,000,00,2,1,01,B01
200900020881,0,07,000,00,2,5,15,A01
200900020882,0,02,000,00,2,0,09,A01
200900020882,0,07,000,00,2,2,01,B01
200900020883,0,07,000,00,2,1,02,A01
200900020883,0,07,000,00,2,4,02,B01
200900020884,0,30,000,00,2,1,02,A01
200900020884,0,07,000,00,2,6,02,B01
200900020885,0,07,000,00,2,3,01,B01
200900020885,0,30,000,00,2,1,01,A01
200900020886,0,07,000,00,2,3,01,C01
200900020886,0,07,000,00,2,8,01,B01
200900020886,0,02,000,00,2,2,17,A01
200900020887,1,07,000,00,2,0,02,Z01
200900020887,0,02,000,00,2,4,02,A01
200900020888,0,07,000,00,1,2,01,A01
200900020889,0,07,000,15,0,9,14,A01
200900020890,1,07,000,00,2,1,01,Z01
200900020890,0,07,000,12,2,3,01,A01
200900020891,0,07,000,00,2,3,01,B01
200900020891,0,07,000,00,2,1,01,A01
200900020892,0,33,000,00,1,1,01,A01
200900020893,0,01,000,00,2,2,12,B01
200900020893,0,01,000,00,2,1,01,A01
200900020894,0,07,000,00,1,1,01,A01
200900020895,1,07,000,00,2,0,16,Z01
200900020895,0,33,000,00,2,8,01,A01
200900020896,1,01,000,00,1,0,01,Z01
200900020897,0,02,000,01,0,1,13,A01
200900020898,0,38,021,00,1,7,01,A01
200900020899,0,30,000,00,2,2,02,A01
200900020899,0,10,000,00,2,4,02,B01
200900020900,0,10,000,00,1,7,01,A01
200900020901,0,10,000,00,2,4,23,B01
200900020901,0,07,000,00,2,1,02,A01
200900020902,0,30,000,12,0,1,14,A01
200900020903,0,01,000,00,2,4,02,B01
200900020903,0,07,000,00,2,3,02,A01
200900020904,0,37,001,00,1,2,01,A01
200900020905,0,01,000,00,2,4,12,A01
200900020905,0,07,000,00,2,4,02,B01
200900020906,0,02,000,00,2,1,01,A01
200900020906,1,07,000,00,2,4,01,Z01
200900020907,0,07,000,00,2,1,01,B01
200900020907,0,30,000,00,2,7,01,A01
200900020908,0,01,000,00,0,0,01,A01
200900020909,0,07,000,00,9,2,09,A01
200900020909,0,30,000,00,2,8,01,B01
200900020910,0,31,000,00,2,8,01,B01
200900020910,0,07,000,00,2,3,01,A01
200900020911,0,32,000,00,0,6,01,A01
200900020911,1,07,000,00,2,1,00,Z01
200900020912,0,10,000,00,2,8,01,B01
200900020912,0,10,000,00,2,1,01,A01
200900020913,0,07,000,00,0,1,15,A01
200900020913,0,32,000,00,4,3,01,B01
200900020914,0,07,000,00,9,3,15,B01
200900020914,0,30,000,00,0,0,17,A01
200900020915,0,07,000,00,0,1,01,A01
200900020916,0,32,000,00,9,0,01,A01
200900020917,0,01,000,00,0,6,23,B01
200900020917,0,02,000,00,0,2,01,A01
200900020918,0,07,000,00,2,5,11,A01
200900020918,0,31,000,00,2,2,01,B01
200900020919,0,30,000,00,2,1,01,A01
200900020919,0,07,000,00,2,8,15,B01
200900020920,0,07,000,00,2,2,01,A01
200900020920,0,33,000,00,2,8,01,B01
200900020921,0,07,000,00,1,1,07,A01
200900020922,0,07,000,00,0,2,16,A01
200900020922,0,01,000,00,2,1,01,B01
200900020923,0,31,000,12,0,8,01,A01
200900020924,0,07,000,00,1,0,01,A01
200900020925,0,30,000,01,1,1,01,A01
200900020926,1,07,000,00,0,0,01,Z01
200900020927,0,32,000,00,0,8,15,A01
200900020928,0,32,000,00,1,1,02,A01
200900020929,0,07,000,00,1,2,01,A01
200900020930,0,30,000,00,2,1,01,A01
200900020930,0,07,000,00,2,5,01,B01
200900020931,0,32,000,00,0,0,01,A01
200900020932,0,30,000,00,1,1,01,A01
200900020933,0,01,000,00,2,0,14,A01
200900020933,1,07,000,00,2,0,07,Z01
200900020934,0,07,000,00,2,5,16,B01
200900020934,0,30,000,00,2,3,18,A01
200900020935,0,07,000,00,2,3,11,A01
200900020935,0,33,000,00,0,5,03,B01
200900020936,0,10,000,00,1,6,04,A01
200900020937,0,32,000,00,0,0,01,A01
200900020938,0,07,000,00,2,2,14,A01
200900020938,0,32,000,00,2,4,23,B01
200900020939,0,07,000,00,2,3,01,A01
200900020939,0,01,000,00,2,8,15,B01
200900020940,0,07,000,00,2,6,23,B01
200900020940,0,30,000,01,0,1,01,A01
200900020941,0,07,000,09,0,1,01,B01
200900020941,0,07,000,00,2,2,01,A01
200900020942,0,02,000,00,9,8,07,A01
200900020943,0,33,000,00,2,5,09,A01
200900020943,0,32,000,00,2,3,01,B01
200900020944,0,07,000,00,2,3,09,A01
200900020944,0,33,000,00,2,1,17,B01
200900020945,0,10,000,00,2,2,01,B01
200900020945,0,02,000,00,2,1,05,A01
200900020946,0,02,000,00,2,7,11,A01
200900020946,0,32,000,00,2,7,03,B01
200900020947,0,07,000,00,2,2,01,A01
200900020947,0,07,000,00,2,6,11,B01
200900020948,0,32,000,00,0,0,21,A01
200900020949,0,30,000,00,0,0,01,B01
200900020949,0,07,000,00,0,0,01,A01
200900020950,0,07,000,00,1,2,01,A01
200900020951,0,30,000,00,0,8,01,A01
200900020952,0,01,000,01,0,3,18,B01
200900020952,0,13,000,00,0,2,22,A01
200900020953,0,07,000,00,1,2,01,A01
200900020954,0,32,000,00,2,8,11,A01
200900020954,0,07,000,00,2,7,01,B01
200900020955,0,33,000,00,1,3,01,A01
200900020956,0,13,000,00,1,0,04,A01
200900020957,0,33,000,00,2,9,03,E01
200900020957,0,33,000,00,2,2,03,D01
200900020957,0,10,000,00,2,6,01,A01
200900020957,0,07,000,00,2,9,01,B01
200900020957,0,33,000,00,2,2,03,C01
200900020957,0,33,000,00,0,8,01,F01
200900020957,0,07,000,00,2,2,01,G01
200900020958,0,07,000,00,2,2,15,A01
200900020958,0,33,000,00,2,3,01,B01
200900020959,0,10,000,00,2,8,09,A01
200900020959,0,30,000,00,2,1,01,B01
200900020960,0,01,000,00,2,1,01,C01
200900020960,0,07,000,01,0,3,15,A01
200900020960,0,03,000,00,2,6,15,B01
200900020961,0,10,000,00,1,2,01,A01
200900020962,0,07,000,00,2,6,22,A01
200900020962,0,31,000,00,2,1,17,B01
200900020963,0,07,000,00,2,2,15,A01
200900020963,0,31,000,00,2,6,01,B01
200900020964,0,01,000,00,9,7,00,A01
200900020964,0,01,000,00,9,1,11,B01
200900020965,0,02,000,00,2,1,17,B01
200900020965,0,07,000,00,0,8,10,A01
200900020966,0,30,000,00,1,1,01,A01
200900020967,0,33,000,00,2,0,01,A01
200900020967,1,07,000,00,0,0,10,Z01
200900020968,0,32,000,00,2,2,01,A01
200900020968,0,07,000,00,2,5,01,B01
200900020969,0,32,000,00,0,1,21,A01
200900020970,0,07,000,00,2,3,09,B01
200900020970,0,31,000,00,2,5,01,A01
200900020971,0,07,000,00,0,3,15,A01
200900020971,0,32,000,00,0,7,01,B01
200900020972,0,01,000,15,9,0,01,A01
200900020972,0,01,000,15,9,0,14,B01
200900020973,0,32,000,00,2,1,01,A01
200900020973,0,07,000,00,2,6,01,C01
200900020973,0,33,000,00,2,4,01,B01
200900020974,0,07,000,00,2,1,01,B01
200900020974,0,07,000,00,2,8,01,A01
200900020975,0,07,000,00,2,2,01,A01
200900020975,0,32,000,00,2,1,13,B01
200900020976,0,07,000,00,2,2,01,B01
200900020976,0,10,000,00,2,5,01,A01
200900020977,0,07,000,00,0,1,15,B01
200900020977,0,30,000,00,2,1,01,A01
200900020978,0,33,000,00,1,1,01,A01
200900020979,0,07,000,00,2,2,15,A01
200900020979,0,32,000,00,2,1,01,B01
200900020980,0,01,000,00,0,0,07,A01
200900020981,0,31,000,00,0,0,21,A01
200900020982,0,33,000,00,1,1,17,A01
200900020983,0,14,000,00,2,8,15,B01
200900020983,0,32,000,00,2,7,17,A01
200900020984,0,30,000,00,0,7,01,A01
200900020985,0,07,000,00,1,7,15,A01
200900020986,0,01,000,00,2,8,01,B01
200900020986,0,10,000,00,2,2,16,A01
200900020987,0,07,000,00,0,2,16,A01
200900020988,0,07,000,00,1,3,15,A01
200900020989,0,30,000,00,1,1,17,A01
200900020990,0,07,000,00,2,5,16,B01
200900020990,0,37,015,00,2,3,07,A01
200900020991,0,32,000,00,2,8,03,A01
200900020991,0,07,000,00,2,7,12,B01
200900020992,0,10,000,00,1,2,01,A01
200900020993,0,02,000,00,0,0,01,A01
200900020994,0,01,000,00,1,1,01,A01
200900020995,0,07,000,00,0,2,07,A01
200900020995,0,01,000,00,2,8,07,B01
200900020996,0,07,000,00,2,8,11,A01
200900020996,0,33,000,04,2,7,01,B01
200900020997,0,30,000,01,0,3,18,B01
200900020997,0,07,000,00,2,7,22,A01
200900020998,0,07,000,00,9,8,01,B01
200900020998,0,01,000,00,2,1,01,A01
200900020999,0,07,000,00,2,7,01,A01
200900020999,0,31,000,00,2,8,16,B01
200900021000,0,02,000,00,2,1,02,B01
200900021000,0,10,000,00,2,3,15,A01
200900021001,0,32,000,00,2,8,01,B01
200900021001,0,07,000,00,2,3,15,A01
200900021002,0,07,000,09,0,2,02,A01
200900021003,0,07,000,00,2,4,23,B01
200900021003,0,07,000,00,0,4,23,C01
200900021003,0,10,000,00,2,1,12,A01
200900021004,0,33,000,00,2,8,03,A01
200900021004,0,07,000,00,4,7,01,B01
200900021004,0,07,000,00,2,6,01,C01
200900021005,0,07,000,00,2,1,23,A01
200900021005,0,30,000,00,2,1,01,B01
200900021006,0,31,000,00,0,7,03,B01
200900021006,0,07,000,00,0,7,12,A01
200900021007,0,07,000,00,1,1,15,A01
200900021008,0,07,000,00,1,1,01,A01
200900021009,0,15,000,00,2,1,01,A01
200900021009,0,01,000,00,2,8,09,B01
200900021010,0,07,000,13,0,1,01,A01
200900021011,0,07,000,00,1,1,01,A01
200900021012,0,07,000,06,0,1,01,A01