Num_Acc,senc,catv,occutc,obs,obsm,choc,manv,num_veh
200900021013,0,07,000,01,1,3,01,A01
200900021014,0,10,000,02,0,8,01,A01
200900021015,0,07,000,00,0,6,16,B01
200900021015,0,13,000,00,2,3,23,C01
200900021015,1,07,000,00,2,2,02,A01
200900021016,0,31,000,00,2,1,01,B01
200900021016,0,07,000,00,2,3,09,A01
200900021017,0,33,000,03,0,1,01,A01
200900021018,0,07,000,00,2,2,01,A01
200900021018,0,01,000,00,2,2,11,B02
200900021019,0,15,000,00,2,4,15,B02
200900021019,0,02,000,00,2,1,01,A01
200900021020,0,02,000,12,0,1,01,A01
200900021021,0,33,000,00,2,2,17,A01
200900021021,0,07,000,00,2,8,15,B02
200900021022,0,31,000,13,0,3,01,A01
200900021023,0,07,000,00,2,1,13,A01
200900021023,0,15,000,00,2,3,01,B01
200900021024,0,07,000,00,1,0,15,A01
200900021025,0,33,000,00,2,1,01,B02
200900021025,0,07,000,00,2,7,15,A01
200900021026,0,07,000,00,2,1,01,A01
200900021026,0,30,000,00,2,8,19,B01
200900021027,0,07,000,00,2,7,19,A01
200900021027,0,07,000,00,2,1,19,B01
200900021027,0,07,000,00,2,1,23,C01
200900021028,0,07,000,00,2,3,01,B02
200900021028,0,07,000,00,2,3,01,A01
200900021029,0,07,000,13,0,1,14,A01
200900021030,0,07,000,00,0,1,01,A01
200900021031,0,07,000,15,0,1,05,A01
200900021032,0,33,000,15,0,1,13,A01
200900021033,0,10,000,00,2,3,01,B01
200900021033,0,10,000,00,2,3,15,A01
200900021034,0,07,000,00,2,3,17,A01
200900021034,0,21,000,00,2,8,01,C03
200900021034,0,07,000,00,2,3,01,B02
200900021035,0,07,000,00,2,3,01,B02
200900021035,0,07,000,00,2,3,13,A01
200900021036,0,07,000,00,2,1,13,A01
200900021036,0,07,000,00,2,3,01,B01
200900021036,0,07,000,00,2,1,02,C01
200900021037,0,30,000,00,2,1,02,B01
200900021037,0,07,000,00,2,1,15,A01
200900021038,0,07,000,06,0,1,24,A01
200900021039,0,07,000,00,2,1,05,A01
200900021039,0,07,000,00,2,1,01,B02
200900021040,0,30,000,00,2,1,01,B01
200900021040,1,07,000,00,2,3,15,A01
200900021041,0,02,000,03,0,8,01,A01
200900021042,0,15,000,00,2,8,09,B01
200900021042,0,07,000,00,2,1,09,A01
200900021043,0,10,000,13,0,1,01,A01
200900021044,0,07,000,08,0,2,01,A01
200900021045,0,07,000,00,2,1,00,A01
200900021045,0,07,000,00,2,1,01,B01
200900021046,0,10,000,00,0,0,23,C01
200900021046,0,02,000,01,2,1,01,B01
200900021046,0,10,000,00,2,2,10,A01
200900021047,0,07,000,00,0,2,00,A01
200900021048,0,02,000,00,1,1,17,A01
200900021049,0,17,000,00,0,4,23,C03
200900021049,0,17,000,00,2,1,02,A01
200900021049,0,17,000,00,2,4,23,B02
200900021050,0,07,000,00,2,7,15,A01
200900021050,0,02,000,00,2,1,01,B02
200900021051,0,33,000,00,0,1,01,A01
200900021052,0,07,000,00,1,1,00,A01
200900021053,0,07,000,13,0,7,14,A01
200900021054,0,10,000,00,1,4,02,B02
200900021054,0,10,000,00,2,1,02,A01
200900021055,0,07,000,00,1,3,13,A01
200900021056,0,07,000,06,0,1,01,A01
200900021057,0,03,000,00,2,8,15,B01
200900021057,0,02,000,00,2,0,17,A01
200900021058,0,07,000,00,0,0,01,C01
200900021058,0,07,000,00,2,8,15,B01
200900021058,0,07,000,00,2,1,05,A01
200900021059,0,07,000,00,2,3,01,B02
200900021059,0,07,000,05,2,3,13,A01
200900021060,0,07,000,00,2,1,01,B01
200900021060,0,07,000,00,2,7,15,A01
200900021061,0,07,000,00,2,4,00,A01
200900021061,0,02,000,00,2,1,00,B01
200900021062,0,07,000,00,0,1,01,A01
200900021063,0,02,000,00,2,1,05,A01
200900021063,0,07,000,00,2,1,01,B01
200900021064,0,33,000,02,0,6,01,A01
200900021065,0,10,000,02,0,2,01,A01
200900021066,0,07,000,00,1,3,01,A01
200900021067,0,07,000,13,0,1,01,A01
200900021068,0,10,000,00,2,7,16,A01
200900021068,0,30,000,00,2,1,01,B01
200900021069,0,07,000,00,2,7,15,A01
200900021069,0,32,000,00,2,1,01,B01
200900021070,0,07,000,02,0,8,01,A01
200900021071,0,07,000,00,2,7,19,A01
200900021071,0,16,000,00,2,1,01,B02
200900021072,0,33,000,00,2,1,01,B02
200900021072,0,07,000,00,2,7,19,A01
200900021073,0,01,000,00,2,1,01,B02
200900021073,0,07,000,00,9,4,13,A01
200900021074,0,07,000,08,0,9,17,A01
200900021075,0,07,000,02,0,8,14,A01
200900021076,0,07,000,00,2,7,01,A01
200900021076,0,01,000,00,2,8,01,B02
200900021077,0,07,000,00,2,2,01,B02
200900021077,0,02,000,00,2,1,17,A01
200900021078,0,07,000,13,0,2,01,A01
200900021079,0,07,000,00,1,1,16,A01
200900021080,0,33,000,00,2,1,17,A01
200900021080,0,07,000,00,2,3,15,B01
200900021081,0,07,000,00,2,1,01,A01
200900021081,0,07,000,00,0,4,01,B01
200900021082,0,07,000,00,0,4,01,B01
200900021082,0,07,000,00,2,1,02,A01
200900021083,0,30,000,00,2,1,02,A01
200900021083,0,07,000,00,2,4,23,B01
200900021084,0,07,000,00,2,3,01,A01
200900021084,0,01,000,00,2,1,01,B01
200900021085,0,33,000,01,1,1,01,A01
200900021086,0,07,000,00,4,8,15,B01
200900021086,0,40,012,00,2,1,01,A01
200900021087,0,33,000,03,0,2,14,A01
200900021088,0,30,000,01,0,1,17,A01
200900021089,0,33,000,00,2,1,01,B01
200900021089,0,07,000,00,2,3,19,A01
200900021090,0,07,000,00,2,1,16,D01
200900021090,0,07,000,00,2,1,01,C01
200900021090,2,07,000,00,2,1,01,A01
200900021090,2,07,000,00,2,1,06,B01
200900021091,0,10,000,00,2,1,02,A01
200900021091,0,07,000,00,0,4,23,B01
200900021092,0,07,000,00,1,1,01,A01
200900021093,0,02,000,00,2,1,19,A01
200900021093,0,07,000,00,2,1,01,B01
200900021094,0,07,000,00,1,1,01,A01
200900021095,0,02,000,00,2,1,00,A01
200900021095,0,07,000,00,2,7,15,B01
200900021096,0,07,000,00,1,1,01,A01
200900021097,0,07,000,00,1,3,15,A01
200900021098,0,15,000,00,2,3,01,B01
200900021098,0,07,000,00,2,9,01,D01
200900021098,0,07,000,00,2,1,01,C01
200900021098,0,07,000,00,2,1,09,A01
200900021099,0,07,000,00,6,9,21,A01
200900021100,0,07,000,00,2,6,09,B01
200900021100,0,02,000,00,2,1,01,A01
200900021101,0,07,000,00,2,3,13,A01
200900021101,0,07,000,00,2,3,01,B02
200900021102,0,07,000,00,2,3,15,A01
200900021102,0,02,000,00,2,1,01,B02
200900021103,0,10,000,00,1,2,01,A01
200900021104,0,07,000,00,1,2,01,A01
200900021105,0,07,000,00,1,3,01,A01
200900021106,0,33,000,00,2,8,01,A01
200900021106,0,16,000,00,2,3,01,B02
200900021107,0,33,000,14,0,1,01,A01
200900021108,0,33,000,06,0,2,01,A01
200900021109,0,07,000,00,2,8,12,C03
200900021109,0,07,000,00,2,1,02,A01
200900021109,0,07,000,00,2,4,15,B02
200900021110,0,07,000,00,2,1,01,B02
200900021110,0,07,000,00,2,1,13,A01
200900021111,0,02,000,00,2,1,01,B02
200900021111,0,07,000,00,2,3,01,A01
200900021112,0,07,000,00,1,3,01,A01
200900021113,0,07,000,00,2,7,20,B02
200900021113,0,02,000,00,2,8,18,A01
200900021114,0,07,000,00,2,1,01,A01
200900021114,0,07,000,06,0,4,15,B02
200900021115,0,07,000,00,2,3,13,A01
200900021115,0,07,000,00,9,1,02,C03
200900021115,0,17,000,00,2,3,01,B02
200900021116,0,07,000,13,0,9,01,A01
200900021117,0,07,000,06,0,8,01,A01
200900021118,0,07,000,00,2,2,01,B02
200900021118,0,02,000,00,2,3,01,A01
200900021119,0,10,000,00,0,0,01,C03
200900021119,0,10,000,00,2,1,17,A01
200900021119,0,10,000,00,2,1,01,B02
200900021120,0,07,000,01,0,1,00,A01
200900021120,0,07,000,00,2,8,23,B01
200900021121,0,07,000,02,0,1,01,A01
200900021122,0,33,000,00,2,1,02,A01
200900021122,0,07,000,00,0,6,02,B02
200900021123,0,02,000,00,2,2,17,A01
200900021123,0,10,000,00,2,3,02,B01
200900021124,0,01,000,01,0,1,02,A01
200900021124,0,33,000,00,0,4,23,B01
200900021125,0,33,000,00,2,7,01,B01
200900021125,0,03,000,00,2,2,15,A01
200900021126,0,07,000,08,0,1,14,A01
200900021127,0,10,000,00,2,3,01,B02
200900021127,0,30,000,00,2,3,13,A01
200900021128,0,14,000,13,2,3,01,B02
200900021128,0,07,000,00,2,3,13,A01
200900021129,0,01,000,00,0,7,19,B01
200900021129,1,07,000,00,2,1,15,A01
200900021130,0,07,000,00,0,4,02,B01
200900021130,0,07,000,00,0,1,02,A01
200900021131,0,33,000,00,2,1,01,B01
200900021131,0,07,000,00,2,3,20,A01
200900021132,0,07,000,00,2,6,15,B02
200900021132,0,30,000,00,2,1,01,A01
200900021133,0,40,010,00,1,1,00,A01
200900021134,0,33,000,00,2,7,17,B01
200900021134,0,07,000,02,2,8,15,A01
200900021135,0,07,000,00,2,3,20,A01
200900021135,0,33,000,00,2,7,01,B01
200900021136,0,01,000,00,2,1,01,C01
200900021136,0,07,000,00,2,3,02,A01
200900021136,0,01,000,00,2,1,01,B01
200900021137,0,07,000,00,2,1,16,B01
200900021137,0,07,000,00,2,2,01,A01
200900021138,0,07,000,00,1,0,01,A01
200900021139,0,10,000,00,2,5,23,B01
200900021139,0,33,000,00,2,1,02,A01
200900021140,0,07,000,02,0,1,01,A01
200900021140,0,07,000,00,9,1,01,B01
200900021141,0,33,000,08,0,1,01,A01
200900021142,0,07,000,00,1,3,01,A01
200900021143,0,07,000,00,2,1,01,B01
200900021143,0,07,000,08,2,7,01,A01
200900021144,0,01,000,00,1,1,01,A01
200900021145,0,01,000,00,2,1,05,B01
200900021145,0,01,000,00,2,1,05,A01
200900021145,0,07,000,00,2,1,01,C01
200900021146,0,10,000,00,2,8,00,B01
200900021146,0,07,000,00,2,1,23,C01
200900021146,0,02,000,14,2,7,00,A01
200900021147,0,07,000,00,2,1,15,A01
200900021147,0,30,000,00,2,8,01,B01
200900021148,0,01,000,00,2,1,01,B01
200900021148,0,07,000,00,2,7,16,A01
200900021149,0,07,000,00,4,1,01,B01
200900021149,0,40,000,00,2,8,01,A01
200900021150,0,07,000,00,2,8,15,B01
200900021150,0,31,000,00,2,1,01,A01
200900021151,0,07,000,00,2,7,17,A01
200900021151,0,10,000,00,2,3,01,B01
200900021152,0,07,000,00,1,3,01,A01
200900021153,0,07,000,00,1,0,01,A01
200900021154,0,40,000,00,1,0,01,A01
200900021155,0,01,000,00,2,0,19,A01
200900021155,0,07,000,00,2,1,01,B01
200900021156,0,07,000,00,1,3,15,A01
200900021157,0,07,000,00,2,1,00,A01
200900021157,0,07,000,00,2,3,15,B01
200900021158,0,07,000,00,2,3,01,A01
200900021158,0,02,000,00,2,1,01,B01
200900021159,0,01,000,00,4,1,16,B01
200900021159,0,40,000,00,1,1,01,A01
200900021160,0,07,000,01,2,9,01,A01
200900021160,0,07,000,00,2,7,15,B01
200900021161,0,07,000,00,2,1,01,A01
200900021161,0,01,000,00,2,1,01,B01
200900021162,0,10,000,00,1,0,01,A01
200900021163,0,07,000,00,2,3,22,A01
200900021163,0,01,000,01,0,3,01,B01
200900021164,1,07,000,00,2,0,16,A01
200900021164,0,01,000,00,2,8,01,B01
200900021165,0,07,000,00,2,1,16,A01
200900021165,0,01,000,00,2,7,01,B01
200900021166,0,07,000,00,1,2,01,A01
200900021167,0,07,000,00,2,6,15,A01
200900021167,0,02,000,00,2,1,17,B01
200900021168,0,07,000,00,2,2,15,A01
200900021168,0,02,000,00,2,8,01,B01
200900021169,0,07,000,00,2,6,01,A01
200900021169,0,07,000,00,2,1,01,B01
200900021170,0,07,000,00,2,1,15,A01
200900021170,0,07,000,00,2,8,01,B01
200900021171,0,40,000,00,1,2,01,A01
200900021172,2,07,000,00,2,1,01,A01
200900021172,1,02,000,00,2,1,01,B01
200900021173,0,01,000,00,1,1,01,A01
200900021174,0,07,000,00,2,7,15,A01
200900021174,0,34,000,00,2,1,01,B01
200900021175,0,01,000,00,2,1,19,A01
200900021175,0,01,000,00,2,1,01,B01
200900021176,0,07,000,00,2,7,15,A01
200900021176,0,31,000,00,2,1,01,B02
200900021177,0,01,000,00,2,1,16,B02
200900021177,0,07,000,00,2,7,01,A01
200900021178,0,21,000,00,2,3,15,A01
200900021178,0,07,000,00,2,6,01,B02
200900021179,0,07,000,00,2,1,13,B02
200900021179,0,10,000,00,2,1,01,A01
200900021180,0,07,000,00,1,5,01,A01
200900021181,0,07,000,00,0,9,14,A01
200900021182,0,02,000,05,0,1,01,A01
200900021183,0,07,000,00,2,2,01,B02
200900021183,0,01,000,00,2,1,19,A01
200900021184,0,07,000,00,2,4,01,C03
200900021184,0,07,000,00,2,4,01,B02
200900021184,0,07,000,00,2,1,01,A01
200900021185,0,30,000,00,2,1,01,A01
200900021185,0,07,000,00,2,3,01,B02
200900021186,0,33,000,00,0,0,01,A01
200900021187,0,07,000,00,0,1,05,A01
200900021187,0,07,000,00,2,1,01,B02
200900021188,0,07,000,00,2,6,01,B02
200900021188,0,33,000,00,2,2,01,A01
200900021189,0,07,000,00,2,8,01,B02
200900021189,0,30,000,00,2,1,01,A01
200900021190,0,33,000,13,0,0,01,A01
200900021191,0,30,000,00,2,1,01,A01
200900021191,0,07,000,00,0,6,15,B02
200900021192,0,07,000,00,2,2,15,A01
200900021192,0,33,000,00,2,1,01,B02
200900021193,0,07,000,00,2,3,05,A01
200900021193,0,07,000,00,2,6,21,B02
200900021194,0,01,000,00,2,1,01,B02
200900021194,0,07,000,00,0,8,23,A01
200900021195,0,33,000,00,0,0,01,A01
200900021196,0,33,000,01,0,1,01,A01
200900021197,0,01,000,00,2,7,21,B02
200900021197,0,07,000,00,2,4,04,A01
200900021198,0,33,000,03,0,1,01,A01
200900021199,0,07,000,00,0,4,01,B02
200900021199,0,07,000,00,2,1,01,A01
200900021200,0,07,000,02,0,8,00,A01
200900021201,0,07,000,00,2,1,01,B02
200900021201,0,07,000,00,2,8,01,A01
200900021202,0,17,000,00,0,4,02,A01
200900021202,0,07,000,00,2,1,02,B01
200900021203,0,07,000,00,2,1,01,C01
200900021203,0,07,000,00,2,4,02,A01
200900021203,0,07,000,00,2,4,02,B01
200900021204,0,07,000,00,2,3,15,A01
200900021204,0,01,000,00,2,5,15,B01
200900021205,0,07,000,00,2,7,15,B01
200900021205,0,30,000,00,2,1,01,A01
200900021206,0,33,000,00,2,4,15,A01
200900021206,0,07,000,00,2,8,01,B01
200900021207,0,07,000,00,2,1,01,B01
200900021207,0,30,000,00,2,1,15,A01
200900021208,0,07,000,16,0,1,01,A01
200900021209,1,02,000,00,1,0,00,A01
200900021210,0,30,000,00,2,8,19,A01
200900021210,0,07,000,00,2,1,17,B01
200900021211,0,07,000,00,1,1,01,A01
200900021212,0,07,000,00,1,8,01,A01
200900021213,0,02,000,00,1,0,00,A01
200900021214,0,07,000,00,2,8,15,B01
200900021214,0,30,000,00,2,7,01,A01
200900021215,0,07,000,00,2,1,01,A01
200900021215,0,07,000,00,2,8,15,B01
200900021216,0,01,000,00,2,8,19,B01
200900021216,0,07,000,00,2,1,01,A01
200900021217,0,07,000,00,0,4,02,D01
200900021217,0,07,000,01,0,1,01,A01
200900021217,0,07,000,01,0,1,02,B01
200900021217,0,07,000,01,0,1,02,C01
200900021218,0,33,000,01,0,3,01,A01
200900021219,0,07,000,00,0,0,15,A01
200900021219,0,32,000,00,0,0,01,B01
200900021220,0,07,000,00,2,1,01,A01
200900021220,0,01,000,00,2,4,01,B01
200900021221,0,02,000,00,1,0,01,A01
200900021222,0,01,000,00,2,3,01,A01
200900021222,0,07,000,00,2,2,15,B01
200900021223,0,01,000,00,2,1,01,B01
200900021223,0,07,000,00,2,3,16,A01
200900021224,0,30,000,00,1,1,01,A01
200900021225,0,07,000,00,2,1,15,A01
200900021225,0,01,000,00,2,8,01,B01
200900021226,0,01,000,00,2,1,01,B01
200900021226,0,07,000,00,2,7,22,A01
200900021227,0,07,000,00,1,2,01,A01
200900021228,0,33,000,00,2,8,01,B01
200900021228,0,07,000,00,2,1,01,A01
200900021229,1,30,000,00,1,0,16,A01
200900021230,0,07,000,00,2,7,01,B01
200900021230,0,07,000,00,2,1,01,A01
200900021231,0,07,000,00,2,1,01,A01
200900021231,0,07,000,00,2,3,15,B01
200900021232,0,07,000,00,2,3,15,A01
200900021232,0,15,000,00,2,2,01,B01
200900021233,1,07,000,00,1,0,01,A01
200900021234,0,07,000,02,0,1,00,A01
200900021235,0,34,000,00,2,1,01,B01
200900021235,0,07,000,00,2,8,16,A01
200900021236,0,07,000,00,2,2,19,A01
200900021236,0,33,000,00,2,1,01,B01
200900021237,0,32,000,00,2,4,01,B01
200900021237,0,07,000,00,2,1,01,A01
200900021238,0,07,000,00,2,1,05,C03
200900021238,0,07,000,00,2,1,13,A01
200900021238,0,07,000,00,2,8,05,B02
200900021239,0,07,000,00,1,1,01,A01
200900021240,0,07,000,12,0,2,09,A01
200900021240,0,01,000,00,2,8,11,B01
200900021241,0,30,000,04,0,7,01,A01
200900021242,0,07,000,00,1,3,13,A01
200900021243,0,07,000,00,0,0,01,A01
200900021244,0,07,000,00,1,6,01,A01
200900021245,0,07,000,00,2,6,15,A01
200900021245,0,07,000,00,2,3,01,B01
200900021246,0,07,000,00,2,5,20,A01
200900021246,0,30,000,00,2,3,01,B01
200900021247,0,33,000,00,2,1,01,B01
200900021247,0,10,000,00,2,4,04,A01
200900021248,0,02,000,14,2,2,15,A01
200900021248,0,07,000,00,2,1,01,B01
200900021249,0,07,000,14,0,2,00,A01
200900021250,0,07,000,00,2,0,00,A01
200900021250,0,02,000,00,2,1,01,B01
200900021251,0,07,000,00,1,7,01,A01
200900021252,0,01,000,00,2,1,01,B01
200900021252,0,07,000,00,2,6,01,A01
200900021253,0,07,000,00,2,8,01,B01
200900021253,0,07,000,00,2,8,01,A01
200900021254,0,07,000,00,2,1,15,A01
200900021254,0,07,000,00,2,3,01,B01
200900021255,0,07,000,13,0,3,05,A01
200900021256,0,07,000,00,2,6,01,B01
200900021256,0,07,000,01,0,3,01,A01
200900021257,0,07,000,00,1,1,01,A01
200900021258,0,33,000,00,2,2,01,B01
200900021258,0,07,000,00,2,8,10,A01
200900021259,0,07,000,00,2,4,09,A01
200900021259,0,02,000,00,2,7,01,B01
200900021260,0,07,000,01,0,1,01,A01
200900021261,0,07,000,00,1,3,15,A01
200900021262,0,02,000,00,2,0,01,A01
200900021263,0,07,000,00,2,1,01,B01
200900021263,0,07,000,00,2,1,15,A01
200900021264,0,30,000,00,0,0,00,A01
200900021265,0,07,000,00,1,0,01,A01
200900021266,0,07,000,00,2,4,23,C01
200900021266,0,07,000,00,2,1,02,A01
200900021266,0,07,000,00,2,9,02,B01
200900021267,0,07,000,00,2,1,00,A01
200900021267,0,07,000,00,2,7,00,B01
200900021268,0,07,000,00,2,3,15,A01
200900021268,0,33,000,00,2,5,17,B01
200900021269,0,07,000,00,2,9,01,B01
200900021269,0,07,000,07,2,1,01,A01
200900021270,0,10,000,00,1,0,16,A01
200900021271,0,07,000,00,2,3,01,A01
200900021271,0,07,000,00,2,2,01,B01
200900021272,0,07,000,00,1,1,01,A01
200900021273,0,07,000,00,1,2,02,A01
200900021274,0,07,000,12,0,0,01,A01
200900021275,0,02,000,00,2,1,01,A01
200900021275,0,07,000,00,2,4,01,B01
200900021276,0,01,000,00,1,1,01,A01
200900021277,0,02,000,00,2,1,05,A01
200900021277,0,07,000,00,2,2,01,B01
200900021278,0,02,000,00,2,1,02,B01
200900021278,0,07,000,00,2,3,02,A01
200900021279,0,07,000,00,2,1,13,A01
200900021279,0,07,000,00,2,2,23,B01
200900021279,0,07,000,00,2,1,23,C01
200900021280,0,01,000,00,2,5,01,B01
200900021280,0,07,000,00,2,8,22,A01
200900021281,0,31,000,03,0,7,01,A01
200900021282,0,07,000,00,2,4,01,B01
200900021282,0,30,000,00,2,1,01,A01
200900021283,1,07,000,00,1,4,04,A01
200900021284,0,30,000,00,2,1,01,A01
200900021284,0,07,000,00,2,1,02,B01
200900021285,0,07,000,00,2,1,01,B01
200900021285,0,07,000,00,2,3,01,A01
200900021286,0,07,000,00,2,1,01,A01
200900021286,0,07,000,00,2,4,01,B01
200900021287,0,07,000,00,2,9,01,A01
200900021287,0,01,000,00,2,9,15,B01
200900021288,0,10,000,00,2,3,01,B01
200900021288,0,30,000,00,2,1,13,A01
200900021289,0,07,000,01,2,1,01,B01
200900021289,0,07,000,14,2,1,01,A01
200900021290,0,01,000,00,2,1,11,A01
200900021290,0,07,000,00,2,1,01,B01
200900021291,0,07,000,00,2,3,15,A01
200900021291,0,34,000,00,2,3,01,B01
200900021292,0,07,000,06,1,4,04,A01
200900021293,0,30,000,00,2,1,01,A01
200900021293,0,07,000,00,2,6,15,B01
200900021294,0,07,000,00,1,3,01,A01
200900021295,0,33,000,00,0,1,01,A01
200900021296,0,07,000,00,2,2,01,B01
200900021296,0,07,000,00,2,1,09,A01
200900021297,0,07,000,00,1,3,01,A01
200900021298,0,07,000,00,1,2,01,A01
200900021299,0,07,000,00,2,3,00,A01
200900021299,0,30,000,00,2,7,00,B01
200900021300,0,15,000,00,2,1,01,A01
200900021300,0,07,000,00,2,4,01,B01
200900021301,0,33,000,11,0,1,13,A01
200900021302,0,37,005,00,2,3,01,B01
200900021302,0,07,000,00,2,5,06,A01
200900021303,0,07,000,00,2,8,15,B01
200900021303,0,33,000,00,2,1,17,A01
200900021304,0,33,000,11,0,1,01,A01
200900021305,0,33,000,00,2,1,01,B01
200900021305,0,07,000,00,2,5,15,A01
200900021306,0,07,000,00,2,4,01,A01
200900021306,0,33,000,00,2,1,00,B01
200900021307,0,07,000,00,2,8,01,B01
200900021307,0,30,000,00,2,1,01,A01
200900021308,0,07,000,00,2,2,01,B01
200900021308,0,07,000,00,2,3,15,A01
200900021309,0,30,000,00,2,1,01,B01
200900021309,0,07,000,00,2,2,15,A01
200900021310,0,07,000,01,0,1,02,A01
200900021310,0,99,000,00,0,0,00,B01
200900021311,0,33,000,00,2,1,01,B01
200900021311,0,99,000,00,2,6,01,A01
200900021312,0,07,000,00,2,1,13,A01
200900021312,0,07,000,00,2,3,01,B01
200900021313,0,33,000,14,0,1,01,A01
200900021314,0,07,000,01,1,2,01,A01
200900021315,0,31,000,00,2,1,01,B01
200900021315,0,07,000,00,2,1,15,A01
200900021316,0,07,000,00,1,2,01,A01
200900021317,0,07,000,00,2,3,15,A01
200900021317,0,34,000,00,2,7,17,B01
200900021318,0,07,000,00,1,3,02,A01
200900021319,0,07,000,00,1,0,01,A01
200900021320,0,33,000,00,2,1,01,B01
200900021320,0,01,000,00,2,1,01,A01
200900021321,0,07,000,00,2,3,02,A01
200900021321,0,07,000,00,2,1,15,B01
200900021322,0,07,000,00,2,1,17,A01
200900021322,0,07,000,00,2,0,15,B01
200900021323,0,07,000,00,1,0,01,A01
200900021324,0,02,000,00,2,1,09,A01
200900021324,0,07,000,00,2,4,01,B01
200900021325,0,33,000,00,0,9,01,A01
200900021326,0,07,000,00,2,7,10,A01
200900021326,0,02,000,00,2,9,01,B01
200900021327,0,01,000,14,0,1,01,A01
200900021328,0,07,000,00,2,2,15,A01
200900021328,0,02,000,00,2,3,01,B01
200900021329,0,30,000,01,0,1,01,A01
200900021330,0,07,000,00,2,3,15,B01
200900021330,0,30,000,00,2,1,17,A01
200900021331,0,07,000,00,1,1,01,A01
200900021332,0,01,000,00,2,1,05,A01
200900021332,0,07,000,14,2,7,15,B01
200900021333,0,02,000,00,2,1,01,B01
200900021333,0,07,000,00,2,3,15,A01
200900021334,0,02,000,00,1,1,17,A01
200900021335,0,07,000,00,1,1,04,A01
200900021336,0,15,000,00,2,5,01,A01
200900021336,0,01,000,00,2,8,02,B01
200900021337,0,99,000,00,2,2,10,A01
200900021337,0,31,000,00,2,9,01,B01
200900021338,0,31,000,00,2,1,01,A01
200900021338,1,01,000,01,2,0,00,B01
200900021339,0,10,000,00,1,3,01,A01
200900021340,0,30,000,01,0,1,02,A01
200900021341,0,33,000,00,2,1,01,A01
200900021341,0,07,000,00,2,4,01,B01
200900021342,0,07,000,00,2,3,02,B01
200900021342,0,02,000,00,2,2,02,A01
200900021343,0,07,000,00,2,8,01,A01
200900021343,0,01,000,00,2,0,01,B01
200900021344,0,33,000,00,2,1,01,A01
200900021344,0,01,000,00,2,1,09,B01
200900021345,0,33,000,12,0,1,01,A01
200900021346,0,32,000,00,2,1,17,B01
200900021346,0,10,000,00,2,8,15,A01
200900021347,0,07,000,00,2,4,23,C01
200900021347,0,07,000,00,2,1,02,A01
200900021347,0,07,000,00,2,9,23,B01
200900021348,0,07,000,00,2,2,15,A01
200900021348,0,32,000,00,2,9,01,B01
200900021349,0,07,000,00,2,2,01,A01
200900021349,0,02,000,00,2,1,01,B01
200900021350,0,10,000,00,2,1,02,A01
200900021350,0,01,000,00,2,1,05,B01
200900021351,1,07,000,00,0,0,00,A01
200900021352,0,07,000,00,1,2,02,A01
200900021353,0,10,000,00,1,1,01,A01
200900021354,0,07,000,00,2,6,11,B01
200900021354,0,07,000,00,2,1,01,A01
200900021355,0,07,000,13,0,0,00,A01
200900021356,0,33,000,04,0,0,00,A01
200900021357,0,07,000,04,0,0,00,A01
200900021358,0,17,000,00,2,0,00,A01
200900021358,0,07,000,00,2,0,00,B01
200900021359,0,07,000,03,0,0,00,A01
200900021360,0,17,000,00,2,0,00,A01
200900021360,0,07,000,00,2,0,01,B01
200900021361,0,33,000,00,0,0,01,B01
200900021361,0,07,000,00,0,0,11,A01
200900021362,0,07,000,04,0,9,00,A01
200900021363,0,07,000,00,2,4,02,B01
200900021363,0,07,000,00,2,1,02,A01
200900021364,0,07,000,04,0,0,13,A01
200900021365,0,07,000,16,0,0,00,A01
200900021366,0,33,000,00,2,1,02,A01
200900021366,0,07,000,00,2,4,02,B01
200900021367,0,07,000,00,0,0,00,A01
200900021368,0,07,000,03,0,0,00,A01
200900021369,0,07,000,00,2,1,02,A01
200900021369,0,07,000,00,2,4,02,B01
200900021370,0,07,000,04,0,0,00,A01
200900021371,0,33,000,00,2,3,03,A01
200900021371,0,07,000,00,2,7,12,B01
200900021372,0,07,000,00,0,0,00,A01
200900021373,0,07,000,00,2,4,02,B01
200900021373,0,17,000,00,2,4,02,C01
200900021373,0,10,000,00,2,4,02,D01
200900021373,0,10,000,00,2,1,02,A01
200900021374,0,07,000,00,0,0,00,A01
200900021375,0,07,000,04,5,0,14,A01
200900021376,0,07,000,03,0,0,00,A01
200900021377,0,10,000,04,0,0,00,A01
200900021378,0,07,000,00,2,0,01,B01
200900021378,0,07,000,00,2,0,09,A01
200900021379,0,33,000,00,2,1,02,A01
200900021379,0,07,000,00,2,4,02,B01
200900021380,0,07,000,03,2,0,01,B01
200900021380,0,17,000,00,2,1,00,A01
200900021381,0,07,000,13,0,0,00,A01
200900021382,0,07,000,13,0,0,00,A01
200900021383,0,07,000,00,0,0,00,A01
200900021384,0,17,000,00,2,4,02,C01
200900021384,0,17,000,00,2,4,02,B01
200900021384,0,17,000,00,2,1,02,A01
200900021385,0,07,000,13,0,1,19,A01
200900021386,0,02,000,00,2,1,13,A01
200900021386,0,07,000,00,2,5,17,B02
200900021387,0,33,000,02,0,1,13,A01
200900021388,0,33,000,08,0,0,00,A01
200900021389,0,07,000,02,0,1,01,A01