Num_Acc,senc,catv,occutc,obs,obsm,choc,manv,num_veh
200900022144,0,07,000,07,0,3,01,A01
200900022145,0,07,000,00,2,3,01,B02
200900022145,0,30,000,10,2,8,01,C03
200900022145,0,07,000,00,2,3,17,A01
200900022146,0,07,000,00,2,1,01,B02
200900022146,0,07,000,00,2,2,19,A01
200900022147,0,07,000,00,1,1,01,A01
200900022148,0,33,000,00,2,1,17,A01
200900022148,0,10,000,00,2,8,01,B02
200900022149,0,10,000,06,0,1,13,A01
200900022150,0,07,000,16,0,9,01,A01
200900022151,0,07,000,02,0,7,13,A01
200900022152,0,07,000,02,0,8,14,A01
200900022153,0,07,000,16,0,9,14,A01
200900022154,0,07,000,03,0,9,01,A01
200900022155,0,33,000,00,5,1,01,A01
200900022156,0,07,000,02,0,9,01,A01
200900022157,0,01,000,00,0,4,02,B02
200900022157,0,07,000,00,0,2,02,A01
200900022158,0,07,000,00,2,2,15,A01
200900022158,0,33,000,00,2,1,01,B01
200900022159,0,02,000,00,1,1,15,A01
200900022160,0,33,000,01,0,1,18,A01
200900022161,0,02,000,12,0,1,01,A01
200900022162,0,07,000,00,2,2,15,A01
200900022162,0,02,000,00,0,1,01,B01
200900022163,0,33,000,00,0,8,01,B01
200900022163,0,07,000,00,2,5,16,A01
200900022164,0,10,000,00,2,1,01,A01
200900022164,0,07,000,00,0,6,01,B01
200900022165,0,33,000,00,2,1,17,A01
200900022165,0,07,000,00,2,6,15,B02
200900022166,0,07,000,00,2,1,01,B02
200900022166,0,07,000,00,2,1,13,A01
200900022167,0,33,000,00,2,1,01,B01
200900022167,0,07,000,00,0,3,15,A01
200900022168,0,02,000,13,0,1,01,A01
200900022169,0,07,000,00,2,4,23,B02
200900022169,0,10,000,00,2,1,02,A01
200900022169,0,07,000,00,2,4,23,C03
200900022169,0,07,000,00,0,0,23,D04
200900022170,0,03,000,00,0,2,19,A01
200900022170,0,13,000,00,0,1,01,B02
200900022171,0,33,000,00,2,1,01,B01
200900022171,0,07,000,00,2,3,15,A01
200900022172,0,07,000,13,0,9,01,B02
200900022172,0,07,000,04,2,9,01,A01
200900022173,0,31,000,16,0,7,01,A01
200900022174,0,07,000,08,2,3,01,A01
200900022174,0,07,000,00,2,3,13,B02
200900022175,0,10,000,13,0,3,01,A01
200900022176,0,32,000,00,2,1,01,B01
200900022176,0,07,000,00,0,7,15,A01
200900022177,0,07,000,02,0,1,01,A01
200900022178,0,07,000,00,2,7,01,B02
200900022178,0,02,000,00,2,1,19,A01
200900022179,0,33,000,00,2,1,01,B01
200900022179,0,07,000,00,0,6,10,A01
200900022180,0,33,000,16,0,1,01,A01
200900022181,0,30,000,00,0,7,14,A01
200900022182,0,07,000,16,6,9,01,A01
200900022183,0,07,000,00,2,2,01,A01
200900022183,0,01,000,00,2,8,19,B02
200900022184,0,07,000,00,2,3,01,C03
200900022184,0,07,000,00,2,8,01,B02
200900022184,0,33,000,00,2,1,17,A01
200900022185,0,10,000,00,0,1,01,B02
200900022185,0,07,000,00,2,1,01,A01
200900022186,0,33,000,16,0,8,01,A01
200900022187,0,07,000,13,0,1,01,A01
200900022188,0,07,000,00,1,1,15,A01
200900022189,0,30,000,00,2,1,01,B02
200900022189,0,30,000,00,2,1,13,A01
200900022190,0,31,000,00,0,8,01,A01
200900022191,0,02,000,00,0,0,01,A01
200900022192,0,07,000,00,0,4,23,B01
200900022192,0,07,000,00,2,1,01,A01
200900022193,0,07,000,00,0,4,01,B01
200900022193,0,07,000,00,2,1,01,A01
200900022194,0,07,000,00,2,1,15,A01
200900022194,0,07,000,00,0,1,01,B01
200900022195,0,07,000,03,2,3,13,B02
200900022195,0,33,000,03,2,3,01,A01
200900022196,0,07,000,00,0,5,10,A01
200900022196,0,33,000,00,2,1,01,B01
200900022197,0,32,000,00,2,1,05,B02
200900022197,0,07,000,00,0,0,00,A01
200900022198,0,33,000,00,0,4,02,B01
200900022198,0,33,000,00,2,1,02,A01
200900022199,0,02,000,00,2,1,00,A01
200900022199,0,07,000,00,2,4,02,B01
200900022200,0,07,000,00,2,1,02,A01
200900022200,0,07,000,00,2,4,02,B01
200900022201,0,07,000,00,0,7,10,A01
200900022201,0,33,000,00,2,1,01,B02
200900022202,0,02,000,00,2,7,01,B01
200900022202,0,07,000,00,9,3,09,A01
200900022203,0,07,000,00,2,4,02,A01
200900022203,0,02,000,00,2,1,02,B01
200900022204,0,07,000,00,2,7,01,B01
200900022204,0,07,000,00,2,1,02,A01
200900022205,0,07,000,00,2,4,02,B01
200900022205,0,07,000,00,2,1,02,A01
200900022206,0,07,000,00,2,1,02,A01
200900022206,0,07,000,00,2,4,02,B01
200900022207,0,33,000,03,0,1,01,A01
200900022208,0,32,000,12,0,8,00,A01
200900022209,0,02,000,00,2,1,13,A01
200900022209,0,07,000,00,0,3,23,B01
200900022210,0,02,000,00,0,1,01,A01
200900022211,0,30,000,00,2,1,02,B01
200900022211,0,10,000,00,0,3,09,A01
200900022212,0,07,000,00,2,5,16,A01
200900022212,0,37,005,00,2,1,01,B01
200900022213,0,07,000,06,0,3,02,A01
200900022214,0,33,000,00,0,8,01,A01
200900022215,0,30,000,12,0,1,01,A01
200900022216,0,07,000,00,0,1,01,B02
200900022217,1,10,000,00,2,1,05,B02
200900022217,0,07,000,00,2,3,01,A01
200900022218,0,07,000,00,2,1,11,A01
200900022218,0,07,000,00,2,6,17,B01
200900022219,0,07,000,00,2,2,01,B02
200900022219,0,31,000,00,2,1,05,A01
200900022220,0,33,000,00,0,1,01,A01
200900022221,0,02,000,12,0,7,16,A01
200900022222,0,07,000,00,2,2,01,B01
200900022222,0,01,000,00,2,8,01,A01
200900022223,0,07,000,00,2,4,02,C01
200900022223,0,07,000,00,2,1,02,A01
200900022223,0,07,000,00,2,4,02,B01
200900022224,0,07,000,00,1,4,04,A01
200900022225,1,07,000,00,0,1,05,A01
200900022226,0,07,000,00,2,1,02,B01
200900022226,0,07,000,00,2,7,02,A01
200900022227,0,07,000,00,2,1,02,B01
200900022227,0,03,000,00,2,1,02,A01
200900022228,0,07,000,00,0,4,23,C01
200900022228,0,07,000,00,2,1,01,A01
200900022228,0,07,000,00,2,4,23,B01
200900022229,0,07,000,00,1,7,01,A01
200900022230,0,07,000,00,2,1,01,B01
200900022230,0,07,000,00,2,2,15,A01
200900022231,0,07,000,00,2,7,01,A01
200900022231,0,07,000,00,2,1,15,B01
200900022232,0,17,000,00,0,0,01,A01
200900022233,0,07,000,00,2,3,13,A01
200900022233,0,07,000,00,2,3,01,B01
200900022234,0,35,000,08,0,2,00,A01
200900022235,0,07,000,00,2,7,01,A01
200900022235,0,07,000,00,2,1,01,B01
200900022236,0,07,000,00,2,8,15,A01
200900022236,0,30,000,00,2,1,17,B02
200900022237,0,07,000,00,2,4,02,B01
200900022237,0,07,000,00,2,1,02,A01
200900022238,0,01,000,00,2,1,00,B02
200900022238,0,07,000,00,2,7,01,A01
200900022239,0,07,000,08,0,8,13,A01
200900022240,0,07,000,00,2,8,01,B02
200900022240,0,30,000,01,2,2,01,A01
200900022240,0,10,000,00,2,6,23,C03
200900022241,0,07,000,08,1,1,01,A01
200900022242,0,07,000,00,1,3,15,A01
200900022243,0,33,000,11,0,1,01,A01
200900022244,0,07,000,00,2,8,15,A01
200900022244,0,07,000,00,2,3,15,B01
200900022245,0,10,000,00,2,3,15,A01
200900022245,0,07,000,00,2,1,01,B01
200900022246,0,07,000,00,2,8,15,A01
200900022246,0,33,000,00,2,1,15,B01
200900022247,0,33,000,00,9,1,01,A01
200900022247,0,01,000,00,2,6,15,B01
200900022248,0,31,000,00,2,1,01,B01
200900022248,0,07,000,00,2,1,15,A01
200900022249,0,33,000,00,2,1,01,B01
200900022249,0,07,000,00,2,8,15,A01
200900022250,0,33,000,00,2,7,01,A01
200900022250,0,07,000,00,2,2,01,B01
200900022251,0,07,000,00,2,4,23,C01
200900022251,0,07,000,00,2,4,23,B01
200900022251,0,07,000,00,2,1,02,A01
200900022252,0,07,000,02,0,8,21,A01
200900022253,0,01,000,00,2,1,01,B01
200900022253,0,07,000,00,2,3,09,A01
200900022254,0,07,000,00,2,1,02,A01
200900022254,0,07,000,00,2,4,02,B01
200900022255,0,07,000,00,2,1,02,A01
200900022255,0,07,000,00,2,4,02,B01
200900022256,0,02,000,00,2,1,01,A01
200900022256,0,07,000,00,1,3,01,B01
200900022257,0,10,000,00,2,1,01,A01
200900022257,0,02,000,00,2,1,13,B02
200900022258,0,10,000,00,2,1,05,A01
200900022258,0,07,000,00,2,1,05,B01
200900022259,0,07,000,00,2,2,01,B02
200900022259,0,07,000,00,2,3,19,A01
200900022260,0,07,000,00,2,4,23,C01
200900022260,0,07,000,00,2,1,02,A01
200900022260,0,07,000,00,2,4,23,B01
200900022261,0,07,000,00,1,1,02,A01
200900022261,0,07,000,00,1,3,01,B01
200900022262,0,07,000,00,2,3,01,B01
200900022262,0,07,000,00,2,3,01,A01
200900022263,0,01,000,00,0,3,19,B02
200900022263,0,07,000,00,9,2,11,A01
200900022264,0,07,000,00,2,6,13,A01
200900022264,0,33,000,00,2,1,01,B01
200900022265,0,33,000,00,0,1,01,A01
200900022266,0,07,000,00,9,1,01,A01
200900022266,0,01,000,00,2,8,19,B02
200900022267,0,33,000,03,0,0,01,A01
200900022268,0,10,000,00,1,4,04,A01
200900022269,0,07,000,08,0,1,00,A01
200900022270,0,07,000,00,1,1,01,A01
200900022271,0,33,000,00,0,0,14,A01
200900022272,0,33,000,16,0,8,01,A01
200900022273,0,14,000,12,0,9,01,A01
200900022274,0,07,000,00,2,7,13,A01
200900022274,0,07,000,00,2,1,02,B02
200900022275,0,07,000,13,0,1,01,A01
200900022276,0,07,000,02,0,8,01,A01
200900022277,0,07,000,00,2,8,19,A01
200900022277,0,14,000,00,2,3,01,B02
200900022278,0,07,000,16,0,0,00,A01
200900022279,0,07,000,00,2,8,00,B01
200900022279,0,07,000,00,2,3,00,A01
200900022280,0,07,000,00,9,8,15,A01
200900022280,0,33,000,00,2,1,01,B01
200900022281,0,33,000,05,0,8,01,A01
200900022282,0,07,000,00,2,1,01,B02
200900022282,0,07,000,00,2,1,15,A01
200900022283,0,07,000,00,0,1,01,A01
200900022284,0,07,000,00,0,1,05,A01
200900022284,0,07,000,00,0,1,01,B02
200900022285,0,33,000,00,2,3,05,A01
200900022285,0,07,000,00,2,3,01,B02
200900022286,0,01,000,00,2,1,19,A01
200900022286,0,07,000,00,0,7,01,B02
200900022287,0,07,000,00,0,4,02,B02
200900022287,0,33,000,00,2,3,02,A01
200900022288,0,07,000,00,2,3,15,A01
200900022288,0,07,000,00,2,1,01,B01
200900022289,0,02,000,00,2,1,01,A01
200900022289,0,07,000,00,2,4,01,B01
200900022290,0,07,000,08,0,2,14,A01
200900022291,0,07,000,00,1,1,01,A01
200900022292,0,37,001,00,1,1,01,A01
200900022293,0,07,000,00,2,3,15,A01
200900022293,0,07,000,00,2,2,01,B01
200900022294,0,01,000,01,0,1,01,A01
200900022295,0,07,000,00,0,9,00,A01
200900022296,0,07,000,00,2,4,01,A01
200900022296,0,07,000,00,2,1,01,B01
200900022297,0,07,000,00,2,1,15,A01
200900022297,0,01,000,00,2,1,13,B01
200900022298,0,07,000,00,2,4,24,C01
200900022298,0,07,000,01,2,9,01,B01
200900022298,0,07,000,00,2,8,24,E01
200900022298,0,07,000,00,2,4,24,D01
200900022298,0,07,000,00,2,1,19,A01
200900022299,0,07,000,00,9,1,01,A01
200900022300,0,07,000,00,2,5,01,B01
200900022300,0,07,000,00,2,3,09,A01
200900022301,0,07,000,00,2,3,01,B01
200900022301,0,02,000,00,2,2,09,A01
200900022302,0,07,000,13,0,2,01,A01
200900022303,0,33,000,00,2,1,01,A01
200900022303,0,07,000,00,2,3,19,B02
200900022304,0,07,000,13,0,1,13,A01
200900022305,0,07,000,00,2,1,01,B02
200900022305,0,07,000,00,2,8,11,A01
200900022306,0,07,000,00,0,0,19,B02
200900022306,0,10,000,06,0,1,21,A01
200900022307,0,07,000,08,0,7,01,A01
200900022308,0,10,000,00,2,2,15,A01
200900022308,0,30,000,00,2,1,05,B01
200900022309,0,30,000,02,0,7,14,A01
200900022310,0,30,000,00,0,0,00,A01
200900022311,0,30,000,00,0,8,01,A01
200900022312,0,10,000,07,2,7,19,A01
200900022312,0,07,000,00,2,1,01,B02
200900022313,0,30,000,00,2,1,01,A01
200900022313,0,07,000,00,0,4,01,B02
200900022314,0,10,000,13,0,1,13,A01
200900022315,0,07,000,13,0,2,01,A01
200900022316,0,33,000,11,0,1,01,A01
200900022317,0,02,000,06,0,2,01,A01
200900022318,0,07,000,00,2,1,01,A01
200900022318,0,07,000,00,2,7,19,B02
200900022319,0,33,000,07,0,1,01,A01
200900022320,0,07,000,13,0,3,01,A01
200900022321,0,07,000,11,0,2,01,A01
200900022322,0,07,000,13,2,1,21,A01
200900022322,0,30,000,00,0,0,19,B02
200900022323,0,02,000,00,2,8,15,A01
200900022323,0,07,000,00,2,2,17,B02
200900022324,0,07,000,13,0,8,01,A01
200900022325,0,30,000,00,2,1,01,A01
200900022325,0,07,000,00,2,2,15,B02
200900022326,0,30,000,13,0,1,01,A01
200900022327,0,07,000,00,2,7,19,A01
200900022327,0,07,000,00,2,1,01,B02
200900022328,0,07,000,02,0,1,14,A01
200900022329,0,30,000,03,0,1,13,A01
200900022330,0,07,000,00,2,8,15,B02
200900022330,0,07,000,00,2,1,01,A01
200900022331,0,07,000,00,2,3,09,A01
200900022331,0,07,000,00,2,2,01,B02
200900022332,0,07,000,00,2,3,01,B02
200900022332,0,07,000,00,2,6,15,A01
200900022333,0,33,000,12,9,0,01,B02
200900022333,0,07,000,00,0,0,09,A01
200900022334,0,07,000,00,2,1,17,B02
200900022334,0,07,000,13,2,3,17,A01
200900022335,0,07,000,00,2,3,13,A01
200900022335,0,07,000,00,2,3,01,B02
200900022336,0,02,000,00,0,7,01,A01
200900022337,0,01,000,00,2,4,01,B01
200900022337,0,07,000,00,2,1,01,A01
200900022338,0,02,000,12,0,1,01,A01
200900022339,0,07,000,00,2,1,15,A01
200900022339,0,30,000,00,2,1,01,B01
200900022340,0,07,000,00,2,9,01,B01
200900022340,0,07,000,00,2,1,01,A01
200900022341,0,07,000,02,0,1,01,A01
200900022342,0,07,000,01,0,4,02,B01
200900022342,0,07,000,01,0,1,02,A01
200900022342,0,07,000,00,0,4,02,C01
200900022343,0,07,000,00,2,0,01,A01
200900022343,0,02,000,00,2,1,01,B01
200900022344,0,10,000,00,9,0,01,A01
200900022344,0,01,000,00,2,2,00,B01
200900022345,0,31,000,01,0,1,01,A01
200900022346,0,07,000,00,2,2,01,B01
200900022346,0,07,000,00,2,8,13,A01
200900022347,0,07,000,00,1,1,21,A01
200900022348,0,33,000,00,2,1,01,B01
200900022348,0,02,000,00,2,3,19,A01
200900022349,0,02,000,00,0,1,01,A01
200900022350,0,07,000,00,2,1,00,A01
200900022350,0,07,000,00,2,0,00,B01
200900022351,0,07,000,01,0,3,01,A01
200900022351,0,07,000,00,2,3,24,B01
200900022352,0,02,000,16,0,0,01,A01
200900022353,0,07,000,00,2,7,15,A01
200900022353,0,07,000,00,2,1,01,B01
200900022354,0,07,000,00,2,3,11,A01
200900022354,0,07,000,01,2,3,01,B01
200900022355,0,33,000,00,2,1,01,A01
200900022355,0,07,000,00,2,4,01,B01
200900022356,0,07,000,00,1,0,01,A01
200900022357,0,02,000,00,1,8,00,A01
200900022358,0,07,000,00,1,1,01,A01
200900022359,0,07,000,16,0,3,01,A01
200900022360,0,07,000,00,2,1,01,B02
200900022360,0,21,000,00,2,1,01,A01
200900022361,0,07,000,02,0,2,01,A01
200900022362,0,07,000,06,0,1,01,A01
200900022363,0,30,000,00,2,1,01,A01
200900022363,0,07,000,00,2,5,01,B01
200900022364,0,07,000,00,2,1,01,B01
200900022364,0,30,000,00,2,1,17,A01
200900022365,0,07,000,16,0,1,01,A01
200900022366,0,30,000,00,0,2,01,A01
200900022367,0,33,000,00,2,1,01,A01
200900022367,0,07,000,00,2,6,01,B01
200900022367,0,07,000,00,2,3,01,C01
200900022367,0,07,000,00,2,3,01,D01
200900022368,0,02,000,00,2,1,02,A01
200900022368,0,07,000,00,0,4,02,B01
200900022369,0,10,000,00,1,1,01,A01
200900022370,0,07,000,00,1,1,01,A01
200900022371,0,30,000,00,2,1,15,A01
200900022371,0,13,000,00,0,4,02,B01
200900022372,0,02,000,00,0,2,01,A01
200900022373,0,30,000,12,0,1,01,A01
200900022374,0,07,000,02,0,2,01,A01
200900022375,0,01,000,00,0,2,01,A01
200900022376,0,30,000,00,0,8,01,A01
200900022377,0,07,000,00,1,1,01,A01
200900022378,0,07,000,00,1,1,01,A01
200900022379,0,07,000,00,2,1,01,A01
200900022379,0,07,000,00,2,2,01,B01
200900022380,0,02,000,00,2,1,16,B01
200900022380,0,07,000,00,2,3,09,A01
200900022381,0,07,000,00,2,7,01,B01
200900022381,0,02,000,00,2,1,09,A01
200900022382,0,07,000,07,0,1,01,A01
200900022383,0,07,000,00,1,1,01,A01
200900022384,0,07,000,00,1,1,01,A01
200900022385,0,30,000,00,0,0,00,A01
200900022386,0,07,000,00,1,1,15,A01
200900022387,0,07,000,00,2,7,20,B01
200900022387,0,07,000,01,2,1,01,A01
200900022388,0,33,000,00,2,1,01,A01
200900022388,0,07,000,00,2,4,01,B01
200900022389,0,07,000,00,2,1,01,B01
200900022389,0,07,000,00,2,1,01,A01
200900022390,0,07,000,00,2,1,01,A01
200900022390,0,07,000,00,2,4,11,B01
200900022391,0,30,000,00,2,1,01,B01
200900022391,0,07,000,00,2,2,09,A01
200900022392,0,07,000,00,2,0,01,B01
200900022392,0,07,000,00,2,4,01,A01
200900022393,0,07,000,00,2,1,01,B01
200900022393,0,07,000,00,2,4,09,A01
200900022394,0,07,000,04,0,1,01,A01
200900022395,0,33,000,00,0,1,01,A01
200900022396,0,07,000,13,0,1,01,A01
200900022397,0,30,000,00,1,1,01,A01
200900022398,0,07,000,13,0,8,01,A01
200900022399,0,07,000,16,0,9,01,A01
200900022400,0,07,000,00,2,1,02,A01
200900022400,0,07,000,00,2,4,03,B02
200900022401,0,15,000,00,2,3,01,A01
200900022401,0,07,000,00,2,3,13,B02
200900022402,0,07,000,00,1,2,01,A01
200900022403,0,07,000,00,2,8,19,A01
200900022403,0,07,000,00,2,1,01,B02
200900022404,0,07,000,06,0,1,01,A01
200900022405,0,07,000,06,0,3,01,A01
200900022406,0,07,000,00,2,3,01,B02
200900022406,0,07,000,00,2,1,01,C03
200900022406,0,07,000,00,2,3,13,A01
200900022407,0,07,000,00,1,7,01,A01
200900022408,0,30,000,00,2,1,13,A01
200900022408,0,07,000,00,2,3,01,B02
200900022409,0,15,000,00,9,5,01,A01
200900022409,0,39,000,00,4,1,01,B02
200900022410,0,07,000,00,2,2,02,C03
200900022410,0,07,000,00,2,8,23,B02
200900022410,0,17,000,04,2,1,13,A01
200900022411,0,07,000,00,2,4,21,C03
200900022411,0,17,000,00,2,0,21,W23
200900022411,0,07,000,00,2,1,21,G07
200900022411,0,99,000,00,2,1,21,S19
200900022411,0,17,000,00,2,5,21,Y25
200900022411,0,07,000,00,2,1,21,F06
200900022411,0,17,000,00,2,0,21,V22
200900022411,0,17,000,00,2,0,21,X24
200900022411,0,17,000,03,0,2,21,A27
200900022411,0,07,000,00,2,8,21,N14
200900022411,0,17,000,00,2,1,21,U21
200900022411,0,07,000,00,2,0,21,E05
200900022411,0,07,000,00,2,1,01,Q17
200900022411,0,07,000,00,2,1,21,P16
200900022411,0,07,000,00,2,1,21,H08
200900022411,0,07,000,00,2,4,23,L12
200900022411,0,07,000,00,2,1,21,K11
200900022411,0,07,000,00,2,1,21,R18
200900022411,0,17,000,00,0,0,01,T20
200900022411,0,07,000,00,2,8,21,A01
200900022411,0,07,000,00,2,1,21,I09
200900022411,0,07,000,00,2,4,21,B02
200900022411,0,17,000,00,2,0,01,Z26
200900022411,0,07,000,00,2,8,21,D04
200900022411,0,07,000,00,0,4,01,O15
200900022411,0,17,000,00,2,0,01,B28
200900022411,0,07,000,00,0,4,23,M13
200900022411,0,07,000,00,2,1,21,J10
200900022412,0,07,000,04,2,2,11,A01
200900022412,0,15,000,00,0,6,00,B02
200900022413,0,07,000,00,2,3,01,A01
200900022413,0,10,000,03,2,1,01,B01
200900022414,0,07,000,13,0,9,14,A01
200900022415,0,07,000,00,2,3,01,B01
200900022415,0,07,000,00,2,3,13,A01
200900022416,0,07,000,00,1,1,00,A01
200900022417,0,07,000,00,2,4,23,C01
200900022417,0,07,000,00,0,1,01,A01
200900022417,0,07,000,00,2,4,23,B01
200900022418,0,15,000,00,2,0,15,A01
200900022418,0,01,000,00,2,0,00,B01
200900022419,0,10,000,00,2,3,12,B01
200900022419,0,33,000,00,2,1,01,A01
200900022420,0,07,000,00,1,4,04,A01
200900022421,0,33,000,00,0,1,01,A01
200900022422,0,07,000,00,2,6,15,B01
200900022422,0,07,000,00,2,3,01,A01
200900022423,0,07,000,00,2,3,01,C03
200900022423,0,07,000,00,2,1,01,B02
200900022423,0,07,000,00,2,1,01,D04
200900022423,0,07,000,00,2,9,13,A01
200900022424,0,07,000,00,2,3,01,A01
200900022424,0,07,000,00,2,3,13,B02
200900022425,0,01,000,00,2,4,13,B02
200900022425,0,07,000,00,9,1,17,A01
200900022426,0,07,000,00,2,8,01,B02
200900022426,0,33,000,00,2,2,02,A01
200900022427,0,07,000,00,1,2,01,A01
200900022428,0,02,000,00,0,0,01,A01
200900022429,0,33,000,13,0,7,01,A01
200900022430,0,07,000,00,0,4,23,A01
200900022430,0,33,000,00,2,1,02,B02
200900022431,0,07,000,00,1,6,20,A01
200900022432,0,33,000,00,0,0,01,A01
200900022433,0,07,000,00,0,2,01,B02
200900022433,0,38,000,00,0,2,01,A01
200900022434,0,07,000,00,2,1,01,A01
200900022434,0,07,000,00,2,3,00,B02
200900022435,0,07,000,00,1,1,01,A01
200900022436,0,30,000,13,0,1,00,A01
200900022437,0,07,000,00,2,3,01,B01
200900022437,0,07,000,00,2,1,15,A01
200900022437,0,07,000,00,0,1,23,C01
200900022438,0,03,000,01,0,3,13,A01
200900022439,0,07,000,00,2,0,00,A01
200900022439,0,10,000,00,2,2,01,B02
200900022440,0,07,000,00,2,2,13,A01
200900022440,0,07,000,00,2,1,01,B02
200900022441,0,07,000,00,2,3,09,A01
200900022442,0,07,000,00,2,2,09,A01
200900022442,0,31,000,00,2,1,13,B02
200900022443,0,07,000,00,1,2,15,A01
200900022444,0,30,000,00,2,1,02,A01
200900022444,0,30,000,00,2,4,02,B01
200900022445,0,07,000,00,2,1,05,A01
200900022445,0,07,000,00,2,2,01,B02
200900022446,0,07,000,06,0,3,13,A01
200900022447,0,01,000,12,0,7,01,A01
200900022448,0,10,000,00,2,3,00,A01
200900022448,0,07,000,00,2,1,00,B01
200900022449,0,02,000,00,2,0,18,A01
200900022449,0,01,000,00,2,0,01,B01
200900022450,0,07,000,00,2,4,02,B01
200900022450,0,10,000,00,2,1,02,A01
200900022451,0,07,000,00,2,3,19,A01
200900022451,0,32,000,00,2,1,01,B01
200900022452,0,07,000,13,0,2,01,A01
200900022453,0,33,000,00,2,1,01,B02
200900022453,0,07,000,00,0,7,15,A01
200900022454,0,07,000,00,2,3,19,A01
200900022454,0,07,000,00,2,1,01,B02
200900022455,0,07,000,00,2,8,15,B02
200900022455,0,30,000,00,2,1,01,A01
200900022456,0,33,000,00,0,0,00,A01
200900022457,0,02,000,00,2,1,01,B02
200900022457,0,07,000,00,2,3,00,A01
200900022458,0,07,000,00,2,1,02,A01
200900022458,0,31,000,00,2,4,01,B02
200900022459,0,01,000,00,2,2,19,B02
200900022459,0,07,000,00,9,3,01,A01
200900022460,0,33,000,00,2,2,17,A01
200900022460,0,07,000,00,2,3,15,B01
200900022461,0,07,000,00,0,0,01,C03
200900022461,0,07,000,00,2,3,01,A01
200900022461,0,14,000,00,2,3,01,B02
200900022462,0,07,000,00,1,3,01,A01
200900022462,0,07,000,00,1,1,01,B02
200900022463,0,17,000,00,2,7,02,B02
200900022463,0,07,000,03,0,2,01,A01
200900022464,0,07,000,13,0,1,01,B02
200900022464,0,07,000,00,0,0,09,A01
200900022465,0,07,000,13,0,3,01,A01
200900022466,0,07,000,06,0,1,01,A01
200900022467,1,07,000,00,1,3,01,A01
200900022468,0,07,000,06,0,2,01,A01
200900022469,0,07,000,03,2,3,13,A01
200900022469,0,07,000,00,2,3,01,B02
200900022470,0,07,000,00,2,3,13,A01
200900022470,0,07,000,03,2,3,01,B02
200900022471,0,07,000,00,2,8,01,B02
200900022471,0,07,000,01,0,7,01,A01
200900022472,0,07,000,15,0,1,13,A01
200900022473,0,07,000,00,2,3,13,A01
200900022473,0,07,000,00,2,3,01,B02
200900022474,1,07,000,00,2,3,19,A01
200900022474,0,30,000,00,2,1,01,B02
200900022475,0,07,000,00,2,1,01,B02
200900022475,0,33,000,00,2,1,19,A01
200900022476,0,02,000,08,0,7,00,A01
200900022477,0,07,000,00,2,2,17,B02
200900022477,0,07,000,00,0,0,02,C03
200900022477,0,07,000,02,2,6,17,A01
200900022478,0,07,000,00,2,1,02,A01
200900022478,0,30,000,00,2,4,02,B01
200900022479,0,33,000,00,0,0,09,A01
200900022480,0,07,000,00,1,3,04,A01
200900022481,0,33,000,00,2,1,17,B01
200900022481,0,07,000,00,0,3,15,A01
200900022482,0,07,000,00,2,1,15,A01
200900022482,0,07,000,00,0,8,01,C01
200900022482,0,07,000,00,0,8,01,B01
200900022483,0,07,000,00,1,1,01,A01
200900022484,0,07,000,01,0,3,01,A01
200900022485,0,10,000,00,1,7,01,A01
200900022486,0,15,000,00,2,6,23,B01
200900022486,0,33,000,00,2,5,13,A01
200900022487,0,07,000,00,2,4,02,B01
200900022487,0,07,000,00,2,1,02,A01
200900022487,0,07,000,00,2,4,02,C01
200900022488,0,33,000,04,0,3,01,A01
200900022489,0,07,000,00,2,4,02,B01
200900022489,0,07,000,00,2,1,02,A01
200900022490,0,07,000,00,2,2,00,A01
200900022490,0,07,000,00,2,5,01,B01
200900022491,0,07,000,00,2,2,01,C01
200900022491,0,07,000,00,2,1,01,A01
200900022491,0,07,000,00,2,3,09,B01
200900022492,0,07,000,12,0,3,20,A01
200900022493,0,07,000,00,0,4,15,B01
200900022493,0,07,000,00,2,1,01,A01
200900022494,0,07,000,00,2,1,02,A01
200900022494,0,07,000,00,2,4,15,B01
200900022495,0,07,000,00,2,5,01,B01
200900022495,0,07,000,00,2,3,00,A01
200900022496,0,07,000,00,0,7,02,B01
200900022496,0,07,000,00,2,3,15,A01
200900022497,0,07,000,00,2,1,15,B01
200900022497,0,01,000,00,2,1,01,A01
200900022498,0,07,000,00,2,1,02,A01
200900022498,0,07,000,00,2,4,02,B01
200900022499,0,07,000,00,1,7,01,A01
200900022500,0,32,000,16,0,7,09,A01
200900022501,0,31,000,00,2,1,11,B02
200900022501,0,31,000,00,2,2,01,A01
200900022502,0,33,000,00,2,1,01,C01
200900022502,0,07,000,00,2,4,13,A01
200900022502,0,33,000,00,2,1,01,B01
200900022503,0,07,000,00,2,8,01,A01
200900022503,0,10,000,00,0,3,24,C01
200900022503,0,07,000,01,2,1,01,B01
200900022504,0,15,000,03,0,0,01,A01
200900022505,0,30,000,00,0,0,01,A01
200900022506,0,07,000,00,2,8,15,B01
200900022506,0,07,000,00,2,1,01,A01
200900022507,0,07,000,00,1,5,09,A01
200900022508,0,07,000,13,0,3,13,A01
200900022509,0,07,000,00,0,1,01,A01
200900022509,0,33,000,00,0,4,01,B02
200900022510,0,07,000,00,1,2,01,A01
200900022511,0,07,000,13,0,1,13,A01