Num_Acc,senc,catv,occutc,obs,obsm,choc,manv,num_veh
200900022512,0,07,000,13,0,2,01,A01
200900022513,0,07,000,00,2,3,01,B02
200900022513,0,07,000,00,2,3,17,A01
200900022514,0,07,000,00,2,8,19,A01
200900022514,0,10,000,00,2,2,01,B02
200900022515,0,07,000,06,0,1,14,A01
200900022516,0,07,000,00,2,1,02,A01
200900022516,0,17,000,00,0,4,01,B02
200900022517,0,31,000,00,2,1,01,A01
200900022517,0,07,000,00,2,8,19,B02
200900022518,0,07,000,00,2,3,01,A01
200900022518,0,33,000,00,0,1,13,B02
200900022519,0,07,000,01,2,2,02,A01
200900022519,0,07,000,00,0,6,15,B02
200900022520,0,07,000,00,2,7,15,A01
200900022520,0,33,000,00,2,1,01,B02
200900022521,0,07,000,00,2,3,10,A01
200900022521,0,31,000,00,2,1,01,B02
200900022522,0,33,000,00,2,1,01,A01
200900022522,0,10,000,00,2,3,19,B02
200900022523,0,33,000,00,2,2,13,A01
200900022523,0,07,000,00,2,1,01,B02
200900022524,0,07,000,00,1,2,01,A01
200900022525,0,07,000,00,2,3,01,A01
200900022525,0,01,000,00,2,1,19,B01
200900022526,0,02,000,00,0,1,01,A01
200900022527,0,14,000,00,2,1,02,A01
200900022527,0,07,000,00,2,4,01,B01
200900022528,0,07,000,00,2,1,01,A01
200900022528,0,07,000,00,2,4,02,B01
200900022529,0,33,000,00,2,1,17,A01
200900022529,0,07,000,00,2,3,09,B01
200900022530,0,07,000,00,2,0,09,A01
200900022530,0,02,000,00,2,1,01,B01
200900022531,0,14,000,00,1,3,15,A01
200900022532,0,34,000,00,2,3,09,B01
200900022532,0,07,000,00,2,1,15,A01
200900022533,0,33,000,00,1,1,17,A01
200900022534,1,07,000,00,2,0,09,A01
200900022534,0,07,000,00,2,7,01,B01
200900022535,0,31,000,00,2,0,02,A01
200900022535,0,07,000,00,2,4,02,B01
200900022536,0,30,000,00,0,8,01,A01
200900022537,0,07,000,02,0,8,01,A01
200900022538,0,07,000,13,0,2,01,A01
200900022539,0,07,000,00,2,8,01,B01
200900022539,0,07,000,00,2,1,01,A01
200900022540,0,01,000,00,0,7,01,A01
200900022541,0,07,000,00,1,1,15,A01
200900022542,0,07,000,13,0,2,01,A01
200900022543,0,07,000,00,2,3,01,B02
200900022543,0,07,000,00,2,1,01,A01
200900022544,0,07,000,00,1,1,01,A01
200900022545,0,07,000,13,0,2,01,A01
200900022546,0,14,000,00,2,3,01,B02
200900022546,0,07,000,00,2,3,13,A01
200900022547,0,30,000,00,2,1,01,B01
200900022547,0,07,000,00,2,3,09,A01
200900022548,0,07,000,01,0,1,02,A01
200900022548,0,07,000,01,0,4,02,B01
200900022548,0,07,000,00,0,4,02,C01
200900022549,0,10,000,00,2,4,23,B01
200900022549,0,07,000,00,2,1,02,A01
200900022550,0,07,000,13,0,3,01,A01
200900022551,0,02,000,00,2,1,17,A01
200900022551,0,07,000,00,2,3,13,B02
200900022551,0,07,000,00,2,3,00,C03
200900022552,0,07,000,00,2,2,01,B02
200900022552,0,07,000,00,2,3,09,A01
200900022553,0,31,000,08,0,7,14,A01
200900022554,0,33,000,13,0,1,01,A01
200900022555,0,33,000,00,0,8,01,B02
200900022555,0,33,000,00,0,8,01,A01
200900022556,0,33,000,00,0,0,21,A01
200900022556,0,07,000,00,0,0,13,B02
200900022557,0,07,000,02,0,7,01,A01
200900022558,0,07,000,00,2,3,01,B02
200900022558,0,31,000,00,2,1,01,A01
200900022559,0,07,000,00,2,1,13,A01
200900022559,0,07,000,00,2,1,01,B01
200900022559,0,07,000,00,2,1,01,C01
200900022560,0,07,000,00,0,0,00,A01
200900022561,0,07,000,00,1,1,01,A01
200900022562,0,07,000,00,2,3,15,B01
200900022562,0,02,000,00,2,0,17,A01
200900022563,0,31,000,00,2,1,01,B01
200900022563,0,07,000,00,2,2,15,A01
200900022564,0,07,000,06,0,1,01,A01
200900022565,0,07,000,00,2,1,01,A01
200900022565,0,07,000,00,2,3,00,B01
200900022566,0,15,000,00,2,1,01,B02
200900022566,0,07,000,00,2,1,13,A01
200900022567,0,07,000,00,2,7,13,A01
200900022567,0,07,000,00,2,1,01,B02
200900022568,0,07,000,02,0,1,13,A01
200900022569,0,38,001,00,1,2,01,A01
200900022570,0,07,000,06,2,1,01,A01
200900022570,0,07,000,01,0,3,20,B01
200900022571,0,07,000,00,2,3,15,A01
200900022571,0,33,000,07,2,7,17,B02
200900022572,0,10,000,00,2,8,15,A01
200900022572,0,31,000,00,2,1,17,B02
200900022573,0,07,000,00,1,3,01,A01
200900022574,0,07,000,00,2,3,01,B01
200900022574,0,07,000,00,2,3,13,A01
200900022575,0,07,000,00,1,0,01,A01
200900022576,0,07,000,00,2,1,01,A01
200900022576,0,07,000,00,2,1,00,B01
200900022577,0,07,000,01,0,4,00,A01
200900022578,0,07,000,00,2,0,00,B01
200900022578,0,07,000,00,2,0,00,A01
200900022579,0,02,000,00,2,0,00,B01
200900022579,0,07,000,00,2,0,00,A01
200900022580,0,07,000,00,2,4,01,B01
200900022580,0,07,000,00,2,4,01,A01
200900022581,0,07,000,00,9,1,15,A01
200900022582,0,07,000,00,0,0,00,A01
200900022583,0,07,000,06,0,1,00,A01
200900022584,0,07,000,04,0,3,01,A01
200900022585,0,02,000,00,2,0,00,A01
200900022585,0,07,000,00,0,0,00,B01
200900022586,0,07,000,03,0,1,00,A01
200900022587,0,07,000,00,2,0,00,B01
200900022587,0,07,000,00,2,0,00,A01
200900022588,1,07,000,00,2,1,02,A01
200900022588,0,31,000,00,2,4,23,B01
200900022589,0,07,000,00,9,0,00,B01
200900022589,0,02,000,00,2,4,00,A01
200900022590,0,07,000,00,2,4,04,A01
200900022590,0,07,000,00,2,1,01,B01
200900022591,0,07,000,00,2,7,01,A01
200900022591,0,07,000,00,2,1,01,B01
200900022592,0,07,000,00,2,7,00,B01
200900022592,0,07,000,00,2,0,00,A01
200900022593,0,07,000,13,0,2,01,A01
200900022594,0,07,000,00,2,1,01,B02
200900022594,0,07,000,00,2,1,13,A01
200900022594,0,07,000,00,2,3,01,C03
200900022595,0,07,000,00,0,6,01,A01
200900022595,0,02,000,00,2,1,01,B02
200900022596,0,07,000,00,1,3,01,A01
200900022597,0,02,000,00,2,8,00,B02
200900022597,0,07,000,00,2,2,01,A01
200900022598,0,02,000,00,2,1,01,B02
200900022598,0,10,000,00,2,5,19,A01
200900022599,0,01,000,00,2,1,01,B02
200900022599,0,07,000,00,2,2,13,A01
200900022600,0,15,000,00,2,1,01,A01
200900022600,0,07,000,00,2,3,23,B02
200900022600,0,15,000,00,2,6,23,C03
200900022600,0,07,000,00,2,7,19,D04
200900022601,0,07,000,03,0,9,13,A01
200900022602,0,07,000,00,2,3,01,B02
200900022602,0,07,000,00,2,1,01,A01
200900022603,0,33,000,13,0,1,01,A01
200900022604,0,02,000,00,2,1,01,B02
200900022604,0,07,000,00,2,7,01,A01
200900022605,0,07,000,13,0,3,01,A01
200900022606,0,07,000,00,2,1,01,A01
200900022606,0,07,000,00,0,4,15,B02
200900022607,0,07,000,00,2,8,01,B02
200900022607,0,10,000,00,2,3,13,A01
200900022608,0,07,000,00,2,2,01,A01
200900022608,0,30,000,00,2,3,01,B01
200900022609,0,07,000,02,0,2,01,A01
200900022610,0,32,000,00,2,1,01,B02
200900022610,0,07,000,00,2,3,15,A01
200900022611,0,07,000,08,0,3,01,A01
200900022612,0,33,000,00,2,1,02,A01
200900022612,0,07,000,00,2,4,02,B01
200900022613,0,07,000,00,1,0,00,A01
200900022614,0,07,000,00,1,2,01,A01
200900022615,0,07,000,00,1,7,00,A01
200900022616,0,33,000,00,2,1,13,B01
200900022616,0,07,000,00,2,3,10,A01
200900022617,0,30,000,00,2,0,01,B01
200900022617,1,07,000,00,2,0,20,A01
200900022618,0,07,000,00,1,2,01,A01
200900022619,0,07,000,00,2,2,01,A01
200900022619,0,07,000,00,2,8,15,B02
200900022620,0,10,000,00,1,0,01,A01
200900022621,0,07,000,00,1,0,00,A01
200900022622,0,30,000,00,0,0,00,A01
200900022623,0,30,000,00,2,3,00,A01
200900022623,0,07,000,00,2,0,00,B01
200900022624,0,10,000,00,2,0,00,B01
200900022624,0,07,000,00,2,3,00,A01
200900022625,0,07,000,00,2,0,00,A01
200900022626,0,30,000,00,2,4,01,A01
200900022626,0,07,000,00,2,4,00,B01
200900022627,0,36,000,08,0,2,01,A01
200900022628,0,07,000,05,0,7,13,A01
200900022629,0,07,000,02,0,2,13,A01
200900022630,0,33,000,00,0,0,00,A01
200900022630,0,07,000,00,0,0,00,B01
200900022631,0,07,000,00,2,4,01,A01
200900022631,0,07,000,00,2,1,01,B01
200900022632,0,07,000,14,0,1,00,A01
200900022633,0,07,000,00,2,3,13,A01
200900022633,0,07,000,00,2,3,01,B02
200900022634,0,01,000,00,2,2,01,B01
200900022634,0,07,000,00,9,2,01,A01
200900022635,0,07,000,06,0,1,01,A01
200900022635,0,07,000,00,2,1,02,B02
200900022636,0,07,000,00,0,0,00,A01
200900022636,0,07,000,00,0,0,00,B01
200900022637,0,07,000,00,0,4,17,B01
200900022637,0,33,000,00,2,1,01,A01
200900022638,0,07,000,00,2,1,01,A01
200900022639,0,07,000,00,0,0,00,A01
200900022640,0,01,000,00,2,7,01,B02
200900022640,0,30,000,00,2,1,01,A01
200900022641,0,07,000,00,2,4,02,B01
200900022641,0,07,000,03,2,4,01,A01
200900022642,0,33,000,00,0,0,01,A01
200900022643,0,07,000,00,0,0,00,A01
200900022644,0,07,000,13,0,2,14,A01
200900022645,0,07,000,00,2,3,09,A01
200900022645,0,33,000,00,2,2,01,B01
200900022646,0,07,000,00,1,2,01,A01
200900022647,0,07,000,00,2,3,01,A01
200900022647,0,30,000,00,2,1,13,B02
200900022648,0,07,000,00,2,3,13,A01
200900022648,0,07,000,00,2,3,01,B02
200900022649,0,07,000,10,2,3,01,A02
200900022649,0,07,000,10,2,3,01,B01
200900022650,0,07,000,00,2,8,13,A01
200900022650,0,33,000,00,2,8,01,B02
200900022651,0,07,000,00,2,7,01,A01
200900022651,0,10,000,00,2,3,15,B02
200900022652,0,07,000,00,0,1,13,A01
200900022652,0,07,000,00,0,1,01,B01
200900022653,0,07,000,00,2,1,01,A01
200900022653,0,02,000,00,2,1,01,B02
200900022654,0,17,000,13,0,2,01,A01
200900022655,0,14,000,00,2,1,17,B02
200900022655,0,07,000,00,2,6,15,A01
200900022656,0,17,000,03,0,3,01,A01
200900022657,0,07,000,13,0,1,01,A01
200900022658,0,07,000,00,1,7,01,A01
200900022659,0,07,000,13,0,2,01,A01
200900022660,0,33,000,00,0,0,01,A01
200900022661,0,07,000,00,2,1,01,A01
200900022661,0,02,000,00,2,1,15,B02
200900022662,0,33,000,00,2,1,17,B01
200900022662,0,07,000,00,0,8,15,A01
200900022663,0,07,000,11,0,3,01,A01
200900022664,0,07,000,00,2,3,20,A01
200900022664,0,07,000,00,2,7,01,B01
200900022665,0,07,000,00,2,2,01,A01
200900022665,0,03,000,00,2,7,15,B01
200900022666,0,33,000,00,6,1,01,A01
200900022667,0,02,000,02,0,2,01,A01
200900022668,0,02,000,13,0,7,01,A01
200900022669,0,07,000,02,0,1,01,A01
200900022670,0,33,000,00,0,8,01,A01
200900022671,0,07,000,00,2,2,15,B02
200900022671,0,07,000,00,2,3,01,A01
200900022672,0,07,000,00,1,3,00,A01
200900022673,0,07,000,00,2,7,19,A01
200900022673,0,07,000,00,2,1,01,B02
200900022674,0,33,000,00,0,3,14,A01
200900022675,0,07,000,00,2,3,01,A01
200900022675,0,17,000,00,2,3,01,B02
200900022676,0,30,000,00,2,1,01,B01
200900022676,0,07,000,00,2,5,01,A01
200900022677,0,32,000,00,2,1,00,B01
200900022677,0,07,000,00,2,6,15,A01
200900022678,0,33,000,01,0,0,00,A01
200900022679,0,34,000,00,2,1,17,A01
200900022679,0,07,000,00,0,8,15,B01
200900022680,0,07,000,00,0,0,00,A01
200900022680,0,30,000,00,2,2,01,B01
200900022681,0,07,000,00,2,0,00,A01
200900022681,0,07,000,00,2,2,01,B01
200900022682,0,10,000,00,0,7,15,A01
200900022682,0,30,000,00,2,1,21,B01
200900022683,0,07,000,01,0,1,14,A01
200900022684,0,07,000,00,2,3,09,A01
200900022684,0,31,000,00,2,1,01,B01
200900022685,0,07,000,14,2,1,01,A01
200900022685,0,13,000,14,0,1,02,D01
200900022685,0,07,000,14,2,4,02,B01
200900022685,0,07,000,00,2,4,02,C01
200900022686,0,07,000,00,2,8,01,A01
200900022686,0,10,000,00,2,4,23,B01
200900022687,0,33,000,00,2,1,01,A01
200900022687,0,07,000,00,2,4,02,B01
200900022688,0,07,000,00,2,3,00,A01
200900022688,0,02,000,00,2,1,00,B01
200900022689,0,31,000,00,0,0,00,A01
200900022690,0,07,000,01,0,3,13,A01
200900022691,0,07,000,00,2,4,02,C01
200900022691,0,07,000,14,2,4,02,B01
200900022691,0,07,000,14,0,1,01,A01
200900022692,0,07,000,00,2,8,17,A01
200900022692,0,02,000,00,2,1,17,B01
200900022693,0,07,000,00,2,5,01,A01
200900022693,0,07,000,00,2,3,01,B01
200900022694,0,33,000,00,1,3,01,A01
200900022695,0,07,000,06,0,1,00,A01
200900022696,0,07,000,00,2,6,17,B01
200900022696,0,33,000,00,2,2,01,A01
200900022697,0,30,000,00,2,3,02,A01
200900022697,0,07,000,00,2,5,01,B01
200900022698,0,32,000,00,1,1,01,A01
200900022699,0,30,000,00,1,1,01,A01
200900022700,0,02,000,00,2,4,01,B01
200900022700,0,07,000,00,2,1,01,A01
200900022701,0,30,000,00,2,1,01,B01
200900022701,0,30,000,00,2,1,05,A01
200900022702,0,07,000,00,2,7,10,A01
200900022702,0,32,000,00,2,8,01,B01
200900022703,0,07,000,00,2,1,01,A01
200900022703,0,07,000,00,2,4,01,B01
200900022704,0,07,000,00,2,1,00,A01
200900022704,0,33,000,00,2,1,17,B01
200900022705,0,02,000,00,2,1,00,A01
200900022706,0,07,000,00,1,1,00,A01
200900022707,0,07,000,00,2,4,02,B01
200900022707,0,07,000,00,2,3,02,A01
200900022708,0,07,000,00,2,7,12,A01
200900022708,0,07,000,00,2,3,11,B01
200900022709,0,07,000,00,2,4,02,C01
200900022709,0,14,000,14,0,1,01,A01
200900022709,0,07,000,16,2,4,02,B01
200900022710,0,07,000,00,2,1,01,A01
200900022710,0,07,000,00,2,9,01,B01
200900022710,0,07,000,00,2,4,01,C01
200900022711,0,32,000,00,2,9,01,B01
200900022711,0,10,000,00,2,2,15,A01
200900022712,0,02,000,00,2,1,01,C01
200900022712,0,07,000,00,2,2,01,B01
200900022712,0,07,000,00,2,3,09,A01
200900022713,0,07,000,00,2,7,12,A01
200900022713,0,33,000,00,2,1,01,B01
200900022714,0,07,000,00,2,2,01,A01
200900022714,0,02,000,00,2,3,01,B01
200900022715,0,07,000,00,2,4,01,B01
200900022715,0,31,000,00,2,1,01,A01
200900022716,0,30,000,00,2,2,14,A01
200900022716,0,07,000,00,2,2,00,B01
200900022717,0,07,000,00,2,4,23,C01
200900022717,0,07,000,00,2,1,02,A01
200900022717,0,07,000,00,2,0,02,B01
200900022718,0,30,000,00,2,1,00,A01
200900022719,0,02,000,00,2,1,02,A01
200900022720,0,31,000,00,2,1,01,B01
200900022720,0,07,000,00,2,6,15,A01
200900022721,0,07,000,00,0,0,15,A01
200900022721,0,31,000,00,0,0,02,B01
200900022722,0,30,000,00,2,3,01,A01
200900022722,0,07,000,00,2,0,16,B01
200900022723,0,07,000,00,2,2,13,A01
200900022723,0,07,000,00,2,2,01,B01
200900022724,0,02,000,00,0,0,00,A01
200900022725,0,07,000,00,2,3,15,A01
200900022725,0,02,000,00,2,4,15,B01
200900022726,0,30,000,00,2,1,01,A01
200900022726,0,07,000,00,2,3,01,B01
200900022727,0,33,000,14,0,9,00,A01
200900022727,0,07,000,00,0,4,23,B01
200900022728,0,02,000,00,2,1,09,B01
200900022728,0,07,000,00,2,2,02,A01
200900022729,0,32,000,00,2,1,01,A01
200900022729,0,07,000,00,2,6,01,B01
200900022730,0,31,000,00,2,1,01,B01
200900022730,0,30,000,00,2,1,01,A01
200900022731,0,02,000,00,0,0,01,A01
200900022732,0,07,000,00,2,2,12,A01
200900022732,0,32,000,00,2,3,01,B01
200900022733,0,07,000,00,2,1,02,A01
200900022733,0,07,000,00,2,4,02,C01
200900022733,0,07,000,00,2,4,02,B01
200900022734,0,07,000,00,2,7,15,A01
200900022734,0,33,000,00,2,1,01,B01
200900022735,0,07,000,00,2,3,01,A01
200900022735,0,07,000,00,2,3,01,B01
200900022736,0,02,000,00,2,6,15,B01
200900022736,0,07,000,00,2,1,01,A01
200900022737,0,07,000,00,1,2,04,A01
200900022738,0,07,000,00,2,4,01,B01
200900022738,0,07,000,00,2,1,01,A01
200900022739,0,30,000,01,1,1,01,A01
200900022740,0,07,000,13,0,2,01,A01
200900022741,0,07,000,00,2,2,01,A01
200900022741,0,07,000,00,2,3,01,B02
200900022742,0,07,000,13,2,1,13,B02
200900022742,0,17,000,00,2,8,01,A01
200900022743,0,07,000,00,2,3,01,C03
200900022743,0,07,000,00,2,3,13,A01
200900022743,0,07,000,00,2,3,01,B02
200900022744,0,07,000,00,0,3,13,A01
200900022744,0,07,000,00,0,3,01,B02
200900022745,0,33,000,00,2,1,01,B02
200900022745,0,07,000,00,2,7,15,A01
200900022746,0,07,000,06,0,1,01,A01
200900022747,0,07,000,00,2,3,19,A01
200900022747,0,30,000,00,2,1,17,B02
200900022748,0,32,000,00,2,2,17,A01
200900022748,0,03,000,00,2,3,15,B02
200900022749,0,33,000,03,0,1,17,A01
200900022750,0,34,000,00,1,1,01,A01
200900022751,0,33,000,00,2,8,01,A01
200900022751,0,07,000,00,9,3,19,B02
200900022752,0,07,000,00,2,1,05,B02
200900022752,0,07,000,00,2,1,01,A01
200900022753,0,13,000,00,2,4,02,B02
200900022753,0,07,000,00,2,1,02,A01
200900022754,0,07,000,00,2,3,01,B02
200900022754,0,30,000,00,2,1,13,A01
200900022755,0,07,000,00,2,6,15,B02
200900022755,0,33,000,00,2,1,17,A01
200900022756,0,07,000,00,2,2,01,B02
200900022756,0,30,000,00,2,1,13,A01
200900022757,0,33,000,00,1,1,01,A01
200900022758,0,30,000,00,0,0,01,A01
200900022759,0,07,000,00,1,3,01,A01
200900022760,0,07,000,00,9,2,02,A01
200900022760,0,01,000,00,2,3,01,B02
200900022761,0,01,000,00,2,1,01,B02
200900022761,0,07,000,00,2,3,09,A01
200900022762,0,33,000,00,0,7,01,A01
200900022763,0,07,000,00,1,2,01,A01
200900022764,0,07,000,00,1,2,01,A01
200900022765,0,33,000,00,2,3,13,A01
200900022765,0,07,000,00,0,1,01,B02
200900022766,0,10,000,00,1,2,01,A01
200900022767,0,30,000,00,0,0,01,A01
200900022768,0,31,000,00,0,1,01,A01
200900022768,0,07,000,00,0,3,01,B02
200900022769,0,07,000,00,0,0,00,B01
200900022769,0,02,000,00,2,1,07,A01
200900022770,0,33,000,00,2,1,02,A01
200900022770,0,07,000,00,2,4,02,B01
200900022771,0,31,000,00,2,1,17,B01
200900022771,0,07,000,00,2,3,15,A01
200900022772,0,37,001,00,2,2,01,B01
200900022772,0,02,000,00,2,3,15,A01
200900022773,0,02,000,00,1,0,01,A01
200900022774,0,07,000,00,1,1,01,A01
200900022775,0,31,000,00,2,1,01,B01
200900022775,0,10,000,00,2,7,15,A01
200900022776,0,10,000,01,2,1,13,A01
200900022776,0,07,000,00,2,4,01,B01
200900022777,0,07,000,00,2,1,01,A01
200900022778,0,07,000,00,1,3,01,A01
200900022779,1,07,000,00,2,1,01,A01
200900022779,0,30,000,00,2,4,01,B01
200900022780,0,07,000,00,2,1,01,A01
200900022780,0,07,000,00,2,6,01,B01
200900022781,0,02,000,00,2,9,01,B01
200900022781,0,07,000,00,2,1,01,A01
200900022782,0,07,000,00,0,0,09,A01
200900022782,0,32,000,00,0,0,21,B01
200900022783,0,07,000,00,2,7,01,B01
200900022783,0,02,000,00,2,3,11,A01
200900022784,0,31,000,00,1,7,01,A01
200900022785,0,07,000,00,2,1,13,A01
200900022785,0,07,000,00,2,6,01,B01
200900022786,0,31,000,00,2,3,01,B01
200900022786,0,07,000,00,2,3,10,A01
200900022787,0,07,000,00,2,2,19,A01
200900022787,0,31,000,00,2,1,01,B01
200900022788,0,07,000,00,2,1,16,B01
200900022788,0,07,000,00,2,1,01,A01
200900022789,0,02,000,00,2,0,18,A01
200900022789,0,07,000,00,2,0,16,B01
200900022790,0,07,000,00,1,2,01,A01
200900022791,0,07,000,00,2,3,01,A01
200900022791,0,07,000,01,2,1,01,B01
200900022792,0,30,000,00,2,1,01,B01
200900022792,0,07,000,00,2,3,01,A01
200900022793,0,02,000,00,2,2,01,B01
200900022793,0,07,000,00,2,1,01,C01
200900022793,0,07,000,00,2,1,09,A01
200900022794,0,33,000,00,1,9,01,A01
200900022795,0,02,000,00,2,8,01,B01
200900022795,0,07,000,00,2,1,01,A01
200900022796,0,02,000,00,2,1,01,A01
200900022796,0,07,000,00,2,3,01,B01
200900022797,0,31,000,00,2,2,00,A01
200900022797,0,07,000,00,2,5,00,B01
200900022798,0,07,000,00,2,7,01,B01
200900022798,0,07,000,00,2,1,01,A01
200900022799,0,30,000,00,2,1,15,A01
200900022799,0,37,026,00,0,0,01,B01
200900022800,0,07,000,00,2,2,01,A01
200900022800,0,07,000,00,2,3,01,B01
200900022801,0,10,000,00,2,8,15,A01
200900022801,0,33,000,00,2,3,01,B01
200900022802,1,02,000,00,1,1,01,A01
200900022803,0,02,000,00,2,1,01,B01
200900022803,0,07,000,00,2,5,15,A01
200900022804,0,07,000,00,2,3,09,A01
200900022804,0,31,000,00,2,1,01,B01
200900022805,0,32,000,00,2,3,01,B01
200900022805,0,07,000,00,2,1,15,A01
200900022806,0,07,000,00,2,1,02,A01
200900022806,0,07,000,00,2,4,02,B01
200900022806,0,07,000,00,2,4,02,C01
200900022807,0,07,000,00,1,7,01,A01
200900022808,0,07,000,00,2,1,15,A01
200900022808,0,02,000,00,2,1,01,B01
200900022809,0,31,000,00,2,8,00,B01
200900022809,0,07,000,00,2,1,00,A01
200900022810,0,32,000,00,2,1,01,A01
200900022810,0,07,000,00,2,6,02,B01
200900022811,0,07,000,01,0,1,13,A01
200900022812,0,07,000,00,2,1,00,A01
200900022812,0,33,000,00,2,7,01,B01
200900022813,0,07,000,00,2,1,00,A01
200900022813,0,07,000,00,2,1,00,B01
200900022814,0,07,000,00,2,1,15,A01
200900022814,0,30,000,01,2,1,01,B01
200900022815,0,30,000,00,2,3,00,A01
200900022815,0,07,000,00,2,2,00,B01
200900022816,0,07,000,00,2,2,10,A01
200900022816,0,32,000,00,2,1,01,B01
200900022817,0,99,000,00,2,4,02,B01
200900022817,0,32,000,00,2,1,02,A01
200900022818,0,10,000,00,0,0,09,A01
200900022818,0,36,000,01,0,3,21,B01
200900022819,0,10,000,00,2,2,01,A01
200900022819,0,07,000,01,2,4,01,B01
200900022820,1,07,000,00,2,8,15,B01
200900022820,0,02,000,00,2,1,01,A01
200900022821,0,30,000,00,2,1,02,A01
200900022821,0,07,000,00,2,5,02,B01
200900022822,0,07,000,00,2,1,01,A01
200900022822,0,02,000,00,2,8,15,B01
200900022823,0,07,000,00,2,1,15,A01
200900022823,0,30,000,01,2,7,01,B01
200900022824,0,07,000,00,2,1,02,A01
200900022824,0,07,000,00,2,4,02,B01
200900022825,0,07,000,00,1,1,01,A01
200900022826,0,37,003,00,2,5,01,B01
200900022826,0,07,000,00,2,6,01,A01
200900022827,0,02,000,00,2,1,02,A01
200900022827,0,10,000,00,2,4,02,B01
200900022828,0,07,000,00,2,1,02,A01
200900022828,0,07,000,00,2,4,01,C01
200900022828,0,31,000,00,2,0,02,B01
200900022829,0,07,000,00,2,6,11,A01
200900022829,0,33,000,00,2,7,01,B01
200900022830,0,10,000,00,1,4,04,A01
200900022831,0,10,000,00,1,4,04,A01
200900022832,0,07,000,00,2,1,15,A01
200900022832,0,31,000,00,2,1,01,B01
200900022833,0,07,000,00,2,3,15,A01
200900022833,0,33,000,00,2,1,01,B01
200900022834,0,07,000,00,2,2,01,A01
200900022834,0,07,000,00,2,8,01,B01
200900022835,0,07,000,16,0,3,13,A01
200900022836,0,31,000,00,2,1,01,A01
200900022836,0,13,000,00,2,5,15,B01
200900022837,0,07,000,00,2,1,01,A01
200900022837,0,02,000,00,2,4,01,B01
200900022838,0,07,000,03,0,2,14,A01
200900022839,0,31,000,06,0,2,01,A01
200900022840,0,07,000,00,1,1,01,A01
200900022841,0,01,000,00,2,3,11,A01
200900022841,0,07,000,00,2,7,01,B01
200900022842,0,30,000,13,0,0,00,A01
200900022843,0,32,000,00,2,1,13,A01
200900022843,0,10,000,00,0,6,13,B01
200900022844,0,07,000,00,2,4,23,B01
200900022844,0,02,000,00,2,1,01,A01
200900022845,0,07,000,00,1,1,15,A01
200900022846,0,31,000,00,2,1,01,A01
200900022846,0,07,000,00,2,4,23,B01
200900022847,0,07,000,00,2,5,01,B01
200900022847,0,33,000,00,2,1,01,A01
200900022848,0,07,000,00,2,1,01,B01
200900022848,0,32,000,00,2,1,05,A01
200900022849,0,07,000,00,2,1,02,B01
200900022849,0,07,000,00,2,1,13,A01
200900022850,0,07,000,00,2,3,01,A01
200900022850,0,07,000,00,1,5,01,B01
200900022851,0,07,000,00,2,3,09,A01
200900022851,0,33,000,00,2,1,01,B01
200900022852,0,37,001,00,2,4,23,B01
200900022852,0,02,000,00,2,1,01,A01
200900022853,0,10,000,00,1,1,01,A01
200900022854,0,07,000,00,1,0,04,A01
200900022855,0,02,000,00,2,1,15,A01
200900022855,0,33,000,00,2,1,01,B01
200900022856,0,07,000,00,1,3,01,A01
200900022857,0,33,000,08,0,1,14,A01
200900022858,0,31,000,00,2,1,01,B01
200900022858,0,07,000,00,2,1,10,A01
200900022859,0,07,000,00,2,7,15,A01
200900022859,0,31,000,00,2,1,01,B01
200900022860,0,07,000,00,2,4,02,B01
200900022860,0,30,000,00,2,1,02,A01
200900022861,0,07,000,00,1,1,00,A01
200900022862,0,07,000,00,2,1,01,B01
200900022862,0,32,000,00,2,1,00,A01
200900022863,0,01,000,00,2,9,01,B01
200900022863,0,10,000,00,2,4,14,A01
200900022864,0,33,000,00,2,1,21,B01
200900022864,0,07,000,00,2,4,15,A01
200900022865,0,07,000,00,2,4,01,B01
200900022865,0,07,000,00,2,1,01,A01
200900022865,0,07,000,00,2,4,01,C01
200900022866,0,07,000,00,2,1,01,B01
200900022866,0,07,000,00,2,7,15,A01
200900022867,0,14,000,00,2,7,01,B01
200900022867,0,02,000,00,2,8,09,A01
200900022868,0,02,000,00,2,1,01,B01
200900022868,0,07,000,00,2,3,06,A01
200900022869,0,33,000,00,0,0,00,A01
200900022870,0,01,000,00,0,0,00,A01
200900022871,0,07,000,00,1,7,01,A01
200900022872,1,07,000,00,2,2,17,A01
200900022872,0,30,000,00,0,8,01,B01
200900022873,0,10,000,00,1,1,01,A01
200900022874,0,07,000,00,2,4,23,D01
200900022874,0,07,000,00,2,1,01,A01
200900022874,0,07,000,00,2,4,23,C01
200900022874,0,07,000,00,2,4,23,B01
200900022875,0,30,000,00,0,4,01,B01
200900022875,0,07,000,00,2,3,01,A01
200900022876,0,07,000,00,1,1,01,A01
200900022877,0,07,000,00,1,1,21,A01
200900022878,0,32,000,00,2,1,01,B01
200900022878,0,07,000,00,0,8,09,A01
200900022879,0,10,000,00,2,2,01,A01
200900022879,0,37,001,00,2,6,20,B01
200900022880,0,02,000,00,1,1,17,A01
200900022881,0,07,000,00,2,1,02,A01