Num_Acc,senc,catv,occutc,obs,obsm,choc,manv,num_veh
200900022881,0,07,000,00,0,4,02,B01
200900022882,0,30,000,00,0,0,00,A01
200900022883,0,07,000,09,0,1,14,A01
200900022884,0,02,000,00,1,1,17,A01
200900022885,0,07,000,09,0,1,01,A01
200900022886,0,07,000,00,0,4,23,B01
200900022886,0,07,000,00,2,1,01,A01
200900022887,0,32,000,00,2,1,01,B01
200900022887,0,07,000,00,2,7,15,A01
200900022888,0,30,000,00,2,1,00,B01
200900022888,0,07,000,00,2,1,05,A01
200900022889,0,07,000,00,0,3,01,B01
200900022889,0,07,000,00,2,3,13,A01
200900022889,0,34,000,00,0,1,01,C01
200900022890,0,07,000,00,2,4,02,B01
200900022890,0,10,000,00,2,1,02,A01
200900022891,0,07,000,00,0,4,23,B01
200900022891,0,07,000,00,2,1,01,A01
200900022892,0,32,000,00,0,0,01,A01
200900022893,0,07,000,00,0,0,16,A01
200900022893,0,07,000,00,0,0,01,B01
200900022893,0,32,000,00,0,0,17,C01
200900022894,0,02,000,00,2,1,01,B01
200900022894,0,07,000,00,2,2,15,A01
200900022895,0,07,000,00,2,3,09,A01
200900022895,0,07,000,00,2,2,01,C01
200900022895,0,02,000,00,2,1,01,B01
200900022896,0,07,000,00,2,1,01,B01
200900022896,0,07,000,00,2,6,19,A01
200900022897,0,07,000,00,1,0,00,A01
200900022898,0,07,000,00,2,1,01,A01
200900022898,0,07,000,00,2,4,02,B01
200900022899,0,07,000,00,2,1,00,B01
200900022899,0,33,000,00,2,1,00,A01
200900022900,0,01,000,00,0,2,01,A01
200900022901,0,14,000,00,2,3,01,B02
200900022901,0,07,000,12,2,1,13,A01
200900022902,0,07,000,01,0,1,01,A01
200900022903,0,30,000,00,2,8,01,B02
200900022903,0,07,000,00,2,1,15,A01
200900022904,0,07,000,00,1,1,01,A01
200900022905,0,07,000,05,0,8,14,A01
200900022906,0,02,000,00,0,1,01,A01
200900022907,0,33,000,04,0,0,14,A01
200900022908,0,33,000,00,2,1,01,B02
200900022908,0,07,000,00,2,5,15,A01
200900022909,0,07,000,02,0,3,00,A01
200900022910,0,07,000,08,0,7,01,A01
200900022911,0,33,000,00,2,1,02,B02
200900022911,0,21,000,00,0,4,02,A01
200900022912,0,07,000,00,2,1,01,C03
200900022912,0,07,000,00,2,1,01,B02
200900022912,0,33,000,00,2,4,23,A01
200900022913,0,07,000,00,0,0,15,A01
200900022913,0,33,000,00,0,0,01,B02
200900022914,0,14,000,00,0,6,15,B02
200900022914,0,33,000,00,2,2,21,A01
200900022915,0,33,000,00,2,1,02,B01
200900022915,0,07,000,00,2,3,15,A01
200900022916,0,07,000,00,1,2,01,A01
200900022917,0,07,000,00,0,0,01,A01
200900022918,0,07,000,00,2,3,13,A01
200900022918,0,10,000,00,2,3,01,B02
200900022919,0,07,000,00,2,1,01,B02
200900022919,0,07,000,00,2,7,15,A01
200900022920,0,07,000,00,2,1,01,B02
200900022920,0,30,000,00,2,3,15,A01
200900022921,0,07,000,00,2,1,15,A01
200900022921,0,31,000,00,2,7,02,B01
200900022922,0,31,000,13,0,0,06,A01
200900022923,0,07,000,00,1,1,01,A01
200900022924,0,33,000,00,2,1,17,B02
200900022924,0,07,000,00,2,8,19,A01
200900022925,0,07,000,00,2,1,01,B02
200900022925,0,02,000,00,2,3,01,A01
200900022926,0,30,000,00,0,7,16,A01
200900022927,0,33,000,00,2,1,01,B02
200900022927,0,07,000,00,2,2,15,A01
200900022928,0,38,045,00,2,8,01,B02
200900022928,0,33,000,00,2,1,13,A01
200900022929,0,07,000,00,2,6,15,A01
200900022929,0,33,000,00,2,1,17,B02
200900022930,0,20,000,00,0,0,15,A01
200900022931,0,33,000,00,2,1,03,B02
200900022931,0,07,000,00,2,3,09,A01
200900022932,0,07,000,02,0,9,13,A01
200900022933,0,07,000,00,2,2,01,A01
200900022933,0,01,000,00,0,1,01,B01
200900022934,1,07,000,00,1,1,01,A01
200900022935,0,33,000,00,2,1,17,A01
200900022935,0,07,000,00,0,6,15,B01
200900022936,0,07,000,00,2,1,01,A01
200900022936,0,07,000,00,2,4,23,B02
200900022936,0,10,000,00,2,1,01,C03
200900022937,0,07,000,08,0,2,01,A01
200900022938,0,07,000,00,2,3,13,B02
200900022938,0,07,000,00,2,3,01,A01
200900022939,0,07,000,00,1,2,01,A01
200900022940,0,07,000,00,2,3,15,A01
200900022940,0,30,000,00,2,1,00,B02
200900022941,0,07,000,00,2,3,05,A01
200900022941,0,33,000,00,2,3,05,B02
200900022942,0,07,000,02,0,2,01,A01
200900022943,0,33,000,04,0,8,01,A01
200900022944,0,07,000,00,2,3,01,B02
200900022944,0,07,000,00,2,3,13,A01
200900022945,0,07,000,00,2,3,09,A01
200900022945,0,30,000,00,2,1,00,B02
200900022946,0,33,000,00,2,7,17,A01
200900022946,0,10,000,00,0,3,01,B01
200900022947,0,07,000,02,0,1,13,A01
200900022948,0,07,000,00,2,1,01,A01
200900022948,0,07,000,00,2,3,15,B02
200900022949,0,10,000,16,0,9,01,A01
200900022950,0,33,000,00,2,1,02,A01
200900022950,0,07,000,00,0,3,15,B02
200900022951,0,07,000,13,0,9,01,A01
200900022952,0,07,000,06,0,1,01,A01
200900022953,0,07,000,00,1,1,01,A01
200900022954,0,07,000,00,2,8,09,A01
200900022954,0,33,000,00,2,1,01,B01
200900022955,0,30,000,13,0,2,01,A01
200900022956,0,07,000,00,0,9,01,A01
200900022957,0,31,000,00,2,7,01,B01
200900022957,0,07,000,00,2,1,01,A01
200900022958,0,15,000,00,2,4,02,B02
200900022958,0,07,000,00,2,1,02,A01
200900022959,0,07,000,00,2,2,01,B02
200900022959,0,07,000,00,2,3,13,A01
200900022960,0,07,000,00,2,7,19,A01
200900022960,0,33,000,00,2,2,01,B02
200900022961,0,07,000,00,2,1,19,A01
200900022961,0,10,000,00,2,6,01,B02
200900022962,0,02,000,11,0,3,00,A01
200900022963,0,07,000,03,0,1,01,A01
200900022964,0,17,000,00,2,7,12,A01
200900022964,0,07,000,00,2,8,00,B01
200900022965,0,07,000,00,2,3,01,B01
200900022965,0,01,000,00,2,1,00,A01
200900022966,0,33,000,16,0,1,01,A01
200900022967,0,07,000,00,2,3,01,B02
200900022967,0,07,000,00,2,2,02,A01
200900022968,0,07,000,00,1,2,01,B01
200900022968,0,01,000,00,2,1,01,A01
200900022969,0,10,000,00,2,1,01,A01
200900022969,0,07,000,00,2,4,02,C01
200900022969,0,07,000,00,2,4,02,B01
200900022970,0,07,000,00,1,1,01,C01
200900022970,0,07,000,00,2,4,01,B01
200900022970,0,33,000,00,2,1,01,A01
200900022971,0,07,000,02,0,1,01,A01
200900022972,0,31,000,13,0,1,01,A01
200900022973,0,07,000,00,2,8,10,A01
200900022973,0,33,000,00,2,1,01,B01
200900022974,0,07,000,00,2,1,15,A01
200900022974,0,07,000,00,2,7,01,B01
200900022975,0,07,000,00,2,2,15,A01
200900022975,0,33,000,00,2,8,00,B01
200900022976,0,07,000,00,2,1,02,A01
200900022976,0,07,000,00,2,4,02,B01
200900022977,0,32,000,00,2,8,01,A01
200900022977,0,07,000,00,2,2,16,B01
200900022978,0,01,000,00,2,6,01,B01
200900022978,0,07,000,00,2,1,01,A01
200900022979,0,21,000,08,0,0,01,A01
200900022980,0,07,000,00,0,0,00,A01
200900022980,0,07,000,00,0,0,00,B01
200900022981,0,02,000,00,0,1,00,A01
200900022982,0,30,000,00,0,0,00,A01
200900022983,0,02,000,00,0,0,00,B01
200900022983,0,07,000,00,0,0,00,A01
200900022984,0,07,000,00,2,0,00,B01
200900022984,0,07,000,00,2,0,00,A01
200900022985,0,07,000,10,2,1,13,A01
200900022985,0,33,000,00,2,1,01,D04
200900022985,0,33,000,00,2,1,01,B02
200900022985,0,33,000,10,2,8,01,C03
200900022986,0,07,000,00,2,4,23,B02
200900022986,0,07,000,00,2,1,01,A01
200900022987,0,02,000,00,0,0,00,B01
200900022987,0,07,000,00,0,0,00,A01
200900022988,0,10,000,00,2,4,01,A01
200900022988,0,07,000,00,2,1,01,B01
200900022989,0,07,000,00,2,0,00,B01
200900022989,0,07,000,00,2,0,00,A01
200900022990,0,07,000,00,0,0,00,A01
200900022990,0,07,000,00,0,0,00,B01
200900022991,0,07,000,00,2,0,00,B01
200900022991,0,07,000,00,2,0,01,A01
200900022992,1,99,000,00,1,0,00,A01
200900022993,0,07,000,00,0,0,00,A01
200900022994,0,07,000,06,0,1,16,A01
200900022995,0,07,000,00,2,8,00,B01
200900022995,0,07,000,00,2,5,00,A01
200900022996,0,33,000,05,0,1,01,A01
200900022997,0,07,000,13,0,9,13,A01
200900022998,0,99,000,00,0,0,00,A01
200900022999,0,30,000,00,2,0,17,B01
200900022999,0,07,000,00,2,3,15,A01
200900023000,0,33,000,00,2,0,01,A01
200900023000,0,07,000,00,2,0,01,B01
200900023001,0,07,000,00,2,3,00,B02
200900023001,0,33,000,13,2,2,13,A01
200900023002,0,07,000,00,2,0,01,B01
200900023002,0,07,000,00,2,0,01,A01
200900023002,0,13,000,00,2,0,01,C01
200900023003,0,07,000,00,2,0,01,B01
200900023003,0,33,000,00,2,0,01,A01
200900023004,0,07,000,00,2,4,01,B01
200900023004,0,07,000,00,2,4,01,C01
200900023004,0,07,000,00,2,4,01,A01
200900023005,0,07,000,00,2,0,01,A01
200900023005,0,07,000,00,0,4,00,B01
200900023006,0,17,000,14,0,1,02,B02
200900023006,0,07,000,03,0,6,23,A01
200900023006,0,17,000,14,0,1,02,C03
200900023007,0,07,000,00,0,0,00,A01
200900023008,0,30,000,00,2,7,01,B01
200900023008,0,10,000,00,2,1,01,A01
200900023009,0,07,000,00,2,3,01,B02
200900023009,0,30,000,00,2,7,15,A01
200900023010,0,33,000,00,2,1,17,A01
200900023010,0,07,000,00,2,3,01,B02
200900023011,0,07,000,00,2,1,02,A01
200900023011,0,15,000,00,2,4,02,B02
200900023012,0,07,000,02,0,1,01,A01
200900023013,0,07,000,10,0,1,15,A01
200900023014,0,07,000,00,1,2,01,A01
200900023015,0,31,000,00,9,1,17,A01
200900023015,0,01,000,00,2,1,01,B02
200900023016,0,31,000,00,0,0,00,A01
200900023017,0,31,000,00,0,0,00,A01
200900023018,0,33,000,00,2,1,01,C02
200900023018,0,33,000,00,2,1,01,B01
200900023018,0,07,000,00,2,8,19,A03
200900023019,0,33,000,00,2,1,12,A01
200900023019,0,07,000,00,2,6,20,B01
200900023020,0,07,000,06,0,1,01,A01
200900023021,0,07,000,13,0,1,13,A01
200900023022,0,07,000,00,0,0,00,A01
200900023023,0,07,000,00,0,0,00,A01
200900023024,0,07,000,14,0,0,00,A01
200900023025,0,17,000,00,2,6,01,B02
200900023025,0,33,000,00,2,1,17,A01
200900023026,0,07,000,00,2,8,00,A01
200900023026,0,07,000,00,2,6,00,B01
200900023027,0,07,000,00,1,0,01,A01
200900023028,0,07,000,00,0,0,00,A01
200900023029,0,07,000,00,0,0,00,B01
200900023029,0,07,000,00,0,0,00,A01
200900023030,0,07,000,00,2,1,00,A01
200900023030,0,07,000,00,2,0,01,B01
200900023031,0,07,000,00,0,0,00,A01
200900023032,0,07,000,00,6,1,00,A01
200900023033,0,07,000,00,0,0,00,A01
200900023033,0,07,000,00,0,0,00,B01
200900023034,0,31,000,00,2,1,01,B02
200900023034,0,10,000,00,2,6,19,A01
200900023035,0,07,000,00,2,1,01,A01
200900023035,0,07,000,00,0,4,00,B01
200900023036,0,02,000,00,2,1,01,A01
200900023036,0,13,000,00,2,4,01,B01
200900023037,0,07,000,02,0,1,14,A01
200900023038,0,07,000,11,9,1,00,A01
200900023039,0,07,000,00,0,0,00,B01
200900023039,0,02,000,00,2,0,00,A01
200900023040,0,33,000,00,2,4,01,A01
200900023040,0,07,000,00,0,0,01,B01
200900023041,0,07,000,00,2,4,00,A01
200900023041,0,07,000,00,0,0,00,B01
200900023042,0,01,000,00,0,1,00,A01
200900023042,0,07,000,00,0,1,00,B01
200900023043,0,07,000,00,0,0,00,A01
200900023044,0,10,000,00,2,2,01,A01
200900023044,0,10,000,00,0,2,01,B02
200900023045,0,07,000,00,2,3,15,B01
200900023045,0,31,000,00,2,1,17,A01
200900023046,0,07,000,00,2,8,15,B01
200900023046,0,02,000,00,2,1,17,A01
200900023047,0,01,000,00,0,0,01,A01
200900023048,0,07,000,00,1,1,01,A01
200900023049,0,02,000,15,0,1,01,A01
200900023050,0,33,000,00,2,1,01,B01
200900023050,0,07,000,00,2,3,16,A01
200900023051,0,07,000,00,2,2,15,A01
200900023051,0,33,000,00,2,1,01,B01
200900023052,0,07,000,00,2,3,01,B01
200900023052,0,07,000,00,2,1,01,A01
200900023053,0,07,000,00,2,1,01,B01
200900023053,0,07,000,00,2,1,13,A01
200900023054,0,07,000,00,1,7,01,A01
200900023055,0,07,000,00,2,1,01,B01
200900023055,0,30,000,00,2,0,09,A01
200900023056,0,01,000,00,2,8,01,B01
200900023056,0,37,000,00,2,7,01,A01
200900023057,1,07,000,00,2,1,01,A01
200900023057,0,30,000,00,2,4,00,B01
200900023058,0,30,000,00,2,1,01,A01
200900023058,0,07,000,00,2,1,23,B01
200900023059,0,07,000,00,2,3,01,B01
200900023059,0,07,000,00,2,1,13,A01
200900023060,0,07,000,00,2,2,15,A01
200900023060,0,31,000,00,2,1,01,B01
200900023061,0,37,007,00,2,6,23,B01
200900023061,0,07,000,14,0,2,01,A01
200900023062,0,30,000,00,2,1,01,A01
200900023062,0,07,000,00,2,8,01,B01
200900023063,0,07,000,00,2,4,23,B01
200900023063,0,07,000,00,2,1,01,A01
200900023064,0,30,000,00,0,0,00,A01
200900023065,0,21,000,00,2,5,15,A01
200900023065,0,33,000,00,2,1,01,B02
200900023066,0,01,000,00,2,1,01,B02
200900023066,0,07,000,00,9,3,09,A01
200900023067,0,01,000,00,2,7,01,B02
200900023067,0,07,000,00,2,3,19,A01
200900023068,0,30,000,00,2,1,01,A01
200900023068,0,07,000,00,2,3,15,B02
200900023069,0,07,000,09,0,1,01,A01
200900023070,0,33,000,00,2,3,01,A01
200900023070,0,07,000,00,0,5,19,B02
200900023071,0,07,000,00,2,3,15,B02
200900023071,0,30,000,00,2,1,01,A01
200900023072,0,07,000,00,2,1,13,A01
200900023072,0,07,000,00,2,1,01,B02
200900023073,0,07,000,00,2,3,13,A01
200900023073,0,07,000,00,0,3,01,B02
200900023074,0,07,000,13,0,3,13,A01
200900023075,0,07,000,00,1,1,15,A01
200900023076,0,07,000,00,2,3,02,A01
200900023076,0,07,000,00,2,3,02,B02
200900023077,0,07,000,00,2,3,01,A01
200900023077,0,07,000,00,2,7,01,B02
200900023078,0,33,000,00,2,1,17,B02
200900023078,0,07,000,00,2,8,15,A01
200900023079,0,33,000,00,2,1,02,B02
200900023079,0,07,000,00,0,4,23,A01
200900023080,0,33,000,00,2,7,17,B02
200900023080,0,07,000,00,2,8,17,A01
200900023081,0,07,000,00,2,1,01,B02
200900023081,0,07,000,00,2,4,13,A01
200900023082,0,07,000,00,2,0,01,A01
200900023082,0,30,000,00,2,8,19,B02
200900023083,0,07,000,13,0,0,19,A01
200900023084,0,32,000,00,2,1,01,B02
200900023084,0,10,000,00,2,2,19,A01
200900023085,0,07,000,00,0,6,23,C03
200900023085,0,07,000,00,2,3,01,B02
200900023085,0,07,000,00,2,2,15,A01
200900023086,0,07,000,00,2,2,21,B02
200900023086,0,07,000,00,2,6,13,A01
200900023087,0,07,000,00,1,7,01,A01
200900023088,0,07,000,02,0,3,13,A01
200900023089,0,30,000,13,0,0,01,A01
200900023090,0,07,000,00,2,3,15,A01
200900023090,0,33,000,00,2,1,17,B01
200900023091,0,07,000,00,2,4,23,A01
200900023091,0,02,000,00,2,1,02,B01
200900023092,0,07,000,00,2,5,12,B01
200900023092,0,30,000,00,2,8,11,A01
200900023093,0,07,000,00,2,7,01,B01
200900023093,0,01,000,00,2,1,01,A01
200900023094,0,02,000,00,2,1,01,A01
200900023094,0,07,000,00,0,4,01,B01
200900023095,0,33,000,00,2,1,01,B01
200900023095,0,07,000,00,2,6,15,A01
200900023096,0,31,000,02,0,1,13,A01
200900023097,0,07,000,00,2,8,11,A01
200900023097,0,33,000,00,2,7,01,B01
200900023098,0,07,000,00,2,4,01,C01
200900023098,0,07,000,00,2,1,01,A01
200900023098,0,07,000,00,2,1,01,B01
200900023099,0,07,000,00,2,4,01,B01
200900023099,0,02,000,00,2,1,01,A01
200900023100,0,07,000,00,2,1,02,A01
200900023100,0,07,000,00,2,4,01,B01
200900023101,0,33,000,00,2,1,01,A01
200900023101,0,21,000,00,2,8,15,B02
200900023102,0,31,000,00,2,1,01,B02
200900023102,0,07,000,00,2,8,10,A01
200900023103,0,31,000,00,2,1,01,B02
200900023103,0,07,000,00,2,2,15,A01
200900023104,0,33,000,00,2,1,01,A01
200900023104,0,07,000,00,2,3,01,B01
200900023105,0,07,000,00,2,7,17,A01
200900023105,0,30,000,00,2,8,15,B01
200900023106,0,33,000,00,0,0,21,A01
200900023107,0,07,000,00,2,5,20,B01
200900023107,0,30,000,01,2,1,01,A01
200900023108,0,02,000,15,0,1,01,A01
200900023109,0,37,003,00,2,6,23,C01
200900023109,0,07,000,00,2,1,02,A01
200900023109,0,07,000,00,2,1,23,B01
200900023110,0,02,000,00,0,0,15,A01
200900023111,0,07,000,00,1,1,01,A01
200900023112,0,01,000,00,2,7,01,B01
200900023112,0,07,000,00,2,1,01,A01
200900023113,0,07,000,00,1,1,01,A01
200900023114,1,07,000,00,1,1,01,A01
200900023115,0,01,000,00,2,1,01,A01
200900023115,0,07,000,00,2,1,15,B01
200900023116,0,01,000,14,0,1,02,B01
200900023116,0,01,000,00,0,0,01,A01
200900023117,0,30,000,12,0,8,01,A01
200900023118,0,01,000,00,2,6,01,B01
200900023118,0,07,000,00,2,1,01,A01
200900023119,0,07,000,00,0,4,23,B01
200900023119,0,01,000,00,2,1,01,A01
200900023120,0,07,000,02,0,1,14,A01
200900023121,0,07,000,00,2,4,23,A01
200900023121,0,01,000,00,2,1,01,B01
200900023122,1,01,000,00,1,1,01,A01
200900023123,0,30,000,00,0,8,01,A01
200900023124,0,33,000,00,2,0,21,B01
200900023124,0,07,000,00,2,0,15,A01
200900023125,0,10,000,16,0,2,01,A01
200900023126,0,02,000,00,1,1,01,A01
200900023127,0,07,000,00,1,1,01,A01
200900023128,0,07,000,00,1,1,18,A01
200900023129,0,31,000,00,2,8,09,B02
200900023129,0,07,000,00,2,3,01,A01
200900023130,0,07,000,00,0,3,01,A01
200900023130,0,07,000,00,0,3,13,B02
200900023131,0,33,000,00,0,0,01,A01
200900023132,0,33,000,00,2,1,14,A01
200900023132,0,01,000,00,0,4,01,B02
200900023133,0,07,000,00,2,1,01,B02
200900023133,0,07,000,00,2,8,09,A01
200900023134,0,07,000,02,0,8,01,A01
200900023135,0,07,000,06,0,1,01,A01
200900023136,0,07,000,00,0,1,01,B02
200900023136,0,07,000,00,0,5,01,A01
200900023137,0,02,000,00,2,1,09,A01
200900023137,0,07,000,00,2,1,01,B02
200900023138,0,30,000,00,2,1,19,A01
200900023138,0,07,000,00,2,2,01,B02
200900023139,0,07,000,00,2,2,01,B02
200900023139,0,07,000,00,2,2,13,A01
200900023140,0,33,000,00,2,1,01,B02
200900023140,0,07,000,00,2,6,15,A01
200900023141,0,07,000,00,2,2,01,B02
200900023141,0,10,000,00,2,3,15,A01
200900023142,0,33,000,00,2,8,01,B02
200900023142,0,33,000,00,2,8,01,A01
200900023143,0,07,000,00,2,3,01,A01
200900023143,0,07,000,00,2,1,01,B01
200900023144,0,07,000,00,2,8,15,A01
200900023144,0,01,000,00,2,1,16,B01
200900023145,0,30,000,00,2,2,17,B01
200900023145,0,07,000,00,2,3,15,A01
200900023146,0,07,000,00,2,2,16,A01
200900023146,0,01,000,00,2,4,01,B01
200900023147,0,07,000,00,2,5,15,A01
200900023147,0,30,000,08,2,1,01,B01
200900023148,0,07,000,00,1,2,01,A01
200900023149,0,07,000,00,1,1,01,A01
200900023150,0,02,000,01,2,2,01,A01
200900023150,0,07,000,00,2,3,01,B01
200900023151,0,07,000,00,2,1,15,A01
200900023151,0,33,000,00,2,1,01,B01
200900023152,0,07,000,00,1,3,01,A01
200900023153,1,01,000,00,1,0,00,A01
200900023154,0,07,000,00,2,3,01,A01
200900023154,0,07,000,00,2,7,20,B01
200900023155,0,07,000,00,1,4,04,A01
200900023156,0,07,000,00,1,1,23,B01
200900023156,0,07,000,14,0,1,02,A01
200900023157,0,07,000,01,1,1,01,A01
200900023158,0,33,000,00,2,3,17,B01
200900023158,0,07,000,00,2,3,15,A01
200900023159,0,30,000,11,0,1,01,A01
200900023160,0,07,000,00,2,4,01,B01
200900023160,0,07,000,00,2,1,02,A01
200900023161,0,01,000,00,2,1,00,B02
200900023161,0,07,000,00,9,3,01,A01
200900023162,0,33,000,00,2,8,01,B02
200900023162,0,07,000,00,2,2,17,A01
200900023163,0,33,000,14,0,7,01,A01
200900023164,0,07,000,00,2,3,13,A01
200900023164,0,07,000,00,2,3,02,B02
200900023165,0,02,000,00,2,1,13,A01
200900023165,0,07,000,00,2,1,01,B02
200900023166,0,07,000,02,0,3,13,A01
200900023167,0,07,000,00,0,9,01,A01
200900023168,0,07,000,00,0,1,17,A01
200900023169,0,07,000,02,0,1,14,A01
200900023170,0,03,000,02,0,1,01,A01
200900023171,0,07,000,10,0,8,01,A01
200900023172,0,07,000,00,0,0,00,A01
200900023173,0,02,000,00,0,0,00,A01
200900023174,0,07,000,00,2,7,00,A01
200900023174,0,07,000,00,2,3,19,B02
200900023175,0,02,000,00,2,8,15,B02
200900023175,0,07,000,00,2,7,17,A01
200900023176,0,07,000,02,0,3,01,A01
200900023177,0,02,000,10,0,1,01,A01
200900023178,0,36,000,06,0,3,13,A01
200900023179,0,33,000,03,0,8,01,A01
200900023180,0,33,000,00,0,1,01,A01
200900023181,0,30,000,00,0,1,01,A01
200900023182,0,30,000,00,2,1,01,B02
200900023182,0,07,000,00,2,2,15,A01
200900023183,0,15,000,00,2,1,01,B02
200900023183,0,07,000,00,2,2,17,A01
200900023184,0,02,000,00,2,1,01,B02
200900023184,0,07,000,00,2,5,16,A01
200900023185,0,07,000,13,0,2,13,A01
200900023186,0,33,000,08,0,2,01,A01
200900023187,0,07,000,00,0,7,19,A01
200900023187,0,07,000,00,2,1,01,B02
200900023188,0,01,000,00,0,0,01,A01
200900023189,0,07,000,02,0,8,01,A01
200900023190,0,33,000,00,2,3,01,B02
200900023190,0,07,000,00,2,3,01,A01
200900023191,0,01,000,00,2,3,01,B01
200900023191,1,07,000,01,2,5,17,A01
200900023192,0,07,000,00,2,2,01,B01
200900023192,0,07,000,00,2,8,09,A01
200900023193,0,07,000,00,1,1,01,A01
200900023194,0,07,000,00,1,5,01,A01
200900023195,0,07,000,00,1,2,01,A01
200900023196,0,01,000,00,2,1,01,B01
200900023196,0,10,000,00,2,8,22,A01
200900023197,2,30,000,00,2,1,17,B01
200900023197,0,32,000,00,2,3,09,A01
200900023198,0,07,000,00,2,2,15,B01
200900023198,0,32,000,00,2,7,01,A01
200900023199,0,07,000,00,1,1,01,A01
200900023200,0,07,000,12,0,2,01,A01
200900023201,0,30,000,00,9,1,05,A01
200900023201,0,30,000,00,9,1,00,B01
200900023202,0,07,000,00,2,8,01,B01
200900023202,0,07,000,00,2,2,21,A01
200900023203,0,01,000,12,0,1,01,A01
200900023204,0,07,000,00,2,4,23,B01
200900023204,0,07,000,00,2,4,23,C01
200900023204,0,10,000,00,2,1,01,A01
200900023205,0,07,000,00,2,7,17,A01
200900023205,0,30,000,00,2,8,01,B01
200900023206,0,07,000,00,2,1,02,A01
200900023206,0,07,000,00,2,4,02,B01
200900023206,0,07,000,00,2,4,02,C01
200900023207,0,07,000,00,9,3,00,B01
200900023207,0,01,000,00,2,1,00,A01
200900023208,0,07,000,00,2,1,02,A01
200900023208,0,07,000,00,2,4,23,B01
200900023209,0,07,000,00,2,4,23,B01
200900023209,0,07,000,00,2,4,23,C01
200900023209,0,07,000,00,2,1,01,A01
200900023210,0,07,000,00,2,3,15,A01
200900023210,0,07,000,00,2,3,01,B01
200900023211,1,02,000,00,1,1,15,A01
200900023212,0,07,000,00,2,4,23,B01
200900023212,0,07,000,00,2,1,02,A01
200900023213,0,33,000,00,2,1,01,A01
200900023213,0,33,000,00,0,4,01,B02
200900023214,0,10,000,00,0,5,17,A01
200900023214,0,30,000,00,0,3,01,B02
200900023215,0,10,000,00,2,3,01,D04
200900023215,0,10,000,00,2,1,01,B02
200900023215,0,07,000,00,2,3,13,A01
200900023215,0,10,000,00,2,8,01,C03
200900023216,0,30,000,01,0,1,00,A01
200900023217,0,07,000,00,2,3,01,B02
200900023217,0,07,000,00,2,1,13,A01
200900023218,0,07,000,00,9,1,23,B02
200900023218,0,33,000,00,2,1,01,A01
200900023218,0,07,000,00,2,3,15,C03
200900023219,0,02,000,00,2,1,02,A01
200900023219,0,07,000,00,2,5,23,B02
200900023220,0,33,000,00,0,1,15,A01
200900023221,0,31,000,06,0,1,01,A01
200900023222,0,07,000,00,5,4,01,A01
200900023222,0,07,000,00,2,1,01,B02
200900023223,0,33,000,00,0,2,01,A01
200900023224,0,14,000,00,0,7,19,A01
200900023224,0,07,000,00,2,1,01,B02
200900023225,0,36,000,15,0,1,13,A01
200900023226,0,33,000,13,0,1,01,A01
200900023227,0,07,000,00,1,2,01,A01
200900023228,0,07,000,00,2,2,01,B01
200900023228,0,30,000,00,2,1,01,A01
200900023229,0,37,000,00,1,5,02,A01
200900023230,0,07,000,00,2,5,23,B01
200900023230,0,07,000,00,2,2,02,A01
200900023231,0,07,000,00,1,1,01,A01
200900023232,0,07,000,00,2,4,02,B01
200900023232,0,07,000,00,0,4,02,C01
200900023232,0,07,000,00,2,1,02,A01
200900023232,1,07,000,00,0,0,02,D01
200900023233,0,01,000,00,2,1,17,A01
200900023233,0,07,000,00,2,3,15,C01
200900023233,0,01,000,00,2,1,17,B01
200900023234,0,07,000,00,2,2,09,A01
200900023234,0,07,000,00,2,6,02,B01
200900023235,0,07,000,02,2,7,01,A01
200900023236,0,07,000,15,0,6,01,A01
200900023237,0,02,000,00,2,8,01,B01
200900023237,0,07,000,00,2,1,01,A01
200900023238,1,07,000,00,2,5,12,A01
200900023238,0,02,000,00,2,1,01,B01
200900023239,0,07,000,00,1,2,01,A01
200900023240,0,07,000,00,2,1,01,A01
200900023240,0,07,000,00,2,5,01,B01
200900023241,0,10,000,07,2,1,06,A01
200900023241,0,07,000,00,2,8,01,B01
200900023242,0,07,000,14,2,6,01,B01
200900023242,0,07,000,00,2,2,19,A01
200900023243,0,07,000,00,2,4,23,B01
200900023243,1,10,000,00,2,1,02,A01
200900023244,0,07,000,00,1,2,00,A01
200900023245,0,30,000,00,2,8,17,A01
200900023245,0,07,000,00,2,6,15,B01
200900023246,0,07,000,00,2,8,01,B01
200900023246,0,07,000,00,2,1,01,A01
200900023247,0,07,000,00,2,4,23,B01
200900023247,0,07,000,00,2,4,23,C01
200900023247,0,07,000,00,2,1,02,A01
200900023247,0,07,000,00,2,4,23,D01
200900023247,0,07,000,00,2,4,23,E01
200900023248,0,30,000,00,2,1,17,A01
200900023248,0,07,000,00,2,8,15,B01
200900023249,0,31,000,00,2,7,01,B01
200900023249,0,07,000,02,2,1,01,A01
200900023250,0,07,000,00,2,6,02,C01
200900023250,0,07,000,00,2,1,02,A01
200900023250,0,07,000,00,2,4,02,B01
200900023251,0,07,000,00,2,8,15,A01
200900023251,0,07,000,00,2,1,01,B01
200900023252,0,07,000,00,2,2,16,B01
200900023252,0,02,000,00,2,6,13,A01
200900023253,0,07,000,00,1,2,01,A01