Num_Acc,senc,catv,occutc,obs,obsm,choc,manv,num_veh
200900026211,0,07,000,00,2,1,02,A01
200900026212,0,07,000,00,2,1,01,A01
200900026212,0,07,000,00,2,4,24,D01
200900026212,0,07,000,00,2,4,00,C01
200900026212,0,10,000,00,2,6,01,B01
200900026212,0,07,000,00,2,4,00,E01
200900026213,0,37,017,00,2,3,19,B02
200900026213,0,07,000,00,2,1,01,A01
200900026214,0,07,000,00,2,1,01,B01
200900026214,0,10,000,00,2,1,01,A01
200900026215,0,01,000,00,2,1,18,A01
200900026215,0,07,000,00,2,2,22,B01
200900026216,0,07,000,00,1,3,15,B01
200900026216,0,07,000,00,2,1,01,A01
200900026217,1,07,000,00,1,1,01,A01
200900026218,0,07,000,00,2,6,15,B01
200900026218,0,02,000,00,2,1,01,A01
200900026219,0,07,000,00,2,1,13,A01
200900026219,0,07,000,00,2,1,01,B01
200900026220,0,07,000,00,2,3,01,B01
200900026220,0,02,000,00,2,1,01,A01
200900026221,0,16,000,00,2,6,02,B02
200900026221,0,07,000,00,2,1,02,A01
200900026222,0,07,000,00,2,6,13,A01
200900026222,0,31,000,00,2,1,01,B02
200900026223,0,07,000,00,0,1,01,A01
200900026224,0,37,000,00,0,6,23,B02
200900026224,0,07,000,01,0,1,02,A01
200900026225,0,07,000,00,2,1,01,B02
200900026225,0,07,000,00,2,1,13,A01
200900026225,0,07,000,00,2,3,01,C03
200900026226,0,07,000,02,0,1,00,A01
200900026227,0,33,000,00,2,1,01,A01
200900026227,0,21,000,00,2,6,19,B02
200900026228,0,07,000,00,2,2,17,A01
200900026228,0,17,000,00,2,6,01,B02
200900026229,0,07,000,00,2,3,11,A01
200900026229,0,07,000,00,2,7,17,B02
200900026230,0,07,000,08,2,1,13,A01
200900026230,0,07,000,00,2,3,01,B02
200900026231,0,07,000,00,2,3,17,A01
200900026231,0,07,000,00,2,3,01,B02
200900026232,0,36,000,00,0,1,01,A01
200900026233,0,07,000,00,2,1,01,B02
200900026233,0,01,000,00,2,4,01,A01
200900026234,0,33,000,00,2,3,13,A01
200900026234,0,07,000,00,2,3,01,B02
200900026235,0,07,000,00,0,3,01,B02
200900026235,0,07,000,00,0,3,01,A01
200900026236,0,07,000,06,0,1,01,A01
200900026237,0,07,000,00,2,3,01,B02
200900026237,0,07,000,00,2,3,05,A01
200900026238,0,07,000,04,0,1,01,A01
200900026239,0,33,000,00,0,9,14,A01
200900026240,0,07,000,13,0,1,13,A01
200900026241,0,01,000,00,2,4,01,B02
200900026241,1,10,000,00,9,2,01,A01
200900026242,0,07,000,00,1,1,16,A01
200900026243,0,01,000,00,1,1,01,A01
200900026244,0,07,000,00,1,7,01,A01
200900026245,0,07,000,00,2,2,01,B01
200900026245,0,03,000,00,2,3,09,A01
200900026246,0,07,000,00,1,2,01,A01
200900026247,0,02,000,00,2,3,05,A01
200900026247,0,07,000,00,2,1,01,B01
200900026248,0,07,000,00,2,4,00,B01
200900026248,0,07,000,00,2,1,01,A01
200900026249,0,07,000,00,2,1,00,B01
200900026249,0,07,000,00,2,1,00,A01
200900026250,0,30,000,00,2,1,01,B01
200900026250,0,07,000,00,2,5,04,A01
200900026251,0,07,000,00,9,3,01,B02
200900026251,0,10,000,00,9,3,01,A01
200900026252,0,07,000,00,2,3,01,A01
200900026252,0,35,000,00,2,2,14,B02
200900026253,0,01,000,00,2,4,02,B01
200900026253,0,07,000,00,2,1,02,A01
200900026254,0,01,000,00,2,3,18,B01
200900026254,0,14,000,00,2,7,16,A01
200900026255,0,01,000,00,2,1,19,B02
200900026255,0,07,000,00,2,8,01,A01
200900026256,0,07,000,00,0,4,01,B01
200900026256,0,02,000,00,2,1,01,A01
200900026257,0,07,000,00,2,2,09,B01
200900026257,0,02,000,00,2,1,01,A01
200900026258,0,07,000,00,1,3,01,A01
200900026259,0,07,000,08,0,8,02,A01
200900026260,0,07,000,00,2,1,05,A01
200900026260,0,07,000,00,2,1,01,B01
200900026261,0,07,000,13,0,1,01,A01
200900026262,0,07,000,03,0,3,14,A01
200900026263,0,31,000,00,2,1,01,B02
200900026263,0,07,000,00,2,2,19,A01
200900026264,0,07,000,13,0,3,16,A01
200900026265,0,33,000,03,0,7,01,A01
200900026266,0,07,000,00,0,2,15,B01
200900026266,0,07,000,00,2,2,01,A01
200900026267,0,15,000,00,0,0,01,A01
200900026268,0,07,000,08,0,3,01,A01
200900026269,0,07,000,00,2,1,01,B02
200900026269,0,07,000,00,2,1,13,A01
200900026270,0,07,000,00,2,3,13,A01
200900026270,0,07,000,00,2,3,01,B02
200900026271,0,07,000,00,0,4,00,A01
200900026271,0,33,000,00,2,1,02,B02
200900026272,0,07,000,00,0,9,01,A01
200900026273,0,17,000,00,2,2,21,B02
200900026273,0,17,000,00,0,6,02,A01
200900026274,0,07,000,00,2,1,13,A01
200900026274,0,07,000,00,2,1,01,B02
200900026275,0,10,000,00,2,1,01,B02
200900026275,0,10,000,00,2,7,05,A01
200900026276,0,01,000,00,5,1,01,A01
200900026277,0,07,000,00,2,1,01,B02
200900026277,0,07,000,00,0,3,15,A01
200900026278,0,10,000,00,2,3,13,A01
200900026278,0,07,000,00,2,8,01,B02
200900026279,0,31,000,00,2,1,01,A01
200900026279,0,07,000,00,2,4,02,B01
200900026280,0,07,000,00,2,1,13,A01
200900026280,0,07,000,00,2,1,02,B01
200900026281,0,01,000,01,0,1,19,B01
200900026281,0,07,000,01,0,2,00,A01
200900026282,1,07,000,00,2,7,11,A01
200900026282,0,01,000,00,2,1,01,B01
200900026283,0,33,000,00,0,8,14,A01
200900026284,0,07,000,00,2,5,23,B01
200900026284,0,02,000,00,2,3,21,A01
200900026285,0,33,000,00,2,1,17,B01
200900026285,0,07,000,00,2,8,10,A01
200900026286,0,07,000,03,0,1,13,A01
200900026287,0,02,000,00,2,1,02,A01
200900026287,0,07,000,00,0,4,02,B01
200900026288,0,07,000,00,2,2,01,A01
200900026288,0,01,000,00,0,4,01,B01
200900026289,0,01,000,00,0,0,00,B02
200900026289,0,14,000,00,0,0,02,A01
200900026290,0,30,000,00,0,1,06,A01
200900026291,0,17,000,00,1,5,15,A01
200900026292,0,21,000,00,2,7,19,B02
200900026292,0,07,000,00,2,1,01,A01
200900026293,0,02,000,01,0,1,14,A01
200900026294,0,07,000,00,0,6,23,B02
200900026294,0,33,000,01,0,1,02,A01
200900026295,0,07,000,00,2,1,13,A01
200900026295,0,33,000,00,2,1,01,B02
200900026296,0,30,000,08,0,7,01,A01
200900026297,0,10,000,00,2,3,01,B02
200900026297,0,33,000,00,2,1,17,A01
200900026298,0,10,000,00,0,1,01,B02
200900026298,0,07,000,02,0,5,01,A01
200900026299,0,07,000,00,2,1,01,B02
200900026299,0,07,000,00,2,1,13,A01
200900026300,0,07,000,06,0,1,01,A01
200900026301,0,07,000,00,2,6,11,B02
200900026301,0,07,000,00,9,8,01,C03
200900026301,0,33,000,00,2,7,11,A01
200900026302,0,02,000,12,0,7,01,A01
200900026303,0,07,000,00,0,3,01,A01
200900026304,0,07,000,00,0,9,02,B02
200900026304,0,07,000,00,0,4,15,A01
200900026304,0,07,000,00,0,1,02,C03
200900026305,0,31,000,00,2,5,01,B02
200900026305,0,17,000,00,2,3,01,A01
200900026306,0,31,000,03,0,1,02,A01
200900026307,0,07,000,02,0,1,01,A01
200900026308,0,07,000,00,2,6,01,A01
200900026308,0,33,000,00,2,1,01,B02
200900026309,0,07,000,00,2,1,01,B02
200900026309,0,07,000,00,2,1,13,A01
200900026310,0,07,000,13,0,9,01,A01
200900026311,0,15,000,13,0,3,16,A01
200900026312,0,01,000,00,2,1,01,B02
200900026312,0,07,000,00,2,2,17,A01
200900026313,0,33,000,09,0,8,01,A01
200900026314,0,32,000,00,2,7,01,A01
200900026314,0,07,000,00,2,1,19,B01
200900026315,0,02,000,00,2,7,17,A01
200900026315,0,07,000,00,2,3,02,B01
200900026316,0,33,000,00,2,1,01,B01
200900026316,0,07,000,00,2,2,15,A01
200900026317,1,35,000,00,1,4,10,A01
200900026318,0,07,000,01,0,1,14,A01
200900026319,0,33,000,00,2,1,01,B01
200900026319,0,07,000,00,2,8,13,A01
200900026320,0,33,000,00,2,8,00,A01
200900026320,0,07,000,00,2,1,15,B01
200900026321,0,15,000,13,0,7,14,A01
200900026322,0,07,000,00,9,8,01,A01
200900026323,0,07,000,06,0,1,00,A01
200900026324,0,02,000,08,0,1,14,A01
200900026325,0,07,000,08,0,8,00,A01
200900026326,0,07,000,13,0,1,01,A01
200900026327,0,07,000,06,2,2,01,A01
200900026327,0,38,035,00,2,1,01,B02
200900026328,0,30,000,00,0,0,14,A01
200900026329,0,07,000,00,2,3,01,A01
200900026329,0,33,000,00,2,1,05,B02
200900026330,0,07,000,06,0,1,01,A01
200900026331,0,30,000,00,2,8,10,A01
200900026331,0,07,000,00,2,2,17,B02
200900026332,0,02,000,00,2,8,01,B02
200900026332,0,07,000,00,2,2,15,A01
200900026333,0,10,000,00,0,0,01,A01
200900026334,0,07,000,13,0,2,01,A01
200900026335,0,07,000,13,0,1,13,A01
200900026336,0,07,000,00,2,2,01,B02
200900026336,0,07,000,00,2,8,01,A01
200900026337,0,07,000,00,2,7,13,A01
200900026337,0,07,000,00,2,1,01,B02
200900026338,0,07,000,00,2,3,20,A01
200900026338,0,07,000,00,2,2,01,B02
200900026339,0,21,000,00,2,3,00,B02
200900026339,0,07,000,00,2,3,01,A01
200900026340,0,07,000,00,2,1,01,A01
200900026340,0,07,000,00,2,2,01,B02
200900026341,0,33,000,02,0,8,01,A01
200900026342,0,07,000,00,0,2,01,A01
200900026343,0,07,000,02,0,3,01,A01
200900026344,0,21,000,00,0,7,19,B02
200900026344,0,02,000,00,0,1,00,A01
200900026345,0,16,000,00,2,3,19,A01
200900026345,0,07,000,00,2,2,01,B02
200900026346,0,02,000,00,0,8,01,A01
200900026347,0,02,000,00,2,1,13,A01
200900026347,0,07,000,00,2,2,01,B02
200900026348,0,01,000,00,0,0,01,A01
200900026349,0,01,000,00,2,1,13,A01
200900026349,0,01,000,00,2,1,01,B01
200900026350,0,07,000,00,1,2,00,A01
200900026351,0,03,000,08,0,2,02,A01
200900026352,0,30,000,00,2,1,01,A01
200900026352,0,07,000,00,2,3,16,B02
200900026353,1,99,000,00,2,1,01,A01
200900026353,0,07,000,00,2,6,15,B01
200900026354,0,33,000,15,0,1,01,A01
200900026355,0,10,000,00,2,8,19,A01
200900026355,0,30,000,00,2,1,19,B02
200900026356,0,01,000,00,2,8,01,B02
200900026356,0,07,000,00,2,7,17,A01
200900026357,0,07,000,00,1,7,09,A01
200900026358,0,02,000,00,2,1,01,A01
200900026358,0,37,000,00,2,1,01,B01
200900026359,0,15,000,00,2,1,02,B02
200900026359,0,07,000,00,2,4,01,A01
200900026360,0,31,000,13,0,1,01,A01
200900026361,0,30,000,06,0,1,14,A01
200900026362,0,07,000,01,0,1,01,A01
200900026363,0,07,000,00,0,5,01,B01
200900026363,0,07,000,00,0,3,09,A01
200900026364,0,01,000,00,2,8,02,B01
200900026364,0,07,000,00,9,2,17,A01
200900026365,0,07,000,02,0,1,14,A01
200900026366,2,99,000,02,0,3,17,A01
200900026367,0,07,000,00,2,1,02,A01
200900026367,0,07,000,00,2,4,02,B01
200900026368,0,07,000,00,2,1,01,A01
200900026368,0,10,000,07,0,9,01,B01
200900026369,0,33,000,00,2,6,02,B02
200900026369,0,33,000,00,2,1,01,A01
200900026370,0,07,000,00,2,8,15,A01
200900026370,0,02,000,00,2,7,17,B01
200900026371,0,01,000,00,2,7,19,B01
200900026371,0,07,000,00,2,1,01,A01
200900026372,0,07,000,00,2,2,15,A01
200900026372,0,32,000,00,2,7,01,B01
200900026373,0,07,000,00,2,3,15,A01
200900026373,0,01,000,00,2,1,19,B01
200900026374,0,07,000,00,2,4,01,A01
200900026374,0,07,000,00,2,2,01,B01
200900026375,1,07,000,00,1,2,01,A01
200900026376,0,07,000,00,2,2,15,A01
200900026376,0,02,000,00,2,1,01,B01
200900026377,0,07,000,00,2,1,15,A01
200900026377,0,07,000,00,2,1,01,B01
200900026378,0,07,000,00,2,8,01,B01
200900026378,0,31,000,00,2,8,12,A01
200900026379,0,07,000,00,1,4,04,A01
200900026380,0,07,000,00,2,3,01,A01
200900026380,0,07,000,00,2,2,01,B02
200900026381,0,07,000,03,0,2,14,A01
200900026382,0,21,000,00,2,6,01,B02
200900026382,0,10,000,00,2,5,17,A01
200900026383,0,07,000,08,0,1,21,A01
200900026384,0,33,000,02,0,7,01,A01
200900026385,0,07,000,00,0,9,01,A01
200900026386,0,33,000,00,6,1,01,A01
200900026387,0,33,000,13,0,1,01,A01
200900026388,0,10,000,13,0,7,01,A01
200900026389,0,07,000,07,0,2,14,A01
200900026390,0,10,000,02,0,3,02,A01
200900026391,0,33,000,00,2,8,13,A01
200900026391,0,07,000,00,2,8,01,B02
200900026392,0,07,000,08,0,8,01,A01
200900026392,0,07,000,00,2,1,01,B02
200900026393,0,07,000,08,0,8,01,A01
200900026394,0,07,000,14,0,1,13,A01
200900026395,0,07,000,00,2,3,13,A01
200900026395,0,07,000,00,2,2,01,B02
200900026396,0,07,000,00,2,3,15,A01
200900026396,0,30,000,00,2,1,01,B02
200900026397,0,07,000,00,1,7,01,A01
200900026398,0,02,000,00,2,1,01,B01
200900026398,0,07,000,00,2,1,15,A01
200900026399,0,07,000,00,2,3,01,B01
200900026399,0,31,000,00,2,9,01,A01
200900026400,0,07,000,00,2,3,21,B01
200900026400,0,07,000,00,2,1,17,A01
200900026401,0,07,000,00,2,7,15,A01
200900026401,0,07,000,00,2,2,01,B01
200900026402,0,07,000,00,1,1,01,A01
200900026403,0,33,000,00,2,1,02,B01
200900026403,0,07,000,00,2,4,01,A01
200900026404,0,07,000,00,2,1,02,A01
200900026404,0,07,000,00,2,4,01,B01
200900026405,0,31,000,00,2,7,01,A01
200900026405,0,07,000,00,2,8,15,B01
200900026406,0,07,000,15,0,9,14,A01
200900026407,0,07,000,00,2,1,13,A01
200900026407,0,07,000,00,2,3,21,B01
200900026408,0,07,000,00,2,7,16,A01
200900026408,0,02,000,00,2,1,01,B01
200900026409,0,07,000,00,2,1,02,A01
200900026409,0,07,000,00,2,4,23,B01
200900026409,0,07,000,00,2,4,23,C01
200900026410,0,07,000,00,2,5,15,A01
200900026410,0,33,000,00,2,2,01,B02
200900026411,0,07,000,06,0,1,01,A01
200900026412,0,07,000,00,2,1,01,B02
200900026412,0,07,000,00,2,1,13,A01
200900026413,0,01,000,00,1,1,02,A01
200900026414,0,33,000,05,0,1,13,B02
200900026414,0,33,000,05,0,8,13,A01
200900026415,0,07,000,13,0,2,14,A01
200900026416,0,07,000,08,0,9,01,A01
200900026417,0,07,000,13,0,3,19,A01
200900026418,0,07,000,00,2,6,00,B02
200900026418,0,33,000,00,2,1,17,A01
200900026419,0,03,000,00,2,3,15,A01
200900026419,0,34,000,13,2,1,01,B02
200900026420,0,33,000,00,2,1,01,A01
200900026420,0,07,000,00,2,2,19,B02
200900026421,0,07,000,00,2,1,02,A01
200900026421,0,33,000,00,2,4,02,B02
200900026422,0,01,000,00,2,8,01,B02
200900026422,0,30,000,00,2,1,06,A01
200900026423,0,30,000,00,2,1,19,A01
200900026423,0,07,000,00,2,3,01,B02
200900026424,0,07,000,00,2,7,16,A01
200900026424,0,01,000,00,2,3,01,B02
200900026425,0,07,000,00,2,7,17,A01
200900026425,0,01,000,00,2,3,01,B02
200900026426,0,07,000,09,0,3,14,A01
200900026427,0,07,000,00,2,1,02,A01
200900026427,0,07,000,00,0,4,23,B02
200900026428,0,07,000,06,0,2,16,A01
200900026429,0,07,000,13,0,3,01,A01
200900026430,0,31,000,00,2,8,01,A01
200900026430,0,07,000,00,0,5,15,B02
200900026431,0,07,000,16,0,2,14,A01
200900026432,0,07,000,00,2,1,01,B02
200900026432,0,07,000,00,2,8,15,A01
200900026433,0,07,000,08,0,3,13,A01
200900026434,0,07,000,00,2,1,17,A01
200900026434,0,30,000,00,2,8,15,B02
200900026435,0,30,000,00,2,1,05,B02
200900026435,0,07,000,00,2,1,13,A01
200900026436,0,07,000,00,2,8,16,B01
200900026436,0,31,000,02,2,2,01,A01
200900026437,0,01,000,00,2,0,00,B01
200900026437,0,07,000,00,2,0,00,A01
200900026438,0,07,000,00,2,8,01,B01
200900026438,0,33,000,00,2,2,15,A01
200900026439,0,33,000,00,0,8,01,A01
200900026440,0,10,000,00,2,1,01,A01
200900026440,0,07,000,00,2,8,19,B02
200900026441,0,07,000,00,2,3,01,B02
200900026441,0,10,000,00,2,3,13,A01
200900026442,0,02,000,08,0,1,01,A01
200900026443,0,07,000,02,0,7,01,A01
200900026444,0,30,000,06,0,1,01,A01
200900026445,0,37,001,00,1,2,01,A01
200900026446,0,07,000,00,2,2,15,A01
200900026446,0,30,000,00,2,1,01,B01
200900026446,0,07,000,00,2,1,01,C01
200900026447,0,30,000,00,0,0,01,A01
200900026448,0,07,000,00,2,3,01,B01
200900026448,0,30,000,00,2,8,01,A01
200900026449,0,07,000,00,1,2,01,A01
200900026450,0,30,000,01,0,1,02,A01
200900026451,0,02,000,00,2,1,13,A01
200900026451,0,07,000,00,2,8,01,B01
200900026452,0,07,000,00,0,4,23,A01
200900026452,0,07,000,14,0,1,02,D01
200900026452,0,07,000,14,0,1,02,C01
200900026452,0,07,000,14,0,1,02,B01
200900026453,0,30,000,01,0,1,02,A01
200900026454,0,07,000,00,1,1,09,A01
200900026455,0,33,000,00,2,1,01,B02
200900026455,0,07,000,00,2,6,15,A01
200900026456,0,07,000,00,2,8,01,B02
200900026456,0,10,000,00,2,1,01,A01
200900026457,0,30,000,00,2,7,01,A01
200900026457,0,21,000,00,2,5,01,B02
200900026458,0,01,000,00,2,1,21,B01
200900026458,0,07,000,00,2,3,15,A01
200900026459,0,01,000,00,1,1,01,A01
200900026460,0,10,000,00,1,4,04,A01
200900026461,0,07,000,00,1,1,01,A01
200900026461,0,01,000,00,2,7,15,B01
200900026462,0,33,000,00,2,1,01,B01
200900026462,0,07,000,00,2,1,01,A01
200900026463,0,07,000,00,2,4,02,A01
200900026463,0,07,000,00,2,1,02,B01
200900026464,0,15,000,00,1,1,01,A01
200900026465,0,01,000,00,2,1,01,B01
200900026465,0,07,000,00,2,2,15,A01
200900026466,0,07,000,00,2,1,15,A01
200900026466,0,07,000,00,2,1,01,B01
200900026467,0,07,000,00,2,3,01,B01
200900026467,0,01,000,00,2,1,01,A01
200900026468,0,07,000,00,2,7,15,A01
200900026468,0,02,000,00,2,1,01,B01
200900026469,0,10,000,00,1,1,01,A01
200900026470,0,10,000,00,2,1,01,B01
200900026470,0,07,000,00,2,3,15,A01
200900026471,0,01,000,00,2,0,02,A01
200900026471,1,14,000,00,2,0,02,B01
200900026472,0,07,000,00,2,3,15,B02
200900026472,0,07,000,00,2,2,01,A01
200900026473,0,07,000,00,2,1,16,A01
200900026473,0,07,000,00,0,1,00,B02
200900026474,0,07,000,06,0,1,00,A01
200900026475,0,33,000,00,2,1,13,A01
200900026475,0,07,000,00,2,1,01,B02
200900026476,0,07,000,13,0,9,14,A01
200900026477,0,07,000,02,2,2,13,A01
200900026477,0,02,000,00,2,1,01,B02
200900026478,0,07,000,00,2,1,15,B02
200900026478,0,33,000,00,2,7,01,A01
200900026479,0,31,000,00,2,1,01,A01
200900026479,0,07,000,00,2,2,19,B02
200900026480,0,07,000,00,2,1,01,B02
200900026480,0,07,000,00,2,1,13,A01
200900026481,0,14,000,00,2,2,15,B02
200900026481,0,33,000,00,2,1,01,A01
200900026482,0,07,000,00,2,2,01,A01
200900026482,0,01,000,00,9,4,01,B02
200900026483,0,07,000,00,2,3,01,A01
200900026483,0,07,000,00,2,3,01,B02
200900026484,0,07,000,13,0,1,14,A01
200900026485,0,30,000,00,2,8,16,A01
200900026485,0,07,000,00,2,3,01,B02
200900026486,0,99,000,00,1,2,00,A01
200900026487,0,33,000,00,0,8,01,A01
200900026488,0,10,000,00,0,0,01,A01
200900026488,0,10,000,00,9,1,01,B02
200900026489,0,31,000,00,2,8,01,A01
200900026489,0,10,000,00,2,3,15,B02
200900026490,0,07,000,06,0,2,01,A01
200900026491,0,33,000,02,0,9,01,A01
200900026492,0,10,000,02,0,1,14,A01
200900026493,0,07,000,06,0,7,01,A01
200900026494,0,07,000,00,2,3,13,A01
200900026494,0,07,000,00,2,3,23,B02
200900026495,0,07,000,03,2,3,01,B02
200900026495,0,10,000,00,2,2,01,A01
200900026496,0,33,000,00,0,1,01,A01
200900026496,0,07,000,00,0,3,15,B02
200900026497,0,07,000,00,2,8,01,A01
200900026497,0,07,000,00,2,1,01,B02
200900026498,0,33,000,00,2,2,17,A01
200900026499,0,07,000,00,2,3,13,A01
200900026499,0,14,000,00,2,3,01,B02
200900026500,0,30,000,00,2,1,19,B02
200900026500,0,10,000,00,2,3,19,A01
200900026501,0,07,000,00,1,3,01,A01
200900026502,0,07,000,00,2,2,17,B02
200900026502,0,21,000,00,2,3,15,A01
200900026503,0,33,000,00,0,7,14,A01
200900026504,0,07,000,00,9,7,15,A01
200900026504,0,01,000,00,2,1,01,B02
200900026505,0,07,000,00,2,3,01,C03
200900026505,0,33,000,00,2,1,01,A01
200900026505,0,07,000,00,1,3,01,D04
200900026505,0,07,000,00,2,7,15,B02
200900026506,0,07,000,00,0,0,00,A01
200900026507,0,07,000,02,0,1,01,A01
200900026508,0,01,000,00,0,4,13,B02
200900026508,0,07,000,00,2,1,17,A01
200900026509,0,07,000,00,0,6,15,A01
200900026510,0,07,000,00,2,3,16,B02
200900026510,0,07,000,00,2,5,17,A01
200900026510,0,02,000,00,2,8,16,C03
200900026511,0,07,000,00,2,1,01,A01
200900026511,0,07,000,00,2,1,01,B02
200900026512,0,07,000,00,0,7,06,A01
200900026512,0,33,000,00,2,1,01,B02
200900026513,0,07,000,16,0,1,13,A01
200900026514,0,07,000,00,2,8,15,A01
200900026514,0,33,000,00,2,1,01,B02
200900026515,0,07,000,04,0,3,13,A01
200900026516,0,10,000,00,0,9,01,A01
200900026517,0,33,000,16,0,9,01,A01
200900026518,0,07,000,08,0,1,01,A01
200900026519,0,07,000,00,0,3,23,C03
200900026519,0,07,000,00,2,3,01,A01
200900026519,0,07,000,00,0,1,19,B02
200900026520,0,07,000,00,2,5,15,A01
200900026520,0,33,000,00,2,3,14,B02
200900026521,0,31,000,00,0,0,21,A01
200900026521,0,07,000,00,0,0,15,B02
200900026522,0,33,000,00,6,1,00,A01
200900026523,0,02,000,01,0,1,14,A01
200900026524,0,07,000,01,1,2,20,A01
200900026524,0,99,000,00,2,5,24,B02
200900026525,0,99,000,13,0,1,01,A01
200900026526,0,10,000,00,2,0,02,C01
200900026526,0,10,000,00,2,3,18,A01
200900026526,0,10,000,00,2,2,12,B01
200900026527,0,07,000,00,2,8,01,B01
200900026527,0,07,000,00,2,1,01,A01
200900026527,0,07,000,00,2,3,01,C01
200900026528,0,07,000,03,0,9,17,A01
200900026529,0,07,000,00,0,4,02,B01
200900026529,0,07,000,00,2,1,02,A01
200900026529,0,07,000,00,0,4,01,C01
200900026530,0,07,000,00,0,4,01,B01
200900026530,0,07,000,00,2,1,02,A01
200900026531,0,07,000,00,2,4,02,B01
200900026531,0,31,000,00,2,1,02,A01
200900026532,0,07,000,00,2,3,01,A01
200900026532,0,07,000,00,2,2,15,B01
200900026533,0,07,000,00,2,3,01,A01
200900026533,0,10,000,00,2,6,01,B01
200900026534,0,07,000,00,2,1,01,A01
200900026534,0,01,000,00,2,1,17,B01
200900026535,0,01,000,00,2,1,01,B01
200900026535,0,07,000,00,2,3,01,A01
200900026536,0,07,000,00,2,1,01,A01
200900026537,0,07,000,00,2,1,01,A01
200900026537,0,01,000,00,2,1,19,B01
200900026538,1,30,000,00,1,0,15,A01
200900026539,0,02,000,00,2,8,01,B01
200900026539,0,07,000,00,2,7,16,A01
200900026540,0,07,000,00,1,4,04,A01
200900026541,0,07,000,00,2,1,01,A01
200900026541,0,37,016,00,0,4,01,B01
200900026542,0,07,000,00,2,8,13,A01
200900026542,0,33,000,00,2,1,17,B01
200900026543,0,33,000,00,2,1,01,B01
200900026543,0,07,000,00,2,7,15,A01
200900026544,0,32,000,00,2,1,01,B01
200900026544,0,07,000,00,2,2,01,A01
200900026545,0,07,000,00,2,1,15,A01
200900026545,0,33,000,00,2,8,01,B01
200900026546,0,07,000,00,2,1,15,A01
200900026546,0,02,000,00,2,1,01,B01
200900026547,0,07,000,00,2,4,02,C01
200900026547,0,07,000,00,2,4,02,B01
200900026547,0,07,000,00,2,4,02,D01
200900026547,0,07,000,00,2,1,02,A01
200900026548,0,32,000,00,2,1,01,B01
200900026548,0,07,000,00,2,5,15,A01
200900026549,0,07,000,04,2,5,01,A01
200900026550,0,07,000,02,0,1,00,A01
200900026551,0,07,000,00,2,2,15,A01
200900026551,0,32,000,00,2,1,01,B01
200900026552,0,07,000,00,2,4,02,A01
200900026552,0,07,000,00,2,1,02,B01
200900026553,0,07,000,00,2,1,01,A01
200900026553,0,07,000,00,2,3,01,B01
200900026554,0,30,000,00,2,3,01,B01
200900026554,0,07,000,00,2,2,16,A01
200900026555,0,01,000,00,0,0,09,A01
200900026556,0,07,000,00,1,3,01,A01
200900026557,0,07,000,00,2,1,01,B01
200900026557,0,07,000,00,2,1,01,A01
200900026558,0,07,000,00,2,2,17,A01
200900026558,0,07,000,00,2,3,01,B02
200900026559,0,07,000,00,2,2,19,A01
200900026559,0,07,000,00,2,1,01,B02
200900026560,0,33,000,16,0,1,01,A01
200900026561,0,07,000,06,0,1,01,A01
200900026562,0,07,000,13,0,9,01,A01
200900026563,0,33,000,00,2,7,17,B02
200900026563,0,07,000,00,2,3,15,A01
200900026564,0,07,000,00,2,1,15,A01
200900026564,0,07,000,00,2,3,01,B02
200900026565,0,07,000,00,2,2,19,A01
200900026565,0,07,000,00,2,1,01,B02
200900026566,1,07,000,00,2,1,15,A01
200900026566,0,30,000,00,2,1,01,B02
200900026567,0,07,000,00,2,3,19,B02
200900026567,0,07,000,00,2,1,01,A01
200900026568,0,10,000,00,2,2,19,A01
200900026568,0,07,000,00,2,3,01,B02
200900026569,0,02,000,00,2,4,13,A01
200900026569,0,07,000,00,2,3,01,B02
200900026570,0,10,000,00,1,2,01,A01
200900026571,0,01,000,00,2,1,01,B02
200900026571,0,07,000,00,2,2,01,A01
200900026572,0,07,000,13,0,2,01,A01
200900026573,0,07,000,00,0,9,01,A01
200900026574,0,33,000,00,2,1,17,B02
200900026574,0,07,000,00,2,6,17,A01
200900026575,0,10,000,06,0,3,01,A01
200900026576,0,07,000,00,2,1,01,A01
200900026576,0,02,000,00,2,1,15,B02
200900026577,0,07,000,00,2,3,15,A01
200900026577,0,07,000,00,2,3,01,B02
200900026578,0,07,000,00,1,2,01,A01
200900026579,0,37,001,00,2,6,01,B02
200900026579,0,33,000,00,2,1,01,A01
200900026580,0,07,000,00,0,7,01,A01
200900026581,0,07,000,04,2,0,21,A01
200900026582,0,33,000,00,0,7,01,A01
200900026583,0,14,000,13,0,2,01,A01
200900026584,1,07,000,00,1,2,11,A01
200900026585,0,15,000,00,2,3,01,B02
200900026585,0,07,000,00,2,3,13,A01
200900026586,0,14,000,00,2,1,01,A01
200900026586,0,01,000,00,2,1,15,B02
200900026587,0,02,000,00,2,1,13,B02
200900026587,0,07,000,00,2,1,01,A01
200900026588,0,33,000,00,2,7,17,B02
200900026588,0,10,000,00,2,8,17,A01
200900026589,0,01,000,16,9,1,01,A01
200900026589,0,33,000,00,9,1,01,B02
200900026590,0,07,000,00,1,3,01,A01
200900026591,0,07,000,00,0,4,02,B02
200900026591,0,17,000,00,2,1,02,A01