Num_Acc,senc,catv,occutc,obs,obsm,choc,manv,num_veh
200900026981,0,34,000,00,2,6,02,B01
200900026981,0,33,000,00,2,1,02,A01
200900026982,0,07,000,00,2,1,02,A01
200900026982,0,07,000,00,2,6,02,B01
200900026983,0,31,000,00,2,3,17,A01
200900026983,0,10,000,00,2,0,01,B01
200900026984,0,07,000,00,2,1,02,A01
200900026984,0,33,000,00,2,4,23,B01
200900026985,0,01,000,00,2,8,18,A01
200900026985,0,07,000,00,2,2,16,B01
200900026986,0,31,000,00,2,7,01,B01
200900026986,0,07,000,00,2,3,15,A01
200900026987,0,02,000,00,2,8,15,A01
200900026987,0,07,000,00,2,3,01,B01
200900026988,0,30,000,00,2,1,01,B01
200900026988,0,07,000,00,2,3,09,A01
200900026989,0,37,001,00,1,2,07,A01
200900026990,0,31,000,00,0,8,21,A01
200900026991,0,07,000,00,2,1,15,A01
200900026991,0,33,000,00,2,1,01,B01
200900026992,0,33,000,04,2,8,03,B01
200900026992,0,07,000,00,2,7,12,A01
200900026993,0,32,000,12,0,1,14,A01
200900026994,0,07,000,00,2,8,15,A01
200900026994,0,02,000,00,2,1,01,B01
200900026995,0,02,000,00,2,1,18,A01
200900026995,0,07,000,00,2,5,01,B01
200900026996,0,07,000,00,2,5,15,A01
200900026996,0,32,000,00,2,1,01,B01
200900026997,0,31,000,00,2,1,03,A01
200900026997,0,07,000,00,2,2,12,B01
200900026998,0,07,000,00,2,4,23,B01
200900026998,0,02,000,00,2,1,02,A01
200900026999,0,07,000,00,1,7,01,A01
200900027000,0,33,000,00,1,1,01,A01
200900027001,0,33,000,00,1,8,01,A01
200900027002,0,07,000,00,2,1,02,A01
200900027002,0,07,000,03,2,4,23,B01
200900027003,0,31,000,00,2,0,01,A01
200900027003,1,33,000,00,2,0,17,Z01
200900027004,0,07,000,00,1,1,01,A01
200900027005,0,07,000,00,2,6,11,B01
200900027005,0,33,000,04,2,1,17,A01
200900027006,1,07,000,00,2,0,12,Z01
200900027006,0,33,000,00,2,8,01,A01
200900027007,0,07,000,00,2,4,02,B01
200900027007,0,07,000,00,2,1,02,A01
200900027008,0,32,000,00,2,8,09,B01
200900027008,0,07,000,00,2,1,01,A01
200900027009,0,33,000,00,0,0,01,A01
200900027010,0,07,000,00,2,7,17,A01
200900027010,0,01,000,00,2,8,01,B01
200900027011,0,07,000,01,0,1,19,A01
200900027012,0,07,000,00,2,8,15,A01
200900027012,0,31,000,00,2,7,17,B01
200900027013,0,33,000,00,2,2,01,A01
200900027013,2,07,000,00,2,6,13,Z01
200900027014,0,32,000,00,2,3,09,A01
200900027014,0,37,011,00,2,2,07,B01
200900027015,0,30,000,00,1,1,01,A01
200900027016,0,13,000,00,2,4,23,B01
200900027016,0,01,000,00,2,1,02,A01
200900027017,0,34,000,00,1,1,01,A01
200900027018,0,07,000,00,2,7,16,B01
200900027018,0,30,000,12,2,3,18,A01
200900027019,0,13,000,06,2,1,01,A01
200900027019,0,31,000,00,2,7,14,B01
200900027020,0,32,000,00,1,1,01,A01
200900027021,0,10,000,00,1,4,04,A01
200900027022,0,07,000,00,2,5,12,A01
200900027022,0,32,000,00,2,8,01,B01
200900027023,0,33,000,00,2,1,01,B01
200900027023,0,07,000,00,2,8,10,A01
200900027024,0,30,000,00,1,1,01,A01
200900027025,0,34,000,00,0,7,21,A01
200900027026,0,10,000,00,1,1,01,A01
200900027027,0,33,000,01,2,2,15,B01
200900027027,0,10,000,00,2,2,01,A01
200900027028,0,33,000,00,1,1,01,A01
200900027029,0,10,000,00,2,4,02,B01
200900027029,0,07,000,00,2,1,02,A01
200900027030,0,01,000,00,2,8,07,B01
200900027030,0,30,000,00,2,2,17,A01
200900027031,0,33,000,00,2,1,02,A01
200900027031,0,07,000,00,2,4,02,B01
200900027032,0,07,000,00,2,8,15,B01
200900027032,0,02,000,00,2,1,01,A01
200900027033,0,07,000,00,2,3,09,A01
200900027033,0,34,000,00,2,1,01,B01
200900027034,0,34,000,14,0,0,14,A01
200900027035,0,07,000,00,1,2,15,A01
200900027036,0,10,000,00,2,3,15,A01
200900027036,0,01,000,00,2,1,01,B01
200900027037,0,01,000,00,2,3,01,A01
200900027037,0,07,000,00,2,3,01,B01
200900027038,0,32,000,00,2,2,17,A01
200900027038,0,07,000,00,2,3,13,B01
200900027039,0,33,000,00,2,1,12,A01
200900027039,0,07,000,00,2,5,01,B01
200900027040,0,07,000,00,1,1,01,A01
200900027041,0,34,000,00,1,1,01,A01
200900027042,0,34,000,00,2,1,01,B01
200900027042,0,10,000,00,2,7,22,A01
200900027043,0,33,000,00,2,4,17,C01
200900027043,0,07,000,00,2,5,23,A01
200900027043,0,33,000,00,2,1,17,B01
200900027044,0,34,000,01,0,1,13,A01
200900027045,0,07,000,00,2,1,10,A01
200900027045,0,07,000,00,2,8,01,B01
200900027046,0,31,000,00,2,7,07,A01
200900027046,0,10,000,00,2,0,16,B01
200900027047,0,07,000,00,1,2,15,A01
200900027048,0,34,000,00,2,3,01,B01
200900027048,0,30,000,00,2,2,01,A01
200900027049,0,31,000,00,0,7,01,A01
200900027050,0,33,000,00,0,0,21,A01
200900027051,0,07,000,00,2,7,01,A01
200900027051,0,34,000,00,2,1,01,B01
200900027052,0,07,000,00,1,2,15,A01
200900027053,0,01,000,00,1,1,14,A01
200900027054,0,33,000,00,1,1,01,A01
200900027055,0,31,000,00,2,2,01,B01
200900027055,0,07,000,00,2,3,01,A01
200900027056,0,34,000,00,0,0,21,A01
200900027057,0,32,000,00,2,2,05,A01
200900027057,0,07,000,00,2,6,15,B01
200900027058,0,07,000,00,1,4,04,A01
200900027059,0,01,000,00,1,1,07,A01
200900027060,0,01,000,00,2,4,02,A01
200900027060,1,07,000,00,2,1,02,Z01
200900027061,0,31,000,00,0,8,01,A01
200900027062,0,10,000,06,0,1,01,A01
200900027063,1,07,000,00,2,0,15,Z01
200900027063,0,34,000,00,2,5,01,A01
200900027064,0,33,000,00,2,1,01,A01
200900027064,0,10,000,00,2,7,09,B01
200900027065,0,07,000,00,2,2,12,A01
200900027065,0,33,000,00,2,3,03,B01
200900027066,0,30,000,00,2,7,17,B01
200900027066,0,10,000,00,2,3,13,A01
200900027067,0,07,000,00,2,7,15,A01
200900027067,0,33,000,00,2,1,01,B01
200900027068,0,07,000,00,1,7,01,A01
200900027069,0,07,000,00,1,1,01,A01
200900027070,0,30,000,00,0,0,21,A01
200900027071,0,01,000,00,1,1,01,A01
200900027072,0,32,000,00,2,7,03,A01
200900027072,0,32,000,00,2,8,13,B01
200900027073,0,07,000,00,2,4,02,B01
200900027073,0,02,000,00,2,1,02,A01
200900027074,0,07,000,00,2,2,15,B01
200900027074,0,30,000,00,2,8,01,A01
200900027075,0,32,000,00,5,0,21,A01
200900027076,0,34,000,00,2,1,01,B01
200900027076,0,32,000,00,2,1,01,C01
200900027076,0,07,000,00,2,8,15,A01
200900027077,0,07,000,00,2,8,15,B01
200900027077,0,30,000,00,2,7,17,A01
200900027078,0,07,000,00,2,3,09,A01
200900027078,0,34,000,00,2,2,01,B01
200900027079,0,07,000,00,1,5,04,A01
200900027080,0,07,000,00,2,0,14,A01
200900027080,0,30,000,00,2,0,23,B01
200900027081,0,30,000,00,1,1,01,A01
200900027082,0,07,000,00,2,1,10,A01
200900027082,0,32,000,01,2,8,01,B01
200900027083,0,07,000,00,2,8,15,A01
200900027083,0,32,000,00,2,1,01,B01
200900027084,0,10,000,00,2,3,15,A01
200900027084,0,34,000,00,2,2,01,B01
200900027085,0,32,000,00,2,3,07,B01
200900027085,0,10,000,00,2,2,15,A01
200900027086,0,07,000,00,2,8,17,A01
200900027086,0,33,000,00,2,8,01,B01
200900027087,0,07,000,00,2,7,01,B01
200900027087,0,38,011,00,2,8,12,A01
200900027088,0,33,000,00,2,3,01,B01
200900027088,0,07,000,00,2,7,16,A01
200900027089,0,33,000,00,0,0,01,A01
200900027090,0,33,000,01,0,6,14,A01
200900027091,0,02,000,00,2,1,07,A01
200900027091,0,07,000,00,2,3,15,B01
200900027092,0,34,000,00,2,4,23,A01
200900027092,1,07,000,00,2,2,02,Z01
200900027093,0,02,000,00,2,1,02,A01
200900027093,0,10,000,00,2,6,23,B01
200900027094,0,34,000,00,1,1,01,A01
200900027095,0,31,000,00,0,8,21,A01
200900027096,0,10,000,00,2,4,02,C01
200900027096,0,07,000,00,2,1,02,B01
200900027096,0,07,000,00,2,0,02,A01
200900027097,0,30,000,12,0,2,14,A01
200900027098,0,07,000,00,2,5,01,B01
200900027098,0,07,000,00,2,2,01,A01
200900027098,0,07,000,00,2,8,01,C01
200900027098,2,07,000,00,2,6,13,Z01
200900027099,0,07,000,00,2,2,10,A01
200900027099,0,32,000,00,2,1,01,B01
200900027100,0,07,000,02,2,4,01,B01
200900027100,0,07,000,00,2,1,01,A01
200900027100,0,07,000,00,2,3,01,C01
200900027101,0,07,000,00,2,2,07,B01
200900027101,0,02,000,00,2,1,01,A01
200900027102,0,30,000,12,0,1,01,A01
200900027103,0,02,000,01,0,1,01,A01
200900027104,0,07,000,00,2,1,01,A01
200900027104,0,03,000,15,2,3,01,B01
200900027105,0,07,000,00,2,3,01,B01
200900027105,0,10,000,00,2,1,07,A01
200900027106,0,07,000,00,9,3,16,A01
200900027106,0,02,000,00,2,2,14,B01
200900027107,0,07,000,00,1,6,04,A01
200900027108,0,33,000,00,2,7,17,A01
200900027108,0,07,000,00,2,8,01,B01
200900027109,0,07,000,00,2,3,01,A01
200900027109,0,07,000,00,0,4,01,B01
200900027110,0,07,000,00,2,6,23,B01
200900027110,0,07,000,00,2,5,23,C01
200900027110,0,07,000,00,2,1,01,A01
200900027111,0,10,000,00,2,5,10,A01
200900027111,0,33,000,00,2,1,01,B01
200900027112,0,07,000,09,0,1,10,A01
200900027113,0,32,000,00,1,1,01,A01
200900027114,0,07,000,00,2,1,01,A01
200900027114,0,07,000,00,2,7,15,B01
200900027115,0,32,000,00,2,8,01,B01
200900027115,0,07,000,00,9,1,10,A01
200900027116,0,07,000,00,0,4,02,C01
200900027116,0,07,000,00,2,1,02,A01
200900027116,0,07,000,00,2,4,02,B01
200900027117,0,07,000,00,1,1,15,A01
200900027118,0,01,000,00,2,8,02,B01
200900027118,0,02,000,00,2,2,14,A01
200900027119,0,30,000,00,1,1,05,A01
200900027120,0,02,000,00,1,1,03,A01
200900027120,0,07,000,00,0,2,23,B01
200900027121,0,07,000,00,2,7,22,B01
200900027121,0,30,000,00,2,2,07,A01
200900027122,0,34,000,00,0,8,15,B01
200900027122,0,30,000,00,2,1,17,A01
200900027123,0,07,000,00,2,4,23,B01
200900027123,0,07,000,00,2,1,01,A01
200900027124,0,32,000,00,0,0,21,A01
200900027125,0,30,000,12,0,7,14,A01
200900027126,0,07,000,08,1,2,01,A01
200900027127,0,30,000,00,1,1,01,A01
200900027128,0,10,000,00,2,4,02,B01
200900027128,0,33,000,00,2,1,02,A01
200900027129,0,32,000,00,2,1,17,A01
200900027129,0,07,000,00,2,3,15,B01
200900027130,0,01,000,00,2,4,02,B01
200900027130,0,07,000,00,2,1,02,A01
200900027131,0,34,000,00,1,1,01,A01
200900027132,0,01,000,00,2,4,13,A01
200900027132,0,33,000,00,2,7,01,B01
200900027133,0,07,000,00,2,1,01,A01
200900027133,0,32,000,00,2,7,01,B01
200900027134,0,33,000,00,0,0,21,A01
200900027135,1,30,000,00,1,0,01,Z01
200900027136,0,30,000,00,2,1,17,A01
200900027136,0,07,000,00,2,3,15,B01
200900027137,0,07,000,00,1,2,01,A01
200900027138,0,07,000,00,1,2,01,A01
200900027139,0,31,000,00,2,4,23,B01
200900027139,0,30,000,00,2,1,02,A01
200900027140,0,10,000,00,2,1,02,A01
200900027140,0,07,000,00,2,4,15,B01
200900027141,0,07,000,00,2,7,12,A01
200900027141,0,07,000,00,2,4,23,C01
200900027141,0,07,000,00,2,3,01,D01
200900027141,0,33,000,00,2,1,01,B01
200900027142,0,32,000,01,0,8,21,A01
200900027143,0,07,000,00,2,3,01,A01
200900027143,0,30,000,00,2,1,01,B01
200900027144,0,33,000,15,0,1,14,A01
200900027145,0,07,000,00,2,1,02,A01
200900027145,0,07,000,00,2,4,23,D01
200900027145,0,07,000,00,2,4,02,B01
200900027145,0,07,000,00,2,4,23,C01
200900027146,0,33,000,00,2,1,13,A01
200900027146,0,07,000,00,2,5,01,B01
200900027147,0,31,000,00,2,3,01,B01
200900027147,0,07,000,00,2,3,15,A01
200900027148,0,32,000,00,2,2,01,B01
200900027148,0,07,000,00,2,3,15,A01
200900027149,0,01,000,00,1,1,07,A01
200900027150,0,10,000,00,2,4,23,B01
200900027150,0,07,000,00,2,4,23,C01
200900027150,0,07,000,00,2,1,02,A01
200900027151,0,30,000,00,2,1,17,A01
200900027151,0,07,000,00,2,8,15,B01
200900027152,0,33,000,00,2,7,23,B01
200900027152,0,07,000,00,2,1,02,A01
200900027153,0,33,000,00,2,1,13,A01
200900027153,0,07,000,00,2,5,23,B01
200900027154,0,07,000,00,2,3,13,B01
200900027154,0,34,000,00,2,2,05,A01
200900027155,0,07,000,00,2,3,15,B01
200900027155,0,33,000,00,2,1,17,A01
200900027156,0,32,000,00,2,1,01,A01
200900027156,0,10,000,00,2,3,15,B01
200900027157,0,07,000,00,2,5,23,B01
200900027157,0,07,000,00,2,3,02,A01
200900027158,0,30,000,00,2,1,15,A01
200900027158,0,07,000,00,2,0,01,B01
200900027159,0,01,000,00,2,1,01,B01
200900027159,0,30,000,00,2,1,13,A01
200900027160,0,30,000,01,0,7,14,A01
200900027161,0,02,000,00,0,0,01,A01
200900027162,0,07,000,00,2,6,11,A01
200900027162,0,34,000,00,2,2,03,B01
200900027163,0,07,000,00,2,2,02,C01
200900027163,0,07,000,00,2,6,02,B01
200900027163,0,07,000,00,2,0,02,A01
200900027164,0,07,000,00,2,7,16,A01
200900027164,0,02,000,00,2,8,01,B01
200900027165,0,32,000,00,0,7,01,A01
200900027166,0,07,000,00,2,6,02,C01
200900027166,0,07,000,00,2,3,02,B01
200900027166,0,31,000,00,2,1,15,A01
200900027167,0,33,000,12,0,1,14,A01
200900027168,0,34,000,00,2,1,01,B01
200900027168,0,07,000,00,2,2,15,A01
200900027169,0,32,000,00,2,7,01,B01
200900027169,0,07,000,00,2,3,22,A01
200900027170,0,30,000,00,2,3,01,B01
200900027170,0,10,000,00,2,2,09,A01
200900027171,0,33,000,00,2,1,01,A01
200900027171,0,07,000,00,2,3,01,B01
200900027172,0,33,000,00,1,2,01,A01
200900027173,0,30,000,00,2,8,01,A01
200900027173,1,07,000,00,2,0,18,Z01
200900027174,0,30,000,00,2,1,01,B01
200900027174,0,07,000,00,2,3,15,A01
200900027175,0,30,000,00,0,0,21,A01
200900027176,0,32,000,00,2,1,15,A01
200900027176,0,37,010,00,2,5,01,B01
200900027177,0,10,000,00,2,1,02,A01
200900027177,0,07,000,00,2,4,02,B01
200900027178,0,07,000,00,2,5,02,B01
200900027178,0,33,000,00,2,3,02,A01
200900027179,0,07,000,04,0,2,14,A01
200900027180,0,07,000,00,2,7,22,B01
200900027180,0,32,000,00,2,0,18,A01
200900027181,0,33,000,00,1,3,07,A01
200900027182,0,07,000,00,2,8,01,A01
200900027182,0,07,000,00,2,1,01,B01
200900027183,0,07,000,00,2,6,23,B01
200900027183,0,30,000,00,2,2,02,A01
200900027184,0,02,000,00,2,1,01,A01
200900027184,0,07,000,00,2,7,15,B01
200900027185,0,07,000,00,2,4,02,C01
200900027185,0,07,000,00,2,1,02,A01
200900027185,0,07,000,00,2,4,02,B01
200900027186,0,07,000,00,2,4,23,B01
200900027186,0,07,000,00,2,4,23,C01
200900027186,0,07,000,00,2,1,02,A01
200900027187,0,32,000,00,2,7,01,B01
200900027187,0,07,000,00,2,3,11,A01
200900027188,0,02,000,00,2,2,01,B01
200900027188,0,07,000,00,2,3,09,A01
200900027189,0,07,000,00,2,4,01,B01
200900027189,0,10,000,00,2,1,10,A01
200900027190,0,30,000,00,2,8,01,A01
200900027190,1,13,000,00,2,0,01,Z01
200900027191,0,07,000,00,2,8,10,A01
200900027191,0,02,000,00,2,1,01,B01
200900027192,0,10,000,04,0,1,14,A01
200900027193,0,33,000,00,2,3,01,A01
200900027193,1,07,000,00,2,2,15,Z01
200900027194,0,07,000,00,2,4,02,B01
200900027194,0,31,000,00,2,1,02,A01
200900027195,0,33,000,00,2,1,07,A01
200900027195,0,10,000,00,2,1,15,B01
200900027196,0,34,000,00,0,0,21,A01
200900027197,0,07,000,00,1,2,07,A01
200900027198,0,01,000,00,2,7,07,B01
200900027198,0,07,000,00,2,1,09,A01
200900027199,0,02,000,00,1,1,01,A01
200900027200,0,07,000,00,2,2,10,A01
200900027200,0,30,000,01,2,8,01,B01
200900027201,0,10,000,00,2,3,20,A01
200900027201,0,30,000,15,2,6,01,B01
200900027202,0,30,000,00,1,1,18,A01
200900027203,0,07,000,00,2,1,15,A01
200900027203,0,33,000,00,2,8,01,B01
200900027204,0,07,000,00,2,8,12,A01
200900027204,0,33,000,00,2,2,03,B01
200900027205,1,02,000,00,1,1,05,Z01
200900027206,0,30,000,00,2,2,17,A01
200900027206,0,10,000,00,2,8,15,B01
200900027207,0,33,000,00,0,1,21,A01
200900027208,1,07,000,00,1,0,04,Z01
200900027209,0,07,000,00,2,2,12,A01
200900027209,0,34,000,00,2,3,01,B01
200900027210,0,17,000,00,2,1,12,A01
200900027210,0,07,000,00,2,6,01,B01
200900027211,0,07,000,00,2,1,02,A01
200900027211,0,30,000,00,2,4,02,B01
200900027212,0,07,000,00,2,3,15,A01
200900027212,0,31,000,00,2,1,01,B01
200900027213,0,07,000,00,2,5,01,B01
200900027213,0,33,000,00,2,3,12,A01
200900027214,0,07,000,00,2,8,11,A01
200900027214,0,07,000,00,2,2,01,B01
200900027215,0,07,000,00,2,9,01,B01
200900027215,0,14,000,00,0,2,12,A01
200900027215,0,07,000,00,0,1,01,C01
200900027216,0,02,000,00,2,1,01,A01
200900027216,0,07,000,00,2,4,23,B01
200900027217,0,07,000,00,2,1,01,B01
200900027217,0,30,000,00,2,8,01,A01
200900027218,0,14,000,08,2,1,14,B01
200900027218,0,07,000,08,2,8,18,A01
200900027219,0,07,000,00,1,2,16,A01
200900027220,0,07,000,15,0,1,16,A01
200900027221,0,07,000,00,1,2,01,A01
200900027222,0,30,000,00,0,0,20,A01
200900027223,0,01,000,00,2,4,00,B01
200900027223,0,07,000,00,2,1,02,A01
200900027224,0,07,000,00,2,4,23,B01
200900027224,0,37,001,00,2,4,23,C01
200900027224,0,07,000,00,2,1,07,A01
200900027225,0,33,000,00,2,1,01,A01
200900027225,0,07,000,00,2,6,23,B01
200900027226,0,32,000,00,2,1,01,A01
200900027226,0,32,000,00,0,4,23,B01
200900027227,0,31,000,00,2,3,23,A01
200900027227,0,31,000,01,0,8,01,B01
200900027228,0,37,030,00,0,5,01,A01
200900027229,0,01,000,00,2,0,01,A01
200900027229,0,10,000,00,0,6,23,B01
200900027230,0,07,000,00,0,4,01,A01
200900027230,0,10,000,00,0,1,01,B01
200900027231,0,07,000,00,1,2,07,A01
200900027232,0,34,000,00,1,1,01,A01
200900027233,0,32,000,00,0,0,01,A01
200900027234,0,07,000,00,2,2,15,A01
200900027234,0,32,000,00,2,3,01,B01
200900027235,0,32,000,00,0,0,03,A01
200900027235,0,07,000,00,0,8,01,B01
200900027236,0,07,000,00,2,2,16,B01
200900027236,0,32,000,00,2,3,01,A01
200900027237,0,07,000,00,1,1,16,A01
200900027238,0,07,000,00,2,2,12,A01
200900027238,0,33,000,00,2,8,01,B01
200900027239,0,07,000,00,0,2,17,A01
200900027239,0,33,000,00,0,6,15,B01
200900027240,0,02,000,01,1,1,01,A01
200900027241,0,07,000,00,2,5,01,B01
200900027241,0,32,000,00,2,1,03,A01
200900027242,0,07,000,00,1,6,04,A01
200900027243,0,32,000,07,0,8,01,A01
200900027244,0,30,000,00,0,2,15,A01
200900027244,0,07,000,00,0,3,01,B01
200900027245,0,33,000,00,2,1,18,A01
200900027245,0,07,000,00,2,7,16,B01
200900027246,0,02,000,00,2,1,15,A01
200900027246,0,07,000,00,2,2,01,B01
200900027247,0,10,000,00,2,2,15,A01
200900027247,0,07,000,00,2,8,01,B01
200900027248,0,07,000,00,2,1,15,A01
200900027248,0,32,000,00,2,1,01,B01
200900027249,0,02,000,00,2,2,17,B01
200900027249,0,10,000,00,2,3,10,A01
200900027250,0,33,000,00,1,1,17,A01
200900027251,0,07,000,01,0,1,09,A01
200900027251,0,32,000,00,0,7,01,B01
200900027252,0,07,000,00,2,1,23,A01
200900027252,0,07,000,00,0,4,01,B01
200900027253,0,32,000,00,1,1,01,A01
200900027254,0,32,000,00,2,3,18,A01
200900027254,0,07,000,00,2,5,16,B01
200900027255,0,02,000,00,2,1,15,A01
200900027255,0,07,000,00,2,7,16,B01
200900027256,0,07,000,00,1,3,04,A01
200900027257,0,34,000,00,2,2,17,B01
200900027257,0,07,000,00,0,3,10,A01
200900027258,0,02,000,00,1,1,09,A01
200900027259,0,07,000,00,1,3,15,A01
200900027260,0,07,000,00,2,1,16,A01
200900027261,0,07,000,00,0,2,16,A01
200900027262,0,30,000,12,0,0,01,A01
200900027263,0,30,000,00,2,1,01,A01
200900027263,0,10,000,00,2,3,01,B01
200900027264,0,33,000,00,0,0,01,A01
200900027265,0,33,000,00,0,0,01,A01
200900027266,0,31,000,00,0,0,21,A01
200900027267,0,07,000,00,2,3,22,A01
200900027267,0,32,000,00,2,1,01,B01
200900027268,0,34,000,00,1,0,15,A01
200900027269,0,14,000,00,2,0,16,A01
200900027269,0,01,000,00,2,0,07,B01
200900027270,0,07,000,00,2,5,01,B01
200900027270,0,33,000,00,2,1,01,A01
200900027271,0,30,000,00,2,3,02,A01
200900027271,0,37,010,00,2,5,15,B01
200900027272,0,32,000,00,0,0,01,A01
200900027273,0,14,000,00,1,2,01,A01
200900027274,0,07,000,00,2,1,02,A01
200900027274,0,34,000,00,2,4,02,B01
200900027275,0,31,000,00,0,7,01,A01
200900027276,0,02,000,00,0,0,17,A01
200900027277,0,32,000,00,0,0,01,A01
200900027278,0,33,000,04,0,8,13,A01
200900027279,0,13,000,00,2,5,18,B01
200900027279,0,32,000,00,2,3,01,A01
200900027280,0,30,000,00,0,7,01,A01
200900027281,0,07,000,00,2,2,02,B01
200900027281,0,32,000,00,2,6,02,A01
200900027282,0,31,000,00,2,2,01,B01
200900027282,0,07,000,00,2,8,22,A01
200900027283,0,10,000,00,2,2,02,A01
200900027283,0,07,000,08,2,5,23,B01
200900027284,0,10,000,00,2,3,01,B01
200900027284,0,34,000,00,2,4,03,D01
200900027284,0,34,000,00,2,1,03,A01
200900027284,0,07,000,00,2,2,01,C01
200900027285,0,07,000,00,1,4,04,A01
200900027286,0,31,000,00,0,8,01,A01
200900027287,0,07,000,00,2,3,09,A01
200900027287,0,30,000,00,2,1,01,B01
200900027288,0,07,000,00,1,0,01,A01
200900027289,0,01,000,00,1,1,16,A01
200900027290,0,30,000,00,0,1,01,A01
200900027291,0,34,000,15,0,1,01,A01
200900027292,1,03,000,00,1,0,07,Z01
200900027293,0,07,000,00,1,2,01,A01
200900027294,0,07,000,00,2,1,02,A01
200900027294,0,01,000,00,2,4,02,B01
200900027295,0,10,000,00,1,2,16,A01
200900027296,0,30,000,00,0,7,01,A01
200900027297,0,34,000,00,2,1,13,A01
200900027297,0,37,001,00,2,6,01,B01
200900027298,0,32,000,00,2,8,05,A01
200900027298,0,32,000,00,2,9,01,B01
200900027299,0,30,000,00,1,1,01,A01
200900027300,0,30,000,00,0,1,01,A01
200900027301,0,10,000,00,1,1,01,A01
200900027302,0,30,000,00,2,0,16,A01
200900027302,0,30,000,00,2,0,21,B01
200900027303,0,32,000,00,2,5,01,B01
200900027303,0,07,000,00,2,0,15,A01
200900027304,0,07,000,14,0,2,14,A01
200900027305,0,07,000,00,2,8,01,B01
200900027305,0,07,000,00,2,1,01,A01
200900027306,0,32,000,00,0,0,21,A01
200900027307,0,30,000,00,0,0,01,A01
200900027308,0,30,000,00,0,8,01,A01
200900027309,0,31,000,04,0,3,21,A01
200900027310,0,32,000,00,2,5,01,B01
200900027310,0,14,000,00,2,3,11,A01
200900027311,0,07,000,00,2,6,01,B01
200900027311,0,32,000,00,2,1,01,A01
200900027312,0,01,000,00,0,1,21,A01
200900027313,0,37,001,00,1,2,07,A01
200900027314,0,10,000,00,2,1,02,A01
200900027314,0,07,000,00,2,4,02,B01
200900027315,0,32,000,00,1,1,01,A01
200900027316,0,32,000,00,2,1,01,C01
200900027316,0,33,000,00,2,3,01,B01
200900027316,0,10,000,00,2,2,01,A01
200900027317,0,30,000,00,2,1,02,A01
200900027317,0,07,000,00,2,4,02,B01
200900027318,0,34,000,00,0,7,21,A01
200900027319,0,33,000,00,2,7,23,A01
200900027319,1,10,000,00,2,7,13,Z01
200900027320,0,07,000,00,1,4,04,A01
200900027321,0,32,000,00,2,7,17,B01
200900027321,0,07,000,00,2,3,15,A01
200900027322,0,32,000,00,0,8,21,A01
200900027323,0,07,000,00,2,3,13,B01
200900027323,0,31,000,01,2,9,01,A01
200900027324,0,07,000,00,2,3,13,B01
200900027324,0,31,000,00,2,1,05,A01
200900027325,0,07,000,01,1,8,01,A01
200900027326,0,32,000,00,2,3,01,A01
200900027326,1,07,000,00,2,2,14,Z01
200900027327,0,30,000,00,2,7,17,B01
200900027327,0,07,000,00,2,3,23,A01
200900027328,0,07,000,00,2,2,12,A01
200900027328,0,32,000,00,2,3,01,B01
200900027329,0,01,000,00,2,1,05,A01
200900027329,0,32,000,00,2,1,01,B01
200900027330,0,02,000,00,0,0,21,A01
200900027331,1,07,000,00,2,7,10,Z01
200900027331,0,02,000,01,2,1,01,A01
200900027332,0,02,000,00,0,0,15,A01
200900027333,0,07,000,00,2,1,01,A01
200900027333,0,07,000,00,2,4,15,B01
200900027334,0,07,000,00,2,1,01,B01
200900027334,0,32,000,00,2,1,13,A01
200900027335,0,30,000,00,0,0,01,A01
200900027336,0,32,000,00,0,0,21,A01
200900027337,0,14,000,00,2,7,01,A01
200900027337,0,07,000,00,2,1,01,B01
200900027338,0,01,000,00,2,1,16,B01
200900027338,0,07,000,00,9,3,01,A01
200900027339,0,32,000,00,0,0,01,A01
200900027340,0,07,000,00,1,1,15,A01
200900027341,0,32,000,00,2,8,15,A01
200900027341,0,10,000,00,0,6,01,B01
200900027342,0,07,000,00,0,1,01,A01
200900027343,0,01,000,00,2,3,19,B01
200900027343,0,34,000,00,9,0,01,A01
200900027344,0,32,000,00,0,0,01,A01
200900027345,0,07,000,00,1,4,04,A01
200900027346,0,32,000,00,2,1,01,A01
200900027346,0,07,000,00,2,4,23,B01
200900027347,0,14,000,00,2,2,01,A01
200900027347,0,07,000,00,2,6,23,B01
200900027348,0,07,000,00,1,6,04,A01
200900027349,0,07,000,00,0,5,12,B01
200900027349,0,32,000,00,2,3,03,A01
200900027350,0,07,000,00,0,7,23,B01
200900027350,0,07,000,00,0,6,23,C01
200900027350,0,32,000,00,2,8,03,A01
200900027351,0,02,000,00,2,1,01,A01
200900027351,0,07,000,00,2,4,23,B01
200900027352,0,07,000,00,2,4,23,C01
200900027352,0,07,000,00,2,1,01,A01
200900027352,0,07,000,00,2,5,23,B01
200900027353,0,31,000,00,0,2,01,A01
200900027354,0,07,000,00,2,4,23,B01
200900027354,0,07,000,01,0,1,01,A01
200900027355,0,07,000,00,2,8,09,B01
200900027355,0,32,000,00,2,1,01,A01
200900027356,0,32,000,00,2,0,23,B01
200900027356,0,07,000,00,2,0,01,A01
200900027357,0,33,000,00,1,1,01,A01
200900027358,2,07,000,00,1,1,07,A01