Num_Acc,senc,catv,occutc,obs,obsm,choc,manv,num_veh
200900027359,0,31,000,00,0,8,01,A01
200900027360,0,32,000,00,2,0,01,A01
200900027361,0,32,000,00,2,0,17,B01
200900027361,0,07,000,00,2,6,15,A01
200900027362,0,07,000,00,2,1,16,B01
200900027362,0,07,000,00,2,1,14,A01
200900027363,0,31,000,14,0,2,14,A01
200900027364,1,31,000,00,1,7,16,Z01
200900027365,0,07,000,11,0,1,13,A01
200900027366,0,07,000,00,2,3,22,A01
200900027366,0,01,000,00,2,0,01,B01
200900027367,0,10,000,00,1,4,04,A01
200900027368,0,07,000,00,2,4,02,D01
200900027368,0,07,000,00,2,4,02,B01
200900027368,0,07,000,00,2,4,02,C01
200900027368,0,10,000,00,2,1,02,A01
200900027369,0,07,000,00,2,4,02,C01
200900027369,0,07,000,00,2,6,02,B01
200900027369,0,07,000,00,2,1,02,A01
200900027370,0,07,000,00,2,1,02,A01
200900027370,0,07,000,00,2,4,23,B01
200900027371,0,32,000,00,2,4,23,B01
200900027371,0,07,000,00,2,3,02,A01
200900027372,0,07,000,00,2,1,01,A01
200900027372,0,02,000,00,2,1,13,B01
200900027373,0,30,000,12,0,7,14,A01
200900027374,0,07,000,00,2,4,23,B01
200900027374,0,01,000,00,2,1,02,A01
200900027375,0,07,000,00,2,7,16,A01
200900027375,0,01,000,00,2,1,01,B01
200900027376,0,30,000,00,2,3,01,B01
200900027376,0,10,000,00,2,7,17,A01
200900027377,0,07,000,00,2,1,02,E01
200900027377,0,07,000,00,2,1,02,A01
200900027377,0,07,000,00,2,1,02,D01
200900027377,0,07,000,00,2,4,02,B01
200900027377,0,07,000,00,2,4,02,C01
200900027378,1,07,000,00,2,2,12,Z01
200900027378,0,07,000,04,2,8,11,A01
200900027379,0,07,000,00,1,1,15,A01
200900027380,0,07,000,00,0,8,15,B01
200900027380,0,32,000,00,0,7,07,A01
200900027381,0,07,000,00,2,3,01,B01
200900027381,0,10,000,00,2,2,15,A01
200900027382,0,33,000,00,0,0,01,A01
200900027383,0,07,000,00,2,3,01,C01
200900027383,0,07,000,00,2,1,01,A01
200900027383,0,07,000,00,2,6,01,B01
200900027384,0,07,000,00,1,3,09,A01
200900027385,0,07,000,00,1,2,16,A01
200900027386,0,33,000,00,2,3,03,A01
200900027386,0,07,000,00,0,7,12,B01
200900027387,0,02,000,12,2,7,21,A01
200900027387,1,07,000,00,0,0,01,Z01
200900027388,0,07,000,00,1,1,01,A01
200900027389,0,30,000,14,0,0,21,A01
200900027390,1,10,000,00,1,0,16,Z01
200900027391,0,33,000,04,2,3,01,B01
200900027391,0,07,000,00,2,7,12,A01
200900027392,0,07,000,00,0,8,01,B01
200900027392,0,31,000,00,2,7,03,A01
200900027393,0,33,000,00,1,1,16,A01
200900027394,0,02,000,00,1,2,01,A01
200900027395,0,33,000,00,0,0,21,A01
200900027396,0,01,000,00,2,1,01,B01
200900027396,0,07,000,00,2,7,15,A01
200900027397,0,02,000,00,0,1,01,A01
200900027398,0,07,000,00,2,3,15,B01
200900027398,0,33,000,00,2,7,01,A01
200900027399,0,07,000,00,2,1,01,A01
200900027399,0,07,000,00,2,7,10,B01
200900027400,0,07,000,01,0,2,01,A01
200900027401,0,30,000,00,1,1,01,A01
200900027402,0,10,000,00,0,3,10,A01
200900027402,0,37,046,00,0,2,17,B01
200900027403,1,07,000,00,2,0,00,Z01
200900027403,0,07,000,04,0,8,01,A01
200900027404,0,07,000,00,2,2,01,A01
200900027404,0,07,000,00,2,2,13,B01
200900027405,0,33,000,00,0,0,21,A01
200900027406,0,07,000,00,2,1,01,B01
200900027406,0,07,000,01,2,7,15,A01
200900027407,0,31,000,00,2,3,01,B01
200900027407,0,07,000,00,2,8,22,A01
200900027408,0,07,000,00,2,6,01,B01
200900027408,0,10,000,00,2,1,01,A01
200900027409,0,07,000,12,2,5,01,A01
200900027409,0,10,000,00,2,2,01,B01
200900027410,0,07,000,00,2,6,23,B01
200900027410,0,07,000,00,2,1,02,A01
200900027411,0,07,000,00,2,4,02,B01
200900027411,0,13,000,00,2,1,02,A01
200900027412,0,01,000,00,2,8,19,B01
200900027412,0,40,000,00,2,2,01,A01
200900027413,0,10,000,00,2,0,16,B01
200900027413,0,30,000,01,2,1,01,A01
200900027414,1,10,000,00,2,7,22,Z01
200900027414,0,34,000,01,2,8,01,A01
200900027415,0,02,000,00,2,1,01,B01
200900027415,0,07,000,00,2,5,01,A01
200900027416,0,33,000,00,1,0,01,A01
200900027417,0,17,000,04,2,2,01,B01
200900027417,0,07,000,04,2,6,11,A01
200900027418,0,30,000,00,2,3,01,A01
200900027418,0,07,000,00,2,2,01,B01
200900027419,1,07,000,00,1,8,07,Z01
200900027420,0,32,000,00,2,7,01,B01
200900027420,0,07,000,00,2,1,01,A01
200900027421,0,07,000,00,2,2,01,B01
200900027421,0,30,000,00,2,1,01,A01
200900027422,0,07,000,07,0,3,02,A01
200900027423,0,33,000,00,2,2,01,A01
200900027423,0,07,000,00,0,6,01,B01
200900027424,0,07,000,00,0,2,09,A01
200900027424,0,33,000,00,0,3,01,B01
200900027425,0,33,000,00,2,1,01,B01
200900027425,0,01,000,00,2,5,11,A01
200900027426,0,33,000,00,1,1,01,A01
200900027427,0,10,000,00,1,4,04,A01
200900027428,0,07,000,00,0,3,15,A01
200900027429,0,32,000,00,2,1,01,B01
200900027429,0,07,000,00,2,3,15,A01
200900027430,0,07,000,00,2,0,01,A01
200900027430,0,07,000,00,2,4,23,B01
200900027431,0,33,000,00,2,3,01,A01
200900027431,0,07,000,00,0,5,01,B01
200900027432,0,34,000,11,0,2,14,A01
200900027433,0,07,000,00,2,5,16,A01
200900027433,0,32,000,00,2,3,18,B01
200900027434,0,07,000,00,2,3,10,A01
200900027434,0,32,000,00,2,2,17,B01
200900027435,0,30,000,00,1,1,01,A01
200900027436,0,30,000,00,1,0,01,A01
200900027437,0,31,000,00,0,7,03,B01
200900027437,0,10,000,00,2,6,11,A01
200900027438,0,07,000,00,2,2,16,A01
200900027438,0,32,000,00,2,8,18,B01
200900027439,0,02,000,01,2,1,01,B01
200900027439,0,07,000,00,2,7,09,A01
200900027440,0,32,000,00,2,3,01,B01
200900027440,0,07,000,00,2,1,15,A01
200900027441,0,30,000,00,2,1,01,A01
200900027441,1,07,000,00,0,7,15,Z01
200900027442,0,02,000,00,2,7,17,A01
200900027442,0,37,030,00,2,8,01,B01
200900027443,0,07,000,00,2,1,01,A01
200900027443,0,07,000,00,2,4,23,B01
200900027444,0,07,000,00,2,3,01,B01
200900027444,0,30,000,00,2,1,01,A01
200900027445,0,32,000,00,2,1,02,A01
200900027445,0,10,000,00,2,6,02,B01
200900027446,1,02,000,00,1,0,01,Z01
200900027447,0,32,000,00,1,1,01,A01
200900027448,1,07,000,00,2,1,02,Z01
200900027448,0,07,000,00,2,4,02,A01
200900027448,0,34,000,00,2,4,02,B01
200900027448,0,13,000,00,2,4,02,C01
200900027449,0,02,000,00,1,1,01,A01
200900027450,0,07,000,12,2,3,01,A01
200900027450,0,07,000,00,2,1,01,B01
200900027451,0,01,000,00,0,0,01,A01
200900027452,0,07,000,08,0,9,14,A01
200900027453,0,07,000,00,2,5,22,A01
200900027453,0,01,000,08,2,1,01,B01
200900027454,0,14,000,00,1,3,01,A01
200900027455,0,30,000,00,2,7,01,B01
200900027455,0,10,000,00,2,3,09,A01
200900027456,0,07,000,00,2,3,01,A01
200900027456,0,30,000,01,2,7,01,B01
200900027457,0,33,000,04,2,7,01,B01
200900027457,0,07,000,00,2,8,13,A01
200900027458,0,07,000,04,2,5,01,C01
200900027458,0,07,000,04,2,6,01,B01
200900027458,0,17,000,00,2,2,12,A01
200900027458,0,10,000,00,2,1,01,D01
200900027459,0,14,000,00,2,1,01,A01
200900027459,0,32,000,00,2,8,01,B01
200900027460,0,32,000,00,0,8,01,A01
200900027461,0,07,000,00,1,2,20,A01
200900027462,0,32,000,00,1,1,01,A01
200900027463,0,10,000,00,2,0,23,A01
200900027463,1,07,000,00,2,2,14,Z01
200900027464,0,33,000,00,2,1,01,B01
200900027464,0,10,000,00,2,2,15,A01
200900027465,0,02,000,00,2,3,01,B01
200900027465,0,07,000,00,2,2,12,A01
200900027466,0,30,000,00,1,1,16,A01
200900027467,0,31,000,00,2,7,01,B01
200900027467,0,07,000,00,2,8,11,A01
200900027468,0,34,000,01,0,2,18,A01
200900027469,0,07,000,01,0,1,14,A01
200900027470,0,30,000,00,2,1,02,A01
200900027470,0,07,000,00,2,5,23,B01
200900027471,0,07,000,00,2,2,16,B01
200900027471,0,31,000,00,2,3,18,A01
200900027472,0,33,000,00,2,1,17,A01
200900027472,0,32,000,08,2,8,15,B01
200900027473,0,07,000,00,2,3,05,A01
200900027473,0,33,000,00,2,1,01,B01
200900027474,0,07,000,00,2,2,15,B01
200900027474,0,34,000,00,2,1,01,A01
200900027475,0,10,000,00,2,8,16,A01
200900027475,0,07,000,00,2,3,07,B01
200900027476,0,34,000,00,1,1,01,A01
200900027477,0,30,000,00,2,2,17,B01
200900027477,0,07,000,00,2,3,15,A01
200900027478,0,32,000,00,0,0,01,A01
200900027479,0,30,000,00,2,0,15,A01
200900027479,0,32,000,00,2,1,01,B01
200900027480,0,32,000,00,2,6,01,A01
200900027480,0,07,000,00,2,0,14,B01
200900027481,0,32,000,00,2,1,13,A01
200900027481,0,10,000,00,2,8,23,B01
200900027481,0,13,000,00,2,8,23,C01
200900027482,0,32,000,00,1,8,17,A01
200900027483,0,32,000,04,0,4,14,A01
200900027484,1,07,000,00,2,0,16,Z01
200900027484,0,01,000,00,2,0,01,A01
200900027485,0,07,000,00,2,7,15,A01
200900027485,0,30,000,00,2,1,01,B01
200900027486,0,07,000,00,2,3,15,B01
200900027486,0,34,000,00,2,1,17,A01
200900027487,0,32,000,00,2,8,01,B01
200900027487,0,10,000,00,2,1,15,A01
200900027488,0,33,000,00,2,1,18,B01
200900027488,0,07,000,00,2,2,16,A01
200900027489,0,32,000,00,1,0,21,A01
200900027490,0,10,000,06,0,1,01,A01
200900027491,0,33,000,01,0,0,14,A01
200900027492,0,33,000,00,1,2,01,A01
200900027493,0,02,000,01,0,3,21,A01
200900027494,0,07,000,00,2,2,12,A01
200900027494,0,32,000,00,2,1,01,B01
200900027495,0,10,000,00,2,1,02,A01
200900027495,0,07,000,00,2,4,02,B01
200900027495,0,07,000,00,2,4,02,C01
200900027496,0,30,000,00,1,1,01,A01
200900027497,0,32,000,12,0,9,01,B01
200900027497,2,07,000,12,2,0,01,A01
200900027498,0,07,000,00,1,8,01,A01
200900027499,0,31,000,09,2,4,02,A01
200900027499,0,07,000,00,2,4,02,B01
200900027500,0,32,000,12,0,1,01,A01
200900027501,0,07,000,07,0,1,01,A01
200900027502,0,07,000,00,2,3,01,B01
200900027502,0,07,000,00,2,5,01,A01
200900027503,0,02,000,12,0,1,01,A01
200900027504,0,14,000,00,0,4,23,B01
200900027504,0,07,000,01,0,1,01,A01
200900027505,0,07,000,00,1,8,15,A01
200900027506,0,07,000,00,2,3,13,A01
200900027506,0,33,000,01,2,7,17,B01
200900027507,0,07,000,00,1,1,07,A01
200900027508,0,07,000,00,2,3,15,A01
200900027508,0,33,000,00,2,8,01,B01
200900027509,0,33,000,00,2,8,01,A01
200900027509,0,07,000,00,2,7,14,B01
200900027510,0,01,000,00,0,0,01,A01
200900027511,0,34,000,00,1,3,01,A01
200900027512,0,33,000,12,2,9,07,B01
200900027512,0,07,000,00,0,0,12,A01
200900027513,0,07,000,00,2,4,23,D01
200900027513,0,07,000,00,2,9,23,B01
200900027513,0,10,000,00,2,1,02,A01
200900027513,0,07,000,00,2,9,23,C01
200900027514,2,07,000,01,0,0,04,A01
200900027515,0,33,000,00,2,1,01,B01
200900027515,0,07,000,00,2,2,15,A01
200900027516,0,01,000,00,2,7,17,A01
200900027516,0,01,000,00,2,8,01,B01
200900027517,0,07,000,01,0,3,13,A01
200900027517,0,07,000,14,0,2,02,D01
200900027517,0,07,000,00,0,0,02,B01
200900027518,0,07,000,00,2,8,01,A01
200900027518,0,07,000,00,2,1,01,B02
200900027519,0,07,000,00,2,4,01,B02
200900027519,0,07,000,00,2,2,17,A01
200900027520,0,07,000,08,0,7,01,A01
200900027521,0,07,000,00,0,4,01,B02
200900027521,0,10,000,00,2,1,01,A01
200900027522,0,07,000,13,0,1,01,A01
200900027523,0,10,000,00,2,1,02,A01
200900027523,0,07,000,00,2,4,23,B01
200900027524,0,07,000,00,2,1,02,B01
200900027524,0,01,000,00,2,1,19,A01
200900027525,0,30,000,06,0,1,01,A01
200900027526,0,02,000,00,2,1,01,B02
200900027526,0,07,000,00,2,3,01,A01
200900027527,0,01,000,13,0,1,01,A01
200900027528,0,07,000,00,2,8,01,B01
200900027528,0,01,000,00,2,1,05,A01
200900027529,0,07,000,00,1,4,04,A01
200900027530,0,02,000,00,2,1,02,A01
200900027530,0,02,000,00,2,0,02,B01
200900027531,0,02,000,00,1,1,17,A01
200900027531,0,01,000,00,2,6,19,B01
200900027532,0,07,000,08,0,2,01,A01
200900027533,0,33,000,00,2,1,01,B01
200900027533,0,07,000,00,2,6,15,A01
200900027534,0,07,000,00,0,4,01,C01
200900027534,0,07,000,14,2,1,02,A01
200900027534,0,07,000,00,0,9,01,B01
200900027535,0,07,000,00,2,4,02,B01
200900027535,0,07,000,00,0,4,23,C01
200900027535,0,07,000,00,2,1,02,A01
200900027536,0,15,000,00,1,7,01,A01
200900027537,0,07,000,00,0,3,01,B01
200900027537,0,01,000,00,2,1,19,A01
200900027538,0,07,000,00,2,1,01,B01
200900027538,0,07,000,00,2,2,14,A01
200900027539,0,07,000,00,2,7,20,A01
200900027539,0,31,000,00,2,1,21,B01
200900027540,0,10,000,00,2,1,02,A01
200900027540,0,10,000,00,2,4,02,C01
200900027540,0,10,000,00,2,4,02,B01
200900027541,0,30,000,00,2,1,01,B01
200900027541,0,07,000,00,2,0,23,A01
200900027542,0,07,000,00,2,7,17,A01
200900027542,0,07,000,00,2,8,01,B01
200900027542,0,07,000,00,2,6,01,C01
200900027543,0,30,000,00,2,3,13,A01
200900027543,0,07,000,00,2,3,01,B01
200900027544,0,07,000,00,1,2,01,A01
200900027545,0,07,000,13,0,9,14,A01
200900027546,0,07,000,15,0,1,01,A01
200900027547,0,07,000,00,2,3,01,B01
200900027547,0,30,000,14,0,1,01,A01
200900027548,0,07,000,14,0,1,01,A01
200900027548,0,07,000,00,2,4,01,B01
200900027549,0,07,000,00,2,2,01,B01
200900027549,0,32,000,00,2,1,01,A01
200900027550,0,07,000,00,1,6,01,A01
200900027551,0,07,000,06,0,2,13,A01
200900027552,0,07,000,00,0,3,19,A01
200900027552,0,33,000,00,2,1,01,B02
200900027553,0,07,000,13,0,3,01,A01
200900027554,0,07,000,00,2,1,15,B02
200900027554,0,02,000,00,0,2,01,A01
200900027555,0,07,000,00,2,8,13,A01
200900027555,0,07,000,00,2,1,01,B02
200900027556,0,07,000,00,2,1,17,A01
200900027556,0,07,000,00,2,1,01,B02
200900027557,0,07,000,00,0,4,23,A01
200900027557,0,02,000,01,0,1,01,B01
200900027558,0,33,000,00,0,0,17,A01
200900027559,0,07,000,00,2,3,01,C03
200900027559,0,07,000,00,0,3,01,B02
200900027559,0,07,000,00,0,3,13,A01
200900027560,0,03,000,00,2,1,01,B02
200900027560,0,33,000,00,0,1,13,A01
200900027561,0,07,000,00,2,3,01,B02
200900027561,0,07,000,00,2,3,13,A01
200900027562,0,01,000,00,2,1,01,B01
200900027562,0,07,000,00,2,1,15,A01
200900027563,0,02,000,00,2,1,17,A01
200900027563,0,07,000,00,2,1,01,B02
200900027564,0,07,000,03,0,1,01,A01
200900027565,0,33,000,03,0,0,01,A01
200900027566,0,14,000,00,2,6,02,B02
200900027566,0,10,000,00,2,1,02,A01
200900027567,0,07,000,00,2,3,01,B02
200900027567,0,07,000,00,2,3,01,A01
200900027568,0,07,000,00,2,1,01,B02
200900027568,0,07,000,07,0,7,01,A01
200900027569,0,02,000,00,2,1,01,A01
200900027569,0,07,000,00,2,8,01,B01
200900027570,0,07,000,00,2,3,01,B02
200900027570,0,07,000,00,2,3,13,A01
200900027571,0,07,000,00,2,3,10,A01
200900027571,0,33,000,00,2,1,01,B01
200900027572,0,07,000,00,2,1,01,B02
200900027572,0,07,000,00,1,4,01,A01
200900027573,0,33,000,03,0,9,16,A01
200900027574,0,01,000,00,2,1,10,B02
200900027574,0,07,000,00,2,8,01,A01
200900027575,0,10,000,00,2,1,15,B02
200900027575,0,02,000,00,2,7,01,A01
200900027576,0,10,000,13,0,3,14,A01
200900027577,0,07,000,09,0,1,01,A01
200900027578,0,14,000,12,0,1,01,A01
200900027579,0,07,000,00,0,1,15,A01
200900027579,0,07,000,00,0,1,01,B02
200900027580,0,33,000,00,6,1,01,A01
200900027581,0,07,000,08,0,7,13,A01
200900027582,0,07,000,16,0,9,01,A01
200900027583,0,07,000,04,0,3,01,A01
200900027584,0,07,000,00,1,2,01,A01
200900027585,0,10,000,00,2,7,01,A01
200900027585,0,33,000,00,2,1,21,B01
200900027586,0,07,000,00,2,2,15,A01
200900027586,0,33,000,00,2,1,01,B01
200900027587,0,33,000,00,2,1,01,A01
200900027587,0,07,000,00,2,2,01,B01
200900027588,0,07,000,00,2,1,01,B02
200900027588,0,07,000,00,2,1,01,A01
200900027589,0,07,000,00,1,1,20,A01
200900027590,0,07,000,00,1,3,01,A01
200900027591,0,07,000,00,2,0,00,A01
200900027591,0,07,000,00,2,1,01,B01
200900027592,0,07,000,00,2,7,15,A01
200900027592,0,30,000,00,2,1,01,B01
200900027593,0,07,000,00,2,4,01,D01
200900027593,0,07,000,00,2,1,01,A01
200900027593,0,07,000,00,2,4,01,B01
200900027593,0,07,000,00,2,4,01,C01
200900027594,0,10,000,00,2,8,13,A01
200900027594,0,33,000,00,2,9,01,B01
200900027595,0,30,000,00,2,8,00,A01
200900027595,0,07,000,00,2,0,16,C01
200900027595,0,07,000,00,2,2,00,B01
200900027596,0,14,000,00,0,0,00,A01
200900027596,0,10,000,00,9,6,01,B01
200900027597,0,17,000,00,1,3,01,A01
200900027598,0,07,000,00,2,1,01,B02
200900027598,0,07,000,00,2,7,15,A01
200900027599,0,33,000,00,2,8,01,B02
200900027599,0,07,000,00,2,3,13,A01
200900027600,0,10,000,06,0,3,13,A01
200900027601,0,10,000,00,1,5,04,A01
200900027602,0,07,000,00,2,1,02,A01
200900027602,0,17,000,00,2,4,23,B01
200900027603,0,07,000,00,2,1,01,B01
200900027603,0,07,000,00,2,8,19,A01
200900027604,0,07,000,00,2,1,01,A01
200900027604,0,10,000,00,2,4,01,B02
200900027605,0,07,000,00,1,2,01,A01
200900027606,0,02,000,13,0,1,01,A01
200900027607,0,30,000,00,2,1,09,A01
200900027607,0,07,000,00,2,7,01,B01
200900027608,0,30,000,00,2,1,01,B01
200900027608,0,07,000,00,2,1,09,A01
200900027609,0,07,000,00,1,1,15,A01
200900027610,0,07,000,14,6,1,01,A01
200900027611,0,07,000,02,0,1,01,A01
200900027612,0,07,000,00,2,8,15,B02
200900027612,0,33,000,00,2,1,17,A01
200900027613,0,07,000,08,0,2,01,A01
200900027614,0,10,000,00,2,5,15,A01
200900027614,0,02,000,00,2,1,01,B02
200900027615,0,07,000,00,2,1,13,A01
200900027615,0,07,000,00,2,1,01,B02
200900027616,0,10,000,02,0,7,13,A01
200900027617,0,10,000,00,2,7,01,A01
200900027617,0,07,000,00,2,1,15,B01
200900027618,0,10,000,00,2,1,01,A01
200900027618,0,01,000,00,2,8,01,B01
200900027619,0,07,000,00,2,1,15,A01
200900027619,0,07,000,00,2,1,00,B01
200900027620,0,07,000,00,2,7,16,A01
200900027620,0,30,000,00,2,3,01,B01
200900027621,0,07,000,00,2,1,01,B01
200900027621,0,07,000,00,2,4,02,C01
200900027621,0,07,000,00,2,1,01,A01
200900027622,0,07,000,13,0,3,00,A01
200900027623,0,07,000,00,2,8,19,B02
200900027623,0,07,000,00,2,1,01,A01
200900027624,0,33,000,00,2,1,13,A01
200900027624,0,07,000,00,2,1,01,B02
200900027625,0,30,000,00,2,1,01,A01
200900027625,0,07,000,00,9,7,15,B02
200900027626,0,10,000,01,0,2,20,A01
200900027627,0,07,000,13,2,7,13,A01
200900027627,0,07,000,00,2,1,01,B02
200900027628,0,07,000,00,1,1,15,A01
200900027629,0,07,000,06,0,2,01,A01
200900027630,0,33,000,00,2,3,13,A01
200900027630,0,07,000,00,2,3,01,C03
200900027630,0,07,000,00,0,0,20,B02
200900027631,0,07,000,06,0,1,19,A01
200900027632,0,01,000,00,2,4,01,A01
200900027632,0,07,000,00,2,2,02,B02
200900027633,0,07,000,00,2,3,01,B02
200900027633,0,07,000,00,2,1,15,A01
200900027634,0,14,000,00,2,6,15,A01
200900027634,0,30,000,00,2,1,17,B02
200900027635,0,10,000,13,0,1,01,A01
200900027636,0,02,000,00,2,8,15,A01
200900027636,0,07,000,00,2,1,01,B02
200900027637,0,07,000,02,0,7,13,A01
200900027638,0,02,000,00,2,4,15,B02
200900027638,0,07,000,14,0,2,01,A01
200900027639,0,10,000,00,2,3,01,A01
200900027639,0,38,000,00,2,3,01,B02
200900027640,0,07,000,00,2,4,01,B01
200900027640,0,30,000,00,2,1,01,A01
200900027641,0,38,000,00,1,3,01,A01
200900027642,0,07,000,00,2,1,01,B01
200900027642,0,30,000,00,2,8,01,A01
200900027643,0,07,000,00,1,2,01,A01
200900027644,0,07,000,03,0,1,01,A01
200900027645,0,07,000,00,1,1,01,A01
200900027646,0,33,000,12,0,1,01,A01
200900027647,0,31,000,01,2,1,01,A01
200900027647,0,07,000,00,2,8,16,B01
200900027648,0,07,000,00,2,2,15,A01
200900027648,0,30,000,00,2,1,01,B01
200900027649,0,07,000,00,2,1,01,B01
200900027649,0,07,000,01,0,2,01,A01
200900027649,0,07,000,00,2,1,01,C01
200900027650,0,07,000,00,2,1,01,A01
200900027650,0,07,000,00,2,4,23,B01
200900027651,0,07,000,00,0,7,16,A01
200900027651,0,02,000,00,2,1,18,B01
200900027652,0,02,000,16,0,0,01,A01
200900027653,0,07,000,00,2,3,15,A01
200900027653,0,32,000,00,2,0,01,B01
200900027654,0,37,000,00,2,2,01,B01
200900027654,0,07,000,00,2,3,15,A01
200900027655,0,07,000,00,2,0,09,A01
200900027655,0,01,000,00,2,0,01,B01
200900027656,0,07,000,00,1,4,04,A01
200900027657,0,10,000,01,1,1,01,A01
200900027658,0,07,000,00,1,2,01,A01
200900027659,0,07,000,00,2,1,01,C01
200900027659,0,07,000,00,2,1,01,B01
200900027659,1,07,000,00,2,1,15,A01
200900027660,0,01,000,00,2,7,01,B01
200900027660,0,07,000,00,9,3,01,A01
200900027661,0,07,000,00,1,6,04,A01
200900027662,0,33,000,00,2,1,01,A01
200900027662,0,07,000,00,2,3,19,B01
200900027663,0,07,000,13,0,1,01,A01
200900027664,0,32,000,00,2,8,16,B01
200900027664,0,07,000,00,1,2,16,A01
200900027665,0,01,000,00,2,1,01,B01
200900027665,0,07,000,00,2,1,15,A01
200900027666,0,07,000,00,1,1,00,A01
200900027667,0,07,000,00,0,4,01,A01
200900027667,0,07,000,00,2,1,02,B01
200900027668,0,07,000,00,2,3,15,A01
200900027668,0,07,000,00,2,8,15,B01
200900027669,0,07,000,00,2,4,15,B01
200900027669,0,07,000,01,2,1,15,A01
200900027670,0,37,000,00,2,7,15,A01
200900027670,0,02,000,00,2,1,01,B01
200900027671,0,07,000,00,2,7,15,A01
200900027671,0,07,000,00,2,1,01,B01
200900027672,0,30,000,00,2,2,01,A01
200900027672,0,07,000,00,0,1,23,B01
200900027673,0,02,000,00,1,1,01,A01
200900027674,0,02,000,00,2,1,01,B01
200900027674,0,07,000,00,0,8,01,A01
200900027675,0,07,000,00,1,1,01,A01
200900027676,0,37,015,00,2,1,01,B01
200900027676,0,07,000,00,2,7,10,A01
200900027677,0,33,000,00,2,1,01,B01
200900027677,0,07,000,00,2,3,09,A01
200900027678,0,07,000,00,1,1,15,A01
200900027679,0,07,000,00,2,5,04,A01
200900027679,0,07,000,00,2,1,01,B01
200900027680,0,10,000,00,1,1,15,A01
200900027681,0,07,000,00,1,1,16,A01
200900027682,0,07,000,00,2,1,01,A01
200900027682,0,07,000,00,2,8,19,B02
200900027683,0,14,000,00,1,1,02,A01
200900027684,0,10,000,00,2,3,15,A01
200900027684,0,32,000,00,2,1,01,B02
200900027685,0,31,000,00,2,1,01,A01
200900027685,0,07,000,00,2,8,09,B02
200900027686,0,07,000,02,0,1,13,A01
200900027687,0,07,000,13,0,1,15,A01
200900027688,0,99,000,00,0,3,01,B02
200900027688,0,07,000,07,2,1,01,A01
200900027689,0,07,000,02,0,1,01,A01
200900027690,0,17,000,00,2,3,01,A01
200900027690,0,07,000,00,2,1,01,B02
200900027690,0,07,000,00,2,3,13,C03
200900027691,0,30,000,00,2,1,01,B02
200900027691,0,07,000,00,2,3,01,A01
200900027692,0,21,000,00,2,8,01,B02
200900027692,0,07,000,00,2,8,13,A01
200900027693,0,07,000,08,0,1,01,A01
200900027694,0,01,000,00,2,1,01,B02
200900027694,0,07,000,00,9,3,01,A01
200900027695,0,07,000,00,1,2,01,A01
200900027696,0,30,000,00,0,7,01,A01
200900027697,0,07,000,00,2,1,13,A01
200900027697,0,07,000,00,2,1,01,B02
200900027698,0,33,000,00,2,1,13,A01
200900027698,0,07,000,00,2,3,19,B02
200900027699,0,07,000,06,0,1,01,A01
200900027700,0,07,000,00,2,3,19,A01
200900027700,0,07,000,00,2,1,01,B02
200900027700,0,07,000,00,2,7,01,C03
200900027701,0,33,000,00,2,1,01,B02
200900027701,0,07,000,00,2,6,15,A01
200900027702,0,07,000,06,0,1,01,A01
200900027703,0,07,000,00,2,8,15,A01
200900027703,0,30,000,00,2,7,17,B01
200900027704,0,07,000,00,1,1,01,A01
200900027705,0,07,000,00,2,3,00,A01
200900027705,0,07,000,00,0,3,01,B01
200900027706,0,20,000,00,1,2,01,A01
200900027707,0,07,000,08,0,1,01,A01
200900027708,0,30,000,07,0,1,01,B01
200900027708,0,33,000,07,0,1,01,A01
200900027709,1,10,000,00,2,2,17,A01
200900027709,0,01,000,00,0,8,01,B01
200900027710,0,07,000,00,2,1,01,A01
200900027710,0,07,000,00,0,3,01,B01
200900027711,0,07,000,01,2,1,17,A01
200900027711,0,07,000,00,2,3,15,B01
200900027712,0,07,000,00,2,8,01,A01
200900027712,0,07,000,00,2,2,01,B01
200900027713,0,07,000,00,2,3,01,A01
200900027713,0,33,000,00,2,2,01,B01
200900027714,0,07,000,00,2,1,01,A01
200900027714,0,07,000,00,2,3,01,B01
200900027715,0,07,000,00,2,4,02,C01
200900027715,0,07,000,00,2,4,02,B01
200900027715,0,07,000,00,2,1,02,A01
200900027716,0,07,000,00,2,7,15,B01
200900027716,0,33,000,01,2,1,01,A01
200900027717,0,07,000,01,0,2,01,A01
200900027718,0,07,000,00,2,0,15,A01
200900027718,0,01,000,00,2,0,01,B01
200900027719,0,07,000,00,2,1,01,A01
200900027719,0,07,000,00,0,4,01,B01
200900027720,0,07,000,08,0,1,13,A01
200900027721,0,33,000,08,0,1,01,B01
200900027721,0,07,000,00,0,0,15,A01
200900027722,0,30,000,07,0,1,01,A01
200900027723,0,37,000,00,1,0,00,A01
200900027724,0,07,000,00,2,2,01,A01
200900027724,0,07,000,00,2,6,01,B01
200900027725,0,10,000,00,1,3,01,A01
200900027726,0,02,000,00,2,1,01,A01
200900027726,0,07,000,00,2,2,06,B02
200900027727,0,07,000,06,0,3,01,A01
200900027728,0,07,000,02,0,9,14,A01
200900027729,0,07,000,00,2,2,01,A01
200900027729,0,01,000,00,2,1,06,B02