Num_Acc,senc,catv,occutc,obs,obsm,choc,manv,num_veh
200900028120,0,07,000,04,0,8,21,A01
200900028121,0,07,000,13,0,0,01,A01
200900028121,0,07,000,13,0,0,01,B02
200900028122,0,07,000,00,2,3,13,B02
200900028122,0,33,000,00,2,1,01,A01
200900028123,0,10,000,00,0,6,00,A01
200900028124,0,07,000,03,0,1,01,A01
200900028125,0,17,000,00,0,4,02,B02
200900028125,0,17,000,00,0,0,02,C03
200900028125,0,07,000,00,2,1,02,A01
200900028126,0,30,000,00,2,1,13,A01
200900028126,0,07,000,00,2,3,01,B02
200900028127,0,07,000,00,1,2,01,A01
200900028128,0,07,000,02,0,7,01,A01
200900028129,0,07,000,00,2,3,01,B01
200900028129,0,07,000,00,2,2,15,A01
200900028130,0,31,000,06,0,1,01,A01
200900028131,0,21,000,00,2,6,19,B02
200900028131,0,10,000,00,2,1,01,A01
200900028132,0,10,000,02,0,1,14,A01
200900028133,0,10,000,08,0,3,01,A01
200900028134,0,30,000,06,0,1,01,A01
200900028135,0,07,000,03,0,3,00,A01
200900028135,0,07,000,14,0,1,00,B02
200900028136,0,07,000,00,2,3,01,B01
200900028136,0,01,000,00,2,1,16,A01
200900028137,0,02,000,00,2,1,01,B02
200900028137,0,07,000,00,2,5,19,A01
200900028138,0,31,000,00,2,1,01,B02
200900028138,0,07,000,00,0,3,19,A01
200900028139,0,33,000,13,0,1,01,A01
200900028140,0,07,000,02,0,8,14,A01
200900028141,0,07,000,00,2,4,01,B01
200900028141,0,07,000,00,2,1,01,A01
200900028142,0,07,000,00,2,1,13,A01
200900028142,0,07,000,00,2,1,01,B02
200900028143,0,07,000,02,0,1,14,A01
200900028144,0,07,000,06,0,3,15,A01
200900028145,0,07,000,02,0,7,01,A01
200900028146,0,07,000,15,0,2,14,A01
200900028147,0,17,000,00,2,8,01,B01
200900028147,0,07,000,00,2,1,13,A01
200900028148,0,07,000,00,2,8,01,D01
200900028148,0,02,000,00,2,1,02,A01
200900028148,0,07,000,00,2,6,23,B01
200900028149,0,07,000,15,0,1,01,A01
200900028150,0,07,000,08,0,8,09,A01
200900028151,0,10,000,02,0,1,17,A01
200900028152,0,15,000,00,2,4,02,B02
200900028152,0,15,000,00,2,1,02,A01
200900028153,0,07,000,00,2,1,01,A01
200900028153,0,07,000,00,2,4,23,B01
200900028154,0,07,000,08,0,1,14,A01
200900028155,0,07,000,00,2,6,04,A01
200900028155,0,02,000,00,2,1,01,B01
200900028156,0,07,000,00,1,2,16,A01
200900028157,0,07,000,00,2,1,17,A01
200900028157,0,07,000,00,2,1,01,B02
200900028158,0,07,000,00,2,5,17,A01
200900028158,0,01,000,00,2,8,01,B02
200900028159,0,02,000,12,0,3,09,A01
200900028160,0,33,000,00,2,5,01,B02
200900028160,0,10,000,00,2,3,01,A01
200900028161,0,07,000,13,0,3,13,A01
200900028162,0,07,000,00,1,2,01,A01
200900028163,0,07,000,13,0,9,00,A01
200900028164,0,07,000,00,2,3,17,A01
200900028164,0,07,000,00,2,1,01,B02
200900028164,0,07,000,00,2,1,01,C03
200900028165,0,07,000,00,2,1,01,A01
200900028165,0,33,000,00,2,1,17,B02
200900028166,0,07,000,06,0,1,01,A01
200900028167,0,07,000,00,2,8,19,A01
200900028167,0,07,000,00,2,1,01,B02
200900028168,0,07,000,00,1,1,01,A01
200900028169,0,07,000,03,0,2,14,A01
200900028169,0,07,000,00,1,3,01,B02
200900028170,0,33,000,13,0,1,01,A01
200900028171,0,33,000,06,0,1,01,A01
200900028172,0,33,000,08,0,1,01,A01
200900028173,0,10,000,00,2,4,02,B02
200900028173,0,07,000,00,2,1,02,A01
200900028174,0,14,000,00,0,6,01,B02
200900028174,0,10,000,00,2,2,01,A01
200900028175,0,07,000,04,2,2,11,A01
200900028175,0,07,000,04,2,3,01,B02
200900028176,0,07,000,00,2,8,19,A01
200900028176,0,07,000,00,2,1,01,B02
200900028177,0,10,000,00,2,1,01,A01
200900028177,0,07,000,00,2,7,15,B02
200900028178,0,07,000,00,2,3,01,B02
200900028178,0,07,000,00,2,1,01,A01
200900028179,0,30,000,00,2,1,01,A01
200900028179,0,07,000,00,2,1,15,B02
200900028180,0,10,000,00,2,1,01,B02
200900028180,0,07,000,00,2,8,15,A01
200900028181,0,07,000,00,1,2,01,A01
200900028182,0,07,000,04,2,8,11,B02
200900028182,0,38,000,00,2,3,01,A01
200900028183,0,15,000,00,2,8,13,A01
200900028183,0,07,000,00,2,7,01,B02
200900028184,0,36,000,05,0,1,01,A01
200900028185,0,07,000,02,0,2,13,A01
200900028186,0,07,000,02,0,3,01,A01
200900028187,0,07,000,13,0,2,00,A01
200900028188,0,33,000,00,2,8,01,B02
200900028188,0,07,000,00,2,6,01,A01
200900028189,0,30,000,00,2,1,01,B02
200900028189,0,07,000,00,2,5,00,A01
200900028190,0,07,000,00,2,1,01,A01
200900028190,0,36,000,00,2,7,19,B02
200900028191,0,33,000,01,0,4,01,B02
200900028191,0,07,000,01,2,6,24,A01
200900028192,0,07,000,00,1,3,01,A01
200900028193,0,07,000,00,0,1,01,A01
200900028194,0,07,000,16,0,9,01,A01
200900028195,0,07,000,00,2,1,06,A01
200900028195,0,07,000,00,2,8,01,B01
200900028196,0,07,000,00,0,3,15,B01
200900028196,0,02,000,00,2,3,02,A01
200900028197,0,07,000,00,1,7,15,A01
200900028198,0,33,000,00,2,1,02,A01
200900028198,0,33,000,00,2,4,02,B02
200900028199,0,07,000,00,2,2,01,B01
200900028199,0,01,000,00,2,1,05,A01
200900028200,0,07,000,00,2,7,00,B01
200900028200,0,30,000,00,2,3,01,A01
200900028201,0,07,000,00,2,1,00,A01
200900028201,0,07,000,00,2,8,00,B02
200900028202,0,02,000,00,2,1,01,A01
200900028202,0,07,000,00,2,8,15,B01
200900028203,0,07,000,00,2,5,01,B01
200900028203,0,02,000,00,2,1,15,A01
200900028204,0,07,000,00,1,3,15,A01
200900028205,0,07,000,00,2,1,15,A01
200900028205,0,07,000,00,2,3,01,B01
200900028206,0,07,000,00,2,8,01,B01
200900028206,0,07,000,00,2,7,01,A01
200900028207,0,30,000,00,2,4,01,B01
200900028207,1,07,000,00,2,3,01,A01
200900028208,0,07,000,00,2,7,17,B01
200900028208,0,01,000,00,2,8,15,A01
200900028209,0,02,000,00,2,1,01,A01
200900028209,0,07,000,00,2,1,17,B01
200900028210,0,07,000,00,2,5,01,B01
200900028210,0,02,000,00,2,1,01,A01
200900028211,1,07,000,00,1,1,00,A01
200900028212,0,31,000,00,0,0,00,A01
200900028213,0,07,000,00,2,1,01,A01
200900028213,0,07,000,00,2,1,01,B02
200900028214,0,07,000,05,2,9,01,C03
200900028214,0,07,000,05,2,1,13,A01
200900028214,0,07,000,05,2,9,01,B02
200900028215,0,31,000,13,0,1,01,A01
200900028216,0,30,000,00,2,1,16,A01
200900028217,0,07,000,00,2,3,01,B02
200900028217,0,02,000,00,2,4,15,A01
200900028218,0,07,000,00,0,2,24,B02
200900028218,0,99,000,01,0,8,01,A01
200900028219,0,07,000,00,2,2,01,B02
200900028219,0,07,000,00,2,3,01,A01
200900028220,0,14,000,00,9,7,16,B02
200900028220,0,01,000,00,2,8,15,A01
200900028221,0,10,000,00,2,3,11,A01
200900028221,0,30,000,00,2,1,01,B02
200900028222,0,21,000,00,2,3,15,B02
200900028222,0,07,000,00,2,2,17,A01
200900028223,0,10,000,13,0,2,01,A01
200900028224,0,07,000,00,2,3,24,A01
200900028224,0,30,000,01,0,2,02,B02
200900028225,0,10,000,00,1,1,01,A01
200900028225,0,01,000,00,2,5,09,B02
200900028226,0,33,000,01,0,1,02,A01
200900028226,0,03,000,00,0,6,23,B02
200900028226,0,03,000,00,9,6,02,C03
200900028227,0,02,000,11,0,1,01,A01
200900028228,0,14,000,00,2,1,01,B02
200900028228,0,10,000,00,2,1,13,A01
200900028229,0,10,000,00,2,1,01,B02
200900028229,0,10,000,00,2,7,19,A01
200900028230,0,07,000,00,2,2,15,A01
200900028230,0,07,000,00,2,3,21,B02
200900028231,0,33,000,13,0,1,01,A01
200900028232,0,07,000,00,2,3,01,B02
200900028232,0,33,000,00,2,1,13,A01
200900028233,0,07,000,00,2,3,01,C03
200900028233,0,07,000,00,2,3,01,B02
200900028233,0,07,000,00,2,3,13,A01
200900028234,0,07,000,13,0,1,01,A01
200900028235,0,33,000,00,2,1,17,A01
200900028235,0,07,000,00,2,6,15,B02
200900028236,0,01,000,01,0,1,01,A01
200900028236,0,07,000,00,0,3,22,B02
200900028237,0,30,000,00,2,8,16,A01
200900028237,0,07,000,00,2,1,01,B02
200900028238,0,07,000,00,1,4,04,A01
200900028239,0,07,000,00,0,4,01,D01
200900028239,0,07,000,00,2,1,01,B01
200900028239,0,07,000,00,2,1,01,A01
200900028239,0,07,000,00,2,1,01,C01
200900028240,0,07,000,00,2,6,17,A01
200900028240,0,33,000,00,0,2,17,B02
200900028241,0,14,000,07,0,1,14,A01
200900028241,0,10,000,14,0,1,21,B02
200900028242,0,30,000,13,2,8,01,A01
200900028242,0,10,000,00,2,1,01,B02
200900028243,0,02,000,00,0,8,01,B02
200900028243,0,07,000,00,2,1,01,A01
200900028244,0,01,000,00,2,8,01,B02
200900028244,0,07,000,00,2,7,17,A01
200900028245,0,07,000,13,0,1,01,A01
200900028246,0,07,000,07,0,3,02,A01
200900028247,0,07,000,00,2,1,01,B02
200900028247,0,07,000,00,2,2,13,A01
200900028248,0,07,000,13,0,1,00,A01
200900028249,0,07,000,00,1,2,01,A01
200900028250,0,10,000,00,2,3,15,B01
200900028250,0,02,000,00,2,1,17,A01
200900028251,0,07,000,00,1,1,01,A01
200900028252,0,07,000,00,2,3,15,A01
200900028252,0,30,000,00,2,1,01,B01
200900028253,0,10,000,00,0,0,15,A01
200900028254,0,07,000,00,1,2,00,A01
200900028255,0,07,000,00,1,3,15,A01
200900028256,0,14,000,00,1,2,01,A01
200900028257,0,07,000,00,2,5,15,B02
200900028257,0,33,000,00,2,1,17,A01
200900028258,0,33,000,00,0,0,01,A01
200900028259,0,07,000,16,0,2,01,A01
200900028260,0,07,000,07,0,2,01,A01
200900028260,0,17,000,00,2,8,24,B02
200900028261,0,07,000,00,0,3,19,A01
200900028261,0,31,000,00,2,1,01,B02
200900028262,0,07,000,04,0,0,01,A01
200900028263,0,07,000,02,0,3,01,A01
200900028264,0,38,000,13,0,2,14,A01
200900028265,0,17,000,00,0,6,01,B02
200900028265,0,17,000,00,2,2,02,A01
200900028266,0,10,000,00,2,1,01,B02
200900028266,0,07,000,00,2,3,19,A01
200900028267,0,07,000,04,2,5,13,A01
200900028267,0,07,000,03,2,1,01,B02
200900028268,0,33,000,00,2,1,01,A01
200900028268,0,01,000,00,0,7,06,B02
200900028269,0,07,000,00,2,3,15,A01
200900028269,0,07,000,00,2,2,01,B02
200900028270,0,10,000,00,2,2,03,A01
200900028270,0,17,000,00,2,6,01,B02
200900028271,0,30,000,00,2,1,17,A01
200900028271,0,07,000,00,9,3,09,B02
200900028272,0,07,000,00,2,8,19,A01
200900028272,0,07,000,00,2,3,01,B02
200900028273,0,07,000,00,2,3,13,A01
200900028273,0,07,000,00,2,3,14,B02
200900028274,0,33,000,00,0,1,01,A01
200900028275,0,07,000,00,2,1,21,A01
200900028275,0,14,000,00,2,3,01,B02
200900028276,0,07,000,00,2,2,15,A01
200900028276,0,07,000,00,2,1,01,B02
200900028277,0,02,000,00,1,1,17,A01
200900028278,0,10,000,00,2,3,14,B02
200900028278,0,07,000,00,2,2,13,A01
200900028279,0,01,000,00,2,4,01,B01
200900028279,0,07,000,00,2,2,02,A01
200900028280,0,07,000,00,2,1,01,B01
200900028280,0,07,000,00,2,3,01,A01
200900028281,0,07,000,00,2,7,01,B01
200900028281,0,01,000,00,2,1,19,A01
200900028282,0,07,000,00,2,8,09,B01
200900028282,0,10,000,00,2,1,00,A01
200900028283,0,07,000,00,2,1,15,A01
200900028283,0,33,000,00,2,7,01,B01
200900028284,0,07,000,00,2,2,16,B01
200900028284,0,32,000,00,2,1,01,A01
200900028285,0,15,000,00,1,3,01,A01
200900028286,0,07,000,00,1,2,01,A01
200900028287,0,07,000,00,1,1,01,A01
200900028288,0,07,000,00,2,1,00,A01
200900028288,0,07,000,00,2,1,00,B01
200900028289,0,07,000,00,2,1,01,A01
200900028289,0,02,000,00,2,6,09,B02
200900028290,0,07,000,00,2,8,01,B01
200900028290,0,07,000,03,2,3,01,A01
200900028291,0,07,000,00,2,3,10,A01
200900028291,0,33,000,00,2,1,01,B01
200900028292,0,07,000,07,9,9,01,A01
200900028293,0,02,000,00,2,1,01,B02
200900028293,0,03,000,00,2,6,01,A01
200900028294,0,07,000,08,0,6,14,A01
200900028295,0,07,000,01,0,3,05,A01
200900028296,0,30,000,00,2,1,13,A01
200900028296,0,07,000,00,2,1,01,B02
200900028297,0,31,000,03,0,2,01,A01
200900028298,0,07,000,08,0,2,14,A01
200900028299,0,10,000,00,2,1,15,A01
200900028299,0,31,000,00,2,1,01,B02
200900028300,0,07,000,00,2,5,01,A01
200900028300,0,07,000,00,2,1,01,B02
200900028301,0,07,000,00,1,1,01,A01
200900028302,0,10,000,00,2,1,16,A01
200900028302,0,01,000,00,2,7,19,B02
200900028303,0,99,000,00,2,3,15,B02
200900028303,0,07,000,00,2,2,17,A01
200900028304,0,07,000,00,2,2,01,B02
200900028304,0,07,000,00,2,2,01,A01
200900028305,0,07,000,02,0,8,01,A01
200900028306,0,01,000,00,2,8,01,B02
200900028306,0,15,000,00,2,2,01,A01
200900028307,0,07,000,00,2,7,15,A01
200900028307,0,33,000,00,2,1,01,B02
200900028308,0,07,000,13,0,9,01,A01
200900028309,0,07,000,00,2,3,13,A01
200900028309,0,17,000,00,2,3,01,B02
200900028310,0,07,000,02,0,8,14,A01
200900028311,0,07,000,00,2,3,19,A01
200900028311,0,30,000,00,2,1,01,B02
200900028312,0,31,000,13,0,1,01,A01
200900028313,0,01,000,00,0,0,01,A01
200900028314,0,07,000,00,2,1,01,B02
200900028314,0,02,000,00,2,1,13,A01
200900028315,0,07,000,00,2,1,15,A01
200900028315,0,14,000,00,2,1,01,B02
200900028316,0,33,000,13,0,1,01,A01
200900028317,0,07,000,00,2,1,01,A01
200900028317,0,07,000,00,2,3,15,B02
200900028318,0,07,000,13,0,2,14,A01
200900028319,0,01,000,00,2,4,15,C03
200900028319,0,10,000,00,2,1,01,A01
200900028319,0,01,000,00,2,4,15,B02
200900028320,0,02,000,00,2,2,02,B01
200900028320,0,07,000,00,2,3,09,A01
200900028321,0,33,000,00,2,1,01,A01
200900028321,0,07,000,00,2,1,00,B02
200900028322,0,07,000,00,2,5,15,A01
200900028322,0,33,000,00,2,1,01,B02
200900028323,0,31,000,02,0,2,17,A01
200900028324,0,33,000,06,0,0,00,A01
200900028325,0,36,000,00,0,0,01,A01
200900028326,0,33,000,00,2,2,17,B02
200900028326,0,07,000,00,2,6,15,A01
200900028327,0,07,000,00,2,1,13,A01
200900028327,0,10,000,00,2,1,01,B02
200900028328,0,30,000,00,0,0,01,A01
200900028329,0,07,000,07,0,1,00,A01
200900028330,0,07,000,01,0,8,04,A01
200900028331,0,30,000,00,0,0,16,A01
200900028332,0,07,000,00,2,2,01,B01
200900028332,0,33,000,00,2,3,19,A01
200900028333,0,07,000,00,2,1,15,A01
200900028333,0,30,000,00,2,1,01,B01
200900028334,0,02,000,00,2,1,01,A01
200900028334,0,07,000,00,0,5,15,B01
200900028335,0,02,000,00,0,0,02,A01
200900028336,0,02,000,00,2,1,01,B01
200900028336,0,07,000,00,2,6,19,A01
200900028337,0,07,000,00,2,3,13,A01
200900028337,0,10,000,00,2,3,01,B01
200900028338,0,30,000,00,2,1,02,A01
200900028338,0,07,000,00,2,6,01,B01
200900028339,0,07,000,00,1,3,02,A01
200900028340,0,02,000,00,2,1,01,B01
200900028340,0,07,000,00,2,2,09,A01
200900028341,0,07,000,00,1,4,04,A01
200900028342,0,30,000,00,2,2,00,B01
200900028342,0,07,000,00,2,2,21,A01
200900028343,0,07,000,02,0,1,01,A01
200900028344,0,07,000,00,0,0,01,A01
200900028345,0,33,000,00,2,1,01,B02
200900028345,0,30,000,00,2,1,15,A01
200900028346,0,07,000,00,2,3,01,B02
200900028346,0,07,000,00,0,9,13,A01
200900028347,0,17,000,00,2,3,01,B02
200900028347,0,10,000,00,2,3,13,A01
200900028348,0,07,000,06,0,1,01,A01
200900028349,0,07,000,00,2,1,02,B02
200900028349,0,07,000,05,2,1,01,A01
200900028350,0,07,000,13,0,1,01,A01
200900028351,0,07,000,00,2,1,02,B01
200900028351,0,07,000,00,0,4,21,A01
200900028352,0,02,000,00,0,7,01,A01
200900028353,0,01,000,00,0,1,01,A01
200900028354,0,07,000,00,2,1,02,A01
200900028354,0,07,000,00,2,4,01,B01
200900028355,0,07,000,00,0,5,23,B01
200900028355,0,33,000,00,2,8,03,A01
200900028356,0,07,000,00,1,1,01,A01
200900028357,0,07,000,08,0,1,01,A01
200900028358,0,02,000,00,0,7,01,A01
200900028359,0,07,000,00,2,8,05,A01
200900028359,0,07,000,00,2,3,16,B01
200900028360,0,30,000,00,2,1,01,A01
200900028360,0,07,000,00,2,2,15,B01
200900028361,0,07,000,04,0,9,01,A01
200900028362,0,07,000,06,0,2,01,A01
200900028363,0,07,000,06,2,2,16,A01
200900028363,0,07,000,00,2,1,23,B01
200900028364,0,02,000,00,2,7,17,A01
200900028364,0,07,000,00,2,8,20,B01
200900028365,0,07,000,00,2,1,01,B01
200900028365,0,07,000,01,0,1,01,A01
200900028366,0,07,000,08,0,1,01,A01
200900028367,0,07,000,00,1,1,01,A01
200900028368,0,07,000,00,2,5,23,B01
200900028368,0,07,000,00,2,3,02,A01
200900028369,0,07,000,14,2,2,14,B01
200900028369,0,07,000,00,2,1,15,A01
200900028369,0,07,000,00,2,2,23,C01
200900028370,0,07,000,00,2,1,15,A01
200900028370,0,01,000,00,2,1,01,B01
200900028371,0,01,000,00,2,7,01,B01
200900028371,0,07,000,00,9,8,09,A01
200900028372,0,01,000,00,0,0,01,A01
200900028373,0,02,000,00,0,1,15,A01
200900028374,0,07,000,00,2,1,02,A01
200900028374,0,07,000,00,2,4,00,B01
200900028375,0,07,000,00,2,3,15,A01
200900028375,0,02,000,00,2,1,01,B01
200900028376,0,07,000,03,2,1,17,A01
200900028376,0,07,000,00,2,7,01,B01
200900028377,0,07,000,00,0,0,00,B01
200900028377,0,07,000,00,0,0,00,A01
200900028378,0,07,000,00,2,1,09,A01
200900028378,0,30,000,00,2,7,01,B01
200900028379,0,01,000,00,2,4,01,A01
200900028379,1,30,000,00,9,1,01,B01
200900028380,0,07,000,00,2,1,13,A01
200900028380,0,14,000,00,2,0,17,B01
200900028381,0,33,000,00,2,2,02,B01
200900028381,0,07,000,00,2,2,14,A01
200900028382,0,02,000,00,1,1,00,A01
200900028383,0,10,000,00,2,1,02,A01
200900028383,0,07,000,00,2,4,23,B01
200900028384,0,07,000,00,2,3,15,A01
200900028384,0,07,000,00,2,3,01,B01
200900028385,0,07,000,06,0,1,16,A01
200900028386,0,07,000,00,2,3,01,B01
200900028386,0,07,000,00,2,5,17,A01
200900028387,0,07,000,00,2,3,23,B01
200900028387,0,07,000,00,2,3,13,A01
200900028388,0,07,000,08,0,1,01,A01
200900028389,0,07,000,00,0,0,00,A01
200900028389,0,07,000,00,0,0,00,B01
200900028390,0,33,000,00,2,2,17,A01
200900028390,0,07,000,00,2,3,01,B01
200900028391,0,30,000,00,0,7,01,A01
200900028392,0,37,001,01,1,1,09,A01
200900028392,0,07,000,00,2,4,24,B01
200900028393,0,07,000,00,2,8,15,B01
200900028393,0,02,000,00,2,1,17,A01
200900028394,0,02,000,00,2,4,01,A01
200900028394,0,33,000,00,2,4,10,B01
200900028395,0,07,000,00,0,1,13,A01
200900028395,0,07,000,00,2,2,01,B02
200900028396,0,07,000,04,0,1,01,A01
200900028397,0,07,000,04,0,1,01,A01
200900028398,0,07,000,00,2,3,01,B02
200900028398,0,07,000,16,2,2,13,A01
200900028399,0,07,000,00,1,1,01,A01
200900028400,0,07,000,06,0,1,01,A01
200900028401,0,07,000,00,0,4,01,B01
200900028401,0,07,000,00,2,1,02,A01
200900028402,0,07,000,00,2,1,02,B01
200900028402,0,07,000,00,0,4,23,A01
200900028403,0,07,000,03,0,2,02,A01
200900028404,0,07,000,00,2,1,13,A01
200900028404,0,07,000,00,0,3,01,B02
200900028405,0,07,000,00,2,8,11,A01
200900028405,0,33,000,00,2,1,03,B01
200900028406,0,33,000,00,2,8,01,A01
200900028406,0,10,000,00,0,2,12,B01
200900028407,0,07,000,06,0,1,02,A01
200900028408,0,17,000,00,2,2,02,A01
200900028408,0,07,000,04,2,3,02,B01
200900028409,0,33,000,00,0,8,03,B01
200900028409,0,07,000,00,2,7,12,A01
200900028410,0,07,000,03,0,2,00,A01
200900028411,0,14,000,00,0,4,02,C01
200900028411,0,15,000,00,2,1,21,A01
200900028411,0,14,000,00,0,4,02,B01
200900028412,0,34,000,00,2,2,03,A01
200900028412,0,07,000,00,2,3,11,B01
200900028413,0,14,000,00,2,2,01,B01
200900028413,0,07,000,00,0,2,14,A01
200900028414,0,07,000,05,0,1,12,A01
200900028415,0,07,000,00,1,2,02,A01
200900028416,0,10,000,06,2,1,01,A01
200900028416,0,07,000,06,2,8,19,B02
200900028417,0,07,000,03,0,1,01,A01
200900028418,0,07,000,00,2,6,02,A01
200900028418,0,33,000,00,2,1,02,B01
200900028419,0,35,000,14,2,1,02,A01
200900028420,0,07,000,04,0,1,01,A01
200900028421,0,07,000,00,0,0,01,A01
200900028422,0,07,000,00,2,7,02,A01
200900028422,2,07,000,00,2,8,02,B01
200900028423,0,07,000,00,2,4,01,C01
200900028423,0,33,000,00,2,1,03,A01
200900028423,0,33,000,00,2,5,01,B01
200900028424,0,07,000,00,2,1,01,A01
200900028424,0,15,000,00,2,4,01,B01
200900028425,0,07,000,00,0,4,01,A01
200900028425,0,30,000,00,2,1,01,B02
200900028426,0,07,000,00,2,3,13,A01
200900028426,0,33,000,00,2,1,02,B01
200900028427,0,07,000,00,2,1,02,B01
200900028427,0,07,000,00,2,4,01,A01
200900028428,0,31,000,00,2,1,02,B02
200900028428,0,07,000,00,2,2,01,A01
200900028429,0,07,000,08,0,1,06,A01
200900028430,0,07,000,13,0,3,02,A01
200900028431,0,07,000,00,2,3,01,B01
200900028431,0,33,000,00,2,7,03,A01
200900028432,0,33,000,00,0,0,01,A01
200900028433,0,07,000,00,2,4,02,B01
200900028433,0,15,000,00,2,2,02,A01
200900028434,0,07,000,,2,1,01,B02
200900028434,0,07,000,,2,1,13,A01
200900028435,0,07,000,,6,1,21,D04
200900028435,0,07,000,,2,1,02,F06
200900028435,0,07,000,,2,1,02,C03
200900028435,1,07,000,,2,4,02,E05
200900028435,0,07,000,,6,1,21,A01
200900028435,0,07,000,,2,4,02,B02
200900028436,0,07,000,,2,7,15,B02
200900028436,0,07,000,,2,1,01,A01
200900028437,0,37,001,,2,3,15,A01
200900028437,0,99,000,,2,1,01,B02
200900028438,1,07,000,,1,1,00,A01
200900028439,0,07,000,00,0,0,01,A01
200900028440,0,07,000,00,1,0,16,A01
200900028441,0,30,000,00,2,3,01,A01
200900028441,0,07,000,,2,2,19,B01
200900028442,0,07,000,00,2,3,02,B02
200900028442,0,07,000,00,2,5,01,A01
200900028443,0,33,000,00,0,7,01,A01
200900028444,0,07,000,00,0,8,00,A01
200900028445,0,07,000,16,0,9,01,A01
200900028446,0,10,000,00,0,0,00,A01
200900028447,0,07,000,00,0,0,01,A01
200900028447,0,07,000,03,0,3,21,B01
200900028448,0,07,000,00,2,6,23,A01
200900028448,0,07,000,00,2,2,21,B01
200900028449,0,07,000,00,0,1,01,A01
200900028450,0,33,000,00,2,1,01,A01
200900028450,0,07,000,00,2,3,15,B02
200900028451,0,07,000,00,2,1,01,A01
200900028451,0,10,000,00,2,4,01,B01
200900028452,0,07,000,00,0,9,01,A01
200900028453,0,32,000,00,2,7,03,B01
200900028453,0,07,000,00,0,7,02,C01
200900028453,0,07,000,00,0,0,11,A01
200900028454,0,33,000,00,2,7,01,B02
200900028454,0,10,000,00,0,5,15,A01
200900028455,0,10,000,00,2,1,01,A01
200900028455,0,07,000,00,0,4,01,B01
200900028456,0,30,000,12,0,0,01,A01
200900028457,0,30,000,00,0,1,01,A01
200900028458,0,07,000,00,0,3,15,A01
200900028458,0,30,000,00,2,1,17,B01
200900028459,0,30,000,00,0,1,01,A01
200900028460,0,07,000,00,2,1,01,B01
200900028460,0,30,000,01,2,1,17,A01
200900028461,0,10,000,00,2,1,02,A01
200900028461,0,07,000,00,2,4,23,C01
200900028461,0,07,000,00,2,4,23,B01
200900028461,0,07,000,00,2,4,23,D01
200900028462,0,30,000,00,1,1,17,A01
200900028463,0,02,000,06,0,7,05,A01
200900028464,0,07,000,00,2,2,01,B01
200900028464,0,07,000,00,2,3,15,A01
200900028465,0,01,000,00,0,8,01,A01
200900028466,0,07,000,00,2,8,20,A01
200900028466,0,33,000,00,2,8,01,B01
200900028467,0,07,000,14,0,1,01,A01
200900028468,0,33,000,00,2,3,17,A01
200900028468,0,07,000,00,2,8,15,B01
200900028469,0,07,000,00,2,1,15,A01
200900028469,0,33,000,00,2,1,01,B02
200900028470,0,07,000,03,0,9,01,A01
200900028471,0,07,000,00,2,1,02,B01
200900028471,0,07,000,00,2,1,02,F01
200900028471,0,07,000,00,2,1,02,D01
200900028471,0,07,000,00,2,4,00,E02
200900028471,0,07,000,03,2,0,18,A01
200900028471,0,07,000,00,0,4,02,C01
200900028472,0,07,000,00,0,4,02,A01
200900028473,0,07,000,00,2,4,01,A01
200900028473,0,07,000,00,2,1,01,B01
200900028474,0,07,000,00,2,8,15,A01
200900028474,0,33,000,00,2,2,17,B02
200900028475,0,02,000,00,2,1,13,A01
200900028475,0,02,000,00,2,1,01,B02
200900028476,0,07,000,00,0,4,02,B01
200900028476,0,07,000,00,2,1,02,A01
200900028477,0,14,000,06,0,6,01,A01
200900028477,0,17,000,00,2,2,21,B01
200900028478,0,32,000,00,2,1,11,B01
200900028478,0,07,000,00,0,5,02,A01
200900028479,0,10,000,00,0,4,02,B01
200900028479,0,20,000,00,2,1,02,A01
200900028480,0,07,000,00,0,7,00,A01
200900028481,0,07,000,04,0,3,02,A01
200900028481,0,07,000,00,2,3,02,C01
200900028481,0,07,000,13,0,1,02,B01
200900028481,0,07,000,00,2,3,02,D01
200900028482,0,07,000,00,2,1,01,B02
200900028482,0,02,000,00,2,1,13,A01
200900028483,0,07,000,08,0,9,01,A01
200900028484,0,07,000,00,0,4,23,B01
200900028484,0,07,000,00,2,1,02,A01
200900028485,0,33,000,00,0,1,01,A01
200900028486,0,33,000,00,0,8,00,A01
200900028487,0,07,000,00,2,6,03,B01
200900028487,0,33,000,00,2,2,03,A01
200900028488,0,07,000,00,1,3,01,A01
200900028489,0,07,000,00,2,3,13,A01
200900028489,0,07,000,00,2,3,01,B01
200900028490,0,02,000,00,2,7,00,B01
200900028490,0,10,000,00,2,1,09,A01
200900028491,0,07,000,00,1,1,01,A01
200900028492,0,07,000,00,2,1,01,A01
200900028492,0,07,000,00,0,4,02,B02
200900028493,0,07,000,00,2,8,00,B01
200900028493,0,30,000,00,2,0,17,A01
200900028494,2,07,000,00,2,2,11,A01
200900028494,0,07,000,00,2,6,02,B01
200900028495,0,07,000,04,0,1,00,A01
200900028496,0,07,000,00,2,4,02,B01
200900028496,0,07,000,00,2,1,02,A01
200900028497,0,33,000,00,2,1,01,B01
200900028497,1,07,000,00,2,2,15,A01
200900028498,0,07,000,06,0,1,00,A01
200900028499,0,01,000,00,2,8,19,A01