Num_Acc,senc,catv,occutc,obs,obsm,choc,manv,num_veh
200900028871,0,07,000,02,0,2,01,A01
200900028872,0,14,000,02,0,7,01,A01
200900028873,0,33,000,00,2,1,02,A01
200900028873,0,07,000,00,2,3,02,B01
200900028874,0,07,000,00,1,1,02,A01
200900028875,0,07,000,00,2,6,19,A01
200900028875,0,33,000,00,2,1,17,B01
200900028876,0,33,000,00,2,1,02,A01
200900028876,0,07,000,00,2,4,02,B01
200900028877,0,99,000,02,0,9,00,A01
200900028878,0,07,000,00,1,1,01,A01
200900028879,0,01,000,00,0,0,01,A01
200900028880,0,33,000,00,2,1,01,B01
200900028880,0,07,000,00,2,2,11,A01
200900028881,0,07,000,02,0,2,13,A01
200900028882,0,07,000,02,0,1,01,A01
200900028883,0,07,000,00,2,3,13,A01
200900028883,0,07,000,00,2,3,01,B01
200900028884,0,07,000,13,0,1,01,A01
200900028885,0,07,000,00,2,1,01,B02
200900028885,0,07,000,00,2,1,05,A01
200900028886,0,07,000,13,0,2,01,A01
200900028887,0,02,000,00,2,0,01,B01
200900028887,0,07,000,00,9,2,12,A01
200900028888,0,07,000,13,0,1,01,A01
200900028889,0,07,000,00,2,2,15,A01
200900028889,0,33,000,00,2,1,01,B02
200900028890,0,33,000,00,0,7,01,A01
200900028891,0,10,000,00,2,7,01,A02
200900028891,0,07,000,00,2,3,01,B01
200900028892,0,07,000,06,0,3,01,A01
200900028893,0,02,000,00,2,3,13,B02
200900028893,0,02,000,00,2,3,13,A01
200900028894,0,07,000,13,2,3,15,B02
200900028894,0,07,000,00,2,3,01,A01
200900028895,0,07,000,06,0,3,01,A01
200900028896,0,07,000,00,2,6,02,B01
200900028896,0,33,000,00,2,1,02,A01
200900028897,0,07,000,00,2,1,01,B02
200900028897,0,07,000,00,2,1,13,A01
200900028898,0,07,000,00,2,2,21,B01
200900028898,0,10,000,00,2,2,13,A01
200900028899,0,33,000,13,0,1,17,A01
200900028900,0,07,000,02,0,3,01,A01
200900028901,0,07,000,00,2,6,15,B02
200900028901,0,07,000,00,2,1,17,A01
200900028902,0,02,000,00,0,1,01,A01
200900028903,0,02,000,13,0,1,01,A01
200900028904,0,07,000,00,2,1,01,B01
200900028904,0,07,000,00,2,0,15,A01
200900028905,0,07,000,00,2,1,02,A01
200900028905,0,07,000,00,2,4,02,B01
200900028906,0,32,000,00,1,1,01,A01
200900028907,0,07,000,00,1,6,01,A01
200900028908,0,99,000,00,2,3,00,A01
200900028908,0,99,000,00,2,3,05,B01
200900028909,0,30,000,00,0,8,01,B01
200900028909,0,07,000,00,0,2,16,A01
200900028910,0,07,000,00,2,2,17,A01
200900028910,0,07,000,00,2,2,02,B01
200900028911,0,07,000,00,0,1,00,A01
200900028912,0,07,000,00,1,3,15,A01
200900028913,0,07,000,00,2,3,02,A01
200900028913,0,33,000,00,0,4,23,B01
200900028914,0,07,000,00,2,1,01,A01
200900028914,0,07,000,00,2,2,01,B01
200900028915,1,07,000,00,2,1,02,A01
200900028915,0,01,000,00,2,4,02,B01
200900028916,0,10,000,00,1,0,00,A01
200900028917,0,07,000,00,2,1,16,B01
200900028917,0,07,000,00,2,7,14,A01
200900028918,0,07,000,00,2,3,06,A01
200900028918,0,33,000,00,2,1,02,B01
200900028919,0,03,000,00,2,1,02,A01
200900028919,0,07,000,00,2,4,02,B01
200900028920,0,07,000,01,1,1,00,A01
200900028921,0,07,000,00,2,1,03,A01
200900028921,0,07,000,00,2,1,01,B01
200900028922,0,07,000,00,2,7,15,A01
200900028922,0,07,000,00,2,1,02,B01
200900028923,0,07,000,00,2,1,02,A01
200900028923,0,07,000,00,2,4,02,B01
200900028924,0,07,000,00,2,1,01,A01
200900028924,0,07,000,00,2,6,04,B01
200900028925,0,15,000,00,2,4,02,B01
200900028925,0,10,000,00,2,1,02,A01
200900028926,0,07,000,00,0,6,01,A01
200900028926,0,07,000,00,2,1,01,B01
200900028927,0,07,000,04,0,2,01,A01
200900028928,0,07,000,00,2,1,02,B01
200900028928,0,07,000,00,0,4,01,A01
200900028929,0,10,000,00,2,4,02,C01
200900028929,0,10,000,00,2,4,02,D01
200900028929,0,10,000,00,2,4,02,E01
200900028929,0,07,000,00,2,4,02,B01
200900028929,0,07,000,00,2,4,02,A01
200900028930,0,07,000,04,0,1,15,A01
200900028931,0,07,000,03,2,2,01,A01
200900028931,1,07,000,03,2,3,11,B01
200900028932,0,07,000,00,0,4,02,A01
200900028932,0,10,000,00,2,1,02,B01
200900028933,0,07,000,00,0,4,02,A01
200900028933,0,07,000,00,2,1,02,B01
200900028934,0,07,000,00,2,1,01,B01
200900028934,0,07,000,00,0,4,01,A01
200900028935,0,07,000,00,2,4,00,A01
200900028935,0,07,000,00,2,1,00,B01
200900028936,0,07,000,00,0,1,02,A01
200900028937,0,33,000,00,0,1,02,A01
200900028938,0,07,000,07,0,4,01,B01
200900028938,0,07,000,03,2,1,00,A01
200900028939,0,07,000,00,0,2,01,A01
200900028939,1,07,000,00,2,3,12,B01
200900028940,0,07,000,00,2,4,01,B01
200900028940,0,07,000,00,2,1,02,A01
200900028941,0,07,000,03,0,8,01,A01
200900028942,0,07,000,05,0,1,01,A01
200900028943,0,33,000,00,0,9,01,A01
200900028944,0,07,000,00,2,3,15,A01
200900028944,0,02,000,00,2,3,01,B01
200900028945,0,07,000,10,0,3,01,A01
200900028946,0,07,000,03,0,3,01,A01
200900028947,0,07,000,00,0,6,01,A01
200900028947,0,33,000,00,2,1,12,B01
200900028948,0,07,000,03,0,1,21,A01
200900028949,0,07,000,00,0,6,01,A01
200900028949,0,32,000,00,2,1,21,B01
200900028950,0,07,000,00,2,6,02,B01
200900028950,2,07,000,03,2,2,02,A01
200900028951,0,07,000,00,2,1,21,A01
200900028951,0,14,000,00,2,4,01,B01
200900028952,0,33,000,11,0,8,13,A01
200900028953,0,10,000,00,2,1,02,A01
200900028953,0,07,000,00,2,4,15,B01
200900028954,0,33,000,00,0,8,02,A01
200900028954,0,07,000,00,0,0,15,B01
200900028955,0,07,000,03,0,1,00,D01
200900028955,0,07,000,04,0,1,00,A01
200900028955,0,07,000,03,0,4,00,C01
200900028955,0,07,000,03,0,3,00,B01
200900028956,0,07,000,00,2,1,01,C01
200900028956,0,07,000,00,2,4,02,B01
200900028956,0,07,000,00,2,9,02,A01
200900028957,0,14,000,00,2,6,14,A01
200900028957,0,33,000,00,2,1,14,B01
200900028958,0,07,000,00,2,4,01,B01
200900028958,0,07,000,00,2,1,01,A01
200900028958,0,07,000,00,2,4,23,C01
200900028959,0,07,000,00,2,1,01,A01
200900028959,0,07,000,00,2,7,01,B01
200900028960,0,07,000,00,0,0,00,B01
200900028960,0,07,000,15,0,1,00,A01
200900028961,0,37,001,00,1,7,07,A01
200900028962,0,17,000,00,2,2,16,A01
200900028962,0,10,000,00,2,8,01,B01
200900028963,0,07,000,00,1,4,04,A01
200900028964,1,99,000,00,1,1,05,A01
200900028965,0,07,000,00,2,1,13,A01
200900028965,0,07,000,00,2,3,23,B01
200900028966,0,07,000,00,1,2,01,A01
200900028967,1,07,000,00,1,1,01,A01
200900028968,0,34,000,00,2,1,02,A01
200900028968,0,07,000,00,2,4,02,B01
200900028969,0,33,000,00,2,1,00,B01
200900028969,0,07,000,00,0,0,00,A01
200900028970,0,10,000,02,0,2,00,A01
200900028971,0,07,000,00,2,8,23,B01
200900028971,0,30,000,00,2,1,16,A01
200900028972,0,01,000,00,2,1,01,B01
200900028972,0,07,000,00,2,3,01,A01
200900028973,1,07,000,00,1,4,04,A01
200900028974,0,07,000,00,0,3,10,A01
200900028974,0,33,000,00,0,1,01,B01
200900028975,0,07,000,01,2,4,15,B01
200900028975,0,07,000,00,2,1,17,A01
200900028976,1,07,000,00,1,1,01,A01
200900028977,0,07,000,00,1,4,09,A01
200900028977,0,30,000,00,2,1,01,B01
200900028978,0,07,000,00,1,3,15,A01
200900028979,0,07,000,00,1,4,04,A01
200900028980,0,33,000,00,2,2,01,A01
200900028980,0,07,000,00,0,6,23,B01
200900028981,0,07,000,00,2,1,01,A01
200900028981,0,07,000,00,2,4,00,B02
200900028982,0,31,000,05,0,1,01,A01
200900028983,0,30,000,13,0,7,14,A01
200900028984,0,07,000,00,2,1,01,A01
200900028984,0,07,000,00,2,5,01,B02
200900028985,0,07,000,02,0,2,13,A01
200900028986,0,07,000,00,2,1,01,C03
200900028986,0,07,000,00,2,1,01,B02
200900028986,0,07,000,10,2,8,01,A01
200900028987,0,30,000,00,2,1,01,B02
200900028987,0,07,000,00,2,3,19,A01
200900028988,0,31,000,00,2,8,10,A01
200900028988,0,07,000,00,2,1,01,B02
200900028989,0,31,000,00,2,1,01,B02
200900028989,0,07,000,00,2,3,15,A01
200900028990,0,07,000,00,1,1,01,A01
200900028991,0,07,000,00,2,3,19,A01
200900028991,0,30,000,00,2,1,00,B02
200900028992,0,07,000,00,2,2,09,A01
200900028992,0,07,000,00,2,2,01,B02
200900028993,0,07,000,00,0,1,01,B02
200900028993,0,07,000,00,0,1,05,A01
200900028994,0,30,000,00,2,1,01,A01
200900028994,0,07,000,00,1,3,15,B02
200900028995,0,07,000,00,0,4,01,C03
200900028995,0,07,000,00,0,4,01,A01
200900028995,0,14,000,00,2,3,02,B02
200900028996,0,07,000,00,2,1,00,A01
200900028996,0,07,000,00,0,0,00,B02
200900028997,0,17,000,00,2,3,19,A01
200900028997,0,07,000,00,2,3,01,B02
200900028998,0,07,000,00,0,4,01,B02
200900028998,0,07,000,00,2,1,01,A01
200900028999,0,10,000,00,2,3,01,A01
200900028999,0,15,000,00,2,5,01,B02
200900029000,0,33,000,00,2,1,02,A01
200900029000,0,10,000,00,2,6,02,B02
200900029001,0,07,000,00,2,3,01,B02
200900029001,0,33,000,00,2,1,17,A01
200900029002,0,10,000,00,2,2,05,A01
200900029002,0,17,000,00,2,2,01,B02
200900029003,0,07,000,00,0,5,23,B02
200900029003,0,31,000,00,2,1,02,A01
200900029004,0,07,000,00,2,5,01,A01
200900029004,0,07,000,00,2,1,01,B01
200900029005,0,33,000,00,2,1,02,A01
200900029005,0,07,000,00,0,4,02,B01
200900029006,0,07,000,00,2,1,01,A01
200900029006,0,07,000,00,0,4,23,B01
200900029007,0,07,000,00,2,3,00,B01
200900029007,0,07,000,00,2,3,00,A01
200900029008,1,07,000,00,2,1,01,A01
200900029008,0,01,000,00,2,1,01,B01
200900029009,0,07,000,00,0,0,00,A01
200900029010,0,07,000,00,2,4,15,B01
200900029010,0,07,000,00,2,1,02,A01
200900029011,0,07,000,06,0,2,01,A01
200900029012,0,07,000,00,0,0,10,A01
200900029012,0,02,000,00,0,7,01,B01
200900029013,0,07,000,00,2,1,02,A01
200900029013,0,07,000,00,0,4,23,B01
200900029014,1,13,000,00,2,3,18,A01
200900029014,0,07,000,03,2,5,01,B01
200900029015,0,07,000,00,2,1,02,A01
200900029015,0,07,000,00,0,4,02,B01
200900029016,0,07,000,00,1,1,01,A01
200900029017,0,30,000,00,0,4,02,B01
200900029017,0,07,000,00,2,1,02,A01
200900029018,0,32,000,00,2,1,02,B01
200900029018,0,07,000,00,2,5,01,A01
200900029019,1,07,000,00,0,0,01,E01
200900029019,0,07,000,00,0,8,23,A01
200900029019,0,07,000,00,0,0,01,B01
200900029019,0,34,000,00,2,1,01,C01
200900029019,0,07,000,00,2,1,02,D01
200900029020,0,07,000,00,2,3,02,A01
200900029020,0,07,000,00,2,3,01,C01
200900029020,0,07,000,00,2,5,15,B01
200900029021,0,07,000,00,2,7,15,B01
200900029021,0,33,000,00,2,1,01,A01
200900029022,0,07,000,00,2,3,15,A01
200900029022,0,33,000,00,2,2,17,B01
200900029023,0,07,000,00,2,4,02,B01
200900029023,0,07,000,00,2,1,02,A01
200900029024,0,07,000,00,2,3,20,A01
200900029024,0,07,000,00,2,3,23,C01
200900029024,0,34,000,00,2,1,02,B01
200900029025,0,07,000,00,0,4,01,B01
200900029025,0,07,000,00,2,1,01,A01
200900029026,0,07,000,00,2,8,11,A01
200900029026,0,02,000,00,2,7,03,B01
200900029027,0,07,000,08,0,3,13,A01
200900029027,0,07,000,00,0,0,00,B01
200900029028,0,07,000,00,1,1,01,A01
200900029029,0,33,000,01,0,1,02,A01
200900029030,0,07,000,00,2,0,01,A01
200900029030,0,07,000,00,2,4,01,B01
200900029031,0,07,000,02,0,1,01,A01
200900029032,0,07,000,00,2,1,02,A01
200900029032,0,07,000,00,2,4,23,B01
200900029033,0,07,000,00,0,7,07,A01
200900029034,0,07,000,00,2,7,16,A01
200900029034,0,07,000,00,2,3,01,B01
200900029035,0,07,000,00,2,1,17,A01
200900029035,0,07,000,00,2,1,01,B01
200900029036,0,07,000,00,2,8,01,B01
200900029036,0,33,000,00,2,8,01,A01
200900029037,1,07,000,01,0,0,00,A01
200900029037,0,07,000,00,0,5,03,B01
200900029038,0,07,000,00,1,3,15,A01
200900029039,0,07,000,00,2,2,15,A01
200900029039,0,30,000,00,2,1,01,B01
200900029040,0,07,000,00,2,5,17,A01
200900029040,0,07,000,00,2,3,01,B01
200900029041,0,02,000,00,2,8,09,A01
200900029041,0,07,000,00,2,2,01,B01
200900029042,0,07,000,00,2,1,15,A01
200900029042,0,01,000,00,2,1,01,B01
200900029043,0,33,000,00,2,8,01,A01
200900029043,1,07,000,00,2,0,15,B01
200900029044,0,07,000,00,1,2,01,A01
200900029045,1,07,000,01,0,0,00,A01
200900029045,0,02,000,00,2,1,01,B01
200900029046,0,07,000,00,2,3,20,A01
200900029046,0,07,000,00,2,2,01,B01
200900029047,0,07,000,00,1,1,09,A01
200900029048,0,30,000,00,0,0,01,A01
200900029049,0,33,000,00,2,1,01,A01
200900029049,0,07,000,00,2,3,15,B01
200900029050,0,07,000,00,2,1,09,A01
200900029050,0,07,000,09,2,5,09,B01
200900029051,0,02,000,00,2,1,01,A01
200900029051,0,07,000,00,2,7,15,B01
200900029052,0,02,000,00,1,1,17,A01
200900029053,0,07,000,14,1,3,04,A01
200900029054,0,07,000,00,2,2,15,A01
200900029054,0,07,000,06,2,1,01,B01
200900029055,0,07,000,00,2,1,15,A01
200900029055,0,07,000,00,2,3,04,B01
200900029056,0,07,000,00,1,3,01,A01
200900029057,0,07,000,00,1,3,01,A01
200900029058,0,07,000,00,1,3,01,A01
200900029059,0,07,000,00,1,2,01,A01
200900029060,0,02,000,00,0,9,16,A01
200900029061,2,07,000,00,1,3,01,A01
200900029062,0,07,000,00,2,1,01,A01
200900029062,0,07,000,00,0,4,00,B01
200900029063,0,07,000,15,2,2,09,A01
200900029063,0,07,000,00,2,1,00,B01
200900029064,0,07,000,00,2,1,02,A01
200900029064,0,07,000,00,2,4,02,B01
200900029065,0,07,000,00,0,8,15,A01
200900029065,0,07,000,00,2,2,07,B01
200900029066,0,33,000,00,2,1,01,B01
200900029066,0,07,000,00,2,2,15,A01
200900029067,0,07,000,00,2,2,01,A01
200900029067,0,07,000,00,2,1,02,C01
200900029067,0,33,000,00,2,1,02,B01
200900029068,0,31,000,00,0,0,15,A01
200900029068,0,07,000,00,0,1,01,B01
200900029069,0,30,000,00,0,1,01,B01
200900029069,0,07,000,00,2,3,17,A01
200900029070,0,32,000,01,0,3,01,A01
200900029071,0,07,000,00,2,3,02,B01
200900029071,0,02,000,00,2,2,02,A01
200900029072,0,33,000,00,1,2,01,A01
200900029073,0,07,000,00,2,2,01,B01
200900029073,0,07,000,00,2,1,15,A01
200900029074,0,32,000,00,2,3,01,B01
200900029074,0,07,000,00,2,2,15,A01
200900029075,0,07,000,00,2,7,15,A01
200900029075,0,31,000,00,2,8,01,B01
200900029076,0,33,000,00,2,3,02,A01
200900029076,0,07,000,00,2,2,20,B01
200900029077,0,07,000,00,2,8,13,A01
200900029077,0,32,000,00,2,2,01,B01
200900029078,0,07,000,00,2,0,01,A01
200900029078,0,02,000,00,9,0,01,B01
200900029079,0,07,000,00,2,3,01,B01
200900029079,0,30,000,00,2,2,01,A01
200900029080,0,07,000,00,1,3,01,A01
200900029081,0,07,000,00,2,3,14,B01
200900029081,0,30,000,00,2,7,17,A01
200900029082,0,31,000,00,2,1,02,A01
200900029082,0,07,000,00,2,5,15,B01
200900029083,0,07,000,00,2,4,02,B01
200900029083,0,07,000,00,2,1,02,A01
200900029083,0,07,000,00,0,4,02,C01
200900029084,0,07,000,00,0,0,01,A01
200900029084,0,07,000,00,0,0,01,B01
200900029085,0,07,000,00,2,6,02,C01
200900029085,0,07,000,00,2,6,01,B01
200900029085,0,07,000,00,2,4,02,D01
200900029085,0,07,000,03,2,2,17,A01
200900029086,0,07,000,00,2,8,15,B01
200900029086,0,02,000,00,2,1,11,A01
200900029087,0,32,000,00,1,1,01,A01
200900029088,0,07,000,00,2,2,16,B01
200900029088,0,02,000,00,2,1,18,A01
200900029089,0,07,000,00,0,8,15,B01
200900029089,0,07,000,08,2,1,01,A01
200900029090,1,07,000,00,1,2,01,A01
200900029091,0,02,000,00,9,0,00,B01
200900029092,0,33,000,00,1,1,02,A01
200900029093,0,07,000,00,2,3,15,A01
200900029093,0,33,000,00,2,1,01,B01
200900029094,0,02,000,00,0,0,00,A01
200900029095,0,07,000,00,2,1,01,A01
200900029095,0,07,000,00,2,1,16,B01
200900029096,0,07,000,00,0,4,01,B01
200900029096,0,07,000,00,2,1,01,A01
200900029097,0,07,000,00,0,0,00,A01
200900029098,0,07,000,00,2,3,01,A01
200900029098,0,33,000,00,2,1,01,B01
200900029099,0,30,000,00,2,2,16,A01
200900029099,0,07,000,00,2,1,02,B01
200900029100,0,07,000,00,1,2,01,A01
200900029101,0,32,000,00,2,1,02,A01
200900029101,0,07,000,00,2,4,00,B01
200900029102,0,07,000,00,2,7,12,A01
200900029102,0,33,000,00,2,8,01,B01
200900029103,0,07,000,00,2,2,01,B01
200900029103,0,07,000,00,2,6,11,A01
200900029104,0,07,000,00,1,1,01,A01
200900029105,0,32,000,00,0,1,00,A01
200900029106,0,30,000,00,2,1,02,B01
200900029106,0,10,000,00,2,3,15,A01
200900029107,1,07,000,00,0,0,00,A01
200900029107,0,99,000,00,0,0,00,B01
200900029108,0,07,000,00,0,2,02,A01
200900029108,0,07,000,00,0,3,15,B01
200900029109,0,07,000,00,0,3,11,A01
200900029109,0,32,000,00,0,7,00,B01
200900029110,0,07,000,00,2,7,12,A01
200900029110,0,02,000,00,2,1,01,B01
200900029111,0,07,000,00,0,5,02,A01
200900029111,0,02,000,00,2,1,02,B01
200900029112,0,07,000,00,1,4,04,A01
200900029113,0,07,000,00,2,8,00,A01
200900029113,0,33,000,00,2,0,00,B01
200900029114,0,07,000,00,2,3,15,A01
200900029114,0,30,000,00,2,2,17,B01
200900029115,0,07,000,00,1,2,01,A01
200900029116,0,07,000,13,0,3,16,A01
200900029117,0,07,000,00,0,1,01,A01
200900029118,0,07,000,00,1,2,01,A01
200900029119,1,07,000,01,0,0,01,A01
200900029119,0,32,000,00,2,1,01,B01
200900029120,0,07,000,00,1,2,01,A01
200900029121,0,32,000,00,2,7,12,A01
200900029121,0,07,000,00,2,3,01,B01
200900029122,0,07,000,00,2,8,17,A01
200900029122,0,07,000,01,2,7,17,B01
200900029123,0,02,000,00,2,3,01,B01
200900029123,0,07,000,00,2,0,15,A01
200900029124,0,07,000,00,0,0,10,A01
200900029124,0,33,000,00,2,1,02,B01
200900029124,0,07,000,00,2,4,02,D01
200900029124,0,07,000,00,2,1,02,C01
200900029125,2,07,000,08,1,2,02,A01
200900029126,0,07,000,00,2,1,21,A01
200900029127,0,32,000,00,1,1,02,A01
200900029128,0,02,000,00,2,1,19,A01
200900029128,0,07,000,00,2,3,15,B01
200900029129,0,02,000,00,2,1,00,A01
200900029129,0,07,000,00,2,3,00,B01
200900029130,0,30,000,00,2,1,02,B01
200900029130,1,07,000,00,2,1,05,A01
200900029131,0,33,000,00,2,1,01,B01
200900029131,0,07,000,00,2,8,16,A01
200900029132,0,32,000,00,2,3,02,B01
200900029132,0,07,000,00,0,5,04,A01
200900029133,1,07,000,00,1,0,00,A01
200900029134,0,30,000,00,2,5,03,A01
200900029134,0,07,000,00,2,6,23,B01
200900029135,0,07,000,00,1,1,09,A01
200900029136,0,32,000,00,2,4,01,B01
200900029136,0,07,000,00,2,1,01,A01
200900029137,0,07,000,00,0,1,00,A01
200900029138,0,07,000,00,1,1,21,A01
200900029139,0,07,000,00,0,1,00,A01
200900029139,0,07,000,00,0,2,00,B01
200900029140,0,07,000,00,1,2,00,A01
200900029141,0,07,000,00,1,1,00,A01
200900029142,0,07,000,00,2,3,02,A01
200900029142,0,07,000,00,2,2,02,B01
200900029143,0,07,000,00,2,3,09,A01
200900029143,0,32,000,00,2,1,00,B01
200900029144,0,99,000,00,2,0,16,A01
200900029144,0,07,000,00,9,6,01,B01
200900029145,0,07,000,00,1,2,01,A01
200900029146,0,33,000,01,2,8,00,B01
200900029146,0,07,000,00,2,1,01,A01
200900029147,0,07,000,00,2,6,23,D01
200900029147,0,07,000,00,2,8,23,C01
200900029147,0,07,000,00,2,6,23,B01
200900029147,0,07,000,00,2,2,17,A01
200900029147,0,07,000,00,2,4,23,E01
200900029148,0,07,000,00,2,2,01,B01
200900029148,0,07,000,06,0,8,16,A01
200900029149,0,07,000,00,1,7,01,A01
200900029150,0,07,000,00,2,1,02,A01
200900029150,0,07,000,00,0,4,23,B01
200900029151,0,30,000,00,0,9,01,A01
200900029152,0,07,000,00,0,3,15,B01
200900029152,0,32,000,00,0,1,17,A01
200900029153,0,07,000,00,2,1,00,A01
200900029153,0,07,000,00,2,3,02,B01
200900029154,0,07,000,00,2,7,01,A01
200900029154,0,30,000,00,0,1,01,B01
200900029155,1,07,000,00,0,0,00,A01
200900029156,0,07,000,00,0,4,02,B01
200900029156,0,14,000,00,2,1,02,A01
200900029157,0,07,000,00,1,1,01,A01
200900029158,0,07,000,00,2,1,02,A01
200900029158,0,33,000,00,2,4,02,B01
200900029159,1,07,000,00,1,1,03,A01
200900029160,0,07,000,00,2,3,10,A01
200900029160,0,33,000,00,2,1,01,B01
200900029161,0,07,000,00,1,2,21,A01
200900029162,0,07,000,00,2,1,15,A01
200900029162,0,32,000,00,2,1,01,B01
200900029163,0,07,000,00,2,5,09,A01
200900029163,0,33,000,00,2,8,02,B01
200900029164,0,07,000,00,2,1,15,A01
200900029165,0,30,000,00,0,8,00,A01
200900029166,0,07,000,00,1,3,02,A01
200900029167,0,07,000,00,2,2,01,A01
200900029167,0,02,000,00,2,1,01,B01
200900029168,0,07,000,00,2,1,02,A01
200900029168,0,07,000,00,2,4,02,B01
200900029169,0,02,000,00,2,1,01,A01
200900029169,0,02,000,00,2,1,23,C01
200900029169,0,07,000,00,2,6,23,B01
200900029170,0,02,000,14,1,1,00,A01
200900029171,0,33,000,00,2,1,02,B01
200900029171,0,07,000,00,2,5,20,A01
200900029172,0,07,000,00,2,8,22,A01
200900029172,0,30,000,01,0,1,02,B01
200900029173,0,02,000,01,0,1,09,A01
200900029174,0,32,000,00,2,1,17,A01
200900029174,0,07,000,00,0,8,15,B01
200900029175,0,30,000,00,2,7,17,A01
200900029175,0,07,000,00,0,8,15,B01
200900029176,0,01,000,00,2,6,01,B01
200900029176,0,37,000,00,2,7,01,A01
200900029177,0,30,000,00,2,1,01,A01
200900029177,0,32,000,00,2,5,00,B01
200900029178,0,07,000,00,2,3,15,B01
200900029178,0,33,000,00,2,1,01,A01
200900029179,1,07,000,00,0,0,00,A01
200900029180,0,07,000,00,2,3,15,A01
200900029180,0,33,000,00,2,7,17,B01
200900029181,0,07,000,00,1,3,01,A01
200900029182,0,07,000,00,2,5,16,B01
200900029182,0,32,000,00,2,1,16,A01
200900029183,0,07,000,00,2,7,14,B01
200900029183,0,02,000,00,2,8,18,A01
200900029184,0,31,000,00,2,1,02,B01
200900029184,0,07,000,00,2,3,15,A01
200900029185,0,07,000,00,2,1,02,A01
200900029185,0,07,000,00,0,4,02,B01
200900029186,1,07,000,00,1,0,01,A01
200900029187,0,07,000,00,2,2,23,A01
200900029187,0,07,000,00,2,3,00,B01
200900029188,0,33,000,00,2,7,17,A01
200900029188,0,07,000,00,2,8,13,B01
200900029189,0,30,000,00,0,0,02,A01
200900029189,0,07,000,00,2,0,15,B01
200900029190,0,07,000,00,2,3,15,B01
200900029190,0,07,000,08,2,5,17,A01
200900029191,0,02,000,00,0,0,15,A01
200900029192,0,07,000,00,2,3,02,B01
200900029192,0,07,000,00,2,3,02,A01
200900029193,0,07,000,01,0,4,23,B01
200900029193,0,30,000,00,2,1,02,A01
200900029194,0,07,000,00,1,3,01,A01
200900029195,0,07,000,00,2,3,02,A01
200900029195,0,07,000,00,2,4,02,B01
200900029195,0,07,000,00,2,4,02,C01
200900029196,0,33,000,00,2,0,17,A01
200900029196,0,07,000,00,2,3,15,B01
200900029197,0,33,000,00,2,0,00,B01
200900029197,0,07,000,00,2,0,00,A01
200900029198,0,07,000,00,2,1,01,A01
200900029198,0,07,000,00,2,4,01,B01
200900029199,0,07,000,01,0,9,18,A01
200900029200,0,07,000,00,1,1,01,A01
200900029201,0,07,000,00,2,1,00,B01
200900029201,0,07,000,00,2,7,00,A01
200900029202,1,07,000,00,0,0,00,A01
200900029203,0,32,000,00,1,1,03,A01
200900029204,0,07,000,00,1,0,00,A01
200900029205,0,07,000,00,2,1,02,A01
200900029205,0,07,000,00,2,4,12,B01
200900029206,0,07,000,00,9,8,10,A01
200900029207,0,07,000,00,1,3,00,B01
200900029208,0,07,000,00,1,0,00,A01
200900029209,0,07,000,00,2,3,02,A01
200900029209,0,30,000,00,2,1,02,B01
200900029210,0,31,000,00,2,1,17,B01
200900029210,0,07,000,00,2,3,09,A01
200900029211,0,32,000,00,2,1,01,A01
200900029211,0,07,000,00,2,1,01,B01
200900029212,0,07,000,00,2,3,11,A01
200900029212,0,31,000,00,2,2,01,B01
200900029213,0,07,000,00,2,3,09,A01
200900029213,0,37,000,00,2,7,01,B01
200900029214,0,07,000,00,2,2,15,A01
200900029214,0,02,000,00,2,3,01,B01
200900029215,0,07,000,00,2,4,01,B01
200900029215,0,07,000,00,2,1,02,A01
200900029216,0,07,000,00,2,8,19,A01
200900029216,0,02,000,00,2,1,17,B01
200900029217,0,07,000,00,1,2,15,A01
200900029218,0,30,000,00,0,1,16,A01
200900029219,0,33,000,00,0,8,01,A01
200900029219,0,32,000,00,0,0,09,B01
200900029220,0,02,000,00,9,1,01,A01
200900029221,0,07,000,00,2,1,01,B01
200900029221,0,01,000,00,2,2,15,A01
200900029222,0,30,000,00,2,8,15,A01
200900029222,0,10,000,00,2,1,09,B01
200900029223,0,07,000,00,2,7,12,A01
200900029223,0,07,000,09,2,3,01,B01
200900029224,0,07,000,00,2,5,10,A01
200900029224,0,33,000,00,2,3,01,B01
200900029225,0,07,000,00,1,2,01,A01
200900029226,0,34,000,00,1,1,01,A01
200900029227,0,07,000,06,0,1,24,A01
200900029228,0,07,000,01,2,9,01,A01
200900029228,0,07,000,00,2,2,01,B01
200900029229,0,07,000,00,0,4,15,B01
200900029229,0,02,000,00,2,1,01,A01
200900029230,0,33,000,00,2,1,01,B01
200900029230,0,07,000,00,2,2,01,A01
200900029231,0,07,000,00,0,8,01,A01
200900029231,0,30,000,00,2,1,01,B01
200900029232,0,07,000,04,0,1,00,A01
200900029232,0,10,000,01,0,3,21,B01
200900029233,0,02,000,00,0,0,01,A01
200900029234,0,07,000,00,1,1,01,A01
200900029235,0,07,000,16,0,3,16,A01
200900029236,0,07,000,06,0,2,02,A01
200900029237,0,16,000,00,2,1,12,A01
200900029237,0,07,000,00,2,4,02,B01
200900029238,0,38,002,00,2,3,01,A01
200900029238,0,07,000,06,2,3,01,B02
200900029239,0,30,000,00,1,1,00,A01