Num_Acc,senc,catv,occutc,obs,obsm,choc,manv,num_veh
200900029972,0,14,000,00,2,6,01,B01
200900029972,0,07,000,04,2,1,03,A01
200900029973,0,33,000,00,2,3,01,B01
200900029973,0,07,000,00,2,2,19,A01
200900029974,0,33,000,00,2,1,01,B01
200900029974,0,07,000,00,2,8,01,A01
200900029975,0,37,001,00,2,4,01,B01
200900029975,0,07,000,00,2,1,01,A01
200900029976,0,07,000,00,1,1,01,A01
200900029977,0,01,000,00,2,4,11,B01
200900029977,0,31,000,00,9,1,01,A01
200900029978,0,33,000,14,0,8,07,A01
200900029979,0,30,000,00,0,0,00,A01
200900029980,0,01,000,00,2,8,11,A01
200900029980,0,37,001,00,9,1,02,B01
200900029981,0,32,000,00,2,0,01,B01
200900029981,0,07,000,00,2,3,15,A01
200900029982,0,10,000,00,2,7,15,A01
200900029982,0,02,000,00,2,1,01,B01
200900029983,0,07,000,,2,4,01,A01
200900029983,0,07,000,,2,1,01,B02
200900029984,0,10,000,,2,4,01,B02
200900029984,0,33,000,,2,,01,A01
200900029985,0,07,000,,2,4,24,B02
200900029985,0,07,000,,2,1,01,A01
200900029986,0,30,000,06,0,1,01,A01
200900029986,0,30,000,,,8,01,B02
200900029987,0,07,000,,2,7,10,A01
200900029987,0,07,000,,2,8,01,B02
200900029988,0,07,000,02,,2,17,A01
200900029989,0,10,000,,1,8,01,A01
200900029990,0,07,000,,2,8,01,B02
200900029990,0,01,000,,2,1,16,A01
200900029991,0,33,000,13,,,,A01
200900029992,0,02,000,00,2,1,01,B01
200900029992,0,07,000,00,2,3,10,A01
200900029993,0,30,000,00,2,1,01,B01
200900029993,0,10,000,00,2,2,15,A01
200900029994,0,07,000,00,2,3,01,B01
200900029994,0,07,000,00,2,3,13,A01
200900029995,0,07,000,00,2,3,01,B01
200900029995,0,07,000,00,2,1,15,A01
200900029996,0,07,000,00,2,7,01,A01
200900029996,0,33,000,00,2,3,01,B01
200900029997,0,21,000,16,0,0,01,A01
200900029998,0,31,000,01,,1,01,A01
200900029999,2,07,000,08,0,5,01,A01
200900030000,0,07,000,00,0,4,16,B01
200900030000,0,07,000,00,2,1,01,A01
200900030001,0,33,000,00,0,8,01,A01
200900030002,0,07,000,00,2,8,16,A01
200900030002,0,31,000,00,2,7,17,B01
200900030003,0,33,000,00,2,1,01,B01
200900030003,0,07,000,00,2,8,15,A01
200900030004,0,07,000,00,1,1,01,A01
200900030005,0,07,000,00,2,1,01,B02
200900030005,0,07,000,00,2,1,13,A01
200900030006,0,07,000,03,0,1,01,A01
200900030007,0,07,000,13,0,3,01,A01
200900030008,0,31,000,08,0,1,10,A01
200900030009,0,33,000,16,0,7,01,A01
200900030010,0,02,000,00,2,2,01,B02
200900030010,0,07,000,00,2,7,15,A01
200900030011,0,10,000,00,2,8,13,A01
200900030011,0,07,000,00,2,1,01,B02
200900030012,0,31,000,03,0,1,01,A01
200900030013,0,13,000,00,2,1,02,A01
200900030013,0,07,000,00,2,4,23,D01
200900030013,0,07,000,00,2,4,23,B01
200900030013,0,07,000,00,2,4,23,C01
200900030014,0,33,000,00,2,1,01,B01
200900030014,0,07,000,00,0,8,15,A01
200900030015,0,07,000,00,2,2,13,B02
200900030015,0,14,000,00,2,1,01,A01
200900030016,0,02,000,00,2,1,01,B01
200900030016,0,07,000,00,2,2,15,A01
200900030017,0,07,000,00,2,3,13,A01
200900030017,0,07,000,00,2,3,01,B02
200900030018,0,14,000,00,2,1,01,A01
200900030018,0,15,000,16,0,7,19,B02
200900030019,0,33,000,00,0,1,01,A01
200900030020,0,07,000,02,0,1,14,A01
200900030021,0,07,000,13,0,3,01,A01
200900030022,0,07,000,00,0,3,15,B01
200900030022,0,32,000,00,0,7,03,A01
200900030023,0,07,000,00,0,4,23,C01
200900030023,0,07,000,00,2,4,23,B01
200900030023,0,07,000,00,2,1,01,A01
200900030024,0,02,000,00,2,2,17,A01
200900030025,0,30,000,00,2,7,00,A01
200900030025,0,07,000,00,2,3,00,B01
200900030026,0,30,000,01,0,8,09,A01
200900030026,0,07,000,00,2,1,01,B01
200900030027,0,07,000,00,1,1,01,A01
200900030028,0,02,000,00,2,1,02,A01
200900030028,0,07,000,00,0,6,23,B01
200900030029,0,07,000,00,0,2,16,B01
200900030029,0,02,000,00,2,8,18,A01
200900030030,0,07,000,00,0,7,16,B01
200900030030,0,02,000,00,2,8,01,A01
200900030031,1,07,000,00,1,0,00,A01
200900030032,0,07,000,00,2,8,16,A01
200900030032,0,33,000,00,0,8,01,B01
200900030033,0,07,000,00,0,5,01,A01
200900030033,0,33,000,00,2,1,01,B01
200900030034,0,07,000,00,2,1,18,A01
200900030034,0,07,000,00,0,5,01,B01
200900030035,0,02,000,01,1,1,01,A01
200900030036,0,07,000,00,0,8,24,A01
200900030036,0,01,000,01,0,1,01,B01
200900030037,0,02,000,00,2,1,01,B01
200900030037,0,07,000,00,2,1,15,A01
200900030038,1,10,000,00,0,4,02,A01
200900030038,0,02,000,00,2,1,02,B01
200900030039,0,01,000,01,0,1,01,A01
200900030039,0,07,000,00,0,8,24,B01
200900030040,0,02,000,16,0,0,15,A01
200900030041,0,07,000,03,0,3,09,A01
200900030041,0,07,000,00,2,1,01,B01
200900030042,0,02,000,00,2,1,02,A01
200900030042,0,07,000,00,0,4,02,B01
200900030043,0,33,000,00,2,1,01,B01
200900030043,0,07,000,00,2,2,15,A01
200900030044,0,07,000,00,2,1,15,A01
200900030044,0,07,000,01,0,2,01,B01
200900030045,0,07,000,00,2,1,16,A01
200900030045,0,31,000,00,2,1,01,B01
200900030045,0,07,000,00,0,5,01,C01
200900030046,0,07,000,00,0,3,15,B01
200900030046,0,07,000,00,2,2,17,A01
200900030047,0,07,000,00,2,2,01,B01
200900030047,0,07,000,00,2,3,01,A01
200900030048,0,07,000,00,0,3,10,A01
200900030048,0,02,000,00,2,1,01,B01
200900030049,0,07,000,00,0,7,01,A01
200900030049,0,33,000,00,2,3,01,B01
200900030050,0,07,000,00,2,1,01,A01
200900030050,0,07,000,00,0,8,01,B01
200900030051,0,07,000,00,2,1,01,B01
200900030051,0,07,000,00,2,1,13,A01
200900030052,0,02,000,00,2,2,01,B01
200900030052,1,07,000,00,0,0,15,A01
200900030053,0,02,000,00,2,1,08,A01
200900030053,0,07,000,00,2,1,15,B01
200900030054,0,07,000,00,2,1,01,A01
200900030054,0,07,000,00,2,1,01,B01
200900030055,0,07,000,07,0,1,01,A01
200900030056,0,07,000,00,1,1,01,A01
200900030057,0,07,000,00,0,8,01,B01
200900030057,0,30,000,00,2,1,01,A01
200900030058,0,07,000,00,2,8,01,B01
200900030058,0,07,000,00,2,3,15,A01
200900030059,0,07,000,00,0,3,16,A01
200900030059,0,31,000,00,2,3,01,B01
200900030060,0,07,000,00,0,5,16,A01
200900030060,0,01,000,00,2,1,01,B01
200900030061,0,02,000,00,2,1,01,A01
200900030061,0,10,000,00,0,7,16,B01
200900030062,0,01,000,00,0,1,05,B01
200900030062,0,07,000,00,2,3,01,A01
200900030063,0,07,000,00,2,1,02,A01
200900030063,0,07,000,00,2,4,01,B01
200900030064,0,07,000,00,1,2,01,A01
200900030065,0,07,000,00,1,2,01,A01
200900030066,0,01,000,00,2,1,01,B01
200900030066,0,07,000,00,0,7,15,A01
200900030067,0,07,000,00,2,4,01,B01
200900030067,0,07,000,00,2,4,01,C01
200900030067,0,07,000,00,2,1,01,A01
200900030067,0,07,000,00,2,4,01,D01
200900030068,0,07,000,00,1,1,16,A01
200900030069,0,07,000,00,0,4,01,B01
200900030069,0,33,000,00,2,1,01,A01
200900030070,0,02,000,00,2,1,01,B01
200900030070,0,07,000,00,2,7,15,A01
200900030071,0,07,000,00,0,4,01,B01
200900030071,0,30,000,00,2,1,01,A01
200900030072,0,02,000,00,2,1,01,B01
200900030072,0,07,000,00,0,3,15,A01
200900030073,0,10,000,00,1,1,01,A01
200900030074,0,02,000,00,2,1,01,A01
200900030074,0,10,000,00,0,8,09,B01
200900030075,0,33,000,00,2,8,15,B01
200900030075,0,07,000,00,2,8,15,A01
200900030076,0,10,000,00,2,3,01,B01
200900030076,0,07,000,00,2,1,17,A01
200900030077,0,01,000,00,0,4,01,B01
200900030077,0,07,000,00,2,3,16,A01
200900030078,0,07,000,00,2,3,02,A01
200900030078,0,33,000,00,0,4,01,B01
200900030079,0,07,000,00,0,2,01,B01
200900030079,0,07,000,00,2,1,15,A01
200900030080,0,07,000,00,2,2,15,A01
200900030080,0,07,000,00,2,1,01,B01
200900030081,0,31,000,00,2,1,01,B01
200900030081,1,10,000,00,2,3,15,A01
200900030082,0,13,000,00,1,1,01,A01
200900030083,0,07,000,06,0,1,13,A01
200900030084,0,07,000,00,2,3,01,B01
200900030084,0,07,000,00,2,1,16,A01
200900030085,0,07,000,00,9,1,01,B01
200900030085,0,01,000,00,2,1,15,A01
200900030086,0,07,000,00,0,7,01,A01
200900030086,0,32,000,00,2,8,01,B01
200900030087,0,02,000,00,9,2,01,B01
200900030087,0,01,000,00,2,1,01,A01
200900030088,0,07,000,00,2,3,01,A01
200900030088,0,07,000,00,0,5,01,B01
200900030089,0,02,000,00,0,4,00,B01
200900030089,0,07,000,00,2,1,01,A01
200900030090,0,07,000,00,0,4,01,B01
200900030090,0,07,000,00,2,1,01,A01
200900030091,0,07,000,00,1,1,01,A01
200900030092,0,07,000,00,0,4,01,B01
200900030092,0,10,000,00,2,3,01,A01
200900030093,0,07,000,00,1,3,16,A01
200900030094,0,01,000,00,1,1,02,A01
200900030095,0,07,000,00,0,2,16,A01
200900030095,0,07,000,00,2,3,01,B01
200900030096,0,07,000,00,0,0,10,A01
200900030096,0,02,000,00,2,1,01,B01
200900030097,0,02,000,00,2,1,01,B01
200900030097,0,07,000,00,2,2,15,A01
200900030098,0,01,000,00,0,4,01,B01
200900030098,1,07,000,00,2,0,01,A01
200900030099,0,07,000,00,2,1,15,A01
200900030099,0,07,000,00,2,1,01,B01
200900030100,0,07,000,00,2,3,01,B01
200900030100,0,02,000,00,2,1,16,A01
200900030101,0,07,000,00,2,3,15,A01
200900030101,0,33,000,00,2,8,01,B01
200900030102,0,07,000,00,0,5,15,A01
200900030102,0,33,000,00,2,1,01,B01
200900030103,0,01,000,00,2,1,05,A01
200900030103,0,07,000,00,2,1,00,B01
200900030104,0,33,000,00,2,1,01,B01
200900030104,0,07,000,00,2,1,20,A01
200900030105,0,07,000,00,2,3,15,A01
200900030105,0,30,000,01,2,6,01,B01
200900030106,0,07,000,00,2,1,01,B01
200900030106,0,07,000,00,2,3,09,A01
200900030107,1,07,000,00,2,1,01,B01
200900030107,0,31,000,00,2,4,01,A01
200900030108,0,02,000,00,2,1,01,A01
200900030108,0,07,000,00,0,8,15,B01
200900030109,0,10,000,00,2,1,01,B01
200900030109,0,02,000,00,0,7,01,A01
200900030110,0,07,000,00,0,2,01,A01
200900030110,0,01,000,00,2,1,15,B01
200900030111,0,02,000,00,0,7,01,B01
200900030111,0,07,000,00,2,8,15,A01
200900030112,0,07,000,00,1,1,01,A01
200900030113,0,07,000,01,0,7,01,A01
200900030114,0,10,000,00,0,4,01,B01
200900030114,0,02,000,01,2,1,02,A01
200900030115,0,02,000,00,2,1,01,B01
200900030115,0,07,000,00,0,8,10,A01
200900030116,0,02,000,00,2,2,01,A01
200900030116,0,07,000,00,2,3,01,B01
200900030117,0,07,000,00,2,1,01,A01
200900030117,0,07,000,00,0,7,01,B01
200900030118,0,07,000,00,0,8,01,B01
200900030118,0,33,000,00,2,1,15,A01
200900030119,0,07,000,00,1,1,16,A01
200900030120,0,02,000,00,2,1,01,B01
200900030120,0,07,000,00,0,7,15,A01
200900030121,0,07,000,00,2,1,01,B01
200900030121,0,07,000,00,0,8,15,A01
200900030122,0,02,000,00,0,1,16,A01
200900030122,1,07,000,01,2,1,15,B01
200900030123,0,07,000,00,2,1,15,A01
200900030123,0,33,000,00,2,2,01,B01
200900030124,0,01,000,00,0,2,01,A01
200900030124,0,40,000,00,2,1,01,B01
200900030125,0,02,000,00,2,1,01,B01
200900030125,0,07,000,00,0,2,15,A01
200900030126,0,30,000,00,2,1,01,A01
200900030126,0,07,000,00,0,7,16,B01
200900030127,0,07,000,00,4,8,19,A01
200900030127,0,40,000,00,2,1,01,B01
200900030128,0,40,000,00,9,2,01,B01
200900030128,0,01,000,00,4,1,15,A01
200900030129,0,31,000,00,0,7,17,B01
200900030129,0,10,000,00,2,3,15,A01
200900030130,0,07,000,00,1,1,15,A01
200900030131,0,01,000,00,2,4,01,B01
200900030131,0,07,000,00,9,2,01,A01
200900030132,0,07,000,00,2,3,23,A01
200900030132,0,01,000,01,2,1,01,B01
200900030133,0,07,000,01,2,8,16,A01
200900030133,0,07,000,00,2,1,01,B01
200900030134,0,07,000,00,0,8,15,B01
200900030134,0,33,000,00,2,1,01,A01
200900030135,0,07,000,00,0,3,01,B01
200900030135,0,07,000,00,2,1,16,A01
200900030136,0,31,000,00,2,1,01,B01
200900030136,0,07,000,00,0,8,01,A01
200900030137,0,07,000,00,2,5,01,A01
200900030137,0,07,000,00,2,1,01,B01
200900030138,0,07,000,00,2,4,02,B01
200900030138,0,07,000,00,2,1,02,A01
200900030139,0,07,000,00,2,1,15,A01
200900030139,0,33,000,00,2,1,01,B01
200900030140,0,07,000,00,2,1,01,A01
200900030140,0,07,000,00,0,2,01,B01
200900030141,0,07,000,00,2,2,06,A01
200900030141,0,10,000,00,2,3,01,B01
200900030142,0,33,000,08,0,7,01,A01
200900030143,0,14,000,00,2,3,11,B02
200900030143,0,33,000,00,2,3,15,A01
200900030144,0,07,000,13,6,0,01,A01
200900030145,0,10,000,00,2,1,05,A01
200900030145,0,10,000,00,2,2,21,B02
200900030146,0,07,000,00,0,4,23,B02
200900030146,0,02,000,00,2,1,01,A01
200900030147,0,07,000,00,2,1,13,A01
200900030147,0,07,000,00,2,3,01,B02
200900030148,0,07,000,00,2,1,01,A01
200900030148,0,10,000,00,2,3,01,B02
200900030149,0,07,000,02,0,3,01,A01
200900030150,0,07,000,16,0,0,13,A01
200900030151,0,07,000,00,2,1,13,A01
200900030151,0,07,000,00,2,1,01,B02
200900030152,0,14,000,00,2,4,02,A01
200900030152,0,17,000,00,2,1,02,B02
200900030153,0,07,000,00,0,0,01,A01
200900030153,0,33,000,14,0,1,01,B02
200900030154,0,07,000,00,2,1,13,A01
200900030154,0,07,000,00,2,1,01,B02
200900030155,0,07,000,00,6,1,01,B02
200900030155,0,33,000,00,6,1,01,A01
200900030156,0,10,000,00,2,2,02,A01
200900030156,0,17,000,00,2,6,02,C03
200900030157,0,01,000,00,0,0,02,A01
200900030158,0,07,000,00,1,2,01,A01
200900030159,0,07,000,13,0,3,13,A01
200900030160,0,07,000,00,2,1,13,A01
200900030160,0,14,000,00,2,1,21,B02
200900030161,0,02,000,00,0,1,01,A01
200900030162,0,07,000,00,2,2,01,B02
200900030162,0,07,000,00,2,1,19,A01
200900030163,0,07,000,00,2,7,17,A01
200900030163,0,01,000,00,2,8,01,B02
200900030164,0,07,000,00,2,1,13,B02
200900030164,0,07,000,00,2,1,01,A01
200900030165,0,07,000,16,0,9,14,A01
200900030165,0,07,000,16,0,9,01,B02
200900030166,0,31,000,00,2,1,01,A01
200900030166,0,07,000,00,2,1,15,B02
200900030167,0,31,000,08,0,3,01,A01
200900030168,0,07,000,00,2,8,19,A01
200900030168,0,02,000,00,2,1,01,B02
200900030169,0,07,000,00,2,1,01,A01
200900030170,0,07,000,00,2,8,01,A01
200900030170,0,07,000,00,2,7,01,B02
200900030171,0,07,000,00,2,3,15,B02
200900030171,0,07,000,00,2,1,01,A01
200900030172,0,07,000,03,2,1,13,A01
200900030172,0,07,000,03,2,2,21,B02
200900030173,0,07,000,00,0,2,05,C03
200900030173,0,07,000,00,0,4,15,B02
200900030173,0,07,000,00,2,1,00,A01
200900030174,0,07,000,03,0,8,13,A01
200900030175,0,07,000,13,0,1,01,A01
200900030176,0,10,000,00,2,8,13,A01
200900030176,0,17,000,00,2,3,01,B02
200900030177,0,07,000,00,2,3,13,A01
200900030177,0,07,000,00,2,3,01,B02
200900030178,0,07,000,00,1,1,01,A01
200900030179,0,07,000,13,0,3,01,A01
200900030180,0,07,000,13,0,5,01,A01
200900030181,0,07,000,00,2,8,02,C03
200900030181,0,02,000,00,2,8,17,B02
200900030181,0,07,000,00,2,8,01,A01
200900030182,0,10,000,00,1,5,20,A01
200900030183,0,07,000,00,2,2,01,A01
200900030183,0,30,000,00,2,1,15,B02
200900030184,0,07,000,00,1,5,16,A01
200900030185,0,07,000,00,2,3,13,A01
200900030185,0,07,000,00,0,2,13,B01
200900030186,0,07,000,00,2,3,01,A01
200900030186,0,07,000,00,2,8,01,B01
200900030187,1,07,000,00,2,1,01,A01
200900030187,0,01,000,00,0,6,01,B01
200900030188,0,07,000,03,0,1,02,A01
200900030189,0,07,000,00,0,9,02,A01
200900030190,0,07,000,03,0,3,01,A01
200900030191,0,33,000,00,0,8,02,A01
200900030192,0,10,000,00,0,9,02,A01
200900030193,0,07,000,04,0,1,02,A01
200900030194,1,10,000,00,0,0,02,C01
200900030194,0,07,000,00,0,4,21,B01
200900030194,0,07,000,00,2,1,21,A01
200900030195,0,10,000,00,2,1,02,B01
200900030195,0,10,000,00,0,4,01,C01
200900030195,0,07,000,00,2,1,01,A01
200900030196,0,07,000,04,0,1,02,A01
200900030197,0,07,000,00,0,6,02,B01
200900030197,0,17,000,00,2,2,12,A01
200900030198,0,07,000,03,2,1,02,A01
200900030198,0,14,000,00,0,3,02,B01
200900030199,0,07,000,00,2,1,01,A01
200900030199,0,10,000,00,0,4,02,B01
200900030200,0,07,000,00,0,9,02,A01
200900030201,0,07,000,04,0,1,02,A01
200900030202,0,07,000,04,2,1,02,A01
200900030202,0,10,000,00,0,2,02,B01
200900030203,0,07,000,03,0,1,02,A01
200900030204,0,07,000,04,0,1,02,A01
200900030205,0,33,000,00,0,8,01,A01
200900030206,0,07,000,00,2,1,02,A01
200900030206,0,07,000,00,0,4,02,B01
200900030207,0,07,000,04,0,2,02,A01
200900030208,0,17,000,00,2,3,11,A01
200900030208,0,07,000,00,2,2,01,B01
200900030208,0,07,000,00,0,2,01,C01
200900030209,0,07,000,00,2,4,02,B01
200900030209,0,07,000,00,2,1,01,A01
200900030209,0,07,000,00,0,4,02,C01
200900030210,0,07,000,04,2,6,02,B01
200900030210,0,07,000,00,2,1,02,C01
200900030210,0,07,000,00,0,3,02,D01
200900030210,0,17,000,00,2,2,12,A01
200900030211,0,10,000,00,2,1,01,A01
200900030211,0,07,000,00,2,4,23,D01
200900030211,0,07,000,00,2,4,23,E01
200900030211,0,07,000,00,2,4,23,C01
200900030211,0,07,000,00,2,4,23,B01
200900030211,0,07,000,00,0,6,23,F02
200900030212,0,13,000,00,2,4,02,B01
200900030212,0,07,000,00,2,1,02,A01
200900030212,0,07,000,00,2,4,02,D01
200900030212,0,10,000,00,2,4,02,C01
200900030212,0,07,000,00,0,4,02,E01
200900030213,0,10,000,00,0,8,02,B01
200900030213,0,10,000,00,2,1,02,C01
200900030213,0,17,000,00,2,7,12,A01
200900030214,0,17,000,00,2,1,01,A01
200900030214,0,17,000,00,0,4,01,B01
200900030215,0,07,000,04,0,1,02,A01
200900030216,0,07,000,00,0,7,02,A01
200900030217,0,07,000,00,2,1,01,A01
200900030217,0,07,000,07,2,5,15,B02
200900030218,0,07,000,13,0,9,17,A01
200900030219,0,10,000,00,0,8,13,A01
200900030219,0,31,000,00,2,7,02,B01
200900030220,0,33,000,00,2,1,01,B01
200900030220,0,07,000,00,2,2,15,A01
200900030221,0,07,000,00,2,6,01,A01
200900030221,0,32,000,00,2,2,01,B01
200900030222,0,07,000,00,2,8,01,B01
200900030222,0,07,000,00,2,3,01,A01
200900030223,0,07,000,06,0,1,13,A01
200900030224,0,07,000,00,2,1,01,B01
200900030224,0,07,000,01,0,9,01,A01
200900030225,0,02,000,00,2,1,01,B01
200900030225,0,07,000,00,2,2,16,A01
200900030226,0,07,000,00,2,6,15,A01
200900030226,0,31,000,00,2,7,15,B01
200900030227,0,30,000,00,0,0,01,A01
200900030228,0,02,000,00,5,3,02,B01
200900030229,0,30,000,06,0,1,01,A01
200900030230,0,07,000,00,2,3,15,A01
200900030230,0,33,000,00,2,1,01,B01
200900030231,0,33,000,06,0,9,01,A01
200900030232,0,07,000,00,2,1,01,B01
200900030232,0,07,000,00,0,4,01,C01
200900030232,0,07,000,00,2,1,01,A01
200900030233,0,17,000,00,0,7,16,A01
200900030233,0,36,000,00,2,3,18,B01
200900030234,0,37,000,00,2,2,02,A01
200900030234,0,07,000,00,2,1,02,B01
200900030235,0,30,000,00,2,1,17,A01
200900030235,0,07,000,00,0,3,15,B01
200900030236,0,01,000,00,2,3,13,A01
200900030236,0,33,000,01,2,1,21,B01
200900030237,0,07,000,00,0,5,16,A01
200900030237,0,02,000,00,2,1,18,B01
200900030238,0,40,000,00,2,2,02,B01
200900030238,0,07,000,00,2,3,08,A01
200900030239,0,32,000,00,1,1,01,A01
200900030240,0,07,000,00,2,1,02,A01
200900030240,0,07,000,00,2,1,02,B01
200900030240,0,07,000,00,2,4,02,C01
200900030240,0,37,000,00,2,4,02,D01
200900030241,0,07,000,00,2,1,01,B01
200900030241,0,07,000,00,2,2,01,A01
200900030242,0,01,000,00,0,0,01,B01
200900030242,0,07,000,00,2,1,01,A01
200900030243,0,07,000,00,0,2,16,B01
200900030243,0,02,000,00,2,1,15,A01
200900030244,0,07,000,00,0,7,00,B01
200900030244,0,33,000,00,2,1,00,A01
200900030245,0,40,000,00,1,2,01,A01
200900030246,0,01,000,00,4,1,19,A01
200900030246,0,40,000,00,0,8,01,B01
200900030247,0,07,000,00,2,1,16,A01
200900030247,0,38,053,00,2,3,01,B01
200900030248,0,07,000,00,1,1,19,A01
200900030249,0,07,000,06,0,1,01,A01
200900030250,0,07,000,00,2,4,02,C01
200900030250,0,07,000,00,2,1,02,A01
200900030250,0,07,000,00,2,4,02,B01
200900030251,0,07,000,00,1,4,04,A01
200900030252,0,30,000,00,2,1,01,B01
200900030252,0,07,000,00,2,1,05,A01
200900030253,0,07,000,00,2,3,01,B01
200900030253,0,07,000,00,2,1,01,A01
200900030254,0,07,000,00,2,1,02,A01
200900030254,0,07,000,00,0,4,02,B01
200900030255,0,07,000,00,2,4,01,B01
200900030255,2,07,000,00,0,0,00,A01
200900030255,2,07,000,00,2,1,02,C01
200900030256,0,07,000,00,2,2,01,A01
200900030256,0,07,000,00,0,4,16,B01
200900030257,0,30,000,00,0,8,00,B01
200900030257,0,07,000,00,0,0,00,A01
200900030258,0,07,000,03,0,1,16,A01
200900030259,0,01,000,00,2,1,01,A01
200900030259,1,99,000,00,0,0,00,B01
200900030260,0,33,000,00,2,2,17,B01
200900030260,0,07,000,00,1,3,15,A01
200900030261,0,32,000,00,2,1,08,A01
200900030261,0,07,000,00,2,2,01,B01
200900030262,0,07,000,00,2,8,23,C01
200900030262,0,07,000,00,0,1,23,E01
200900030262,0,07,000,00,2,1,01,B01
200900030262,0,07,000,00,0,2,06,A01
200900030262,0,07,000,00,2,1,23,D01
200900030263,0,07,000,00,1,3,16,A01
200900030264,0,10,000,00,1,4,04,A01
200900030265,1,07,000,00,1,0,02,A01
200900030266,0,07,000,00,2,4,23,C01
200900030266,0,10,000,00,2,1,02,A01
200900030266,0,07,000,00,2,4,23,B01
200900030267,0,07,000,00,0,4,01,B01
200900030267,0,07,000,00,2,1,01,A01
200900030268,0,01,000,00,2,0,01,B01
200900030268,0,07,000,00,0,3,22,A01
200900030269,0,07,000,00,2,2,16,A01
200900030269,0,07,000,00,2,2,02,B01
200900030270,0,07,000,00,1,1,01,A01
200900030271,0,07,000,00,2,1,02,A01
200900030271,0,07,000,00,0,4,02,B01
200900030272,0,30,000,00,2,2,01,B01
200900030272,1,07,000,00,0,0,18,A01
200900030273,0,10,000,00,2,4,16,B01
200900030273,0,07,000,00,2,1,01,A01
200900030274,0,34,000,00,0,2,02,B01
200900030274,1,07,000,00,0,0,16,A01
200900030275,0,07,000,00,2,8,16,A01
200900030275,0,01,000,00,2,1,02,B01
200900030276,0,40,000,00,1,0,01,A01
200900030277,0,02,000,00,0,8,18,B01
200900030277,0,07,000,00,2,2,16,A01
200900030278,0,33,000,00,2,3,18,A01
200900030278,0,07,000,00,0,2,16,B01
200900030279,0,07,000,00,1,4,04,A01
200900030280,0,07,000,00,2,1,15,A01
200900030280,0,33,000,00,2,3,01,B01
200900030281,0,33,000,00,2,1,02,A01
200900030281,0,01,000,00,0,4,01,B01
200900030282,1,07,000,00,1,0,01,A01
200900030283,0,07,000,00,0,2,15,B01
200900030283,0,02,000,00,2,1,02,A01
200900030284,0,14,000,00,1,3,04,A01
200900030285,0,07,000,00,2,3,16,A01
200900030285,0,07,000,00,2,3,01,B01
200900030286,0,07,000,00,2,0,02,A01
200900030286,0,07,000,00,0,4,02,B01
200900030287,0,07,000,00,2,1,01,B01
200900030287,0,10,000,00,2,1,01,A01
200900030288,0,07,000,00,1,3,02,A01
200900030289,0,07,000,08,0,2,01,A01
200900030290,1,07,000,00,0,6,10,A01
200900030290,0,02,000,00,2,1,01,B01
200900030291,0,07,000,00,1,2,01,A01
200900030292,0,33,000,00,9,8,02,A01
200900030293,0,07,000,00,2,3,24,A01
200900030293,0,30,000,00,2,1,02,B01
200900030294,0,07,000,00,1,4,04,A01
200900030295,0,07,000,00,2,3,15,B01
200900030295,0,31,000,00,0,7,17,A01
200900030296,0,30,000,12,0,1,02,A01
200900030297,0,07,000,00,0,7,01,A01
200900030297,0,07,000,00,2,1,01,B01
200900030298,0,07,000,00,2,1,15,A01
200900030298,0,33,000,02,0,9,01,B01
200900030299,0,07,000,00,0,0,00,A01
200900030299,0,30,000,00,0,0,00,B01
200900030300,0,07,000,00,2,3,15,A01
200900030300,0,33,000,00,2,7,15,B01
200900030301,0,07,000,00,2,2,15,B01
200900030301,0,02,000,00,2,1,01,A01
200900030302,0,07,000,00,1,2,01,A01
200900030303,0,33,000,00,2,1,17,A01
200900030303,0,07,000,00,2,3,15,B01
200900030304,0,01,000,00,2,1,13,A01
200900030304,0,07,000,00,2,1,23,B01
200900030305,0,02,000,00,2,3,01,B01
200900030305,0,07,000,00,2,1,01,A01
200900030306,0,07,000,00,2,4,02,C01
200900030306,0,07,000,00,2,1,02,A01
200900030306,0,07,000,00,2,4,02,B01
200900030307,0,07,000,00,0,8,02,A01
200900030307,0,33,000,00,2,3,02,B01
200900030308,0,07,000,06,0,8,23,A01
200900030309,1,07,000,00,1,0,00,A01
200900030310,2,07,000,15,0,1,02,A01
200900030310,0,07,000,00,0,3,02,B01
200900030311,0,07,000,00,1,1,09,A01
200900030312,0,07,000,00,2,1,01,B01
200900030312,0,07,000,00,2,1,15,A01
200900030313,0,07,000,00,1,0,01,A01
200900030314,0,07,000,00,0,3,15,A01
200900030314,0,30,000,00,2,1,03,B01
200900030315,0,07,000,00,0,7,09,A01
200900030315,0,30,000,00,2,8,01,B01
200900030316,0,07,000,00,2,6,10,A01
200900030316,0,31,000,00,2,7,01,B01
200900030317,0,07,000,00,2,2,15,A01
200900030317,0,33,000,00,2,1,21,B01
200900030318,0,33,000,00,2,1,17,A01
200900030318,0,07,000,00,0,8,15,B01
200900030319,0,07,000,00,2,1,02,A01
200900030319,0,07,000,00,0,4,23,B01
200900030320,0,07,000,00,1,8,01,A01
200900030321,0,10,000,00,2,3,05,A01
200900030322,0,07,000,00,2,6,02,B01
200900030322,0,07,000,14,0,1,02,A01
200900030322,0,07,000,00,2,5,02,C01
200900030323,0,07,000,00,1,2,01,A01
200900030324,0,07,000,01,2,1,21,B01