Num_Acc,senc,catv,occutc,obs,obsm,choc,manv,num_veh
200900030324,0,02,000,00,2,1,16,A01
200900030325,0,02,000,00,0,1,00,A01
200900030326,0,07,000,00,0,0,16,A01
200900030327,0,31,000,00,0,7,01,B01
200900030327,0,07,000,00,2,2,15,A01
200900030328,0,07,000,00,2,1,01,B01
200900030328,0,07,000,00,2,7,09,A01
200900030329,0,01,000,00,2,1,01,A01
200900030329,0,07,000,00,2,1,15,B01
200900030330,0,07,000,00,2,1,15,A01
200900030330,0,32,000,00,2,1,08,B01
200900030331,0,07,000,00,2,3,01,A01
200900030331,0,02,000,00,2,1,01,B02
200900030332,0,07,000,00,0,7,01,C01
200900030332,0,13,000,00,2,1,01,A01
200900030332,0,07,000,00,0,4,02,B01
200900030333,0,07,000,00,0,9,02,A01
200900030334,0,07,000,00,2,8,02,B01
200900030334,0,17,000,00,2,2,12,A01
200900030334,0,10,000,04,0,1,02,C01
200900030335,0,07,000,00,0,0,01,A01
200900030336,0,17,000,00,2,3,00,A01
200900030336,0,07,000,00,2,8,00,B01
200900030337,0,07,000,00,2,1,01,A01
200900030337,0,07,000,00,0,4,02,B01
200900030338,0,07,000,03,0,1,02,A01
200900030339,0,07,000,14,0,1,02,A01
200900030340,0,33,000,00,0,8,02,A01
200900030341,0,07,000,00,0,4,02,B01
200900030341,0,07,000,00,2,1,01,A01
200900030342,0,33,000,12,2,0,09,A01
200900030342,0,07,000,00,0,2,01,B01
200900030343,0,07,000,03,0,1,01,A01
200900030344,0,07,000,00,2,2,01,C01
200900030344,0,15,000,00,2,2,12,A01
200900030344,0,07,000,00,2,6,02,B01
200900030345,0,07,000,04,0,1,02,A01
200900030346,0,33,000,00,0,1,01,B01
200900030346,0,07,000,00,2,2,12,A01
200900030347,0,10,000,00,2,2,02,B01
200900030347,0,33,000,00,2,1,02,A01
200900030348,0,33,000,00,2,1,01,A01
200900030348,0,07,000,00,0,6,01,B01
200900030349,0,07,000,04,0,2,01,A01
200900030350,0,07,000,00,2,4,01,B01
200900030350,0,07,000,00,2,4,01,C01
200900030350,0,07,000,00,2,1,01,A01
200900030350,0,07,000,00,0,4,01,D01
200900030351,0,32,000,00,0,4,02,B01
200900030351,0,07,000,00,2,1,02,A01
200900030352,0,07,000,00,2,4,01,B01
200900030352,0,07,000,00,0,4,01,D01
200900030352,0,07,000,00,2,4,02,C01
200900030352,0,07,000,00,2,1,01,A01
200900030353,0,03,000,00,9,1,15,A01
200900030353,0,01,000,00,2,8,01,B02
200900030354,0,07,000,00,0,4,02,C03
200900030354,0,07,000,00,2,4,02,B02
200900030354,0,10,000,00,2,1,01,A01
200900030355,0,07,000,13,0,3,00,A01
200900030356,0,30,000,00,0,7,01,A01
200900030357,0,02,000,00,2,2,17,A01
200900030357,0,07,000,00,2,3,15,B02
200900030358,0,02,000,00,0,8,01,A01
200900030359,0,33,000,00,2,1,17,B02
200900030359,0,07,000,00,2,8,10,A01
200900030360,0,07,000,00,2,1,01,A01
200900030360,0,07,000,00,2,5,13,B02
200900030361,0,07,000,00,2,1,01,A01
200900030361,0,07,000,00,2,1,01,B02
200900030362,0,07,000,00,2,1,01,A01
200900030362,0,07,000,00,2,3,01,B02
200900030363,0,07,000,00,0,0,19,B02
200900030363,0,01,000,00,2,8,01,C03
200900030363,0,33,000,00,2,1,01,A01
200900030364,0,36,000,06,0,1,01,A01
200900030365,0,07,000,00,1,1,01,A01
200900030366,0,07,000,06,0,1,01,A01
200900030367,0,33,000,00,2,1,17,B02
200900030367,0,07,000,00,2,8,15,A01
200900030368,0,07,000,00,2,7,01,A01
200900030368,0,07,000,00,2,1,01,B02
200900030369,0,01,000,00,2,7,01,B02
200900030369,0,07,000,00,2,7,13,A01
200900030370,0,02,000,06,0,3,13,A01
200900030371,0,07,000,00,2,1,01,B02
200900030371,0,07,000,00,2,1,13,A01
200900030372,0,33,000,00,0,7,01,A01
200900030373,0,01,000,00,2,7,01,B02
200900030373,0,07,000,00,2,3,09,A01
200900030374,0,07,000,13,0,1,13,A01
200900030375,0,07,000,00,2,3,15,A01
200900030375,0,30,000,00,2,3,01,B02
200900030376,0,31,000,00,1,1,17,A01
200900030377,0,07,000,00,9,5,01,A01
200900030377,0,01,000,00,2,1,01,B02
200900030378,0,33,000,08,0,2,01,A01
200900030379,0,07,000,13,0,9,01,A01
200900030380,0,07,000,00,2,8,17,A01
200900030380,0,33,000,00,2,7,17,B02
200900030381,0,07,000,00,1,1,00,A01
200900030382,0,30,000,00,2,4,15,A01
200900030383,0,33,000,00,2,1,01,A01
200900030383,0,07,000,00,2,5,15,B02
200900030384,0,07,000,06,0,1,01,A01
200900030385,0,02,000,13,0,5,16,A01
200900030386,0,07,000,00,0,3,01,B02
200900030386,0,33,000,00,2,1,13,A01
200900030387,0,07,000,01,0,2,01,A01
200900030387,0,15,000,00,0,6,24,B02
200900030388,0,17,000,00,0,0,00,B02
200900030389,0,02,000,01,0,0,01,A01
200900030390,0,15,000,00,1,2,01,A01
200900030391,0,33,000,00,2,1,01,B02
200900030391,0,07,000,00,2,8,19,A01
200900030392,0,07,000,00,0,8,01,B02
200900030392,0,07,000,00,2,1,19,A01
200900030393,0,10,000,08,0,9,01,A01
200900030394,0,10,000,01,2,4,02,B01
200900030394,0,37,032,00,2,2,02,A01
200900030395,0,38,002,00,2,2,01,A01
200900030395,0,07,000,00,0,4,16,B01
200900030396,0,07,000,01,0,9,14,A01
200900030397,0,07,000,00,2,9,01,B01
200900030397,0,07,000,00,2,3,01,A01
200900030398,0,07,000,00,0,4,02,B01
200900030398,0,31,000,00,2,1,02,A01
200900030399,0,30,000,00,2,3,09,A01
200900030399,0,30,000,00,2,1,01,B01
200900030400,0,02,000,00,2,1,02,A01
200900030400,0,07,000,00,0,8,16,B01
200900030401,0,33,000,00,5,3,01,A01
200900030402,0,07,000,00,2,2,15,A01
200900030402,0,33,000,00,2,1,01,B02
200900030403,0,33,000,00,6,1,01,A01
200900030404,0,30,000,00,0,0,00,A01
200900030405,0,10,000,00,1,3,01,A01
200900030406,0,07,000,00,2,3,09,A01
200900030406,0,30,000,00,2,1,09,B01
200900030407,0,07,000,00,1,1,01,A01
200900030408,0,07,000,00,2,3,01,A01
200900030408,0,31,000,00,2,1,01,B01
200900030409,0,07,000,00,2,2,15,A01
200900030409,0,30,000,00,2,1,01,B01
200900030410,0,31,000,15,0,1,01,A01
200900030411,0,07,000,09,0,3,01,A01
200900030412,0,07,000,00,1,1,01,A01
200900030413,0,07,000,00,2,1,02,A01
200900030413,0,07,000,01,0,4,02,B01
200900030414,0,32,000,00,2,8,01,B01
200900030414,0,01,000,00,0,5,01,A01
200900030415,0,07,000,00,2,3,01,B02
200900030415,0,07,000,00,2,3,13,A01
200900030416,0,07,000,00,2,3,19,B02
200900030416,0,07,000,00,2,1,01,A01
200900030416,0,07,000,00,2,8,01,C03
200900030417,0,07,000,00,2,1,01,B02
200900030417,0,07,000,00,2,1,13,A01
200900030418,0,07,000,00,2,1,01,B02
200900030418,0,07,000,00,2,1,13,A01
200900030419,0,07,000,00,2,5,15,A01
200900030419,0,33,000,00,2,1,01,C03
200900030419,0,33,000,00,2,1,01,B02
200900030420,0,07,000,03,0,3,01,A01
200900030421,0,07,000,00,2,2,01,A01
200900030421,0,03,000,00,2,1,19,B02
200900030422,0,33,000,13,0,1,01,A01
200900030423,0,33,000,00,6,1,21,A01
200900030424,0,07,000,00,2,2,06,A01
200900030424,0,07,000,00,2,1,01,B02
200900030425,0,07,000,00,1,2,01,A01
200900030426,0,10,000,00,2,2,01,A01
200900030426,0,99,000,00,2,7,15,B02
200900030427,0,10,000,00,2,2,01,A01
200900030427,0,02,000,00,2,1,19,B02
200900030428,0,33,000,00,2,3,01,A01
200900030428,0,07,000,00,2,2,19,B02
200900030429,0,07,000,00,2,2,17,A01
200900030429,0,33,000,00,2,1,01,B02
200900030430,0,07,000,00,2,1,01,A01
200900030430,0,07,000,00,2,1,19,B02
200900030431,0,07,000,00,2,3,01,A01
200900030431,0,10,000,00,2,3,01,B02
200900030432,0,07,000,00,2,4,02,C03
200900030432,0,07,000,00,2,4,02,B02
200900030432,0,33,000,00,2,1,02,A01
200900030433,0,07,000,00,2,3,15,A01
200900030433,0,07,000,00,2,1,01,B02
200900030434,0,33,000,14,2,1,17,A01
200900030434,0,07,000,00,2,8,19,B02
200900030434,0,07,000,00,2,8,23,C03
200900030435,0,07,000,00,2,8,01,C03
200900030435,0,07,000,00,2,8,01,D04
200900030435,0,07,000,00,2,3,13,A01
200900030435,0,07,000,00,2,8,01,B02
200900030436,0,30,000,08,0,3,13,A01
200900030437,0,33,000,15,0,1,01,A01
200900030438,0,32,000,00,2,1,01,B02
200900030438,0,07,000,00,2,8,19,A01
200900030439,0,37,000,00,1,2,01,A01
200900030440,0,30,000,00,0,7,01,A01
200900030441,0,07,000,00,1,2,01,A01
200900030442,0,02,000,00,2,1,05,A01
200900030442,0,07,000,00,0,8,02,B01
200900030443,0,07,000,00,0,1,02,A01
200900030443,0,02,000,00,2,5,09,B01
200900030444,0,07,000,00,1,2,01,A01
200900030445,0,07,000,00,2,1,15,A01
200900030445,0,07,000,00,2,1,01,B01
200900030446,0,07,000,00,0,5,15,A01
200900030446,0,02,000,00,2,1,01,B01
200900030447,0,30,000,00,2,8,18,B01
200900030447,0,07,000,00,2,2,16,A01
200900030448,0,07,000,08,2,1,15,A01
200900030448,0,07,000,00,0,3,02,B01
200900030449,0,07,000,00,1,2,01,A01
200900030450,0,07,000,00,2,3,15,B01
200900030450,0,31,000,00,2,2,17,A01
200900030451,0,31,000,00,2,3,02,B01
200900030451,0,07,000,00,0,5,16,A01
200900030452,0,33,000,00,2,7,02,B01
200900030452,0,07,000,00,0,3,13,A01
200900030453,0,01,000,00,2,2,01,B01
200900030453,0,07,000,00,2,6,20,A01
200900030454,0,40,000,00,1,0,02,A01
200900030455,0,07,000,00,2,1,01,A01
200900030455,0,07,000,00,2,4,01,B01
200900030456,0,07,000,00,0,7,16,B01
200900030456,0,31,000,00,2,1,18,A01
200900030457,0,30,000,00,2,1,01,B01
200900030457,0,07,000,00,0,3,10,A01
200900030458,0,07,000,00,2,2,09,A01
200900030458,0,02,000,00,2,1,01,B01
200900030459,0,07,000,00,2,1,15,A01
200900030459,0,33,000,01,2,2,01,B01
200900030460,0,33,000,00,0,7,01,A01
200900030461,0,07,000,00,2,3,02,A01
200900030461,0,02,000,01,0,9,02,B01
200900030462,0,07,000,00,2,3,15,A01
200900030462,0,02,000,00,0,0,01,B01
200900030463,1,07,000,00,0,0,17,A01
200900030463,0,07,000,00,2,3,02,B01
200900030464,0,07,000,00,2,3,18,A01
200900030464,0,02,000,00,2,7,15,B01
200900030465,0,30,000,00,2,3,18,A01
200900030465,0,07,000,00,0,7,16,B01
200900030466,0,07,000,00,1,1,01,A01
200900030467,0,33,000,00,2,1,02,A01
200900030467,0,07,000,00,0,4,02,B01
200900030468,0,07,000,00,2,3,09,B01
200900030468,0,30,000,00,0,7,03,A01
200900030469,0,01,000,00,2,1,00,B01
200900030469,0,07,000,00,0,7,22,A01
200900030470,0,07,000,00,2,3,15,A01
200900030470,0,33,000,00,2,1,02,B01
200900030471,0,30,000,00,2,2,02,A01
200900030471,0,07,000,00,2,1,02,B01
200900030472,0,10,000,00,2,2,01,B01
200900030472,0,07,000,00,2,1,01,A01
200900030473,0,07,000,00,2,0,01,B01
200900030473,0,01,000,00,0,8,19,A01
200900030474,0,07,000,00,2,1,02,A01
200900030474,0,07,000,00,2,2,02,B01
200900030475,0,07,000,00,2,3,09,B01
200900030475,0,31,000,00,2,3,09,A01
200900030476,0,07,000,00,0,3,13,A01
200900030476,0,33,000,00,2,1,01,B01
200900030477,0,07,000,03,0,0,15,A01
200900030478,0,10,000,00,0,8,21,A01
200900030478,0,02,000,00,2,2,17,B01
200900030479,0,07,000,00,2,3,10,A01
200900030479,0,32,000,00,2,1,01,B01
200900030480,0,33,000,00,2,2,17,A01
200900030480,0,07,000,00,2,3,20,B01
200900030481,0,33,000,00,1,2,01,A01
200900030482,0,07,000,00,2,3,01,B01
200900030482,0,33,000,00,2,2,09,A01
200900030483,0,07,000,00,2,2,00,A01
200900030483,0,01,000,00,0,8,00,B01
200900030484,0,07,000,00,1,2,01,A01
200900030485,0,33,000,00,2,1,01,A01
200900030485,0,10,000,00,2,3,15,B01
200900030486,0,07,000,00,2,1,01,B01
200900030486,0,01,000,00,2,1,01,A01
200900030487,0,07,000,00,2,1,01,A01
200900030487,0,07,000,00,2,4,01,B01
200900030488,0,02,000,00,2,1,01,A01
200900030488,0,07,000,00,2,6,15,B01
200900030489,0,07,000,00,2,3,15,A01
200900030489,0,33,000,00,2,3,01,B01
200900030490,0,07,000,00,2,1,01,B01
200900030490,0,07,000,08,2,1,09,A01
200900030491,0,02,000,00,0,1,02,B01
200900030491,0,07,000,01,0,3,02,A01
200900030492,0,07,000,06,0,3,16,A01
200900030492,0,07,000,00,2,1,02,B01
200900030493,0,07,000,00,2,4,02,B01
200900030493,0,37,000,00,2,1,02,A01
200900030494,0,07,000,00,2,3,15,A01
200900030494,0,33,000,00,2,1,01,B01
200900030495,0,07,000,00,0,3,15,A01
200900030495,0,02,000,00,2,0,01,B01
200900030496,0,07,000,06,0,1,21,A01
200900030497,0,07,000,00,0,3,01,B01
200900030497,0,07,000,11,2,1,06,A01
200900030498,0,31,000,00,1,3,01,A01
200900030499,0,07,000,00,4,2,01,A01
200900030499,0,40,000,00,0,8,01,B01
200900030500,0,02,000,00,2,1,01,A01
200900030500,0,07,000,00,2,7,16,B01
200900030501,0,33,000,00,2,2,17,A01
200900030501,0,07,000,00,0,8,15,B01
200900030502,0,07,000,00,0,0,15,B01
200900030502,0,31,000,00,0,7,01,A01
200900030503,0,33,000,00,2,1,01,B01
200900030503,0,07,000,00,0,8,10,A01
200900030504,0,07,000,01,2,9,02,B01
200900030504,0,07,000,00,2,3,02,A01
200900030505,0,07,000,00,2,1,15,A01
200900030505,0,31,000,00,0,7,02,B01
200900030506,0,07,000,00,0,4,02,C01
200900030506,0,02,000,00,2,4,02,B01
200900030506,0,07,000,00,2,3,02,A01
200900030507,0,07,000,01,0,1,01,A01
200900030508,0,07,000,00,0,5,02,C01
200900030508,0,30,000,00,0,0,01,A01
200900030508,0,07,000,00,0,6,02,B01
200900030509,0,37,000,00,2,1,15,A01
200900030509,0,07,000,00,2,1,01,B01
200900030510,0,07,000,00,2,1,01,A01
200900030510,0,07,000,01,2,5,01,B01
200900030511,0,07,000,00,2,4,02,C01
200900030511,0,07,000,00,2,4,02,B01
200900030511,0,07,000,00,2,1,02,A01
200900030512,0,07,000,00,2,3,02,A01
200900030512,0,07,000,00,2,7,09,B01
200900030513,0,07,000,00,2,3,00,B01
200900030513,0,02,000,00,2,1,01,A01
200900030514,0,40,000,00,1,1,02,A01
200900030515,0,32,000,00,2,0,01,C01
200900030515,0,07,000,00,2,8,22,A01
200900030515,0,01,000,00,2,8,01,B01
200900030516,0,32,000,00,2,1,01,B01
200900030516,0,07,000,00,0,8,10,A01
200900030517,0,02,000,00,2,1,05,A01
200900030517,0,07,000,00,2,8,09,B01
200900030518,0,02,000,00,2,1,02,A01
200900030518,0,02,000,00,0,4,02,B01
200900030519,0,01,000,00,0,4,16,A01
200900030519,0,07,000,00,2,8,02,B01
200900030520,0,07,000,00,1,2,01,A01
200900030521,0,07,000,00,2,3,15,A01
200900030521,0,01,000,00,2,1,01,B01
200900030522,1,07,000,00,0,0,01,B01
200900030522,0,33,000,00,2,0,01,A01
200900030523,0,07,000,00,0,4,04,A01
200900030523,0,01,000,00,2,0,01,B01
200900030524,0,07,000,00,0,0,16,A01
200900030525,0,02,000,00,2,8,02,B01
200900030525,1,07,000,00,0,0,00,A01
200900030526,0,38,000,00,1,3,02,A01
200900030527,0,07,000,00,2,1,02,A01
200900030528,0,10,000,14,0,2,01,A01
200900030529,0,07,000,00,2,4,15,B01
200900030529,0,33,000,00,2,1,02,A01
200900030530,0,02,000,00,2,1,01,B01
200900030530,0,07,000,00,2,3,15,A01
200900030531,0,07,000,00,2,2,15,A01
200900030531,0,07,000,00,2,1,01,B01
200900030532,0,07,000,00,1,0,00,A01
200900030533,0,40,000,00,2,1,23,B01
200900030533,0,07,000,00,4,1,00,A01
200900030534,0,31,000,00,2,1,02,B01
200900030534,0,07,000,00,2,3,09,A01
200900030535,0,31,000,00,2,1,01,B01
200900030535,0,02,000,00,2,1,15,A01
200900030536,0,30,000,01,2,1,02,A01
200900030536,0,07,000,00,0,4,02,B01
200900030537,0,07,000,00,2,3,02,B01
200900030537,0,07,000,00,2,3,02,A01
200900030538,0,02,000,00,2,1,01,B01
200900030538,0,07,000,00,2,2,15,A01
200900030539,0,33,000,00,1,2,01,A01
200900030540,0,07,000,00,2,3,01,B01
200900030540,0,07,000,00,2,1,15,A01
200900030541,0,07,000,00,2,3,09,A01
200900030541,0,07,000,00,2,3,01,B01
200900030542,0,03,000,00,1,1,16,A01
200900030543,0,07,000,00,1,2,15,A01
200900030544,0,01,000,00,0,2,02,B01
200900030544,0,07,000,00,2,1,15,A01
200900030545,0,02,000,00,2,1,01,A01
200900030545,0,07,000,00,2,5,15,B01
200900030546,0,07,000,00,0,2,15,A01
200900030546,0,33,000,00,2,1,02,B01
200900030547,0,02,000,00,2,5,15,A01
200900030547,0,31,000,00,2,3,01,B02
200900030548,0,07,000,00,2,1,15,A01
200900030549,0,07,000,01,0,1,01,A01
200900030550,0,33,000,09,0,1,21,A01
200900030551,0,01,000,00,2,8,15,B02
200900030551,0,07,000,00,2,1,17,A01
200900030552,0,07,000,06,0,9,13,A01
200900030553,0,07,000,06,0,3,01,A01
200900030554,0,30,000,00,2,8,09,A01
200900030554,0,07,000,00,2,1,21,B02
200900030555,0,33,000,00,2,1,01,A01
200900030555,0,07,000,00,0,6,01,B01
200900030556,0,07,000,00,2,1,01,A01
200900030556,0,15,000,00,0,4,01,B01
200900030557,0,33,000,00,0,3,01,A01
200900030558,0,07,000,04,0,1,01,A01
200900030559,0,07,000,00,0,4,01,B01
200900030559,0,07,000,00,2,1,01,A01
200900030560,0,07,000,04,0,1,02,A01
200900030561,1,07,000,00,0,0,05,A01
200900030561,0,07,000,03,0,1,01,B01
200900030562,0,07,000,04,0,1,02,A01
200900030563,0,07,000,00,0,0,12,A01
200900030563,0,33,000,03,0,3,17,B01
200900030564,0,07,000,03,0,1,01,A01
200900030565,0,07,000,00,0,4,02,B01
200900030565,0,17,000,00,2,1,02,A01
200900030566,0,07,000,00,0,6,01,B01
200900030566,0,15,000,00,2,2,12,A01
200900030567,0,10,000,00,2,9,01,A01
200900030567,0,07,000,00,0,7,01,B01
200900030568,0,07,000,00,0,5,01,B01
200900030568,1,07,000,00,2,0,12,C01
200900030568,0,10,000,00,2,1,01,A01
200900030569,0,07,000,04,0,1,00,A01
200900030570,0,07,000,07,2,1,01,A01
200900030570,0,07,000,00,0,4,01,B01
200900030571,0,17,000,03,0,7,01,A01
200900030572,0,33,000,00,0,3,02,B01
200900030572,0,07,000,00,2,2,12,A01
200900030573,0,07,000,00,2,2,01,C01
200900030573,0,07,000,00,0,5,01,B01
200900030573,0,07,000,00,2,1,01,A01
200900030573,0,10,000,00,0,4,01,D01
200900030574,0,07,000,04,0,1,02,A01
200900030575,0,07,000,00,2,1,01,A01
200900030575,0,07,000,00,0,4,01,B01
200900030576,0,07,000,00,2,1,01,A01
200900030576,0,07,000,00,0,4,02,B01
200900030577,0,07,000,00,0,5,01,B01
200900030577,0,07,000,00,2,3,18,A01
200900030578,0,33,000,00,2,1,01,A01
200900030578,0,07,000,00,0,6,11,B01
200900030579,0,07,000,00,0,1,01,B01
200900030579,0,17,000,00,9,2,02,C01
200900030579,0,10,000,00,9,0,01,A01
200900030580,0,07,000,04,0,1,02,A01
200900030581,0,07,000,00,2,1,02,A01
200900030581,0,07,000,00,0,4,02,B01
200900030582,0,07,000,00,0,3,02,B01
200900030582,0,17,000,00,2,5,12,A01
200900030583,0,07,000,04,0,7,01,A01
200900030584,0,33,000,00,0,8,01,A01
200900030585,0,14,000,00,2,1,01,A01
200900030585,0,15,000,00,0,4,01,B01
200900030586,0,07,000,04,0,1,02,A01
200900030587,0,33,000,00,2,1,01,B01
200900030587,0,07,000,00,2,7,15,A01
200900030588,0,07,000,00,2,7,01,B01
200900030588,0,07,000,00,2,1,01,A01
200900030589,0,07,000,00,2,1,01,B01
200900030589,0,07,000,00,2,2,15,A01
200900030590,0,10,000,15,0,1,01,A01
200900030591,0,07,000,00,0,3,01,A01
200900030591,0,32,000,00,2,1,01,B01
200900030592,0,10,000,00,2,4,02,B02
200900030592,0,07,000,00,2,1,02,A01
200900030593,0,10,000,00,2,1,11,A01
200900030593,0,07,000,00,0,4,01,B01
200900030594,0,07,000,00,2,2,01,B02
200900030594,0,07,000,00,2,3,13,A01
200900030595,0,14,000,01,0,2,00,B02
200900030595,0,07,000,01,0,1,19,A01
200900030596,0,07,000,00,0,7,22,A01
200900030596,0,33,000,00,2,1,18,B01
200900030597,1,07,000,,,2,,B02
200900030597,0,07,000,,,6,01,A01
200900030598,0,07,000,02,0,9,13,A01
200900030599,0,07,000,00,0,1,01,A01
200900030600,0,07,000,13,0,1,01,A01
200900030601,0,07,000,01,0,2,01,A01
200900030601,0,17,000,00,0,6,24,B01
200900030602,0,15,000,00,2,4,04,A01
200900030602,0,07,000,00,2,2,01,B01
200900030603,0,07,000,00,1,1,01,A01
200900030604,0,07,000,00,2,3,10,A01
200900030604,0,33,000,00,2,2,17,B01
200900030605,0,07,000,00,1,1,01,A01
200900030606,0,07,000,00,2,1,01,B02
200900030606,0,07,000,00,2,7,13,A01
200900030607,0,07,000,00,2,1,01,B01
200900030607,0,07,000,00,0,4,02,C01
200900030607,0,07,000,00,2,1,01,A01
200900030608,0,07,000,00,2,3,01,B01
200900030608,0,07,000,00,2,1,01,A01
200900030609,0,33,000,00,0,8,01,A01
200900030610,0,07,000,13,0,1,01,A01
200900030611,0,07,000,00,2,3,13,A01
200900030611,0,07,000,00,2,3,01,B02
200900030612,0,07,000,00,2,4,02,B01
200900030612,0,07,000,00,2,1,02,A01
200900030613,0,07,000,00,0,4,23,B01
200900030613,0,10,000,00,2,1,01,A01
200900030614,0,07,000,00,2,2,17,A01
200900030614,0,01,000,00,2,6,01,B02
200900030615,0,02,000,00,2,6,01,B01
200900030615,0,07,000,00,2,2,02,A01
200900030616,0,07,000,00,0,3,00,A01
200900030617,0,99,000,00,1,2,09,A01
200900030618,0,01,000,00,2,1,01,B01
200900030618,0,10,000,00,2,3,15,A01
200900030619,0,07,000,00,0,0,01,A01
200900030620,0,07,000,00,2,2,10,A01
200900030620,0,32,000,00,2,8,01,B02
200900030621,0,07,000,13,0,9,14,A01
200900030622,0,07,000,00,1,3,01,A01
200900030623,0,02,000,00,2,1,02,A01
200900030623,0,07,000,00,2,5,02,B01
200900030624,0,07,000,00,2,2,15,A01
200900030624,0,07,000,00,2,3,01,B01
200900030625,0,07,000,00,2,2,16,B02
200900030625,0,02,000,06,2,1,18,A01
200900030626,0,07,000,00,2,1,01,B01
200900030626,0,07,000,00,2,6,09,A01
200900030627,0,07,000,00,2,1,02,A01
200900030627,0,02,000,00,2,4,01,B01
200900030628,0,07,000,00,2,1,02,B01
200900030628,0,07,000,00,2,4,01,A01
200900030629,0,07,000,00,1,2,01,A01
200900030630,0,07,000,00,2,1,01,B02
200900030630,0,02,000,00,2,1,13,A01
200900030631,0,33,000,00,2,1,02,B02
200900030631,0,07,000,00,2,4,15,A01
200900030632,0,07,000,00,2,7,01,A01
200900030632,0,07,000,00,2,1,01,B01
200900030633,0,07,000,00,2,1,01,B01
200900030633,0,07,000,00,2,1,13,A01
200900030634,0,07,000,00,9,1,01,B01
200900030634,0,01,000,00,2,1,05,A01
200900030635,0,07,000,00,2,4,01,B01
200900030635,0,07,000,00,2,1,01,A01
200900030636,0,07,000,00,2,2,17,B02
200900030636,0,07,000,00,0,6,01,A01
200900030636,0,07,000,00,2,1,01,C03
200900030637,0,02,000,00,2,1,01,B02
200900030637,0,07,000,00,2,7,15,A01
200900030638,0,33,000,00,2,2,03,B02
200900030638,1,07,000,00,2,8,13,A01
200900030639,0,33,000,13,0,1,15,A01
200900030640,0,07,000,08,0,9,01,A01
200900030641,0,07,000,00,2,3,13,A01
200900030641,0,14,000,00,2,3,01,B02
200900030642,0,07,000,08,0,9,17,A01
200900030643,0,07,000,06,0,1,01,A01
200900030643,0,07,000,13,0,7,01,B02
200900030644,0,07,000,00,2,3,01,A01
200900030644,0,07,000,00,2,3,01,B02
200900030645,0,33,000,00,2,1,01,A01
200900030645,0,07,000,00,2,7,01,B02
200900030646,0,07,000,13,0,3,01,A01
200900030647,0,07,000,00,2,7,09,B02
200900030647,0,07,000,00,2,1,01,A01
200900030648,0,07,000,06,0,2,01,A01
200900030649,0,02,000,06,0,3,01,A01
200900030650,0,01,000,00,0,7,01,A01
200900030650,0,07,000,00,2,1,01,B02
200900030651,0,30,000,00,2,8,01,B02
200900030651,0,37,000,00,2,1,01,A01
200900030652,0,07,000,13,0,1,14,A01
200900030653,0,33,000,00,2,1,13,A01
200900030653,0,07,000,00,2,1,00,B02
200900030654,0,07,000,00,2,1,13,A01
200900030654,0,07,000,00,2,1,01,B02
200900030655,0,14,000,00,2,4,04,A01
200900030655,0,02,000,00,2,7,01,B02
200900030656,0,10,000,00,2,1,01,A01
200900030656,0,30,000,00,2,7,01,B02
200900030657,0,07,000,00,2,2,01,A01
200900030657,0,30,000,00,0,4,15,B02
200900030658,0,07,000,00,2,3,15,A01
200900030658,0,33,000,01,2,1,01,B02
200900030659,0,07,000,00,0,8,10,B02
200900030659,0,33,000,00,2,1,17,A01
200900030660,0,07,000,00,2,3,01,C03
200900030660,0,10,000,00,2,1,01,A01
200900030660,0,03,000,00,2,2,01,B02
200900030661,0,07,000,00,2,2,17,B02
200900030661,0,01,000,00,0,4,15,A01
200900030662,0,07,000,02,0,3,00,A01
200900030663,0,07,000,00,2,1,01,A01
200900030663,0,07,000,00,2,1,13,B02
200900030664,0,07,000,00,2,1,01,B02
200900030664,0,10,000,00,0,6,19,A01
200900030665,0,16,000,13,0,1,01,A01
200900030666,0,07,000,00,2,3,13,A01
200900030666,0,17,000,00,2,3,01,B02
200900030667,0,07,000,08,0,1,01,A01
200900030668,0,07,000,00,2,1,13,A01
200900030668,0,07,000,00,2,1,01,B02
200900030669,0,07,000,00,2,1,01,A01
200900030669,0,02,000,00,2,1,13,B02
200900030670,0,07,000,13,0,1,01,A01
200900030671,0,07,000,00,2,3,10,A01
200900030671,0,02,000,00,2,1,01,B02
200900030672,0,07,000,15,0,9,01,A01
200900030673,0,33,000,00,2,1,01,B02
200900030673,0,14,000,00,2,5,15,A01
200900030674,0,07,000,02,0,1,16,A01
200900030675,0,33,000,13,0,7,01,A01
200900030676,0,07,000,00,2,1,01,A01
200900030676,0,07,000,00,2,1,01,B01
200900030677,0,10,000,03,0,3,01,A01
200900030678,0,07,000,03,0,3,01,A01
200900030679,0,07,000,04,0,1,01,A01
200900030680,0,07,000,00,2,1,02,A01
200900030680,0,15,000,00,0,4,02,B01
200900030681,0,33,000,00,2,1,01,A01
200900030681,0,07,000,00,0,6,01,B01
200900030682,0,10,000,03,0,3,01,A01
200900030683,0,10,000,00,2,1,01,A01
200900030683,0,07,000,00,0,4,02,B01
200900030684,0,15,000,00,2,1,02,A01
200900030684,0,07,000,00,0,4,01,B01
200900030685,0,07,000,00,0,4,01,B01
200900030685,1,10,000,00,2,1,02,A01
200900030686,0,07,000,00,1,2,01,A01