Num_Acc,senc,catv,occutc,obs,obsm,choc,manv,num_veh
200900031050,0,10,000,00,2,4,02,B01
200900031050,0,10,000,00,2,4,02,C01
200900031051,0,10,000,00,2,1,01,A01
200900031051,0,07,000,00,2,4,01,B01
200900031051,0,07,000,00,2,4,01,C01
200900031051,0,07,000,00,0,4,01,E01
200900031051,0,07,000,00,2,4,01,D01
200900031052,0,07,000,00,2,2,12,A01
200900031052,0,07,000,00,2,3,00,B01
200900031053,0,31,000,00,0,4,01,B01
200900031053,0,10,000,03,2,1,02,A01
200900031054,0,14,000,00,0,2,12,B01
200900031054,0,07,000,00,0,6,01,A01
200900031054,0,07,000,00,2,7,17,C01
200900031055,0,07,000,00,2,4,02,B01
200900031055,0,07,000,00,2,1,02,A01
200900031056,0,30,000,00,2,3,03,A01
200900031056,0,07,000,00,9,5,01,B01
200900031056,0,10,000,00,0,0,01,C01
200900031057,0,07,000,00,1,2,01,A01
200900031058,0,07,000,04,0,3,11,A01
200900031059,0,07,000,00,2,1,01,A01
200900031059,0,07,000,00,0,4,02,B01
200900031060,0,07,000,00,0,2,01,A01
200900031060,0,99,000,00,0,3,02,B01
200900031061,0,02,000,13,0,1,01,A01
200900031062,0,33,000,00,2,1,01,A01
200900031062,0,07,000,00,2,1,01,B02
200900031063,0,07,000,00,2,3,17,A01
200900031063,0,02,000,00,2,1,16,B02
200900031064,0,10,000,13,0,3,21,A01
200900031065,0,33,000,00,2,1,09,A01
200900031065,0,07,000,00,2,2,01,B01
200900031066,0,07,000,08,0,3,01,A01
200900031067,0,07,000,04,0,3,13,A01
200900031068,0,07,000,00,2,1,01,B01
200900031068,0,07,000,00,2,7,01,A01
200900031069,0,07,000,00,2,4,04,A01
200900031069,0,07,000,00,2,5,01,B01
200900031070,0,07,000,13,0,9,01,A01
200900031071,0,07,000,00,2,1,01,A01
200900031071,0,07,000,00,2,9,01,B01
200900031071,0,07,000,00,2,4,01,C01
200900031072,0,07,000,02,0,1,14,A01
200900031073,0,07,000,00,2,3,15,A01
200900031073,0,07,000,00,2,1,01,B01
200900031074,0,07,000,13,0,1,13,A01
200900031075,0,30,000,00,0,9,01,A01
200900031076,0,33,000,13,0,1,14,A01
200900031077,0,07,000,00,2,1,01,B02
200900031077,0,10,000,00,2,2,19,A01
200900031078,0,07,000,00,2,6,15,B02
200900031078,0,31,000,00,2,8,01,A01
200900031079,0,02,000,01,0,3,14,A01
200900031080,0,07,000,02,0,8,01,A01
200900031081,0,33,000,00,0,7,01,A01
200900031082,0,33,000,00,2,1,01,B02
200900031082,0,07,000,00,2,5,15,A01
200900031083,0,07,000,01,0,2,01,B01
200900031083,0,07,000,01,2,8,01,A01
200900031084,0,33,000,00,2,1,01,B02
200900031084,0,07,000,00,2,2,19,A01
200900031085,0,07,000,00,2,6,15,A01
200900031085,0,33,000,00,2,2,11,B01
200900031086,0,07,000,00,2,3,19,A01
200900031086,0,07,000,00,2,2,00,B01
200900031087,0,30,000,00,2,1,15,A01
200900031087,0,07,000,00,2,1,01,B02
200900031088,0,07,000,00,0,5,12,A01
200900031088,0,01,000,00,0,8,01,B02
200900031089,0,01,000,00,0,0,14,A01
200900031090,0,07,000,00,2,1,01,A01
200900031090,0,07,000,00,2,4,01,B01
200900031091,0,07,000,00,2,3,01,B01
200900031091,0,01,000,00,2,1,01,A01
200900031092,0,33,000,14,0,1,21,A01
200900031093,0,31,000,00,2,1,01,B01
200900031093,0,07,000,00,2,1,15,A01
200900031094,0,07,000,00,2,2,01,A01
200900031094,0,07,000,00,2,1,15,B01
200900031095,0,07,000,00,2,6,01,A01
200900031095,0,30,000,00,2,1,01,B01
200900031096,0,14,000,16,0,8,01,A01
200900031097,0,07,000,00,2,1,01,B02
200900031097,0,07,000,00,2,3,01,C03
200900031097,0,07,000,00,2,2,15,A01
200900031098,0,07,000,00,0,3,15,A01
200900031098,0,33,000,00,2,1,01,B01
200900031099,0,07,000,00,2,7,15,A01
200900031099,0,07,000,00,2,1,01,B01
200900031100,0,07,000,00,2,1,15,A01
200900031100,0,07,000,00,2,1,01,B02
200900031101,0,07,000,00,2,2,13,A01
200900031101,0,33,000,00,2,1,01,B02
200900031102,0,07,000,00,2,8,10,A01
200900031102,0,30,000,00,2,1,01,B01
200900031103,0,01,000,00,0,0,14,A01
200900031104,0,07,000,00,2,4,01,B01
200900031104,0,07,000,00,2,1,01,A01
200900031105,0,07,000,00,2,4,01,B01
200900031105,0,07,000,00,2,1,01,A01
200900031106,0,07,000,00,2,1,01,B01
200900031106,0,31,000,00,2,1,17,A01
200900031107,0,07,000,00,0,4,20,B01
200900031107,0,33,000,01,0,1,01,A01
200900031108,0,07,000,00,2,1,01,A01
200900031108,0,07,000,00,2,4,01,B01
200900031109,0,07,000,00,1,1,01,A01
200900031110,0,07,000,00,2,1,01,B01
200900031110,0,07,000,00,2,1,13,A01
200900031111,0,07,000,00,2,3,09,B01
200900031111,0,37,001,00,2,3,01,A01
200900031112,0,07,000,00,2,1,17,A01
200900031112,0,07,000,00,1,8,01,B01
200900031113,0,33,000,00,0,0,01,A01
200900031114,0,07,000,00,2,4,13,A01
200900031114,0,07,000,00,2,2,01,B01
200900031115,0,31,000,00,0,0,01,A01
200900031116,0,07,000,00,2,8,19,A01
200900031116,0,07,000,00,2,3,24,C03
200900031116,0,33,000,00,2,1,01,B02
200900031117,0,07,000,03,0,3,01,A01
200900031118,0,33,000,00,2,1,01,B02
200900031118,0,07,000,00,2,3,13,A01
200900031119,0,10,000,00,2,3,01,B02
200900031119,0,10,000,00,2,1,13,A01
200900031120,0,07,000,06,0,3,13,A01
200900031121,0,02,000,00,2,2,01,A01
200900031121,0,07,000,00,2,3,01,B01
200900031122,0,33,000,00,0,1,01,A01
200900031123,0,07,000,00,2,6,19,A01
200900031123,0,07,000,00,2,1,01,B02
200900031124,0,07,000,00,2,3,09,A01
200900031124,0,33,000,00,2,3,21,B02
200900031125,0,07,000,13,0,3,01,A01
200900031126,0,31,000,13,0,0,01,A01
200900031127,0,34,000,00,2,1,01,B01
200900031127,0,07,000,00,2,7,15,A01
200900031128,0,33,000,00,2,6,21,A01
200900031128,0,07,000,00,2,0,00,B01
200900031129,0,07,000,00,2,4,01,C01
200900031129,0,07,000,00,2,4,01,D01
200900031129,0,07,000,00,2,4,01,B01
200900031129,0,07,000,00,0,4,01,A01
200900031130,0,07,000,00,2,4,00,B01
200900031130,0,02,000,00,2,1,01,A01
200900031131,0,07,000,00,2,1,01,A01
200900031131,0,07,000,00,2,8,15,B02
200900031132,0,07,000,00,2,8,01,A01
200900031133,0,07,000,00,2,1,01,A01
200900031133,0,07,000,00,2,4,01,B01
200900031134,0,07,000,00,1,1,01,B01
200900031134,0,07,000,00,2,1,01,A01
200900031135,0,02,000,10,0,1,17,A01
200900031136,0,07,000,00,2,1,01,B02
200900031136,0,38,001,00,2,3,13,A01
200900031137,0,07,000,14,0,1,21,A01
200900031138,0,30,000,00,0,0,01,A01
200900031139,0,07,000,00,0,1,02,A01
200900031139,0,07,000,00,0,4,02,C01
200900031139,0,07,000,00,0,9,02,B01
200900031140,0,07,000,00,2,4,23,B01
200900031140,0,07,000,00,2,2,02,A01
200900031141,0,07,000,00,2,2,01,A01
200900031141,0,07,000,00,2,2,01,B02
200900031142,0,33,000,00,2,1,01,B01
200900031142,0,07,000,00,2,3,11,A01
200900031143,0,33,000,01,0,1,21,A01
200900031144,0,07,000,00,1,1,01,A01
200900031145,0,07,000,13,0,3,01,A01
200900031146,0,33,000,09,2,1,17,B01
200900031146,0,07,000,00,2,8,15,A01
200900031147,0,03,000,14,0,8,01,A01
200900031148,0,07,000,00,2,1,02,A01
200900031148,0,02,000,00,2,4,23,B01
200900031149,0,07,000,00,0,7,14,A01
200900031150,0,07,000,00,2,1,01,A01
200900031150,0,01,000,00,2,4,23,B01
200900031151,0,07,000,00,2,1,01,B01
200900031151,0,07,000,00,2,3,13,A01
200900031152,0,30,000,00,0,0,01,A01
200900031153,0,07,000,00,2,1,01,A01
200900031153,0,07,000,00,2,3,01,B01
200900031154,0,30,000,00,2,1,02,A01
200900031154,0,07,000,00,2,4,23,B01
200900031155,0,33,000,00,2,8,01,B02
200900031155,0,07,000,00,2,0,15,A01
200900031156,0,07,000,02,0,2,14,A01
200900031157,0,33,000,00,2,1,01,B01
200900031157,0,07,000,00,2,5,01,C01
200900031157,0,07,000,00,2,5,15,A01
200900031158,0,07,000,00,2,7,01,A01
200900031158,0,33,000,00,0,1,01,B01
200900031159,0,07,000,00,2,3,15,A01
200900031159,0,30,000,00,2,2,17,B01
200900031160,0,07,000,00,2,3,15,B01
200900031160,0,32,000,00,2,7,01,A01
200900031160,0,07,000,00,2,1,15,C01
200900031161,0,07,000,00,1,2,01,A01
200900031162,0,32,000,00,2,1,08,B01
200900031162,0,07,000,00,2,1,08,A01
200900031163,0,07,000,00,9,2,16,B01
200900031163,0,31,000,00,2,1,01,A01
200900031164,1,07,000,00,0,0,00,A01
200900031164,0,07,000,00,0,2,00,C01
200900031164,0,30,000,00,2,1,01,B01
200900031165,0,07,000,00,1,2,02,A01
200900031166,0,07,000,00,1,2,15,A01
200900031167,0,32,000,00,2,7,15,A01
200900031167,1,15,000,00,2,8,15,B01
200900031168,0,33,000,04,0,8,01,A01
200900031169,0,30,000,00,2,7,02,A01
200900031169,0,07,000,00,2,6,11,B02
200900031170,0,07,000,00,2,2,15,A01
200900031170,0,07,000,00,2,3,01,B01
200900031171,1,07,000,00,2,0,00,A01
200900031172,0,07,000,00,1,1,16,A01
200900031172,0,01,000,00,0,4,15,B01
200900031173,0,30,000,00,1,1,00,A01
200900031174,0,07,000,00,2,3,02,A01
200900031174,0,07,000,00,2,4,02,B01
200900031175,0,07,000,00,9,1,01,B01
200900031175,0,01,000,00,2,7,01,A01
200900031176,0,40,000,00,1,2,01,A01
200900031177,0,10,000,04,0,2,14,A01
200900031178,1,07,000,00,2,1,00,A01
200900031178,0,30,000,00,2,9,00,B01
200900031179,0,07,000,00,1,1,01,A01
200900031180,0,07,000,00,2,1,15,A01
200900031180,0,01,000,00,2,1,00,B01
200900031181,0,07,000,00,2,1,01,A01
200900031181,0,07,000,00,2,6,01,B01
200900031182,0,07,000,00,9,1,01,A01
200900031182,0,01,000,00,2,7,19,B01
200900031183,0,15,000,06,0,2,06,A01
200900031184,0,07,000,00,2,1,09,A01
200900031184,0,07,000,01,0,8,02,B01
200900031185,0,07,000,00,0,8,01,B01
200900031185,0,07,000,00,0,2,12,A01
200900031186,0,07,000,00,1,3,01,A01
200900031187,0,33,000,00,2,3,01,B01
200900031187,0,30,000,00,2,1,01,A01
200900031188,0,33,000,00,2,1,01,B01
200900031188,0,07,000,00,0,4,00,A01
200900031189,0,01,000,00,2,8,19,A01
200900031189,0,07,000,00,2,2,01,B01
200900031190,0,07,000,11,0,1,06,A01
200900031191,0,07,000,00,1,8,01,A01
200900031192,0,07,000,00,2,1,00,A01
200900031192,0,30,000,00,1,1,00,B01
200900031193,0,33,000,00,2,1,02,A01
200900031193,0,07,000,00,0,6,12,B01
200900031194,0,07,000,00,1,3,15,A01
200900031195,0,07,000,00,2,3,01,A01
200900031195,0,07,000,03,0,3,02,B01
200900031196,0,07,000,00,1,1,01,A01
200900031197,0,10,000,00,2,8,01,A01
200900031197,0,01,000,00,2,0,00,B01
200900031198,0,30,000,00,2,7,01,B01
200900031198,0,37,001,00,2,1,11,A01
200900031199,1,10,000,00,1,1,01,A01
200900031200,0,07,000,00,2,1,02,A01
200900031200,0,07,000,00,0,4,02,B02
200900031201,1,07,000,00,2,0,00,B01
200900031201,0,07,000,00,2,8,01,A01
200900031202,0,07,000,00,2,4,01,B01
200900031202,0,07,000,00,2,1,01,A01
200900031203,0,07,000,00,1,1,01,A01
200900031204,0,37,001,00,9,3,15,B01
200900031204,0,02,000,15,2,1,17,A01
200900031205,0,07,000,00,2,0,02,A01
200900031205,0,10,000,00,2,4,02,B01
200900031206,0,07,000,04,0,1,01,A01
200900031207,0,07,000,06,0,1,01,A01
200900031208,0,07,000,00,1,1,00,A01
200900031209,0,33,000,00,2,4,02,C01
200900031209,0,07,000,00,2,1,02,A01
200900031209,0,07,000,00,0,4,02,B01
200900031210,0,07,000,00,2,1,02,A01
200900031210,0,07,000,00,2,4,02,B01
200900031211,1,10,000,00,2,1,19,A01
200900031211,0,07,000,02,2,2,01,B01
200900031212,0,07,000,00,0,2,00,C01
200900031212,0,07,000,00,0,4,01,B01
200900031212,2,07,000,00,2,1,02,A01
200900031213,0,07,000,00,0,8,01,A01
200900031213,0,01,000,00,2,1,19,B02
200900031214,0,07,000,00,1,2,01,A01
200900031215,0,07,000,04,2,6,21,A01
200900031215,0,07,000,00,0,6,02,B02
200900031216,0,14,000,04,0,2,17,A01
200900031217,0,07,000,12,0,9,01,A01
200900031218,0,36,000,15,0,1,01,A01
200900031219,0,33,000,06,0,7,01,A01
200900031220,0,30,000,00,2,3,01,B01
200900031220,0,01,000,00,2,4,14,A01
200900031221,0,07,000,08,0,1,01,A01
200900031222,0,30,000,01,0,3,01,A01
200900031223,0,33,000,05,0,1,01,A01
200900031224,0,32,000,00,2,1,17,B01
200900031224,0,07,000,00,2,2,15,A01
200900031225,0,07,000,00,1,1,00,A01
200900031226,0,30,000,00,2,3,02,A01
200900031227,0,07,000,00,0,0,09,A01
200900031227,0,32,000,00,2,9,02,B01
200900031228,0,33,000,05,0,7,16,A01
200900031229,0,07,000,00,1,3,01,B01
200900031230,0,07,000,14,0,1,09,A01
200900031230,0,10,000,00,0,5,23,B01
200900031231,0,33,000,12,0,2,02,A01
200900031232,0,07,000,00,2,3,01,A01
200900031232,0,02,000,00,2,1,01,B01
200900031233,0,07,000,00,1,4,20,A01
200900031234,0,07,000,00,2,1,15,A01
200900031234,0,07,000,00,2,3,01,B01
200900031235,0,33,000,00,2,2,01,B01
200900031235,0,07,000,00,2,3,16,A01
200900031236,0,33,000,00,2,8,19,A01
200900031236,0,07,000,00,2,3,01,B02
200900031237,0,07,000,00,2,7,00,A01
200900031237,0,33,000,00,2,8,00,B01
200900031238,0,07,000,00,2,1,02,A01
200900031238,0,07,000,00,0,4,02,B01
200900031239,0,07,000,04,0,7,01,A01
200900031240,0,07,000,09,0,1,01,A01
200900031241,0,31,000,00,2,1,01,A01
200900031241,0,07,000,00,2,3,15,B02
200900031242,0,33,000,04,2,3,17,A01
200900031242,0,15,000,00,2,8,01,B01
200900031243,0,07,000,00,2,3,01,B01
200900031243,0,07,000,00,2,1,15,A01
200900031244,0,07,000,00,2,1,02,A01
200900031244,0,07,000,00,2,4,23,B02
200900031245,0,02,000,00,2,1,01,A01
200900031245,0,07,000,00,2,7,01,B01
200900031246,0,07,000,06,0,1,00,A01
200900031247,0,07,000,00,0,3,01,A01
200900031247,0,07,000,00,2,3,,B02
200900031248,0,07,000,00,2,2,01,B01
200900031248,0,99,000,00,2,5,15,A01
200900031249,0,07,000,00,1,3,16,A01
200900031250,1,10,000,00,1,3,01,A01
200900031251,0,33,000,00,2,3,02,A01
200900031251,0,01,000,00,0,8,23,C01
200900031251,0,07,000,00,2,2,00,B01
200900031252,0,07,000,00,2,1,01,A01
200900031252,0,01,000,00,2,8,01,B01
200900031253,0,33,000,00,2,1,01,B01
200900031253,0,07,000,00,2,5,15,A01
200900031254,0,01,000,00,2,1,01,B01
200900031254,0,07,000,00,9,1,15,A01
200900031255,0,30,000,00,2,8,17,A01
200900031255,0,07,000,00,2,8,15,B01
200900031256,0,07,000,00,2,7,01,B01
200900031256,0,07,000,00,2,3,16,A01
200900031257,0,07,000,01,0,1,01,A01
200900031258,0,07,000,00,2,8,15,B01
200900031258,0,33,000,00,2,1,13,A01
200900031259,0,07,000,00,2,1,01,A01
200900031259,0,37,001,00,2,4,01,B01
200900031260,0,07,000,00,1,1,07,B01
200900031261,0,07,000,00,1,1,01,A01
200900031262,0,07,000,00,2,1,01,A01
200900031262,0,07,000,00,2,8,15,B01
200900031263,0,02,000,08,0,2,00,A01
200900031264,0,07,000,00,2,7,01,A01
200900031264,0,07,000,00,2,1,01,B01
200900031265,0,07,000,00,2,7,01,B01
200900031265,0,07,000,00,2,1,01,A01
200900031266,0,07,000,00,2,7,01,B01
200900031266,0,01,000,00,2,1,19,A01
200900031267,0,33,000,00,0,0,00,B01
200900031267,0,07,000,00,0,0,00,A01
200900031268,0,07,000,00,2,7,01,B01
200900031268,0,07,000,00,2,1,01,A01
200900031269,0,07,000,00,1,4,20,A01
200900031270,0,03,000,00,2,7,15,B01
200900031270,0,07,000,00,2,1,01,A01
200900031271,0,07,000,00,0,4,00,B01
200900031271,0,07,000,01,0,1,01,A01
200900031272,0,07,000,00,2,4,01,A01
200900031272,0,07,000,00,2,1,01,B01
200900031273,0,07,000,00,2,2,15,A01
200900031273,0,07,000,00,2,3,01,B01
200900031274,0,37,025,00,2,1,07,B01
200900031274,0,07,000,00,2,4,23,A01
200900031275,0,02,000,00,2,1,19,A01
200900031275,0,07,000,00,2,3,19,B01
200900031276,0,07,000,00,2,1,01,A01
200900031276,0,01,000,00,2,8,19,B01
200900031277,0,07,000,00,2,1,01,B01
200900031277,0,07,000,00,2,7,01,A01
200900031278,0,07,000,14,2,2,01,A01
200900031278,0,07,000,00,2,3,01,B01
200900031279,0,37,001,00,2,2,01,B01
200900031279,0,07,000,00,2,8,15,A01
200900031280,0,07,000,00,1,1,01,A01
200900031281,0,07,000,00,2,1,02,A01
200900031281,0,07,000,00,2,1,02,B01
200900031281,0,07,000,00,2,4,02,D01
200900031281,0,07,000,00,2,4,02,C01
200900031282,0,07,000,00,1,1,15,A01
200900031283,0,07,000,00,1,1,15,A01
200900031284,0,07,000,00,1,1,15,A01
200900031285,0,33,000,00,2,3,01,B01
200900031285,0,07,000,00,2,6,10,A01
200900031286,1,07,000,00,1,0,01,A01
200900031287,0,01,000,00,2,4,01,B01
200900031287,1,07,000,00,2,1,15,A01
200900031288,0,33,000,00,2,1,01,A01
200900031288,0,07,000,00,2,3,20,B01
200900031289,0,32,000,00,2,8,01,B01
200900031289,0,07,000,00,2,5,12,A01
200900031290,0,07,000,00,1,3,15,A01
200900031291,0,33,000,00,1,2,17,A01
200900031292,0,07,000,00,2,3,15,A01
200900031292,0,30,000,00,2,3,01,B01
200900031293,1,30,000,00,1,3,01,A01
200900031294,0,07,000,01,0,1,01,A01
200900031295,0,07,000,00,2,2,01,B01
200900031295,0,02,000,00,2,1,15,A01
200900031296,0,07,000,00,2,2,15,A01
200900031296,0,33,000,00,2,3,01,B01
200900031297,0,33,000,00,2,9,02,A01
200900031297,0,07,000,01,2,8,15,B01
200900031298,0,07,000,00,0,2,16,B01
200900031298,0,30,000,00,2,8,18,A01
200900031299,0,07,000,00,2,8,10,A01
200900031299,0,07,000,00,2,2,01,B01
200900031300,0,07,000,00,1,3,01,A01
200900031301,0,07,000,00,2,1,01,B01
200900031301,0,10,000,00,2,7,01,A01
200900031302,0,07,000,00,1,3,16,A01
200900031303,0,07,000,00,2,4,00,C01
200900031303,0,07,000,00,2,4,02,B01
200900031303,0,07,000,00,2,1,02,A01
200900031304,0,33,000,12,0,1,01,A01
200900031305,0,31,000,00,2,3,02,A01
200900031305,0,07,000,00,2,2,17,B01
200900031306,0,30,000,00,9,1,01,A01
200900031306,0,01,000,00,2,1,01,B01
200900031307,0,34,000,00,2,1,14,B01
200900031307,0,07,000,00,0,8,19,A01
200900031308,1,07,000,00,2,1,01,A01
200900031308,0,33,000,12,2,4,23,C01
200900031308,0,02,000,00,2,4,23,B01
200900031309,0,07,000,00,1,2,01,A01
200900031310,0,07,000,00,2,3,01,B02
200900031310,0,33,000,00,2,8,13,A01
200900031311,0,07,000,00,0,3,21,A01
200900031312,0,07,000,16,0,9,17,A01
200900031313,0,07,000,06,0,0,01,A01
200900031314,0,01,000,00,2,1,01,B02
200900031314,0,07,000,00,9,7,16,A01
200900031315,0,07,000,00,0,3,01,B01
200900031315,0,07,000,00,2,1,21,A01
200900031316,0,33,000,00,0,0,01,A01
200900031317,0,07,000,00,2,3,15,A01
200900031317,0,01,000,00,2,1,01,B02
200900031318,0,14,000,00,2,8,01,B02
200900031318,0,07,000,00,2,3,13,A01
200900031319,0,07,000,00,2,3,15,B02
200900031319,0,32,000,00,2,2,17,A01
200900031320,0,07,000,08,0,1,01,A01
200900031321,0,36,000,00,0,0,01,A01
200900031322,0,33,000,04,0,7,16,A01
200900031323,0,07,000,04,0,1,02,A01
200900031324,0,07,000,00,2,8,01,B02
200900031324,0,02,000,00,2,1,15,A01
200900031325,0,07,000,00,0,6,23,B02
200900031325,0,07,000,00,2,2,02,A01
200900031326,0,07,000,03,0,1,01,A01
200900031327,0,07,000,00,2,2,12,A01
200900031327,0,07,000,00,0,8,12,B01
200900031328,0,07,000,00,2,1,02,A01
200900031328,0,07,000,00,0,4,02,D01
200900031328,0,07,000,00,2,4,02,B01
200900031328,0,07,000,00,2,4,02,C01
200900031329,0,07,000,00,0,8,09,A01
200900031329,0,07,000,00,2,7,01,C01
200900031329,0,20,000,00,2,1,01,B01
200900031330,0,07,000,00,0,4,02,B01
200900031330,0,07,000,00,2,1,02,A01
200900031331,0,07,000,00,2,4,02,B02
200900031331,0,33,000,00,2,1,02,A01
200900031332,0,07,000,00,2,2,01,B02
200900031332,0,07,000,00,2,3,19,A01
200900031333,0,07,000,04,2,4,02,C01
200900031333,0,07,000,00,2,1,01,A01
200900031333,0,07,000,00,2,9,02,B01
200900031334,0,07,000,00,0,4,02,B01
200900031334,0,33,000,00,2,1,02,A01
200900031335,0,07,000,00,2,1,23,A01
200900031335,0,33,000,00,2,7,01,B02
200900031336,0,02,000,00,2,6,19,A01
200900031336,0,02,000,14,2,1,01,B02
200900031337,0,34,000,00,1,0,16,A01
200900031338,0,01,000,00,1,0,00,A01
200900031339,0,07,000,04,0,1,01,A01
200900031340,0,33,000,00,0,8,15,A01
200900031341,0,07,000,00,2,1,01,A01
200900031341,0,07,000,00,2,4,01,C01
200900031341,0,07,000,00,2,4,23,B01
200900031342,0,02,000,12,0,1,01,A01
200900031343,0,07,000,08,2,1,01,B01
200900031343,0,07,000,00,2,7,01,A01
200900031344,0,07,000,06,2,2,01,A01
200900031344,0,07,000,00,2,3,01,B01
200900031345,0,07,000,00,2,1,15,A01
200900031345,0,07,000,00,2,1,01,B01
200900031346,0,10,000,00,2,4,01,A01
200900031346,1,10,000,00,2,1,02,B01
200900031347,0,07,000,00,2,2,01,B01
200900031347,0,07,000,00,2,1,01,A01
200900031348,0,31,000,01,2,4,01,A01
200900031348,0,07,000,00,9,1,01,B01
200900031349,1,07,000,00,9,0,01,A01
200900031349,0,01,000,00,9,0,01,B01
200900031350,0,07,000,14,0,0,11,B01
200900031350,0,38,074,00,1,2,01,A01
200900031351,0,07,000,00,2,1,02,A01
200900031351,0,07,000,00,0,4,02,B01
200900031352,0,07,000,00,2,2,02,A01
200900031352,0,07,000,00,0,6,23,B02
200900031353,0,07,000,00,2,2,06,A01
200900031353,0,07,000,00,2,2,01,B02
200900031354,0,07,000,00,1,2,01,A01
200900031355,0,07,000,00,2,2,02,A01
200900031355,0,07,000,00,2,3,23,B01
200900031356,0,07,000,00,1,3,01,A01
200900031357,0,33,000,00,2,1,01,B01
200900031357,0,07,000,00,2,2,15,A01
200900031358,0,02,000,00,2,7,00,A01
200900031358,0,07,000,00,2,1,00,B01
200900031359,0,07,000,00,1,8,01,A01
200900031360,0,07,000,00,2,6,04,A01
200900031360,0,31,000,00,2,1,01,B01
200900031361,0,07,000,12,0,1,01,A01
200900031362,0,01,000,00,2,1,02,A01
200900031362,0,01,000,00,2,4,02,B01
200900031363,0,30,000,00,2,1,17,A01
200900031363,0,07,000,00,2,8,15,B01
200900031364,0,01,000,00,2,0,15,B01
200900031364,0,07,000,00,2,2,01,A01
200900031365,0,10,000,00,0,0,11,B02
200900031365,0,07,000,08,0,0,02,A01
200900031366,0,38,000,00,1,5,24,A01
200900031367,0,07,000,00,0,5,15,B02
200900031367,0,07,000,00,2,1,01,A01
200900031368,0,33,000,00,0,0,01,A01
200900031369,0,33,000,00,2,1,17,B02
200900031369,0,07,000,00,2,3,15,A01
200900031370,0,07,000,03,0,1,01,A01
200900031371,0,07,000,13,0,7,01,A01
200900031372,0,07,000,00,2,8,15,B02
200900031372,0,30,000,00,2,1,17,A01
200900031373,0,07,000,00,2,3,16,A01
200900031373,0,33,000,00,2,1,01,B02
200900031374,0,07,000,00,1,5,04,A01
200900031375,0,07,000,00,2,8,01,A01
200900031375,0,07,000,00,2,3,15,B02
200900031376,0,07,000,13,0,0,01,C03
200900031376,0,07,000,00,2,1,01,B02
200900031376,0,07,000,00,2,1,01,A01
200900031377,0,33,000,01,0,2,01,A01
200900031378,0,33,000,00,0,2,01,A01
200900031379,0,07,000,00,0,1,01,B02
200900031379,0,07,000,00,0,8,19,A01
200900031380,0,33,000,00,2,8,02,B02
200900031380,0,07,000,00,2,8,02,A01
200900031381,0,10,000,00,2,1,15,A01
200900031381,0,30,000,00,2,2,00,B02
200900031382,0,07,000,03,2,1,02,A01
200900031382,0,07,000,00,0,4,02,B02
200900031383,0,33,000,13,0,2,01,A01
200900031384,0,10,000,00,0,3,13,A01
200900031385,0,07,000,00,0,3,00,B02
200900031385,0,02,000,00,0,1,01,A01
200900031386,0,07,000,13,0,2,01,A01
200900031387,0,07,000,00,2,7,19,A01
200900031387,0,33,000,00,2,1,01,B02
200900031388,0,07,000,00,0,6,15,C03
200900031388,0,07,000,00,2,3,01,B02
200900031388,0,07,000,00,2,2,01,A01
200900031389,0,30,000,00,2,1,01,B02
200900031389,1,07,000,00,2,3,16,A01
200900031390,0,36,000,13,0,1,01,A01
200900031391,0,10,000,00,2,2,01,A01
200900031391,0,17,000,00,0,0,01,B02
200900031392,0,01,000,00,1,1,01,A01
200900031393,0,33,000,00,0,0,00,A01
200900031394,0,15,000,00,2,4,02,B02
200900031394,0,07,000,00,2,1,02,A01
200900031395,0,07,000,00,1,2,01,A01
200900031396,0,07,000,00,2,2,16,B01
200900031396,0,02,000,00,2,1,01,A01
200900031397,0,02,000,00,2,1,01,B01
200900031397,0,07,000,00,2,3,01,A01
200900031398,0,07,000,00,1,1,15,A01
200900031399,0,02,000,11,0,1,16,A01
200900031400,0,07,000,00,2,3,15,B01
200900031400,0,33,000,00,2,2,15,A01
200900031401,0,07,000,00,2,3,01,B01
200900031401,0,17,000,00,2,2,12,A01
200900031402,0,01,000,00,2,1,01,B01
200900031402,0,07,000,00,2,2,16,A01
200900031403,0,07,000,01,0,2,15,A01
200900031404,0,07,000,00,1,4,04,A01
200900031405,0,07,000,00,2,4,23,C01
200900031405,0,07,000,00,2,4,23,B01
200900031405,0,07,000,00,2,1,02,A01
200900031406,0,02,000,00,2,1,01,A01
200900031406,0,07,000,00,2,2,15,B01
200900031407,0,07,000,00,2,8,01,B01
200900031407,0,01,000,00,2,1,19,A01
200900031408,0,33,000,11,0,1,17,A01
200900031408,0,37,020,00,2,3,09,B01
200900031409,0,07,000,00,2,2,15,A01
200900031409,0,33,000,00,2,1,01,B01
200900031410,0,33,000,00,0,1,00,A01
200900031411,0,01,000,00,2,1,02,B01
200900031411,0,01,000,00,2,1,02,A01
200900031412,0,07,000,00,2,1,02,A01
200900031412,0,02,000,00,2,4,02,B01
200900031413,0,07,000,13,0,1,01,A01
200900031414,0,30,000,00,0,9,00,A01
200900031415,0,07,000,00,2,2,15,A01
200900031415,0,01,000,00,2,1,01,B01
200900031416,0,02,000,00,0,1,01,A01
200900031417,0,07,000,00,1,5,04,A01
200900031418,0,07,000,00,2,8,10,A01
200900031418,0,30,000,00,2,1,01,C01