Num_Acc,senc,catv,occutc,obs,obsm,choc,manv,num_veh
200900031418,0,02,000,00,2,7,01,B01
200900031419,0,07,000,01,0,2,20,A01
200900031420,0,07,000,00,2,5,15,A01
200900031420,0,07,000,00,2,1,23,C01
200900031420,0,07,000,00,2,1,01,B01
200900031421,0,07,000,00,2,8,01,B01
200900031421,0,07,000,00,2,1,15,A01
200900031422,0,07,000,00,2,4,23,B01
200900031422,0,02,000,00,2,1,02,A01
200900031423,0,33,000,00,0,8,21,A01
200900031424,0,01,000,00,0,1,01,A01
200900031425,0,07,000,13,0,9,01,A01
200900031426,0,02,000,00,0,8,01,A01
200900031427,0,10,000,00,2,3,01,A01
200900031427,0,07,000,00,2,5,23,B01
200900031428,0,07,000,00,2,1,02,A01
200900031428,0,07,000,00,2,4,23,B01
200900031429,0,07,000,00,2,1,02,B01
200900031429,0,07,000,00,2,1,02,D01
200900031429,0,07,000,00,2,1,02,A01
200900031429,0,07,000,00,2,1,02,C01
200900031430,0,33,000,00,2,8,16,A01
200900031430,0,02,000,00,2,1,01,B01
200900031431,0,02,000,00,2,1,01,A01
200900031431,0,07,000,00,2,6,23,B01
200900031432,0,07,000,00,2,1,01,A01
200900031432,0,07,000,00,2,1,02,B01
200900031432,0,07,000,00,2,4,23,D01
200900031432,0,07,000,00,2,4,02,C01
200900031433,0,21,000,00,0,3,15,B02
200900031433,0,33,000,00,2,1,17,A01
200900031434,0,07,000,08,0,3,01,A01
200900031435,0,30,000,00,0,8,00,B02
200900031435,0,07,000,00,0,8,01,A01
200900031436,0,01,000,00,2,0,01,B01
200900031436,0,07,000,00,2,3,01,A01
200900031437,0,33,000,12,0,0,01,A01
200900031438,0,15,000,00,2,6,01,B02
200900031438,0,07,000,00,2,5,01,C03
200900031438,0,07,000,00,2,2,03,A01
200900031439,0,01,000,00,2,8,13,B02
200900031439,0,07,000,00,9,2,17,A01
200900031440,0,01,000,00,2,1,13,A01
200900031440,0,07,000,00,9,3,01,B02
200900031441,0,33,000,00,9,1,01,A01
200900031441,0,21,000,00,2,1,00,B02
200900031442,0,33,000,08,0,1,01,A01
200900031443,0,07,000,03,0,2,23,A01
200900031444,0,07,000,00,0,2,01,A01
200900031444,0,07,000,00,0,3,00,B02
200900031445,0,07,000,00,2,1,01,B02
200900031445,0,33,000,00,2,7,17,A01
200900031446,0,31,000,01,0,3,01,A01
200900031447,0,07,000,00,1,1,01,A01
200900031448,0,01,000,00,0,4,13,A01
200900031448,0,07,000,00,2,1,17,B02
200900031449,0,30,000,00,2,1,05,A01
200900031449,0,07,000,00,2,7,01,B02
200900031450,0,07,000,00,2,7,15,A01
200900031450,0,02,000,00,2,1,01,B02
200900031451,0,07,000,06,0,1,01,A01
200900031452,0,07,000,13,0,3,01,A01
200900031453,0,07,000,00,2,8,22,A01
200900031453,0,01,000,01,0,1,01,B02
200900031454,0,07,000,00,2,8,01,A01
200900031454,0,07,000,00,2,1,19,B02
200900031455,0,14,000,13,0,0,14,A01
200900031456,0,01,000,00,2,8,15,A01
200900031456,0,07,000,00,2,2,01,B01
200900031457,0,07,000,00,1,3,18,A01
200900031458,0,07,000,00,0,1,01,B01
200900031458,0,07,000,00,2,2,01,A01
200900031459,0,07,000,00,2,1,02,A01
200900031459,0,07,000,00,2,4,23,B01
200900031460,0,02,000,00,2,1,02,A01
200900031460,0,07,000,00,2,4,23,B01
200900031461,0,07,000,00,2,2,01,A01
200900031461,0,31,000,00,2,8,01,B01
200900031462,0,07,000,15,2,8,01,A01
200900031462,0,07,000,00,2,1,01,B01
200900031463,0,07,000,00,0,4,00,B01
200900031463,0,34,000,00,2,1,02,A01
200900031464,0,30,000,00,0,0,02,A01
200900031465,0,07,000,00,2,1,01,A01
200900031465,0,01,000,00,2,7,01,B01
200900031466,0,30,000,00,2,3,09,A01
200900031466,0,07,000,00,2,1,01,B01
200900031467,0,07,000,08,0,1,01,A01
200900031468,0,07,000,14,2,3,09,A01
200900031468,0,07,000,00,0,0,01,B01
200900031469,0,07,000,00,2,4,01,B01
200900031469,0,07,000,00,2,1,01,A01
200900031470,0,07,000,00,2,8,00,B01
200900031470,0,02,000,00,2,0,00,A01
200900031471,0,07,000,00,0,4,02,B01
200900031471,0,07,000,00,2,0,02,A01
200900031472,0,07,000,00,2,2,15,A01
200900031472,0,33,000,00,2,1,01,B01
200900031473,0,02,000,00,0,6,01,A01
200900031474,0,07,000,00,2,3,15,A01
200900031474,0,33,000,09,2,8,01,B01
200900031475,0,07,000,03,0,1,01,A01
200900031476,0,07,000,00,1,1,01,A01
200900031477,0,07,000,00,2,1,01,A01
200900031477,0,07,000,00,2,8,01,B01
200900031478,0,07,000,00,2,1,02,A01
200900031478,0,07,000,00,0,4,01,C01
200900031478,0,07,000,00,2,4,01,B01
200900031479,0,31,000,00,0,0,00,A01
200900031479,1,32,000,00,0,0,00,B01
200900031480,0,10,000,00,2,1,02,C01
200900031480,0,10,000,00,2,5,02,A01
200900031480,0,07,000,00,2,1,02,B01
200900031481,0,01,000,10,0,0,01,A01
200900031482,0,01,000,00,2,7,01,B01
200900031482,0,07,000,00,2,1,15,A01
200900031483,0,07,000,00,1,0,00,A01
200900031484,0,07,000,00,2,2,01,A01
200900031484,0,07,000,00,2,1,01,B01
200900031485,0,07,000,00,0,1,15,B01
200900031485,0,07,000,00,0,1,01,A01
200900031486,0,30,000,00,2,1,01,B01
200900031486,0,10,000,00,2,2,16,A01
200900031487,0,07,000,00,0,6,01,B01
200900031487,0,07,000,00,0,1,01,A01
200900031488,0,02,000,13,0,8,01,A01
200900031489,0,07,000,00,1,1,01,A01
200900031490,2,30,000,00,0,0,01,A01
200900031491,0,07,000,00,1,1,01,A01
200900031492,0,02,000,00,2,7,01,B01
200900031492,0,07,000,00,2,1,01,A01
200900031493,0,02,000,00,0,7,01,A01
200900031494,0,01,000,00,0,0,00,A01
200900031494,0,07,000,00,0,0,00,B01
200900031495,0,07,000,00,2,7,15,A01
200900031495,0,33,000,00,2,1,01,B01
200900031496,1,07,000,00,1,1,01,A01
200900031497,0,07,000,00,2,2,09,B01
200900031497,0,30,000,00,2,7,01,A01
200900031498,0,02,000,00,2,3,00,B01
200900031498,0,07,000,00,2,3,15,A01
200900031499,0,07,000,00,1,1,01,A01
200900031500,0,07,000,00,2,3,01,A01
200900031500,0,30,000,00,2,0,01,B01
200900031501,0,30,000,00,0,0,01,B01
200900031501,1,07,000,00,2,0,00,A01
200900031502,0,07,000,00,2,7,17,A01
200900031502,0,01,000,00,0,0,01,B01
200900031503,0,02,000,00,0,0,01,A01
200900031503,0,07,000,00,0,0,15,B01
200900031504,0,01,000,00,2,4,17,B01
200900031504,0,07,000,00,2,3,15,A01
200900031505,0,07,000,00,2,3,01,A01
200900031505,0,07,000,00,2,1,15,B01
200900031506,0,01,000,00,0,0,01,A01
200900031507,0,07,000,00,2,2,16,B01
200900031507,0,02,000,00,2,7,18,A01
200900031508,0,01,000,00,0,0,00,A01
200900031509,0,31,000,00,2,7,01,B01
200900031509,0,07,000,00,2,1,09,A01
200900031510,0,30,000,00,0,1,01,A01
200900031511,0,31,000,00,2,7,21,A01
200900031511,0,02,000,00,0,0,19,B01
200900031512,0,07,000,01,0,1,01,A01
200900031512,0,07,000,00,2,4,23,B01
200900031513,0,07,000,00,2,7,15,A01
200900031513,0,07,000,00,2,2,01,B01
200900031514,0,07,000,00,2,2,00,B01
200900031514,0,07,000,00,2,3,00,A01
200900031515,0,02,000,00,0,0,01,A01
200900031516,0,07,000,03,0,1,01,A01
200900031517,0,07,000,00,1,1,01,A01
200900031518,0,07,000,01,2,1,01,C01
200900031518,0,07,000,00,2,4,01,D01
200900031518,0,07,000,00,2,9,01,B01
200900031518,0,07,000,00,2,1,01,A01
200900031519,0,07,000,00,2,2,23,A01
200900031519,0,31,000,01,2,1,21,B01
200900031520,0,07,000,00,2,4,02,C01
200900031520,0,07,000,00,2,1,01,A01
200900031520,0,07,000,00,2,1,02,B01
200900031521,0,07,000,00,1,2,01,A01
200900031522,0,07,000,00,2,1,01,A01
200900031522,0,30,000,00,2,1,15,B01
200900031523,0,07,000,00,2,5,02,B01
200900031523,0,02,000,00,2,3,02,A01
200900031524,0,07,000,00,2,1,02,A01
200900031524,0,07,000,00,2,4,02,B01
200900031525,0,07,000,00,2,1,02,C01
200900031525,0,07,000,00,2,1,02,A01
200900031525,0,07,000,00,2,1,02,B01
200900031525,0,07,000,00,2,4,02,D01
200900031526,0,07,000,04,0,1,01,A01
200900031527,0,30,000,00,0,1,01,A01
200900031527,0,07,000,00,2,1,15,B01
200900031528,0,30,000,00,1,2,01,A01
200900031529,0,10,000,00,2,3,01,B01
200900031529,0,07,000,00,2,3,01,A01
200900031530,0,07,000,05,0,4,01,A01
200900031531,0,33,000,00,0,0,01,A01
200900031532,0,07,000,03,0,1,12,A01
200900031533,0,07,000,00,1,1,00,A01
200900031534,0,01,000,00,0,0,00,A01
200900031535,0,33,000,00,2,7,01,B01
200900031535,0,07,000,00,2,1,15,A01
200900031536,0,07,000,00,2,6,20,A01
200900031536,0,02,000,00,2,1,01,B01
200900031537,0,07,000,00,2,3,16,A01
200900031537,0,07,000,00,2,1,01,B01
200900031538,0,07,000,00,2,2,16,A01
200900031538,0,01,000,00,2,0,00,B01
200900031539,0,33,000,00,2,3,01,B01
200900031539,0,07,000,00,2,2,15,A01
200900031540,0,01,000,00,0,0,01,A01
200900031541,0,02,000,00,0,0,01,A01
200900031542,0,07,000,00,9,1,15,B01
200900031542,0,01,000,00,2,1,01,A01
200900031543,0,02,000,00,2,1,01,A01
200900031543,0,07,000,00,2,4,02,B01
200900031544,0,07,000,00,2,3,11,A01
200900031544,0,07,000,00,2,2,01,B01
200900031545,0,02,000,00,0,0,16,A01
200900031546,0,07,000,00,2,3,15,A01
200900031546,0,01,000,00,2,4,01,B01
200900031547,0,07,000,00,2,2,16,A01
200900031547,0,30,000,00,2,8,01,B01
200900031548,0,07,000,08,0,1,14,A01
200900031549,0,02,000,00,0,7,00,A01
200900031550,0,07,000,00,2,2,15,A01
200900031550,0,33,000,00,2,1,01,B02
200900031551,0,07,000,13,0,1,01,A01
200900031552,0,07,000,00,2,3,01,A01
200900031552,0,07,000,00,2,2,01,B02
200900031553,0,07,000,06,0,1,01,A01
200900031554,0,07,000,00,2,1,13,A01
200900031554,0,17,000,00,2,3,01,B02
200900031555,0,33,000,13,0,1,01,A01
200900031556,0,07,000,00,2,2,19,A01
200900031556,0,30,000,00,2,1,01,B02
200900031557,0,33,000,00,2,1,01,A01
200900031557,0,07,000,00,2,8,19,B02
200900031558,0,07,000,13,0,1,01,A01
200900031559,0,07,000,11,2,8,19,A01
200900031559,0,07,000,00,2,1,01,B02
200900031560,0,07,000,06,0,7,01,A01
200900031561,0,07,000,13,0,1,01,A01
200900031562,0,30,000,00,2,1,02,A01
200900031562,0,07,000,00,0,4,02,B02
200900031563,0,07,000,00,2,3,15,A01
200900031563,0,33,000,00,2,1,02,B02
200900031564,0,30,000,00,2,3,01,B02
200900031564,0,07,000,00,2,5,14,A01
200900031565,0,07,000,00,0,1,01,A01
200900031566,0,07,000,00,2,1,02,C03
200900031566,0,07,000,00,0,4,15,A01
200900031566,0,07,000,00,2,1,02,B02
200900031567,0,21,000,00,2,1,15,A01
200900031567,0,33,000,00,2,1,01,B02
200900031568,0,07,000,00,9,1,01,C03
200900031568,0,07,000,00,2,3,01,B02
200900031568,0,07,000,00,0,2,01,A01
200900031569,0,33,000,00,2,1,01,A01
200900031569,0,07,000,00,2,3,19,B02
200900031570,0,07,000,13,0,1,01,A01
200900031571,0,07,000,08,0,1,01,A01
200900031572,0,33,000,00,2,1,01,B02
200900031572,0,07,000,00,9,3,15,A01
200900031573,0,07,000,00,1,4,04,A01
200900031574,0,07,000,00,2,1,01,B01
200900031574,0,07,000,00,2,1,01,A01
200900031575,0,07,000,11,0,1,06,A01
200900031576,0,07,000,00,0,4,02,B01
200900031576,0,01,000,00,2,1,02,A01
200900031577,0,07,000,00,2,1,09,A01
200900031577,0,02,000,00,2,3,01,B01
200900031578,0,07,000,00,0,0,17,B01
200900031578,0,07,000,08,0,1,17,A01
200900031578,1,07,000,00,0,0,01,C01
200900031579,0,33,000,00,2,1,01,B01
200900031579,0,07,000,00,2,1,15,A01
200900031580,0,30,000,00,2,1,01,A01
200900031580,0,07,000,00,2,4,15,B01
200900031581,0,07,000,00,2,4,01,B01
200900031581,0,07,000,00,2,1,01,A01
200900031582,0,07,000,00,2,8,01,A01
200900031582,0,07,000,00,2,8,01,B01
200900031583,0,07,000,00,2,8,09,A01
200900031583,0,01,000,00,2,0,00,B01
200900031584,0,07,000,00,2,1,06,A01
200900031584,0,10,000,00,2,1,01,B02
200900031585,0,33,000,00,1,1,01,A01
200900031586,0,07,000,08,0,3,13,A01
200900031587,0,07,000,06,0,0,01,A01
200900031588,0,07,000,00,2,1,09,B02
200900031588,0,07,000,16,2,7,01,A01
200900031589,0,30,000,00,2,1,05,A01
200900031589,0,07,000,00,2,1,01,B02
200900031590,0,07,000,00,2,5,02,B01
200900031590,0,07,000,00,2,3,02,A01
200900031591,0,07,000,00,1,4,04,A01
200900031592,0,33,000,16,0,1,01,A01
200900031593,0,07,000,14,0,2,01,C03
200900031593,0,10,000,00,2,3,13,A01
200900031593,0,07,000,00,2,3,01,B02
200900031594,0,07,000,06,0,2,01,A01
200900031595,0,33,000,00,2,1,01,A01
200900031595,0,07,000,00,0,3,01,B02
200900031596,0,07,000,00,2,3,01,C03
200900031596,0,07,000,00,2,8,01,B02
200900031596,0,07,000,00,2,1,13,A01
200900031597,1,07,000,00,1,2,01,A01
200900031598,0,07,000,00,2,3,01,B01
200900031598,0,07,000,00,2,2,15,A01
200900031599,0,07,000,16,0,1,00,A01
200900031599,0,07,000,00,2,3,00,B02
200900031600,0,07,000,00,2,2,13,A01
200900031600,0,33,000,00,2,1,01,B02
200900031601,0,07,000,13,0,1,01,A01
200900031602,0,07,000,08,0,0,00,A01
200900031603,0,01,000,00,0,0,01,A01
200900031604,0,07,000,02,0,1,01,A01
200900031605,0,01,000,00,2,8,19,B02
200900031605,0,07,000,00,2,5,04,A01
200900031606,0,07,000,00,1,0,15,A01
200900031607,0,32,000,00,2,7,01,B02
200900031607,0,07,000,00,2,1,09,A01
200900031608,0,30,000,14,0,2,01,A01
200900031609,1,10,000,00,0,0,09,B02
200900031609,0,31,000,00,0,3,21,A01
200900031610,0,10,000,13,0,1,01,A01
200900031611,0,02,000,00,2,1,01,A01
200900031611,0,10,000,00,2,1,01,B02
200900031612,0,07,000,02,0,8,00,A01
200900031613,0,07,000,03,0,1,01,A01
200900031614,0,07,000,00,9,1,01,A01
200900031615,0,07,000,13,0,3,01,A01
200900031616,0,01,000,00,2,3,01,B02
200900031616,0,07,000,00,9,3,15,A01
200900031617,0,30,000,00,2,1,01,B01
200900031617,0,07,000,00,2,3,01,A01
200900031618,0,02,000,00,2,1,01,B02
200900031618,0,07,000,00,0,2,15,A01
200900031619,1,07,000,00,1,0,00,A01
200900031620,0,07,000,00,1,2,01,A01
200900031621,0,07,000,00,0,2,01,A01
200900031622,0,07,000,07,1,1,14,A01
200900031623,0,33,000,00,0,0,01,A01
200900031624,0,02,000,00,0,0,00,A01
200900031625,0,07,000,00,1,3,01,A01
200900031626,0,33,000,13,0,2,00,A01
200900031627,0,07,000,16,0,1,01,A01
200900031628,0,33,000,13,0,1,17,A01
200900031629,0,07,000,00,2,3,13,A01
200900031629,0,33,000,00,2,1,01,B02
200900031630,0,07,000,00,1,2,01,A01
200900031631,0,02,000,00,2,1,17,B02
200900031631,0,07,000,00,2,8,10,A01
200900031632,0,30,000,00,0,0,01,A01
200900031633,0,07,000,00,0,4,02,B02
200900031633,0,07,000,00,2,1,02,A01
200900031634,0,33,000,00,2,2,21,B02
200900031634,0,07,000,00,2,2,21,A01
200900031635,0,07,000,00,1,0,04,A01
200900031636,0,07,000,16,0,9,01,A01
200900031637,0,33,000,00,2,8,15,B02
200900031637,0,07,000,00,2,5,17,A01
200900031638,0,07,000,00,2,7,15,A01
200900031638,0,33,000,00,2,1,00,B02
200900031639,0,07,000,00,2,3,01,B02
200900031639,0,33,000,00,2,1,15,A01
200900031640,0,07,000,00,2,1,13,A01
200900031640,0,07,000,00,2,7,21,B02
200900031641,0,17,000,00,0,7,01,A01
200900031642,0,10,000,00,2,1,02,B02
200900031642,0,10,000,03,2,3,01,C03
200900031642,0,10,000,00,2,3,11,A01
200900031643,0,01,000,00,9,1,05,A01
200900031643,0,01,000,00,0,0,05,B01
200900031644,0,07,000,00,2,1,01,A01
200900031644,0,01,000,00,2,1,01,B02
200900031645,0,07,000,00,2,4,17,B02
200900031645,0,33,000,00,2,1,17,A01
200900031646,0,07,000,00,2,3,15,A01
200900031646,0,07,000,00,2,2,01,B02
200900031647,0,07,000,00,1,3,01,A01
200900031648,0,07,000,06,0,2,14,A01
200900031649,0,07,000,08,0,1,13,A01
200900031650,0,07,000,00,2,3,01,B02
200900031650,0,07,000,00,2,3,13,A01
200900031651,0,07,000,04,0,1,01,A01
200900031652,0,01,000,00,2,1,19,A01
200900031652,0,07,000,00,2,8,01,B02
200900031653,0,07,000,00,2,3,01,B01
200900031653,0,07,000,00,2,1,01,A01
200900031654,0,33,000,00,2,2,01,B01
200900031654,1,07,000,00,2,0,09,A01
200900031655,0,07,000,00,1,1,00,A01
200900031656,0,07,000,00,2,7,01,A01
200900031656,0,33,000,00,2,8,01,B01
200900031657,0,02,000,00,2,7,01,A01
200900031657,0,07,000,00,2,1,01,B01
200900031658,0,07,000,01,0,1,01,A01
200900031659,0,33,000,16,0,7,01,A01
200900031660,0,07,000,00,2,5,02,B01
200900031660,0,07,000,00,2,1,02,A01
200900031661,0,07,000,06,2,8,00,A01
200900031661,0,07,000,00,2,1,00,B01
200900031662,0,10,000,00,1,7,00,A01
200900031663,0,07,000,00,1,0,20,A01
200900031664,0,07,000,13,0,3,00,A01
200900031665,0,07,000,00,0,0,00,B01
200900031665,0,07,000,00,2,1,00,A01
200900031666,0,10,000,00,2,4,01,B01
200900031666,0,07,000,00,2,1,01,A01
200900031667,0,07,000,00,2,3,19,B01
200900031667,0,02,000,00,2,1,01,A01
200900031668,0,07,000,00,2,2,02,B01
200900031668,0,07,000,00,2,1,02,A01
200900031669,0,07,000,11,0,1,01,A01
200900031670,0,02,000,08,0,1,00,A01
200900031671,0,33,000,00,2,1,01,B01
200900031671,0,07,000,00,2,1,15,A01
200900031672,0,32,000,00,0,0,00,B01
200900031672,0,07,000,00,0,3,21,A01
200900031673,0,10,000,00,2,1,15,A01
200900031673,0,10,000,00,2,1,01,B01
200900031674,0,07,000,00,0,1,00,A01
200900031675,0,07,000,06,0,1,16,A01
200900031676,0,10,000,00,2,1,01,A01
200900031676,0,07,000,00,2,4,01,B01
200900031677,0,02,000,16,0,8,01,A01
200900031678,0,07,000,08,0,1,06,A01
200900031679,0,07,000,00,2,2,00,A01
200900031679,0,07,000,00,0,4,00,C01
200900031679,0,07,000,00,2,1,00,B01
200900031680,0,07,000,00,2,8,15,B01
200900031680,0,07,000,00,2,1,17,A01
200900031681,0,07,000,00,0,4,01,B02
200900031681,0,07,000,00,2,1,01,A01
200900031682,0,07,000,00,1,1,01,A01
200900031683,0,01,000,00,,1,01,A01
200900031683,0,10,000,00,2,5,17,B02
200900031684,0,07,000,00,2,1,01,A01
200900031684,0,07,000,00,0,6,01,B02
200900031685,0,07,000,00,2,5,15,A02
200900031685,0,01,000,00,,1,01,B01
200900031686,0,10,000,00,0,3,01,B02
200900031686,0,10,000,00,2,2,17,A01
200900031687,0,07,000,00,0,8,10,B02
200900031687,0,33,000,00,2,7,17,A01
200900031688,0,07,000,03,0,2,01,A01
200900031689,0,01,000,00,2,1,17,A01
200900031689,0,07,000,00,,3,15,B02
200900031690,0,02,000,00,2,1,13,A01
200900031690,0,07,000,00,0,2,15,B02
200900031691,0,33,000,00,,2,01,B01
200900031691,0,07,000,00,2,3,15,A02
200900031692,0,30,000,00,,1,01,B01
200900031692,0,07,000,00,2,3,09,A02
200900031693,0,07,000,00,1,2,01,A01
200900031694,0,33,000,00,,1,01,B02
200900031694,0,07,000,00,2,2,15,A01
200900031695,0,07,000,05,0,2,01,A01
200900031696,0,07,000,00,0,1,01,B02
200900031696,0,07,000,00,2,1,13,A01
200900031697,0,07,000,00,2,2,13,A01
200900031697,0,15,000,00,0,3,01,B02
200900031698,0,03,000,00,2,1,09,A01
200900031698,0,33,000,00,2,7,01,B02
200900031699,0,33,000,00,2,1,01,A01
200900031699,0,07,000,00,2,7,15,B02
200900031700,0,14,000,03,0,7,01,A01
200900031701,0,33,000,00,0,0,01,A01
200900031702,0,07,000,00,2,1,01,B02
200900031702,0,07,000,00,2,7,01,A01
200900031703,0,31,000,13,0,1,01,A01
200900031704,0,30,000,12,0,1,01,A01
200900031705,0,13,000,00,2,6,23,B02
200900031705,0,02,000,01,0,1,01,A01
200900031706,0,36,000,00,2,8,10,B02
200900031706,0,07,000,00,2,1,13,A01
200900031707,0,07,000,00,2,1,01,B02
200900031707,0,07,000,00,2,1,13,A01
200900031708,0,33,000,00,2,1,17,A01
200900031708,0,07,000,00,2,3,15,B02
200900031709,0,07,000,00,2,1,17,A01
200900031709,0,03,000,00,2,8,15,B02
200900031710,0,33,000,00,0,0,01,B02
200900031710,0,07,000,00,0,0,02,A01
200900031711,0,02,000,00,2,1,01,B02
200900031711,0,07,000,00,2,2,15,A01
200900031712,0,02,000,00,2,8,01,B02
200900031712,0,07,000,00,2,1,19,A01
200900031713,0,07,000,03,2,1,11,A01
200900031713,0,33,000,00,2,1,01,B02
200900031714,0,07,000,00,1,2,01,A01
200900031715,0,07,000,00,2,2,15,B02
200900031715,0,33,000,00,2,2,01,A01
200900031716,0,30,000,00,2,1,05,A01
200900031716,0,07,000,00,2,1,01,B02
200900031717,0,07,000,00,1,8,01,A01
200900031718,0,07,000,00,2,7,06,A01
200900031718,0,33,000,00,2,1,01,B02
200900031719,0,07,000,00,0,1,05,A01
200900031719,0,07,000,00,0,1,15,B02
200900031720,0,10,000,00,2,1,02,A01
200900031720,0,10,000,00,2,1,01,C03
200900031720,0,10,000,00,2,6,16,B02
200900031721,0,07,000,00,2,1,13,A01
200900031721,0,07,000,00,2,1,01,B02
200900031722,0,30,000,00,2,1,01,A01
200900031722,0,07,000,00,9,3,01,B02
200900031723,0,02,000,00,2,1,01,A01
200900031723,0,07,000,00,2,3,15,B02
200900031724,0,21,000,06,0,3,01,A01
200900031725,0,33,000,00,2,1,01,B02
200900031725,0,07,000,00,2,5,19,A01
200900031726,0,10,000,00,1,2,01,A01
200900031727,0,07,000,00,2,1,05,A01
200900031727,0,13,000,00,2,1,01,B02
200900031728,0,07,000,00,9,3,01,A01
200900031728,0,01,000,00,2,3,13,B02
200900031728,0,01,000,00,9,5,17,C03
200900031729,0,37,006,12,2,1,01,B01
200900031729,0,07,000,00,0,2,16,A01
200900031730,0,30,000,00,2,1,15,A01
200900031730,0,07,000,00,2,1,01,B01
200900031731,0,01,000,11,0,0,15,A01
200900031732,0,30,000,00,0,1,01,B01
200900031732,0,07,000,00,0,3,15,A01
200900031733,0,07,000,03,0,9,16,A01
200900031734,0,07,000,00,1,1,02,A01
200900031735,0,07,000,00,2,1,01,A01
200900031735,0,07,000,00,2,4,01,B01
200900031736,0,17,000,03,0,7,09,A01
200900031737,0,02,000,12,0,0,01,A01
200900031738,0,07,000,00,9,3,15,A01
200900031738,0,01,000,00,2,6,01,B01
200900031739,0,07,000,00,2,0,15,A01
200900031739,0,33,000,00,2,1,01,B01
200900031740,0,07,000,00,2,3,23,C01
200900031740,0,07,000,00,2,2,15,A01
200900031740,0,07,000,00,2,3,01,B01
200900031741,0,07,000,00,2,1,15,A01
200900031741,0,07,000,00,2,8,01,B01
200900031742,0,10,000,00,1,2,01,A01
200900031743,0,02,000,00,0,8,01,A01
200900031744,0,07,000,00,2,3,01,B01
200900031744,0,33,000,00,2,7,16,A01
200900031745,0,10,000,00,2,4,23,C01
200900031745,0,10,000,00,2,1,02,A01
200900031745,0,07,000,00,2,4,23,B01
200900031746,0,01,000,00,2,1,01,B01
200900031746,0,07,000,00,2,3,22,A01
200900031747,0,07,000,00,2,1,15,A01
200900031747,0,01,000,00,2,1,01,B01
200900031748,0,07,000,00,9,3,06,A01
200900031748,0,01,000,00,2,1,06,B01
200900031749,0,30,000,00,0,1,01,A01
200900031750,0,15,000,00,2,2,12,A01
200900031750,0,07,000,03,2,8,01,B01
200900031751,0,02,000,00,2,0,13,A01
200900031751,0,02,000,00,2,7,13,B01
200900031752,0,07,000,00,1,1,01,A01
200900031753,0,02,000,00,2,3,01,A01
200900031753,0,07,000,00,2,2,15,B01
200900031754,0,02,000,00,9,0,02,B01
200900031754,0,02,000,00,0,0,00,A01
200900031755,0,07,000,00,2,3,01,A01
200900031755,0,01,000,00,2,1,19,B01
200900031756,0,07,000,00,2,4,01,B01
200900031756,0,02,000,00,2,1,02,A01
200900031757,0,33,000,00,0,8,01,A01
200900031758,0,07,000,00,2,4,02,B01
200900031758,0,07,000,00,2,4,01,C01
200900031758,0,10,000,00,2,1,02,A01
200900031759,0,07,000,13,0,9,01,A01
200900031760,0,07,000,00,2,6,15,A01
200900031760,0,30,000,00,2,1,01,B01
200900031761,0,10,000,00,2,1,02,A01
200900031761,0,07,000,00,2,4,02,B01
200900031762,0,30,000,11,0,1,01,A01
200900031763,0,10,000,00,2,1,01,A01
200900031763,0,37,020,00,2,8,01,B01
200900031764,1,07,000,00,2,1,15,A01
200900031764,0,07,000,00,2,3,01,B01
200900031765,0,31,000,00,2,1,01,B01
200900031765,0,07,000,00,2,3,15,A01
200900031766,0,30,000,00,2,0,17,A01
200900031766,0,07,000,00,2,8,15,B01
200900031767,0,37,000,00,1,0,15,A01
200900031768,0,07,000,00,2,2,01,A01
200900031768,0,07,000,00,2,3,15,B01
200900031769,0,30,000,00,2,4,23,B01
200900031769,0,30,000,00,2,1,02,A01
200900031770,0,07,000,13,0,3,13,A01
200900031771,0,02,000,00,2,8,11,B01
200900031771,0,07,000,00,2,2,01,A01
200900031772,0,07,000,00,2,6,01,B01
200900031772,0,07,000,00,2,3,15,A01
200900031773,0,38,009,00,1,2,01,A01
200900031774,0,02,000,00,2,1,01,B01
200900031774,0,07,000,00,2,8,10,A01
200900031775,0,07,000,00,2,2,02,A01
200900031775,0,01,000,00,2,4,01,B01
200900031776,0,30,000,11,0,1,01,A01
200900031777,0,33,000,00,2,7,17,A01
200900031777,0,07,000,00,0,3,15,B01
200900031778,0,07,000,00,2,3,01,C01
200900031778,0,07,000,00,2,8,23,B01
200900031778,0,07,000,00,2,3,17,A01
200900031779,0,07,000,01,2,8,20,A01
200900031779,0,10,000,00,2,7,01,B01
200900031780,0,10,000,00,2,0,15,A01
200900031780,0,01,000,00,2,0,01,B01
200900031781,0,07,000,,2,1,01,A01
200900031781,0,07,000,,2,1,01,B02
200900031782,0,07,000,,2,6,01,B02
200900031782,0,07,000,,2,2,01,A01
200900031783,0,07,000,03,,9,12,A01
200900031784,0,07,000,00,1,3,01,A01
200900031785,0,07,000,,2,1,01,B01
200900031785,0,07,000,,2,2,15,A01
200900031786,0,07,000,00,1,1,15,A01
200900031787,2,07,000,00,1,2,01,A01
200900031788,0,32,000,00,2,1,01,B01
200900031788,0,07,000,00,2,3,11,A01
200900031789,0,07,000,00,1,2,01,A01
200900031790,0,33,000,00,2,1,01,A01
200900031790,0,07,000,00,0,8,15,B01
200900031791,0,07,000,00,0,6,00,B01
200900031791,0,07,000,00,2,1,00,A01