Num_Acc,senc,catv,occutc,obs,obsm,choc,manv,num_veh
200900031792,0,07,000,00,2,4,23,B01
200900031792,0,07,000,00,2,1,01,A01
200900031793,0,37,006,00,2,3,15,B01
200900031793,0,07,000,00,2,2,01,A01
200900031794,0,01,000,00,2,7,00,A01
200900031794,0,07,000,00,9,1,00,B01
200900031795,0,07,000,00,2,2,13,A01
200900031795,0,32,000,00,2,1,01,B01
200900031796,0,07,000,00,2,2,01,A01
200900031796,0,20,000,00,0,8,01,B01
200900031797,0,07,000,00,2,3,01,B01
200900031797,0,07,000,00,2,1,01,A01
200900031798,0,07,000,00,2,3,15,A01
200900031798,0,07,000,00,2,1,01,B01
200900031799,0,01,000,00,2,0,19,B01
200900031799,0,07,000,00,2,0,01,A01
200900031800,0,31,000,00,2,1,01,B01
200900031800,0,07,000,00,2,5,15,A01
200900031801,0,07,000,00,1,2,01,A01
200900031802,0,07,000,08,0,0,01,A01
200900031803,0,07,000,00,2,6,02,B01
200900031803,0,07,000,00,2,6,02,C01
200900031803,2,07,000,01,1,2,00,A01
200900031804,0,01,000,00,2,1,05,A01
200900031804,0,07,000,00,9,1,16,B01
200900031805,0,07,000,00,2,1,01,A01
200900031805,0,07,000,12,2,8,15,B01
200900031806,0,07,000,15,0,9,01,A01
200900031807,0,07,000,00,0,3,00,B01
200900031807,0,33,000,00,0,2,00,A01
200900031808,0,07,000,01,0,3,15,B01
200900031808,0,10,000,00,2,2,05,A01
200900031809,0,30,000,00,2,1,01,A01
200900031809,0,07,000,00,2,7,01,B01
200900031810,0,07,000,12,0,1,01,A01
200900031811,0,07,000,00,1,1,01,A01
200900031812,0,30,000,00,2,8,01,B01
200900031812,0,10,000,00,2,1,01,A01
200900031813,0,30,000,00,0,0,12,A01
200900031814,0,01,000,00,2,1,01,A01
200900031814,0,07,000,00,9,3,01,B01
200900031815,0,10,000,00,2,4,01,B01
200900031815,0,32,000,00,2,1,01,A01
200900031816,0,33,000,00,1,1,01,A01
200900031817,0,02,000,00,1,1,01,A01
200900031818,0,07,000,00,2,1,19,A01
200900031818,0,33,000,00,2,3,01,B01
200900031819,0,07,000,00,1,1,15,A01
200900031820,0,07,000,00,2,1,02,B01
200900031820,0,32,000,00,2,1,03,A01
200900031821,0,33,000,01,2,9,01,B01
200900031821,0,07,000,00,2,1,15,A01
200900031822,0,07,000,00,2,1,01,A01
200900031822,0,01,000,00,2,7,01,B01
200900031823,0,07,000,00,9,1,09,A01
200900031823,0,01,000,00,2,7,01,B01
200900031824,0,02,000,00,0,0,00,B01
200900031824,2,07,000,00,2,1,00,A01
200900031825,0,07,000,15,0,0,01,A01
200900031826,0,07,000,00,2,3,01,A01
200900031826,0,07,000,00,0,2,01,B01
200900031827,0,07,000,01,0,1,01,A01
200900031828,0,13,000,00,0,7,00,B01
200900031828,0,07,000,00,0,8,00,A01
200900031829,0,07,000,15,0,2,06,A01
200900031830,0,01,000,00,0,1,01,B01
200900031830,0,07,000,00,2,0,01,A01
200900031831,0,30,000,00,2,1,18,A01
200900031831,0,07,000,00,2,7,23,B01
200900031832,0,33,000,00,0,7,01,A01
200900031833,0,10,000,00,1,2,01,A01
200900031834,0,07,000,00,1,1,01,A01
200900031835,0,01,000,00,1,1,01,A01
200900031836,0,10,000,00,2,2,01,A01
200900031836,0,07,000,00,2,1,01,B01
200900031837,0,07,000,00,2,8,10,A01
200900031837,0,33,000,00,2,1,03,B01
200900031838,0,32,000,00,2,3,17,B01
200900031838,0,10,000,00,2,3,15,A01
200900031839,0,10,000,00,2,0,00,A01
200900031839,0,34,000,00,2,0,17,B01
200900031840,0,31,000,00,2,3,00,A01
200900031840,0,07,000,00,2,1,00,B01
200900031841,0,34,000,00,2,1,01,B01
200900031841,0,07,000,00,2,8,09,A01
200900031842,0,07,000,00,2,6,11,A01
200900031842,0,30,000,00,2,7,01,B01
200900031843,0,31,000,00,2,7,01,B01
200900031843,0,07,000,00,2,3,10,A01
200900031844,0,07,000,00,1,7,01,A01
200900031845,0,30,000,00,2,1,05,A01
200900031845,0,07,000,00,2,1,01,B01
200900031846,0,07,000,00,1,1,01,A01
200900031847,0,07,000,00,1,8,01,A01
200900031848,0,01,000,00,2,0,01,B01
200900031848,0,07,000,00,2,0,01,A01
200900031849,0,01,000,00,2,8,02,B01
200900031849,0,15,000,00,9,0,01,A01
200900031850,1,30,000,00,1,0,00,A01
200900031851,0,07,000,00,2,8,01,A01
200900031851,0,07,000,00,2,1,01,B01
200900031852,0,13,000,00,1,5,02,A01
200900031853,0,07,000,00,1,3,15,A01
200900031854,1,07,000,00,1,8,01,A01
200900031855,0,07,000,00,2,5,15,A01
200900031855,0,30,000,00,2,1,01,B01
200900031856,0,07,000,00,0,6,12,B01
200900031856,0,07,000,04,2,1,17,A01
200900031856,0,07,000,00,0,3,01,C01
200900031857,0,07,000,00,1,6,15,A01
200900031858,0,07,000,00,2,3,09,B01
200900031858,0,02,000,00,2,1,01,A01
200900031859,0,07,000,00,0,3,01,A01
200900031859,0,01,000,00,2,3,01,B01
200900031860,0,07,000,00,2,4,01,B01
200900031860,0,07,000,00,2,4,01,C01
200900031860,0,07,000,00,2,1,01,A01
200900031861,0,07,000,00,2,2,01,A01
200900031861,0,32,000,00,2,1,01,B01
200900031862,0,07,000,00,2,4,04,A01
200900031862,0,30,000,00,2,8,01,B01
200900031863,0,07,000,00,1,1,00,A01
200900031864,0,07,000,00,2,7,01,A01
200900031864,0,07,000,00,2,1,01,B01
200900031865,0,30,000,00,0,0,00,A01
200900031866,0,02,000,00,1,1,01,A01
200900031867,0,07,000,00,2,1,02,A01
200900031867,0,07,000,00,0,4,02,B01
200900031868,0,37,002,00,2,2,07,B01
200900031868,0,07,000,00,2,3,15,A01
200900031869,0,31,000,00,2,1,01,A01
200900031869,0,07,000,00,2,6,01,B01
200900031870,0,31,000,00,0,8,02,A01
200900031870,0,07,000,00,0,3,00,B01
200900031871,0,07,000,00,2,1,02,A01
200900031871,0,07,000,00,0,4,02,B01
200900031872,0,03,000,01,0,1,20,A01
200900031873,0,07,000,00,2,1,01,A01
200900031873,0,07,000,00,0,6,15,B01
200900031874,0,07,000,00,2,1,15,A01
200900031874,0,32,000,00,2,1,01,B01
200900031875,0,30,000,00,1,1,18,A01
200900031876,0,07,000,00,0,4,01,B01
200900031876,0,07,000,00,2,1,02,A01
200900031877,0,07,000,00,2,8,01,B01
200900031877,0,02,000,00,2,7,13,A01
200900031878,0,07,000,00,1,3,13,A01
200900031879,0,32,000,00,2,1,09,A01
200900031879,1,07,000,00,2,4,02,B01
200900031880,0,07,000,00,2,2,12,A01
200900031880,0,07,000,00,2,8,01,B01
200900031881,0,07,000,00,2,3,05,A01
200900031881,0,31,000,00,2,1,05,B02
200900031882,0,07,000,00,0,4,01,B01
200900031882,0,10,000,00,2,1,02,A01
200900031883,0,07,000,00,2,1,02,A01
200900031883,0,07,000,00,0,4,02,B01
200900031884,0,07,000,00,2,1,01,A01
200900031884,0,07,000,00,2,3,14,B02
200900031885,0,14,000,08,1,7,00,A01
200900031886,0,07,000,00,2,8,00,A01
200900031886,0,33,000,00,0,8,01,B01
200900031887,0,07,000,01,2,1,14,A01
200900031888,0,10,000,00,1,3,14,A01
200900031889,0,07,000,04,0,3,02,A01
200900031890,0,07,000,00,2,3,19,A01
200900031890,0,31,000,00,2,1,01,B02
200900031891,0,10,000,00,2,4,02,B01
200900031891,0,14,000,00,2,1,02,A01
200900031892,0,07,000,00,0,1,12,A01
200900031893,0,07,000,00,2,4,02,D01
200900031893,0,07,000,00,2,4,02,C01
200900031893,0,10,000,00,2,1,02,A01
200900031893,0,07,000,00,2,4,02,B01
200900031894,0,07,000,00,0,4,01,C01
200900031894,0,07,000,00,0,4,01,B01
200900031894,0,07,000,00,0,1,01,A01
200900031895,0,07,000,00,2,3,01,B02
200900031895,0,07,000,00,2,3,13,A01
200900031896,0,33,000,12,2,1,01,B02
200900031896,0,07,000,00,2,5,15,A01
200900031897,0,07,000,00,1,1,15,A01
200900031898,0,07,000,00,9,3,19,A01
200900031898,0,30,000,00,2,1,01,B01
200900031899,0,07,000,00,2,1,02,A01
200900031899,0,07,000,00,0,4,02,B01
200900031900,0,30,000,00,2,1,13,A01
200900031900,0,07,000,00,2,3,01,B02
200900031901,0,10,000,00,2,3,00,B01
200900031901,0,30,000,00,2,3,00,A01
200900031902,0,14,000,00,2,3,01,A01
200900031902,0,14,000,00,2,2,09,B02
200900031903,0,07,000,00,2,2,14,A01
200900031903,0,07,000,04,2,8,01,B01
200900031904,0,07,000,04,0,2,02,A01
200900031905,0,07,000,00,2,1,01,B02
200900031905,0,07,000,00,2,7,00,A01
200900031906,0,07,000,00,2,2,05,A01
200900031906,0,07,000,00,2,2,21,B01
200900031907,0,10,000,03,0,1,13,A01
200900031908,0,07,000,13,0,2,21,A01
200900031909,0,07,000,00,1,2,15,A01
200900031910,0,07,000,00,0,7,01,B01
200900031910,0,31,000,00,2,8,09,A01
200900031911,0,07,000,00,2,8,15,B02
200900031911,0,31,000,00,2,1,17,A01
200900031912,0,32,000,00,2,0,02,B01
200900031912,0,07,000,00,9,3,15,A01
200900031913,0,32,000,00,2,7,01,B01
200900031913,0,07,000,00,2,6,11,A01
200900031914,0,07,000,06,0,8,01,A01
200900031915,0,33,000,00,0,4,01,B01
200900031915,0,07,000,00,2,1,02,A01
200900031916,0,07,000,00,2,1,01,B02
200900031916,0,33,000,00,2,1,13,A01
200900031916,0,07,000,00,2,3,01,C03
200900031917,0,10,000,00,2,3,02,B01
200900031917,0,02,000,00,2,0,02,A01
200900031918,0,33,000,13,0,1,17,A01
200900031919,0,33,000,00,2,1,01,B02
200900031919,0,07,000,00,2,7,15,A01
200900031920,0,30,000,00,1,8,09,A01
200900031921,0,31,000,01,2,1,01,A01
200900031921,0,07,000,01,2,7,01,B01
200900031922,0,07,000,04,0,9,11,A01
200900031923,0,10,000,00,2,1,02,A01
200900031923,0,07,000,00,0,4,02,B02
200900031924,0,33,000,00,0,7,02,A01
200900031925,0,07,000,00,2,3,12,B01
200900031925,0,07,000,00,2,6,17,A01
200900031926,0,07,000,00,2,2,15,B02
200900031926,0,33,000,00,2,1,17,A01
200900031927,0,07,000,00,2,5,15,A01
200900031927,0,07,000,00,2,3,01,B02
200900031928,0,07,000,00,9,1,01,B01
200900031928,0,30,000,00,2,0,01,A01
200900031929,0,07,000,04,0,1,01,A01
200900031930,0,07,000,00,2,7,13,A01
200900031930,0,10,000,00,2,1,01,B02
200900031931,0,07,000,00,2,6,01,B01
200900031931,0,07,000,00,2,1,09,A01
200900031932,0,07,000,04,0,1,00,A01
200900031932,0,07,000,00,9,1,00,B02
200900031933,0,07,000,00,2,2,01,A01
200900031933,0,07,000,00,2,3,01,B01
200900031934,0,07,000,00,2,2,17,B02
200900031934,0,33,000,00,2,3,15,A01
200900031935,0,10,000,00,1,5,01,A01
200900031936,0,02,000,00,2,0,00,B01
200900031936,0,07,000,00,2,0,00,A01
200900031937,0,33,000,01,0,2,14,A01
200900031938,0,33,000,12,0,1,16,A01
200900031939,0,10,000,00,2,9,09,B01
200900031939,0,10,000,00,2,1,01,F02
200900031939,0,10,000,00,2,9,01,D01
200900031939,0,15,000,00,2,9,01,C01
200900031939,0,15,000,00,2,1,01,A01
200900031939,0,10,000,00,2,4,01,E01
200900031940,0,15,000,00,2,2,01,A01
200900031940,0,07,000,00,2,6,02,B01
200900031941,0,33,000,03,0,1,01,A01
200900031942,0,07,000,00,0,3,02,A01
200900031943,0,07,000,00,2,5,02,B01
200900031943,0,07,000,00,2,6,02,C01
200900031943,0,31,000,00,2,1,03,A01
200900031944,0,07,000,00,2,8,01,B01
200900031944,0,33,000,00,2,7,14,A01
200900031945,0,07,000,00,1,1,15,A01
200900031946,0,03,000,08,0,2,15,A01
200900031947,0,31,000,15,0,1,05,A01
200900031948,0,33,000,00,2,1,00,B01
200900031948,0,07,000,00,2,8,10,A01
200900031949,0,33,000,00,2,3,18,A01
200900031949,0,15,000,00,2,3,15,B02
200900031950,0,31,000,00,0,0,01,A01
200900031951,0,30,000,00,2,1,00,A01
200900031951,0,10,000,00,9,3,01,B01
200900031952,0,07,000,00,2,6,10,A01
200900031952,0,33,000,00,2,1,01,B02
200900031953,0,07,000,00,2,3,02,A01
200900031953,0,07,000,00,2,4,02,C01
200900031953,0,07,000,00,0,5,02,B01
200900031954,0,33,000,00,0,7,01,A01
200900031955,0,07,000,00,0,0,01,A01
200900031955,0,07,000,00,0,2,02,B01
200900031955,0,07,000,14,0,4,02,C01
200900031956,0,07,000,00,2,3,15,A01
200900031956,0,33,000,00,2,0,17,B02
200900031957,0,30,000,00,2,7,01,B02
200900031957,0,30,000,08,2,8,18,A01
200900031958,0,14,000,00,0,4,23,B02
200900031958,0,07,000,00,2,1,01,A01
200900031959,0,07,000,00,2,1,02,A01
200900031959,0,07,000,00,0,4,02,B01
200900031960,0,07,000,01,1,1,01,A01
200900031961,0,07,000,00,2,2,17,A01
200900031961,0,01,000,00,2,4,01,B01
200900031962,0,07,000,00,2,3,18,A01
200900031962,0,02,000,00,2,1,01,B01
200900031963,0,07,000,00,1,1,02,A01
200900031964,0,33,000,00,2,1,02,B01
200900031964,0,07,000,00,2,8,02,A01
200900031965,0,07,000,00,2,3,13,A01
200900031965,0,07,000,00,2,3,01,B01
200900031966,1,10,000,00,2,0,02,A01
200900031966,0,02,000,00,2,0,00,B01
200900031967,0,01,000,00,2,4,01,C01
200900031967,1,02,000,00,2,4,14,A01
200900031967,0,01,000,00,2,4,06,B01
200900031968,0,07,000,00,2,6,19,A01
200900031968,0,02,000,00,2,1,01,B01
200900031969,0,01,000,01,0,1,02,A01
200900031969,0,99,000,00,0,6,23,B01
200900031970,0,01,000,00,2,1,01,B01
200900031970,0,07,000,00,2,2,19,A01
200900031971,1,01,000,00,1,1,01,A01
200900031972,0,30,000,00,0,9,02,B01
200900031972,0,07,000,00,2,7,02,A01
200900031973,0,07,000,00,2,3,13,A01
200900031973,0,37,001,00,2,6,01,B01
200900031974,0,10,000,00,1,2,01,A01
200900031975,0,30,000,00,2,8,01,A01
200900031975,0,07,000,00,2,8,01,B01
200900031976,0,07,000,03,0,1,05,A01
200900031977,0,07,000,00,2,3,13,A01
200900031977,0,07,000,00,2,3,01,B02
200900031978,0,07,000,15,0,7,01,A01
200900031979,0,17,000,13,0,7,01,A01
200900031980,0,07,000,16,0,9,21,A01
200900031981,0,07,000,00,2,1,13,A01
200900031981,0,07,000,00,2,1,01,B02
200900031982,0,01,000,00,0,4,13,A01
200900031982,0,07,000,00,9,2,01,B02
200900031983,0,10,000,13,0,2,01,A01
200900031984,0,07,000,00,2,1,17,A01
200900031984,0,07,000,00,2,1,01,B02
200900031985,0,07,000,00,2,2,21,B02
200900031985,0,07,000,00,2,2,17,A01
200900031986,0,07,000,00,2,2,15,A01
200900031986,0,02,000,00,2,1,01,B02
200900031987,0,07,000,00,0,4,02,B02
200900031987,0,02,000,00,2,1,02,A01
200900031988,0,02,000,08,0,1,01,A01
200900031989,0,07,000,00,2,0,01,B02
200900031989,0,07,000,00,2,0,17,A01
200900031990,0,07,000,00,2,1,01,B01
200900031990,0,01,000,00,2,8,19,A01
200900031991,0,01,000,00,2,8,00,A01
200900031991,0,07,000,00,2,1,01,B01
200900031992,0,07,000,00,2,8,13,A01
200900031992,0,07,000,00,2,8,01,B01
200900031993,0,07,000,00,2,4,23,B01
200900031993,0,30,000,14,0,1,01,A01
200900031994,0,10,000,13,0,3,01,A01
200900031995,0,07,000,13,0,6,01,A01
200900031996,0,07,000,00,1,2,13,A01
200900031997,0,07,000,13,0,7,01,A01
200900031998,0,30,000,00,2,4,01,A01
200900031998,1,07,000,00,2,1,01,B02
200900031999,0,07,000,00,2,3,13,A01
200900031999,0,07,000,00,2,8,01,B02
200900032000,0,07,000,00,2,1,01,A01
200900032000,0,07,000,00,2,3,01,B02
200900032001,0,07,000,15,0,3,01,A01
200900032002,0,07,000,00,9,5,16,A01
200900032002,0,01,000,00,2,1,01,B02
200900032003,0,30,000,00,2,1,01,B02
200900032003,0,07,000,00,2,7,15,A01
200900032004,0,02,000,00,2,1,19,B02
200900032004,0,07,000,00,2,2,01,A01
200900032005,0,07,000,13,0,9,01,A01
200900032006,0,07,000,06,0,7,01,A01
200900032007,0,10,000,00,2,3,09,A01
200900032007,0,02,000,00,2,1,09,B02
200900032008,0,10,000,00,2,1,01,B02
200900032008,0,07,000,00,2,3,01,A01
200900032009,0,07,000,00,1,1,01,A01
200900032010,0,14,000,00,2,3,01,B02
200900032010,0,07,000,00,2,3,01,A01
200900032011,0,30,000,00,2,1,01,B02
200900032011,0,30,000,00,2,1,13,A01
200900032012,0,07,000,00,2,1,19,A01
200900032012,0,07,000,00,2,8,19,B02
200900032013,0,07,000,00,2,1,01,B02
200900032013,0,07,000,00,2,8,13,A01
200900032014,0,07,000,06,0,2,01,A01
200900032015,0,14,000,00,2,1,01,A01
200900032015,0,07,000,00,2,4,01,B01
200900032016,0,07,000,00,0,1,00,C03
200900032016,0,07,000,01,2,3,15,B02
200900032016,0,07,000,00,2,1,17,A01
200900032017,0,30,000,00,2,8,01,B02
200900032017,0,03,000,00,2,3,15,A01
200900032018,0,07,000,00,2,3,15,B02
200900032018,0,07,000,00,2,3,13,A01
200900032019,0,07,000,00,2,1,09,B02
200900032019,0,31,000,00,2,7,01,A01
200900032020,0,30,000,08,0,0,13,A01
200900032021,0,02,000,00,2,0,13,A01
200900032021,0,02,000,00,2,0,13,B02
200900032022,0,07,000,00,2,7,19,B02
200900032022,0,15,000,00,2,3,01,A01
200900032023,0,31,000,08,0,1,13,A01
200900032024,0,17,000,00,2,8,01,B02
200900032024,0,17,000,00,2,8,13,A01
200900032025,0,10,000,00,2,3,13,A01
200900032025,0,07,000,00,2,3,01,B02
200900032026,0,02,000,00,2,1,01,A01
200900032026,0,07,000,15,2,3,15,B02
200900032027,0,31,000,08,0,1,14,A01
200900032028,0,07,000,00,2,5,10,A01
200900032028,0,33,000,00,2,1,01,B02
200900032029,0,07,000,08,0,1,01,A01
200900032030,0,07,000,00,1,2,01,A01
200900032031,0,07,000,00,2,7,01,A01
200900032031,0,37,001,00,2,1,01,B01
200900032032,0,33,000,00,2,2,17,C03
200900032032,0,21,000,00,2,3,15,A01
200900032032,0,33,000,00,2,1,17,B02
200900032033,0,07,000,00,2,8,13,A01
200900032033,0,10,000,00,2,1,01,B02
200900032034,0,10,000,00,2,1,05,A01
200900032034,0,10,000,00,2,1,01,B02
200900032035,0,33,000,02,0,4,01,A01
200900032036,0,07,000,00,2,2,17,A01
200900032036,0,01,000,00,0,4,01,B02
200900032037,0,34,000,10,0,8,01,A01
200900032038,0,07,000,00,2,3,01,B01
200900032038,0,07,000,00,2,1,13,A01
200900032039,0,07,000,00,2,3,13,A01
200900032039,0,07,000,00,2,6,01,B01
200900032040,0,07,000,00,1,1,01,A01
200900032041,0,07,000,00,2,1,01,A01
200900032041,0,07,000,00,2,4,23,B01
200900032042,0,07,000,00,2,1,01,A01
200900032042,0,02,000,00,2,7,09,B01
200900032043,0,07,000,07,2,1,01,B01
200900032043,0,07,000,00,2,1,15,A01
200900032044,0,02,000,00,2,0,11,A01
200900032044,0,10,000,00,2,7,01,B01
200900032045,0,07,000,00,1,3,01,A01
200900032046,0,30,000,00,2,4,23,B01
200900032046,0,07,000,00,2,1,16,A01
200900032047,0,07,000,00,1,1,00,A01
200900032048,0,07,000,00,0,6,23,B01
200900032048,0,02,000,01,0,1,17,A01
200900032049,0,07,000,00,1,4,04,A01
200900032050,0,07,000,00,2,3,01,B02
200900032050,0,10,000,00,2,3,15,A01
200900032051,0,07,000,00,2,1,01,A01
200900032052,0,31,000,00,2,1,01,A01
200900032052,0,30,000,00,2,3,19,B02
200900032053,0,07,000,,,4,15,C02
200900032053,0,07,000,00,2,3,15,A01
200900032053,0,07,000,00,2,3,01,B02
200900032054,0,02,000,06,0,1,01,A01
200900032055,0,07,000,00,2,1,23,C03
200900032055,0,07,000,00,2,1,15,A01
200900032055,0,07,000,00,2,1,01,B02
200900032056,0,07,000,00,2,3,01,A01
200900032056,0,02,000,00,2,8,15,B02
200900032057,0,02,000,00,2,1,01,B02
200900032057,0,07,000,00,0,4,13,A01
200900032058,0,33,000,00,0,8,01,A01
200900032059,0,30,000,00,1,1,01,A01
200900032060,0,38,000,00,0,3,01,C03
200900032060,0,21,000,00,0,6,21,B02
200900032060,0,07,000,00,2,3,13,A01
200900032061,0,07,000,02,0,2,13,A01
200900032062,0,07,000,00,0,2,20,B01
200900032062,0,02,000,00,0,3,00,A01
200900032063,0,07,000,00,0,0,00,A01
200900032064,0,07,000,00,2,5,01,B02
200900032064,0,21,000,00,2,1,00,A01
200900032065,0,07,000,00,2,7,01,A01
200900032065,0,07,000,00,2,3,01,B01
200900032066,0,07,000,00,1,1,01,A01
200900032067,0,07,000,00,2,5,16,A01
200900032067,0,01,000,00,2,1,01,B01
200900032068,0,07,000,00,1,2,01,A01
200900032069,0,07,000,00,2,4,01,B01
200900032069,0,02,000,00,2,1,01,A01
200900032070,0,01,000,00,2,5,01,A01
200900032070,0,07,000,00,2,1,01,B01
200900032071,0,01,000,00,2,1,19,A01
200900032071,0,07,000,00,2,7,15,B01
200900032072,0,07,000,00,2,1,09,A01
200900032072,0,07,000,00,0,7,15,B01
200900032073,0,07,000,00,2,1,09,B01
200900032073,0,30,000,00,2,8,00,A01
200900032074,0,32,000,00,2,1,01,B01
200900032074,0,07,000,00,2,7,15,A01
200900032075,0,07,000,00,2,3,15,A01
200900032075,0,33,000,00,2,1,01,B01
200900032076,0,07,000,00,2,7,17,A01
200900032076,0,33,000,00,2,8,15,B01
200900032077,0,07,000,01,0,5,13,B02
200900032077,0,30,000,00,2,7,24,A01
200900032078,0,07,000,00,2,3,17,B02
200900032078,0,01,000,00,2,1,17,A01
200900032079,0,07,000,00,1,2,21,A01
200900032080,0,07,000,13,0,9,01,A01
200900032081,0,07,000,04,0,2,01,A01
200900032082,0,30,000,00,2,1,01,B02
200900032082,0,07,000,00,2,5,15,A01
200900032083,0,32,000,06,0,1,15,A01
200900032084,0,33,000,00,2,1,13,B02
200900032084,0,07,000,00,2,2,01,A01
200900032085,0,07,000,00,1,2,01,A01
200900032086,0,33,000,02,0,8,01,A01
200900032087,0,07,000,13,0,1,14,A01
200900032088,0,30,000,02,0,1,14,A01
200900032089,0,07,000,02,0,3,01,A01
200900032090,0,07,000,00,2,1,01,B02
200900032090,0,30,000,00,2,8,15,A01
200900032091,0,07,000,16,0,9,14,A01
200900032092,0,02,000,00,2,2,21,B02
200900032092,0,07,000,00,2,2,19,A01
200900032093,0,07,000,08,0,1,01,A01
200900032094,0,07,000,00,2,4,01,C01
200900032094,0,07,000,00,2,1,01,B01
200900032094,0,07,000,00,2,1,01,A01
200900032095,0,30,000,01,0,1,21,B01
200900032095,0,07,000,00,0,6,24,A01
200900032096,0,07,000,00,2,2,01,A01
200900032096,0,07,000,00,2,1,01,B01
200900032097,0,07,000,00,1,1,01,A01
200900032098,0,07,000,00,1,1,16,A01
200900032099,0,07,000,15,0,1,01,A01
200900032100,0,07,000,00,2,1,01,B01
200900032100,0,07,000,00,2,1,15,A01
200900032101,0,07,000,02,0,1,13,A01
200900032101,1,07,000,00,2,0,17,B01
200900032102,0,02,000,00,2,4,02,B01
200900032102,0,30,000,00,2,1,02,A01
200900032103,0,07,000,00,2,5,15,A01
200900032103,0,02,000,00,2,1,01,B01
200900032104,0,07,000,00,0,1,01,B01
200900032104,0,07,000,00,2,1,13,A01
200900032105,0,01,000,00,2,1,01,B01
200900032105,0,07,000,00,2,2,15,A01
200900032106,0,07,000,00,2,3,01,B02
200900032106,0,07,000,00,2,2,15,A01
200900032107,0,07,000,00,2,3,19,B01
200900032107,0,01,000,00,2,1,05,A01
200900032108,2,07,000,00,2,1,02,A01
200900032108,0,07,000,00,0,4,01,B01
200900032109,0,30,000,00,2,4,02,B01
200900032109,0,07,000,00,9,1,02,A01
200900032110,0,07,000,00,2,1,13,A01
200900032110,0,17,000,00,2,1,01,B02
200900032111,0,07,000,00,1,7,02,A01
200900032112,0,02,000,00,0,0,01,B02
200900032112,0,17,000,00,0,0,17,A01
200900032113,0,17,000,14,0,2,01,A01
200900032114,0,07,000,00,2,3,15,A01
200900032114,0,33,000,00,2,1,01,B02
200900032115,0,07,000,00,2,7,15,A01
200900032115,0,33,000,00,2,1,01,B02
200900032116,0,07,000,00,0,9,01,A01
200900032117,0,10,000,00,0,0,09,A01
200900032117,0,07,000,13,0,2,01,B02
200900032118,0,02,000,12,0,1,01,A01
200900032119,0,07,000,00,2,1,01,A01
200900032119,0,07,000,00,2,2,01,B01
200900032120,0,07,000,00,2,3,15,B01
200900032120,0,02,000,00,2,1,17,A01
200900032121,0,07,000,00,2,1,01,C01
200900032121,0,03,000,00,2,1,01,B01
200900032121,0,07,000,00,2,1,13,A01
200900032122,0,07,000,00,2,1,01,C01
200900032122,0,02,000,00,2,1,13,A01
200900032122,0,07,000,00,2,3,01,B01
200900032123,0,02,000,00,0,0,01,A01
200900032124,0,10,000,00,2,3,01,A01
200900032124,0,07,000,00,2,3,01,B02
200900032125,0,07,000,00,2,5,15,A01
200900032125,0,07,000,00,2,3,01,B02
200900032126,0,07,000,06,0,6,01,A01
200900032127,0,07,000,00,0,7,01,B02
200900032127,0,30,000,00,2,1,09,A01
200900032128,0,07,000,13,0,3,01,A01
200900032129,0,07,000,00,2,1,01,B02
200900032129,0,14,000,00,2,3,01,A01
200900032130,0,07,000,02,0,1,05,A01
200900032131,0,07,000,03,0,8,01,A01
200900032132,0,07,000,06,0,1,13,A01
200900032133,0,07,000,00,2,1,17,A01
200900032133,0,30,000,00,2,1,01,B02
200900032134,0,07,000,06,0,1,15,A01
200900032135,0,02,000,01,0,1,01,A01
200900032136,0,17,000,00,2,3,02,A01
200900032136,0,17,000,00,0,4,01,B01
200900032137,0,07,000,02,0,1,01,A01
200900032138,0,07,000,00,1,2,01,A01
200900032139,0,07,000,02,0,3,02,A01
200900032140,0,02,000,00,0,0,01,A01
200900032141,0,07,000,00,2,6,15,B02
200900032141,0,07,000,01,2,1,01,A01
200900032141,0,07,000,00,0,6,24,C03
200900032142,0,30,000,00,2,1,01,B01
200900032142,0,07,000,00,2,7,15,A01
200900032143,0,07,000,00,2,7,15,A01
200900032143,0,37,001,00,2,1,01,B02
200900032144,0,38,052,03,0,2,01,A01
200900032145,0,10,000,02,0,3,14,A01
200900032146,0,07,000,08,0,2,01,A01
200900032147,0,07,000,00,1,2,01,A01
200900032148,0,07,000,13,0,7,01,A01
200900032149,0,07,000,13,0,2,01,A01
200900032150,0,07,000,02,0,2,01,A01
200900032151,0,02,000,13,0,1,01,A01
200900032152,0,07,000,00,1,3,01,A01
200900032153,0,07,000,13,0,9,01,A01
200900032154,0,30,000,06,0,1,01,A01
200900032155,0,07,000,16,0,9,01,A01
200900032156,0,07,000,16,0,9,14,A01
200900032157,0,07,000,00,2,6,01,A01
200900032157,0,07,000,00,2,2,01,B02
200900032158,0,07,000,00,2,1,01,B02
200900032158,0,02,000,00,2,1,01,A01
200900032158,0,07,000,00,2,3,01,C03
200900032159,0,07,000,00,2,1,01,B02
200900032159,0,14,000,00,2,3,01,A01
200900032160,0,07,000,03,0,2,14,A01
200900032161,0,07,000,00,2,3,14,A01
200900032161,0,10,000,00,2,3,03,B02
200900032162,0,07,000,00,9,8,22,A01
200900032162,0,01,000,01,0,1,01,B01
200900032163,0,15,000,00,2,5,01,B01
200900032163,0,34,000,00,2,8,09,A01
200900032164,0,30,000,00,2,1,01,B01