Num_Acc,senc,catv,occutc,obs,obsm,choc,manv,num_veh
200900032164,0,07,000,00,2,3,15,A01
200900032165,0,07,000,13,0,1,01,A01
200900032166,0,33,000,00,2,1,01,A01
200900032166,0,07,000,00,2,3,15,B02
200900032167,0,07,000,00,2,1,01,A01
200900032167,0,07,000,00,2,1,05,B02
200900032168,0,07,000,13,0,1,01,A01
200900032169,0,07,000,00,2,1,01,B01
200900032169,0,07,000,00,2,7,15,A01
200900032170,0,07,000,00,1,3,01,A01
200900032171,0,33,000,06,0,1,00,A01
200900032172,0,02,000,00,2,6,02,A01
200900032172,0,10,000,00,2,2,02,B01
200900032173,0,07,000,00,2,1,01,A01
200900032173,0,01,000,00,2,7,19,B01
200900032174,0,07,000,00,0,1,00,A01
200900032175,0,37,002,00,1,7,16,A01
200900032176,0,07,000,00,0,3,09,A01
200900032176,0,33,000,00,0,1,01,B01
200900032177,0,07,000,00,2,2,01,A01
200900032177,0,07,000,00,2,1,01,B01
200900032178,0,07,000,00,1,7,01,A01
200900032179,0,01,000,00,2,1,01,A01
200900032179,0,07,000,00,0,7,16,B01
200900032180,0,07,000,16,0,1,01,A01
200900032181,0,02,000,00,0,8,01,B02
200900032181,0,07,000,00,2,1,01,A01
200900032182,0,33,000,00,0,9,01,A01
200900032183,0,07,000,00,9,1,02,A01
200900032183,0,01,000,00,2,4,02,B02
200900032184,0,07,000,13,0,1,01,A01
200900032185,0,07,000,00,2,1,17,A01
200900032185,0,07,000,00,2,1,01,B02
200900032186,0,33,000,00,0,7,16,A01
200900032187,0,02,000,00,2,6,15,A01
200900032187,0,07,000,00,2,3,16,B02
200900032188,0,07,000,00,2,3,00,B02
200900032188,0,07,000,00,2,3,00,A01
200900032189,0,07,000,00,0,6,02,A01
200900032189,0,33,000,00,2,1,02,B02
200900032190,0,17,000,00,2,2,13,A01
200900032190,0,14,000,00,2,7,21,B02
200900032191,0,07,000,00,2,8,01,A01
200900032191,0,07,000,00,2,1,09,B02
200900032192,0,32,000,00,2,2,01,B02
200900032192,0,07,000,00,2,3,20,A01
200900032193,0,31,000,00,0,0,13,A01
200900032193,0,07,000,00,2,3,01,B02
200900032194,0,07,000,11,0,1,16,A01
200900032195,0,10,000,00,2,3,09,B02
200900032195,0,07,000,00,2,2,01,A01
200900032196,0,17,000,00,2,3,01,B02
200900032196,0,07,000,00,2,3,13,A01
200900032197,0,07,000,00,0,7,16,B02
200900032197,0,33,000,01,2,3,18,A01
200900032198,0,07,000,00,0,9,01,A01
200900032199,0,07,000,00,0,4,09,B02
200900032199,0,07,000,00,2,1,02,A01
200900032200,0,07,000,00,1,1,01,A01
200900032201,0,07,000,00,2,3,01,B01
200900032201,1,07,000,00,2,3,13,Z01
200900032202,0,07,000,00,2,2,01,B01
200900032202,0,07,000,00,2,1,01,A01
200900032203,0,37,020,00,1,7,01,B01
200900032204,0,07,000,00,2,7,13,A01
200900032204,0,07,000,00,2,2,01,B01
200900032205,0,07,000,00,2,3,01,B01
200900032205,0,07,000,00,2,2,10,A01
200900032206,0,07,000,08,0,9,01,A01
200900032207,0,30,000,00,2,3,13,A01
200900032207,0,07,000,00,2,3,01,B01
200900032208,0,33,000,00,2,1,01,B01
200900032208,1,07,000,00,2,1,15,A01
200900032209,0,30,000,08,0,1,14,A01
200900032210,0,07,000,00,2,1,13,A01
200900032210,0,15,000,00,2,3,01,B01
200900032211,0,33,000,00,2,1,17,A01
200900032211,0,07,000,00,2,3,15,B01
200900032212,0,02,000,00,2,1,17,A01
200900032212,0,07,000,00,2,3,01,B01
200900032213,0,07,000,00,1,1,01,A01
200900032213,0,07,000,15,0,1,01,C01
200900032213,0,14,000,00,2,0,01,B01
200900032214,0,07,000,07,0,8,01,A01
200900032215,0,07,000,00,2,2,13,A01
200900032215,0,07,000,00,2,3,01,B01
200900032216,0,07,000,00,2,3,15,A01
200900032216,0,30,000,00,2,1,17,B01
200900032217,0,07,000,00,2,2,01,A01
200900032217,0,07,000,00,2,8,01,B01
200900032218,0,30,000,00,2,1,01,B01
200900032218,0,07,000,00,2,2,15,A01
200900032219,0,07,000,00,2,4,01,B01
200900032219,1,07,000,07,2,1,02,A01
200900032220,0,07,000,00,2,1,01,A01
200900032220,0,07,000,00,2,4,01,B01
200900032221,0,07,000,06,2,7,17,B01
200900032221,0,07,000,00,2,8,15,A01
200900032222,0,02,000,00,2,8,13,A01
200900032222,0,10,000,00,2,8,01,B01
200900032223,0,07,000,01,1,3,13,A01
200900032224,0,02,000,00,5,1,01,A01
200900032225,0,07,000,00,0,1,13,B01
200900032225,0,07,000,00,0,1,01,A01
200900032226,0,10,000,00,2,7,15,A01
200900032226,0,33,000,00,2,1,01,B01
200900032227,0,07,000,00,2,1,02,A01
200900032227,0,10,000,00,0,4,15,B01
200900032228,0,02,000,00,2,1,01,B02
200900032228,0,07,000,00,2,3,10,A01
200900032229,0,10,000,00,2,3,00,A01
200900032229,0,30,000,00,2,1,00,B02
200900032230,0,07,000,00,2,2,01,B02
200900032230,0,07,000,00,0,1,15,A01
200900032231,0,07,000,00,2,3,09,A01
200900032231,0,02,000,00,2,1,01,B02
200900032232,0,07,000,06,0,2,01,A01
200900032233,0,10,000,00,0,7,15,A01
200900032233,0,33,000,00,2,1,01,B02
200900032234,0,30,000,00,2,1,00,A01
200900032234,0,07,000,00,2,3,13,B02
200900032235,0,07,000,00,2,8,01,B02
200900032235,0,17,000,00,2,7,12,A01
200900032236,0,07,000,00,2,3,01,A01
200900032236,0,02,000,00,2,8,15,B02
200900032237,0,07,000,15,0,8,01,A01
200900032238,0,07,000,00,2,7,01,A01
200900032238,0,07,000,00,2,1,01,B02
200900032239,0,07,000,06,0,2,00,A01
200900032240,0,07,000,00,2,2,01,B02
200900032240,0,07,000,00,2,7,13,A01
200900032241,0,17,000,00,2,8,01,B01
200900032241,0,30,000,00,2,7,14,A02
200900032242,0,10,000,00,2,3,13,A01
200900032242,0,38,028,00,2,3,01,B02
200900032243,0,17,000,13,0,1,14,A01
200900032244,0,07,000,00,2,3,19,A01
200900032244,0,07,000,00,2,7,01,B02
200900032245,0,07,000,13,0,1,14,A01
200900032246,0,15,000,00,0,4,01,B02
200900032246,0,07,000,00,0,1,01,A01
200900032247,0,07,000,16,0,9,13,A01
200900032248,0,07,000,00,9,2,01,B02
200900032248,0,17,000,03,0,2,14,A01
200900032249,0,07,000,00,2,1,13,A01
200900032249,0,15,000,00,2,1,01,B02
200900032250,0,02,000,00,2,1,17,B01
200900032250,0,07,000,00,2,8,15,A01
200900032251,0,07,000,00,2,8,15,B01
200900032251,0,07,000,00,2,1,01,A01
200900032252,0,07,000,00,2,8,10,A01
200900032252,0,33,000,00,2,1,01,B01
200900032253,0,15,000,00,2,3,01,B01
200900032253,0,37,002,00,2,1,01,A01
200900032254,0,33,000,00,1,1,01,A01
200900032255,0,31,000,00,2,4,02,B01
200900032255,0,07,000,00,0,6,10,A01
200900032256,0,07,000,00,1,2,01,A01
200900032257,0,07,000,00,1,1,01,A01
200900032258,0,33,000,04,0,9,01,A01
200900032259,0,07,000,00,0,6,00,C01
200900032259,0,07,000,00,0,7,00,B01
200900032259,0,01,000,00,2,0,00,A01
200900032260,0,30,000,03,0,0,00,A01
200900032261,0,33,000,00,2,2,02,A01
200900032261,0,07,000,00,0,6,02,B01
200900032262,0,07,000,00,1,2,01,A01
200900032263,0,07,000,00,1,1,01,A01
200900032264,0,07,000,00,2,2,05,A01
200900032264,0,07,000,15,2,5,01,B01
200900032265,0,07,000,11,2,1,01,A01
200900032265,0,07,000,15,2,3,01,B01
200900032266,0,30,000,07,0,8,13,A01
200900032267,0,07,000,00,2,4,23,D01
200900032267,0,07,000,00,2,4,23,C01
200900032267,0,07,000,00,2,1,02,A01
200900032267,0,07,000,00,2,4,23,B01
200900032268,0,34,000,00,0,0,21,A01
200900032269,0,32,000,00,1,8,01,A01
200900032270,0,13,000,00,1,2,01,A01
200900032271,0,30,000,00,2,4,02,A01
200900032271,1,07,000,00,2,0,02,Z01
200900032272,0,07,000,00,2,2,09,A01
200900032272,0,33,000,00,2,8,01,B01
200900032273,0,07,000,04,0,1,14,A01
200900032274,0,02,000,00,2,1,02,A01
200900032274,0,02,000,00,2,4,23,B01
200900032275,0,07,000,00,1,4,04,A01
200900032276,0,07,000,00,2,3,15,B01
200900032276,0,02,000,00,2,2,17,A01
200900032277,1,30,000,00,2,0,17,Z01
200900032277,0,07,000,00,2,3,15,A01
200900032278,0,31,000,00,0,7,21,A01
200900032279,0,32,000,00,2,1,02,A01
200900032279,0,07,000,00,2,4,23,B01
200900032280,0,10,000,00,1,3,01,A01
200900032281,0,32,000,00,1,3,01,A01
200900032282,0,07,000,00,2,3,01,B01
200900032282,0,32,000,00,2,1,13,A01
200900032283,0,30,000,00,2,3,01,B01
200900032283,0,07,000,00,2,3,15,A01
200900032284,0,01,000,00,1,1,01,A01
200900032285,0,30,000,00,0,0,01,A01
200900032286,0,10,000,00,1,1,01,A01
200900032287,0,32,000,00,2,8,03,A01
200900032287,1,10,000,00,2,5,14,Z01
200900032288,0,30,000,00,0,0,01,A01
200900032289,0,07,000,00,1,2,01,A01
200900032290,0,07,000,00,2,6,01,C01
200900032290,0,30,000,00,2,1,17,B01
200900032290,0,03,000,00,2,6,04,A01
200900032291,0,07,000,00,1,1,01,A01
200900032292,0,07,000,00,2,4,23,B01
200900032292,0,30,000,00,2,1,13,A01
200900032293,0,31,000,00,2,7,01,B01
200900032293,0,07,000,00,2,3,15,A01
200900032294,0,07,000,00,2,7,01,A01
200900032294,0,30,000,00,2,8,01,B01
200900032295,0,07,000,00,1,2,01,A01
200900032296,1,07,000,00,1,4,04,Z01
200900032297,0,07,000,00,2,4,02,C01
200900032297,0,10,000,00,2,1,02,A01
200900032297,0,07,000,00,2,4,02,D01
200900032297,0,07,000,00,2,4,02,B01
200900032298,0,01,000,00,5,1,01,A01
200900032299,0,07,000,00,2,4,23,C01
200900032299,0,07,000,00,2,2,02,A01
200900032299,0,07,000,00,2,6,02,B01
200900032300,0,02,000,00,1,1,01,A01
200900032301,0,34,000,00,1,0,01,A01
200900032302,0,32,000,00,2,1,01,A01
200900032302,1,30,000,00,2,0,15,Z01
200900032303,0,01,000,00,2,6,01,A01
200900032303,1,07,000,00,2,6,01,Z01
200900032304,0,07,000,00,2,2,01,A01
200900032304,0,33,000,00,2,3,01,B01
200900032305,0,07,000,00,1,5,04,A01
200900032306,0,33,000,00,2,1,01,B01
200900032306,0,07,000,00,2,1,15,A01
200900032307,1,07,000,00,2,5,16,Z01
200900032307,0,30,000,00,2,1,01,A01
200900032308,0,07,000,00,2,7,12,A01
200900032308,0,34,000,00,2,8,07,B01
200900032309,0,07,000,00,2,8,09,A01
200900032309,0,30,000,00,2,1,01,B01
200900032310,0,02,000,00,1,1,03,A01
200900032311,0,30,000,00,1,1,01,A01
200900032312,0,07,000,00,2,3,01,B01
200900032312,0,30,000,00,2,2,01,A01
200900032313,0,01,000,00,2,2,01,A01
200900032313,0,10,000,00,2,8,23,B01
200900032314,0,07,000,00,2,3,15,A01
200900032314,0,32,000,00,2,1,17,B01
200900032315,0,07,000,00,2,9,23,B01
200900032315,0,07,000,00,2,4,23,C01
200900032315,0,07,000,00,2,1,02,A01
200900032316,0,07,000,00,2,1,02,A01
200900032316,0,07,000,00,2,4,02,B01
200900032317,0,33,000,00,1,3,01,A01
200900032318,0,07,000,01,0,1,14,A01
200900032319,1,07,000,00,1,0,15,Z01
200900032320,0,30,000,00,2,3,16,A01
200900032320,1,14,000,00,2,3,24,Z01
200900032321,0,02,000,00,1,7,01,A01
200900032322,0,31,000,00,2,0,01,B01
200900032322,0,07,000,00,2,7,15,A01
200900032323,0,01,000,00,2,6,23,B01
200900032323,0,02,000,00,2,1,07,A01
200900032324,0,30,000,00,1,1,17,A01
200900032325,0,31,000,00,2,5,14,A01
200900032325,0,07,000,00,2,5,01,B01
200900032326,0,07,000,00,2,4,02,B01
200900032326,0,38,016,00,2,4,02,A01
200900032327,0,07,000,00,2,4,02,B01
200900032327,0,07,000,00,2,5,02,C01
200900032327,0,10,000,00,2,1,02,A01
200900032328,0,17,000,00,2,2,12,A01
200900032328,0,07,000,04,2,8,01,B01
200900032329,0,33,000,00,2,9,01,B01
200900032329,0,07,000,00,2,4,04,A01
200900032330,0,33,000,00,2,1,03,A01
200900032330,0,10,000,00,2,5,01,B01
200900032331,0,14,000,00,2,3,01,B01
200900032331,0,30,000,00,2,2,01,A01
200900032332,0,37,012,00,1,1,01,A01
200900032333,0,30,000,00,2,1,18,A01
200900032333,0,07,000,00,2,3,22,B01
200900032334,0,07,000,00,1,2,01,A01
200900032335,0,07,000,00,2,1,02,A01
200900032335,0,30,000,00,2,4,02,B01
200900032336,0,30,000,00,2,4,10,A01
200900032336,0,33,000,08,2,6,02,B01
200900032337,0,07,000,00,1,3,01,A01
200900032338,0,33,000,00,2,1,21,A01
200900032338,0,10,000,00,2,6,01,B01
200900032339,0,02,000,00,0,1,01,A01
200900032340,0,07,000,00,2,0,14,A01
200900032340,0,30,000,01,2,1,01,B01
200900032341,0,01,000,00,2,8,01,A01
200900032341,0,07,000,00,2,2,15,B01
200900032342,0,33,000,00,2,3,18,A01
200900032342,0,07,000,00,2,2,01,B01
200900032343,0,07,000,00,1,4,20,A01
200900032344,0,32,000,00,2,1,02,A01
200900032344,0,07,000,00,2,6,23,B01
200900032345,0,33,000,00,0,7,12,A01
200900032346,0,30,000,04,0,0,14,A01
200900032347,0,07,000,00,2,3,09,A01
200900032347,0,30,000,00,2,3,01,B01
200900032348,0,30,000,00,0,0,07,A01
200900032349,0,10,000,00,1,4,20,A01
200900032350,0,07,000,00,1,3,07,A01
200900032351,1,14,000,00,1,0,01,Z01
200900032352,0,33,000,00,2,3,01,B01
200900032352,0,07,000,00,2,2,16,A01
200900032353,0,07,000,00,2,5,22,B01
200900032353,0,34,000,00,2,1,18,A01
200900032354,0,01,000,00,1,1,07,A01
200900032355,0,33,000,00,2,7,16,B01
200900032355,0,02,000,01,2,8,18,A01
200900032356,0,30,000,00,2,1,01,B01
200900032356,0,07,000,00,2,2,15,A01
200900032357,0,07,000,00,2,2,21,A01
200900032357,0,01,000,00,2,3,07,B01
200900032358,0,07,000,00,2,1,02,A01
200900032358,0,07,000,00,2,6,02,B01
200900032358,0,07,000,00,2,4,02,C01
200900032359,0,10,000,00,2,7,17,A01
200900032359,0,32,000,00,2,8,01,B01
200900032360,1,07,000,00,1,1,01,Z01
200900032361,0,30,000,00,1,1,01,A01
200900032362,0,07,000,00,1,2,01,A01
200900032363,0,10,000,00,2,6,23,C01
200900032363,0,34,000,00,2,7,03,A01
200900032363,0,07,000,00,2,8,01,B01
200900032364,0,07,000,00,2,7,16,B01
200900032364,0,32,000,00,2,1,07,A01
200900032365,0,01,000,00,2,1,01,B01
200900032365,0,10,000,00,2,3,01,A01
200900032366,0,31,000,00,2,1,01,B01
200900032366,0,07,000,00,2,6,09,A01
200900032367,0,33,000,00,2,0,23,A01
200900032367,1,10,000,00,2,0,02,Z01
200900032368,0,07,000,00,2,1,02,A01
200900032368,0,07,000,00,2,4,23,D01
200900032368,0,07,000,00,2,1,02,C01
200900032368,0,07,000,00,2,4,23,B01
200900032369,0,34,000,00,0,7,21,A01
200900032370,0,07,000,00,2,3,13,A01
200900032370,0,01,000,00,2,2,01,B01
200900032371,0,02,000,00,2,0,18,A01
200900032371,0,07,000,00,2,0,22,B01
200900032372,0,07,000,00,1,3,01,A01
200900032373,0,07,000,00,1,3,01,A01
200900032374,0,31,000,00,0,8,21,A01
200900032375,0,01,000,00,2,0,01,A01
200900032375,1,10,000,00,2,0,14,Z01
200900032375,0,07,000,00,2,0,01,B01
200900032376,0,07,000,00,2,8,01,B01
200900032376,0,33,000,00,2,8,13,A01
200900032377,0,15,000,00,2,7,01,B01
200900032377,0,07,000,01,2,8,23,C01
200900032377,0,10,000,00,2,8,09,A01
200900032378,0,10,000,00,1,3,01,A01
200900032379,0,02,000,00,0,0,21,A01
200900032380,0,07,000,00,1,5,20,A01
200900032381,0,10,000,00,1,4,20,A01
200900032382,0,01,000,00,2,1,01,A01
200900032382,1,07,000,00,2,1,01,Z01
200900032383,0,17,000,00,2,6,23,A01
200900032383,0,33,000,00,2,6,18,B01
200900032384,0,30,000,00,0,0,21,A01
200900032385,0,10,000,00,2,0,13,B01
200900032385,0,34,000,01,2,3,17,A01
200900032386,0,31,000,00,2,3,01,B01
200900032386,0,07,000,00,2,2,10,A01
200900032387,1,33,000,00,1,0,01,Z01
200900032388,0,33,000,00,2,2,16,A01
200900032388,0,07,000,00,2,3,07,B01
200900032389,1,07,000,00,2,5,02,Z01
200900032389,0,02,000,00,2,1,02,A01
200900032390,0,30,000,00,2,1,17,B01
200900032390,0,07,000,00,2,6,22,A01
200900032391,0,31,000,00,0,8,01,A01
200900032392,0,07,000,00,2,3,05,A01
200900032392,0,01,000,00,2,1,07,B01
200900032393,0,07,000,00,2,3,09,B01
200900032393,0,32,000,00,2,0,15,A01
200900032394,0,10,000,00,2,6,11,A01
200900032394,0,32,000,00,2,2,03,B01
200900032395,0,33,000,00,1,2,01,A01
200900032396,0,34,000,00,1,8,01,A01
200900032397,0,01,000,00,1,1,07,A01
200900032398,0,07,000,00,1,2,01,A01
200900032399,0,07,000,00,2,2,15,A01
200900032399,0,30,000,01,2,6,01,B01
200900032400,0,07,000,00,2,6,23,C01
200900032400,0,01,000,00,2,1,17,A01
200900032400,0,02,000,00,2,1,01,B01
200900032401,1,07,000,00,2,7,14,Z01
200900032401,0,02,000,00,2,3,01,A01
200900032402,0,07,000,00,2,2,17,B01
200900032402,0,30,000,00,2,1,15,A01
200900032403,0,07,000,00,1,2,01,A01
200900032404,0,37,001,00,1,2,07,A01
200900032405,0,33,000,00,1,1,01,A01
200900032406,0,07,000,00,0,3,23,A01
200900032406,1,07,000,00,2,3,01,Z01
200900032407,0,07,000,00,0,1,17,A01
200900032408,2,07,000,01,0,6,01,Z01
200900032408,0,07,000,00,2,6,23,A01
200900032409,2,07,000,00,0,5,10,Z01
200900032409,0,07,000,07,0,1,01,A01
200900032410,0,07,000,00,1,2,01,A01
200900032411,0,30,000,00,0,0,01,A01
200900032412,0,07,000,00,2,1,02,A01
200900032412,0,07,000,00,2,4,02,C01
200900032412,0,07,000,00,2,4,02,B01
200900032413,0,07,000,00,1,7,01,A01
200900032414,0,32,000,00,2,2,01,A01
200900032414,0,32,000,00,2,3,23,B01
200900032415,0,31,000,00,2,7,14,A01
200900032415,0,30,000,00,2,8,01,B01
200900032416,0,34,000,00,0,7,01,B01
200900032416,0,07,000,00,2,2,09,A01
200900032417,0,07,000,00,2,3,10,A01
200900032417,0,31,000,00,2,3,01,B01
200900032418,0,32,000,01,0,1,01,A01
200900032419,0,07,000,00,1,3,01,A01
200900032420,0,07,000,00,2,8,15,A01
200900032420,0,32,000,00,2,1,17,B01
200900032421,0,07,000,00,2,8,15,B01
200900032421,0,32,000,00,2,1,17,A01
200900032422,0,10,000,00,0,8,22,A01
200900032422,0,02,000,01,0,2,01,B01
200900032423,0,07,000,00,0,5,01,A01
200900032423,0,32,000,00,2,1,18,B01
200900032424,0,07,000,00,0,2,01,A01
200900032424,0,07,000,00,2,6,01,B01
200900032425,0,33,000,00,2,1,01,A01
200900032425,0,07,000,00,2,4,23,B01
200900032426,0,07,000,00,2,1,10,B01
200900032426,0,02,000,00,2,7,01,A01
200900032427,0,30,000,00,1,2,01,A01
200900032428,0,02,000,00,0,8,01,A01
200900032429,0,07,000,00,1,2,01,A01
200900032430,0,07,000,00,1,1,01,A01
200900032431,0,32,000,00,0,7,01,A01
200900032432,0,10,000,00,2,5,15,A01
200900032432,0,32,000,00,2,1,01,B01
200900032433,0,32,000,00,0,8,03,A01
200900032434,0,02,000,00,0,7,01,A01
200900032435,0,07,000,00,0,0,11,A01
200900032435,0,32,000,00,0,7,01,B01
200900032436,0,30,000,00,1,1,05,A01
200900032437,0,30,000,00,1,1,01,A01
200900032438,0,07,000,00,0,8,15,A01
200900032438,0,30,000,00,2,1,01,B01
200900032439,0,07,000,00,1,8,22,A01
200900032439,0,01,000,00,2,0,01,B01
200900032440,0,07,000,00,0,1,15,A01
200900032440,0,33,000,00,2,3,01,B01
200900032441,0,07,000,14,2,2,01,A01
200900032441,0,07,000,00,2,1,01,B01
200900032442,0,01,000,00,0,8,01,A01
200900032443,0,07,000,00,2,3,15,A01
200900032443,0,30,000,00,2,1,01,B01
200900032444,0,30,000,14,0,0,12,A01
200900032445,0,02,000,01,0,9,14,A01
200900032446,0,30,000,00,2,1,01,A01
200900032446,0,07,000,00,2,3,15,B01
200900032447,0,07,000,00,2,4,02,C01
200900032447,0,10,000,00,2,1,02,D01
200900032447,0,07,000,00,2,4,02,B01
200900032447,0,07,000,00,2,1,02,A01
200900032448,0,02,000,14,0,8,13,A01
200900032449,0,32,000,00,1,1,14,A01
200900032450,0,32,000,00,2,2,01,B01
200900032450,0,07,000,00,2,7,16,A01
200900032451,0,07,000,00,1,2,01,A01
200900032452,0,33,000,00,2,1,02,C01
200900032452,0,14,000,00,2,2,12,A01
200900032452,0,07,000,00,2,6,02,B01
200900032453,0,07,000,00,1,1,15,A01
200900032454,0,07,000,00,2,1,23,B01
200900032454,0,33,000,00,2,1,17,A01
200900032455,0,30,000,08,0,0,14,A01
200900032456,0,10,000,00,1,2,01,A01
200900032457,0,02,000,00,1,1,01,A01
200900032458,0,07,000,00,2,3,15,A01
200900032458,0,32,000,00,2,1,01,B01
200900032459,0,30,000,00,2,1,17,A01
200900032459,0,07,000,00,2,6,15,B01
200900032460,0,07,000,00,2,8,10,B01
200900032460,0,34,000,00,2,8,01,A01
200900032461,0,07,000,00,2,3,15,B01
200900032461,0,34,000,00,2,1,05,A01
200900032462,0,30,000,00,2,0,18,A01
200900032462,0,10,000,00,2,5,16,B01
200900032463,0,07,000,00,1,1,01,A01
200900032464,0,30,000,00,2,1,17,A01
200900032464,0,10,000,00,2,8,09,B01
200900032465,1,30,000,00,1,0,01,Z01
200900032466,0,07,000,00,1,4,04,A01
200900032467,1,37,000,00,1,0,01,Z01
200900032468,0,07,000,00,2,3,13,A01
200900032468,0,34,000,00,2,2,17,B01
200900032469,0,01,000,00,2,1,17,A01
200900032469,0,34,000,00,2,3,23,B01
200900032470,0,30,000,00,2,1,01,B01
200900032470,0,07,000,00,2,3,10,A01
200900032471,0,02,000,00,2,7,17,A01
200900032471,0,07,000,00,2,8,01,B01
200900032472,0,32,000,00,1,2,01,A01
200900032473,0,07,000,01,1,0,01,A01
200900032474,0,32,000,00,1,3,17,A01
200900032475,0,31,000,00,2,1,01,A01
200900032475,0,07,000,00,2,6,11,B01
200900032476,0,02,000,00,1,1,01,A01
200900032477,0,07,000,00,1,2,01,A01
200900032478,0,30,000,00,1,3,01,A01
200900032479,0,02,000,00,1,1,01,A01
200900032480,0,07,000,00,2,6,15,A01
200900032480,0,30,000,00,2,2,17,B01
200900032481,0,07,000,00,1,4,04,A01
200900032482,0,30,000,00,2,2,17,A01
200900032482,0,07,000,00,2,1,15,B01
200900032483,0,01,000,00,0,0,01,A01
200900032484,0,07,000,00,2,8,01,B01
200900032484,0,07,000,00,2,1,01,A01
200900032485,0,07,000,00,1,2,01,A01
200900032486,0,07,000,00,2,2,10,A01
200900032486,0,32,000,00,2,8,01,B01
200900032487,0,31,000,00,0,8,03,A01
200900032487,0,10,000,00,2,7,12,B01
200900032488,0,07,000,00,2,3,09,A01
200900032488,0,30,000,00,2,1,01,B01
200900032489,0,33,000,00,2,1,03,A01
200900032489,0,33,000,00,0,4,03,B01
200900032490,0,07,000,00,1,1,00,A01
200900032491,0,32,000,00,0,0,00,A01
200900032492,0,33,000,14,0,1,21,A01
200900032493,0,07,000,00,1,3,16,A01
200900032494,0,07,000,00,2,5,01,B01
200900032494,0,14,000,00,2,0,01,C01
200900032494,0,31,000,00,2,7,03,A01
200900032495,0,07,000,00,0,3,10,A01
200900032495,0,32,000,00,2,1,17,B01
200900032496,0,07,000,00,2,1,01,A01
200900032496,0,07,000,00,0,4,23,B01
200900032497,0,10,000,00,2,1,01,A01
200900032497,0,37,020,00,2,4,23,B01
200900032498,0,30,000,00,0,0,01,A01
200900032499,1,07,000,00,2,5,12,Z01
200900032499,0,33,000,00,2,1,01,A01
200900032500,0,30,000,00,2,4,01,A01
200900032500,1,07,000,00,2,1,01,Z01
200900032501,0,33,000,00,0,8,01,A01
200900032502,0,07,000,00,2,3,01,A01
200900032502,0,07,000,04,2,2,01,D01
200900032502,0,15,000,00,0,0,01,B01
200900032502,0,33,000,00,2,9,03,C01
200900032503,0,07,000,00,2,5,23,A01
200900032503,0,32,000,00,2,1,18,B01
200900032504,0,31,000,00,0,1,03,B01
200900032504,1,07,000,00,0,0,12,A01
200900032505,0,10,000,00,2,1,01,A01
200900032505,0,02,000,00,2,8,01,B01
200900032506,0,30,000,00,0,0,21,A01
200900032507,0,07,000,12,0,6,13,A01
200900032508,0,07,000,07,0,1,14,A01
200900032509,0,07,000,00,2,1,02,A01
200900032509,0,07,000,00,2,4,23,B01
200900032510,0,07,000,00,1,2,01,A01
200900032511,0,32,000,00,2,2,01,A01
200900032511,0,07,000,00,2,3,15,B01
200900032512,0,02,000,00,0,0,01,A01
200900032513,0,07,000,11,0,1,14,A01
200900032514,0,32,000,00,1,1,01,A01
200900032515,0,31,000,01,0,1,14,A01
200900032516,0,02,000,11,0,0,13,A01
200900032517,0,07,000,00,2,1,02,A01
200900032517,0,32,000,00,2,4,02,B01
200900032518,0,07,000,15,0,1,18,A01
200900032519,0,38,001,00,1,5,01,A01
200900032520,0,01,000,00,2,4,02,A01
200900032520,0,01,000,00,2,1,02,B01
200900032521,0,07,000,00,1,4,04,A01
200900032522,0,07,000,00,2,1,01,A01
200900032522,0,07,000,00,2,8,09,B01
200900032523,0,07,000,00,1,1,01,A01
200900032524,0,07,000,00,2,3,02,D01
200900032524,0,07,000,00,2,8,02,B01
200900032524,0,07,000,00,2,3,02,C01
200900032524,0,07,000,00,2,3,13,A01
200900032525,0,07,000,00,2,6,11,B01
200900032525,0,30,000,00,2,1,01,A01
200900032526,0,07,000,00,2,1,02,A01
200900032526,0,07,000,00,2,4,02,B01
200900032527,0,32,000,00,2,3,01,B01
200900032527,0,03,000,00,2,2,16,A01
200900032528,0,01,000,00,0,0,07,A01
200900032529,0,07,000,00,2,8,15,A01
200900032529,0,02,000,00,2,7,17,B01
200900032530,0,30,000,12,0,1,14,A01
200900032531,0,30,000,00,0,8,01,A01
200900032532,0,02,000,00,2,0,02,C01
200900032532,0,02,000,00,2,8,02,A01
200900032532,0,34,000,00,2,8,02,B01
200900032533,0,07,000,11,0,1,13,A01
200900032534,0,07,000,00,2,4,02,B01
200900032534,0,30,000,00,2,1,02,A01
200900032535,0,32,000,00,2,1,05,B01
200900032535,0,07,000,00,2,8,10,A01
200900032536,0,01,000,00,1,1,01,A01
200900032537,0,34,000,00,0,7,21,A01
200900032538,0,10,000,00,2,0,15,A01
200900032538,0,32,000,00,2,0,01,B01
200900032539,0,07,000,00,2,7,12,A01
200900032539,0,01,000,00,2,6,01,B01
200900032540,0,31,000,00,1,8,17,A01
200900032541,0,33,000,00,2,1,02,A01
200900032541,0,07,000,00,2,4,02,B01
200900032542,1,10,000,00,1,4,04,Z01
200900032543,0,37,000,00,1,2,07,A01
200900032544,0,31,000,00,1,2,17,A01
200900032545,0,32,000,00,2,3,02,B01
200900032545,0,07,000,00,2,2,01,C01
200900032545,0,31,000,00,2,4,02,A01
200900032546,0,10,000,00,2,3,15,B01
200900032546,0,30,000,00,2,1,01,A01
200900032547,0,33,000,00,0,0,21,A01