Num_Acc,senc,catv,occutc,obs,obsm,choc,manv,num_veh
200900033696,0,17,000,00,2,3,01,B02
200900033696,0,07,000,00,2,3,13,A01
200900033697,0,07,000,00,2,1,19,A01
200900033697,0,07,000,00,2,1,01,B02
200900033698,0,07,000,00,0,1,01,A01
200900033699,0,07,000,00,2,1,01,B02
200900033699,0,07,000,00,2,1,15,A01
200900033700,0,17,000,00,2,7,14,A01
200900033700,0,07,000,00,2,8,01,B02
200900033701,0,33,000,00,2,4,01,C03
200900033701,0,07,000,00,0,4,01,A01
200900033701,0,33,000,00,2,2,01,B02
200900033702,0,38,000,00,1,1,21,A01
200900033703,0,37,000,00,2,1,01,B02
200900033703,0,07,000,00,2,8,16,A01
200900033704,0,07,000,02,0,3,01,A01
200900033705,0,07,000,00,2,3,05,A01
200900033705,0,07,000,00,2,3,00,B02
200900033706,0,07,000,00,1,3,01,A01
200900033707,0,10,000,00,1,2,01,A01
200900033708,0,07,000,00,0,1,13,A01
200900033708,0,07,000,00,0,1,01,B02
200900033709,0,30,000,00,2,1,17,A01
200900033709,0,17,000,00,1,3,01,B02
200900033710,0,10,000,03,0,0,21,A01
200900033711,0,33,000,00,2,7,01,B02
200900033711,0,07,000,00,2,7,15,A01
200900033712,0,07,000,00,2,5,02,C01
200900033712,0,07,000,00,2,2,02,A01
200900033712,0,07,000,00,2,6,02,B01
200900033713,0,07,000,00,2,3,01,B02
200900033714,0,07,000,00,2,1,01,B01
200900033714,0,07,000,00,2,8,10,A01
200900033715,0,07,000,00,2,3,15,B01
200900033715,0,02,000,00,2,2,01,A01
200900033716,0,33,000,00,2,1,00,B01
200900033716,0,33,000,00,2,1,00,A01
200900033717,0,01,000,00,2,1,01,B01
200900033717,0,07,000,00,2,7,16,A01
200900033718,0,07,000,00,2,7,16,A01
200900033718,0,02,000,00,2,1,01,B01
200900033719,0,30,000,14,0,1,00,A01
200900033720,0,02,000,00,2,1,18,A01
200900033720,0,07,000,00,2,2,16,B01
200900033721,0,07,000,00,2,8,01,B01
200900033721,0,07,000,00,2,1,01,A01
200900033722,0,07,000,00,2,2,15,A01
200900033722,0,07,000,00,2,1,01,C01
200900033722,0,07,000,00,2,1,01,B01
200900033723,0,07,000,00,0,8,15,B01
200900033723,0,30,000,00,2,1,06,A01
200900033724,0,07,000,00,2,1,00,A01
200900033724,0,07,000,00,2,1,01,B01
200900033725,0,07,000,00,2,5,00,A01
200900033725,0,01,000,00,2,1,09,B01
200900033726,0,17,000,00,2,3,01,B02
200900033726,0,07,000,00,2,3,13,A01
200900033727,0,30,000,00,2,2,15,A01
200900033727,0,07,000,00,2,1,01,B01
200900033728,0,07,000,00,2,1,00,A01
200900033728,0,07,000,00,2,8,00,B01
200900033729,0,33,000,00,2,1,00,A01
200900033729,0,07,000,00,2,4,00,B01
200900033730,0,07,000,00,2,8,01,A01
200900033730,0,30,000,00,2,1,00,B01
200900033731,0,07,000,00,2,3,15,A01
200900033731,0,01,000,00,2,1,01,B01
200900033732,0,07,000,00,2,5,01,A01
200900033732,0,03,000,00,2,1,01,B01
200900033733,0,07,000,00,1,1,09,A01
200900033734,0,07,000,08,0,1,13,A01
200900033735,0,33,000,00,0,2,16,A01
200900033736,0,07,000,04,0,1,02,A01
200900033737,0,07,000,02,0,3,01,A01
200900033738,0,33,000,00,2,1,01,B02
200900033738,0,07,000,00,2,2,15,A01
200900033739,0,07,000,00,2,1,01,B02
200900033739,0,07,000,00,2,1,05,A01
200900033740,0,07,000,14,0,3,21,A01
200900033741,0,07,000,08,0,9,01,A01
200900033742,0,07,000,00,2,4,01,C03
200900033742,0,07,000,00,2,1,01,A01
200900033742,0,07,000,00,2,4,01,B02
200900033743,0,07,000,02,0,1,01,A01
200900033744,0,36,000,00,0,0,16,A01
200900033745,0,07,000,00,2,5,15,A01
200900033745,0,01,000,00,2,1,01,B02
200900033746,0,07,000,04,0,3,01,A01
200900033747,0,15,000,00,9,3,01,C03
200900033747,0,07,000,00,0,5,23,A01
200900033747,0,07,000,00,2,3,02,B02
200900033748,0,07,000,06,0,9,01,A01
200900033749,0,14,000,00,0,4,02,A01
200900033749,0,07,000,00,2,1,02,B02
200900033750,2,07,000,00,1,1,01,A01
200900033751,0,07,000,00,2,3,01,A01
200900033751,0,17,000,00,2,3,01,B02
200900033752,0,10,000,00,2,1,01,B02
200900033752,0,07,000,00,2,8,01,A01
200900033753,0,07,000,04,0,3,13,A01
200900033753,0,07,000,00,2,8,01,B02
200900033753,0,38,000,00,2,3,01,C03
200900033754,0,07,000,00,2,3,13,A01
200900033754,0,07,000,00,2,3,01,B02
200900033755,0,36,000,13,0,9,00,A01
200900033756,0,07,000,00,1,3,01,A01
200900033757,0,07,000,02,0,1,15,A01
200900033758,0,10,000,00,1,7,01,A01
200900033759,0,07,000,00,2,2,14,B02
200900033759,0,10,000,00,0,6,01,A01
200900033760,0,07,000,00,2,3,13,A01
200900033760,0,07,000,00,2,2,01,B02
200900033761,0,07,000,00,2,3,15,A01
200900033761,0,02,000,00,2,1,01,B01
200900033762,0,07,000,00,1,1,01,A01
200900033763,0,33,000,00,0,0,01,A01
200900033764,0,07,000,00,2,1,01,B01
200900033764,0,07,000,00,2,2,15,A01
200900033765,0,07,000,00,2,1,00,A01
200900033765,0,07,000,00,2,4,00,B01
200900033766,0,33,000,00,2,1,17,B02
200900033766,0,07,000,00,2,1,00,D04
200900033766,0,07,000,00,0,0,00,A01
200900033766,0,07,000,00,2,1,00,C03
200900033767,0,07,000,00,1,1,01,A01
200900033768,0,07,000,00,2,3,01,B02
200900033768,0,10,000,00,2,3,01,C03
200900033768,0,07,000,00,2,1,13,A01
200900033769,0,07,000,01,0,3,13,A01
200900033770,0,30,000,11,0,8,01,A01
200900033771,0,07,000,00,2,3,17,A01
200900033771,0,07,000,00,2,6,01,B02
200900033772,0,07,000,00,2,1,00,B02
200900033772,0,07,000,00,0,7,19,A01
200900033773,0,02,000,01,0,1,13,A01
200900033774,0,07,000,00,2,7,18,A01
200900033774,0,07,000,00,2,2,01,B02
200900033775,0,01,000,00,0,3,01,B02
200900033775,0,07,000,00,2,7,16,A01
200900033776,0,33,000,00,2,1,17,B02
200900033776,0,17,000,00,2,8,10,A01
200900033777,0,07,000,00,2,1,01,B02
200900033777,0,07,000,00,0,1,05,A01
200900033777,0,07,000,00,1,1,01,C03
200900033778,0,31,000,00,2,1,01,A01
200900033778,0,07,000,00,2,2,15,B02
200900033779,0,07,000,00,1,2,01,A01
200900033780,0,07,000,08,0,1,01,A01
200900033781,0,07,000,01,0,2,01,A01
200900033782,0,31,000,00,2,3,21,B02
200900033782,0,07,000,00,2,4,15,A01
200900033783,0,07,000,00,0,2,19,A01
200900033783,0,30,000,00,2,1,01,B02
200900033784,0,02,000,02,0,1,00,A01
200900033785,0,07,000,13,0,9,01,A01
200900033786,0,07,000,00,2,1,01,B02
200900033786,0,07,000,00,2,6,01,A01
200900033787,0,02,000,00,2,1,13,A01
200900033788,0,15,000,00,0,7,01,A01
200900033789,0,07,000,00,2,8,01,B02
200900033789,0,07,000,00,2,1,01,A01
200900033790,0,07,000,00,2,2,01,B02
200900033790,0,30,000,00,2,3,01,A01
200900033791,0,07,000,00,2,6,04,A01
200900033791,0,33,000,00,2,1,01,B02
200900033792,0,07,000,02,0,8,01,A01
200900033793,0,07,000,00,2,1,13,A01
200900033793,0,07,000,00,2,3,01,B02
200900033794,0,07,000,00,2,2,01,B02
200900033794,0,01,000,00,2,1,01,A01
200900033795,0,07,000,03,0,1,13,A01
200900033796,0,07,000,16,0,9,01,A01
200900033797,0,30,000,00,1,1,17,A01
200900033798,0,07,000,00,2,2,19,A01
200900033798,0,07,000,00,2,3,01,B02
200900033799,0,07,000,02,0,1,01,A01
200900033800,0,30,000,00,2,1,21,B02
200900033800,0,07,000,00,0,5,10,A01
200900033801,0,14,000,00,0,8,10,A01
200900033801,0,31,000,00,2,7,01,B02
200900033802,0,07,000,00,2,3,06,A01
200900033802,0,07,000,00,2,1,01,B02
200900033803,0,33,000,00,2,1,01,B02
200900033803,0,21,000,00,2,8,01,A01
200900033804,0,07,000,00,1,3,15,A01
200900033805,0,07,000,00,1,7,01,A01
200900033806,0,30,000,00,0,1,01,B02
200900033806,0,10,000,00,0,3,00,A01
200900033807,0,02,000,00,2,1,17,B02
200900033807,0,07,000,00,2,6,11,A01
200900033808,0,07,000,00,0,9,01,A01
200900033809,0,30,000,02,0,1,01,A01
200900033810,0,07,000,00,0,1,01,A01
200900033810,0,07,000,00,0,4,01,B02
200900033811,0,07,000,00,1,3,00,A01
200900033812,0,07,000,00,2,1,01,A01
200900033812,0,03,000,00,2,1,01,B01
200900033813,0,33,000,00,0,0,01,A01
200900033814,0,07,000,01,0,1,01,A01
200900033815,1,07,000,00,1,2,01,A01
200900033816,0,07,000,00,2,3,01,B01
200900033816,0,07,000,00,2,3,13,A01
200900033817,0,07,000,13,0,1,01,A01
200900033818,0,07,000,02,0,3,01,A01
200900033819,0,07,000,16,0,9,14,A01
200900033820,0,33,000,02,0,2,13,A01
200900033821,0,07,000,00,2,8,19,A01
200900033821,0,07,000,00,2,2,01,B02
200900033822,0,10,000,13,0,1,13,A01
200900033823,0,07,000,03,2,1,13,A01
200900033823,0,07,000,00,2,5,01,C03
200900033823,0,07,000,00,2,1,01,B02
200900033824,0,07,000,13,0,8,01,A01
200900033825,0,07,000,10,0,1,13,A01
200900033826,0,07,000,02,0,1,01,A01
200900033827,0,10,000,00,2,3,13,A01
200900033827,0,07,000,13,2,1,01,B01
200900033828,0,07,000,00,2,1,01,A01
200900033828,0,07,000,00,0,7,15,B01
200900033829,0,07,000,00,0,7,10,B01
200900033829,0,33,000,00,2,1,17,A01
200900033830,0,07,000,03,2,3,13,A01
200900033830,0,07,000,00,2,1,01,B02
200900033831,0,02,000,00,0,0,01,A01
200900033832,0,07,000,00,2,1,01,B02
200900033832,0,07,000,03,2,6,13,A01
200900033833,0,07,000,00,2,3,15,B02
200900033833,0,02,000,00,2,1,17,A01
200900033834,0,07,000,00,2,0,13,A01
200900033834,0,15,000,00,2,1,01,B02
200900033835,0,07,000,02,0,1,01,A01
200900033836,0,33,000,13,0,8,17,A01
200900033837,0,07,000,13,0,3,13,A01
200900033838,0,07,000,00,2,1,15,A01
200900033838,0,02,000,00,2,7,01,B02
200900033839,0,33,000,00,2,1,01,B02
200900033839,0,07,000,00,2,1,15,A01
200900033840,0,07,000,00,1,2,01,A01
200900033841,0,10,000,00,1,5,04,A01
200900033842,1,07,000,00,1,0,00,A01
200900033843,0,07,000,00,2,7,17,B02
200900033843,0,01,000,00,2,8,15,A01
200900033844,0,30,000,00,1,1,21,A01
200900033845,0,15,000,00,2,7,01,B01
200900033845,0,02,000,00,2,1,09,A01
200900033846,0,33,000,16,0,9,00,A01
200900033847,0,07,000,00,2,1,01,B01
200900033847,0,07,000,00,2,6,23,A01
200900033848,0,07,000,00,2,1,13,A01
200900033848,0,07,000,00,2,1,01,B01
200900033848,0,07,000,00,2,1,01,C01
200900033849,0,07,000,00,2,2,01,B02
200900033849,0,07,000,00,2,5,10,A01
200900033850,0,07,000,00,2,3,01,A01
200900033850,0,07,000,00,2,3,06,B02
200900033851,0,07,000,00,2,8,15,A01
200900033851,0,33,000,00,2,7,17,B02
200900033852,0,36,000,00,2,3,00,A01
200900033852,0,30,000,01,2,2,01,B02
200900033853,0,07,000,00,2,1,01,A01
200900033853,0,07,000,00,2,6,01,C03
200900033853,0,07,000,00,2,1,01,B02
200900033854,0,31,000,00,2,1,13,A01
200900033854,0,07,000,00,2,1,01,B02
200900033855,0,01,000,13,2,4,01,C03
200900033855,1,07,000,00,9,2,01,A01
200900033855,0,02,000,13,2,6,01,B02
200900033856,0,07,000,13,0,7,02,A01
200900033857,0,07,000,00,2,1,02,B01
200900033857,0,07,000,00,0,4,01,A01
200900033858,0,07,000,01,0,2,01,A01
200900033859,0,07,000,04,0,2,01,A01
200900033860,0,07,000,00,0,0,01,A01
200900033861,0,07,000,00,0,5,23,A01
200900033861,0,07,000,00,2,2,21,C01
200900033861,0,07,000,00,0,6,01,B01
200900033862,0,07,000,04,0,2,00,A01
200900033863,0,33,000,00,0,0,17,A01
200900033864,0,07,000,00,2,9,01,A01
200900033864,0,07,000,00,0,1,01,C01
200900033864,0,07,000,00,2,8,01,B01
200900033865,0,07,000,00,2,1,01,B02
200900033865,0,07,000,00,2,1,13,A01
200900033865,0,07,000,00,2,8,01,C03
200900033866,0,07,000,12,0,1,01,A01
200900033867,0,07,000,00,2,1,01,B01
200900033867,0,07,000,00,2,8,09,A01
200900033868,0,07,000,00,2,1,01,B02
200900033868,0,07,000,00,2,5,01,A01
200900033869,0,07,000,00,2,1,02,B01
200900033869,0,07,000,00,2,4,02,A01
200900033870,0,07,000,00,0,9,02,A01
200900033870,0,07,000,03,2,2,02,B01
200900033870,0,07,000,00,0,1,02,C01
200900033871,0,15,000,00,2,1,01,B01
200900033871,0,07,000,00,2,1,01,D01
200900033871,0,07,000,00,2,8,09,A01
200900033871,0,07,000,00,2,2,01,C01
200900033872,0,07,000,00,0,0,00,A01
200900033872,0,07,000,00,0,0,00,B01
200900033873,0,07,000,00,2,1,01,B01
200900033873,0,07,000,00,2,1,01,A01
200900033874,0,07,000,00,2,1,13,A01
200900033874,0,07,000,00,2,1,00,B01
200900033875,0,07,000,00,1,4,04,A01
200900033876,0,07,000,06,0,2,01,A01
200900033877,0,07,000,14,0,1,02,B01
200900033877,0,17,000,00,0,0,00,A01
200900033878,0,07,000,04,0,1,00,A01
200900033879,0,07,000,00,0,0,00,B01
200900033879,0,02,000,00,0,0,00,A01
200900033880,0,07,000,00,2,3,15,B02
200900033880,0,01,000,00,2,1,01,A01
200900033881,0,07,000,00,2,3,13,B01
200900033881,0,99,000,00,2,5,24,A01
200900033882,0,07,000,03,0,2,02,A01
200900033883,0,33,000,00,0,0,00,A01
200900033884,0,07,000,00,2,4,01,B01
200900033884,0,15,000,00,2,4,01,A01
200900033884,0,07,000,00,2,1,01,C01
200900033885,0,07,000,00,2,1,00,A01
200900033885,0,07,000,15,0,3,01,B01
200900033886,0,10,000,09,0,1,00,A01
200900033887,0,07,000,02,0,3,19,A01
200900033888,0,10,000,00,1,2,01,A01
200900033889,0,07,000,00,1,1,01,A01
200900033889,0,07,000,00,1,3,23,B01
200900033890,0,34,000,00,2,2,03,A01
200900033890,0,07,000,00,2,5,00,B01
200900033891,0,07,000,00,0,6,11,B01
200900033891,0,33,000,00,2,2,01,A01
200900033892,0,07,000,03,0,8,01,A01
200900033893,0,14,000,00,0,4,01,A01
200900033893,0,15,000,00,2,1,01,B01
200900033894,0,07,000,00,2,1,01,B02
200900033894,0,33,000,00,2,1,17,A01
200900033895,0,33,000,00,0,0,01,B01
200900033895,0,07,000,00,0,0,11,A01
200900033896,0,07,000,00,0,9,02,A01
200900033897,0,33,000,00,0,1,01,A01
200900033898,0,07,000,00,0,0,11,B01
200900033898,0,33,000,04,0,8,02,A01
200900033899,0,07,000,00,2,6,00,B01
200900033899,0,33,000,00,2,5,00,A01
200900033900,0,07,000,00,2,7,01,A01
200900033900,0,07,000,00,2,3,21,B01
200900033901,0,07,000,00,2,2,01,B01
200900033901,0,07,000,01,2,7,09,A01
200900033902,0,07,000,00,2,8,11,A01
200900033902,0,33,000,00,2,7,03,B01
200900033903,0,13,000,00,2,7,12,A01
200900033903,0,07,000,00,2,8,01,B01
200900033904,0,14,000,01,1,1,20,A01
200900033905,0,07,000,04,0,3,02,A01
200900033906,0,07,000,03,0,3,11,A01
200900033906,0,33,000,00,2,1,18,B01
200900033907,0,01,000,00,2,1,19,A01
200900033907,0,07,000,00,0,7,00,B01
200900033908,0,07,000,04,0,3,13,A01
200900033909,0,07,000,00,0,4,02,A01
200900033909,0,07,000,00,2,4,02,C01
200900033909,0,07,000,00,2,1,02,B01
200900033909,0,07,000,00,2,1,02,D01
200900033910,0,07,000,00,2,3,13,A01
200900033910,0,07,000,00,2,7,00,B01
200900033911,0,07,000,00,1,3,01,A01
200900033912,0,32,000,00,0,7,02,A01
200900033913,0,10,000,03,2,3,06,B01
200900033913,0,07,000,00,2,8,01,A01
200900033914,0,07,000,00,2,8,02,A01
200900033915,0,07,000,10,0,3,13,A01
200900033916,0,07,000,00,1,3,16,A01
200900033917,0,07,000,00,2,3,20,B01
200900033917,0,02,000,00,2,1,17,A01
200900033918,0,33,000,00,0,0,01,A01
200900033919,0,07,000,00,1,4,00,A01
200900033920,0,07,000,00,0,0,00,A01
200900033920,0,13,000,00,0,0,00,B01
200900033921,0,07,000,00,2,2,01,A01
200900033921,0,10,000,00,2,2,01,B01
200900033922,0,01,000,00,2,0,01,B01
200900033922,0,01,000,00,2,4,09,A01
200900033923,0,07,000,00,1,1,15,A01
200900033924,0,07,000,00,2,1,01,B01
200900033924,0,07,000,00,2,6,23,A01
200900033925,0,07,000,00,2,1,15,B01
200900033925,0,37,001,00,2,2,01,A01
200900033926,0,07,000,00,2,4,02,B01
200900033926,0,07,000,00,2,1,02,A01
200900033927,0,02,000,00,2,1,01,B01
200900033927,0,07,000,00,2,3,10,A01
200900033928,0,07,000,00,1,1,01,A01
200900033929,0,07,000,00,1,1,00,A01
200900033930,0,07,000,00,1,1,15,A01
200900033931,0,07,000,00,1,0,02,A01
200900033932,0,07,000,00,0,9,16,A01
200900033933,0,38,001,00,2,1,02,A01
200900033933,0,07,000,00,0,4,02,B01
200900033934,0,07,000,00,2,1,02,A01
200900033934,0,07,000,00,2,4,02,B01
200900033935,0,30,000,00,0,4,15,A01
200900033935,0,37,001,00,0,1,01,B01
200900033936,0,07,000,00,2,1,01,A01
200900033936,0,07,000,00,2,4,01,B01
200900033937,0,33,000,00,2,1,18,B01
200900033937,0,07,000,00,2,2,15,A01
200900033938,0,07,000,00,1,1,16,A01
200900033939,0,07,000,00,2,1,15,B01
200900033939,0,34,000,00,2,8,01,A01
200900033940,0,37,001,00,1,5,01,A01
200900033941,0,07,000,04,0,2,17,A01
200900033942,0,07,000,,2,1,01,B01
200900033942,0,07,000,,2,2,06,A01
200900033943,0,07,000,,2,3,15,B02
200900033943,0,07,000,,2,2,17,A01
200900033944,0,07,000,00,1,0,01,A01
200900033945,0,07,000,09,2,4,16,B01
200900033945,0,07,000,00,2,1,01,A01
200900033946,0,07,000,08,0,1,01,A01
200900033947,0,07,000,00,1,1,01,A01
200900033948,0,07,000,00,1,1,01,A01
200900033949,0,07,000,00,1,0,01,A01
200900033950,0,07,000,00,2,1,02,C01
200900033950,0,07,000,00,2,1,00,B01
200900033950,0,07,000,00,2,2,00,A01
200900033951,0,07,000,00,2,1,01,A01
200900033951,0,07,000,00,0,4,01,B01
200900033952,0,07,000,01,0,1,02,A01
200900033953,2,07,000,00,2,1,02,A01
200900033953,0,07,000,00,2,4,02,B01
200900033954,0,33,000,00,2,1,01,B01
200900033954,0,07,000,00,2,2,15,A01
200900033955,1,10,000,00,1,2,15,A01
200900033956,0,07,000,00,0,6,10,B01
200900033956,1,07,000,00,2,1,01,A01
200900033957,1,07,000,00,1,1,00,A01
200900033958,0,07,000,00,2,7,01,A01
200900033958,0,07,000,00,2,3,01,B01
200900033959,0,10,000,00,9,8,01,A01
200900033960,0,02,000,00,0,0,00,A01
200900033961,0,07,000,00,0,7,01,A01
200900033961,0,02,000,00,2,1,01,B01
200900033962,0,07,000,00,2,3,13,A01
200900033962,0,07,000,00,2,3,01,B01
200900033963,0,02,000,00,2,3,01,B01
200900033963,0,07,000,00,2,3,15,A01
200900033964,0,07,000,00,0,0,00,A01
200900033964,0,02,000,00,0,0,00,B01
200900033965,0,07,000,00,1,1,00,A01
200900033966,0,07,000,00,2,8,10,B01
200900033966,0,33,000,00,2,3,01,A01
200900033967,0,07,000,01,0,7,01,A01
200900033967,0,07,000,15,0,8,24,B01
200900033968,0,33,000,00,2,1,01,A01
200900033968,0,07,000,00,2,4,23,B01
200900033969,0,33,000,00,2,5,00,A01
200900033969,1,07,000,00,2,4,00,B01
200900033970,0,01,000,00,1,0,00,A01
200900033971,0,07,000,00,0,4,02,A01
200900033971,0,07,000,00,2,2,02,B01
200900033972,0,07,000,00,2,4,23,B01
200900033972,0,07,000,00,2,1,01,A01
200900033973,0,07,000,00,2,1,00,A01
200900033973,0,07,000,00,2,4,00,B01
200900033974,0,07,000,01,0,2,19,A01
200900033974,0,17,000,00,2,6,24,B01
200900033975,0,33,000,00,2,1,01,B01
200900033975,1,07,000,00,2,5,15,A01
200900033976,0,01,000,00,1,0,00,A01
200900033977,0,02,000,00,5,1,00,A01
200900033978,0,07,000,00,1,1,01,A01
200900033979,0,07,000,06,2,3,00,A01
200900033979,0,07,000,00,2,1,01,B01
200900033980,0,32,000,00,2,1,01,B01
200900033980,0,07,000,00,2,1,09,A01
200900033980,0,07,000,00,2,6,01,C01
200900033981,0,07,000,00,2,4,02,B01
200900033981,0,07,000,00,2,1,01,A01
200900033982,0,07,000,00,2,2,00,A01
200900033982,0,07,000,00,2,3,00,B01
200900033983,0,33,000,00,0,0,01,A01
200900033984,0,07,000,00,0,0,00,A01
200900033984,0,07,000,00,0,0,00,B01
200900033985,0,33,000,14,2,1,21,B01
200900033985,0,33,000,14,2,7,21,A01
200900033986,0,07,000,00,0,0,00,A01
200900033986,0,30,000,00,0,0,00,B01
200900033987,0,07,000,00,1,2,01,A01
200900033988,0,07,000,00,1,8,00,A01
200900033989,0,07,000,00,2,3,01,B01
200900033989,0,02,000,00,2,5,01,A01
200900033990,0,07,000,00,2,1,01,B01
200900033990,0,07,000,00,0,7,15,A01
200900033991,0,07,000,00,1,3,15,A01
200900033992,0,07,000,00,2,1,01,B01
200900033992,0,07,000,00,2,1,09,A01
200900033993,0,32,000,01,2,1,21,B01
200900033993,1,32,000,00,2,8,15,A01
200900033994,0,07,000,00,2,2,01,A01
200900033994,0,07,000,00,2,3,15,B01
200900033995,0,07,000,01,2,1,21,B01
200900033995,0,10,000,00,2,2,01,A01
200900033996,0,07,000,00,0,3,16,B01
200900033996,0,07,000,00,2,3,13,A01
200900033997,0,07,000,00,1,1,01,A01
200900033998,0,07,000,00,0,1,01,B01
200900033998,0,07,000,00,2,2,15,A01
200900033999,0,07,000,00,1,1,01,A01
200900034000,0,07,000,00,2,3,10,A01
200900034000,0,32,000,00,2,1,21,B01
200900034001,0,38,046,00,0,5,01,A01
200900034002,0,33,000,00,2,2,02,A01
200900034002,0,07,000,00,0,8,02,B01
200900034003,0,14,000,00,2,1,02,A01
200900034003,0,07,000,00,0,4,11,B01
200900034004,0,14,000,00,2,2,02,B01
200900034004,0,07,000,00,2,8,09,A01
200900034005,0,33,000,12,2,1,18,B02
200900034005,0,07,000,00,0,5,13,A01
200900034006,0,33,000,00,0,7,01,A01
200900034007,0,10,000,00,2,1,01,B02
200900034007,0,10,000,00,2,8,13,A01
200900034008,0,33,000,13,2,1,01,B01
200900034008,1,07,000,00,2,5,12,A01
200900034009,0,31,000,00,0,1,00,A01
200900034010,0,07,000,00,2,2,17,A01
200900034010,0,07,000,00,2,3,09,B01
200900034011,0,34,000,01,0,8,01,A01
200900034012,0,07,000,00,1,1,01,A01
200900034013,0,07,000,00,2,1,01,A01
200900034013,0,34,000,00,2,1,00,B01
200900034014,0,32,000,00,2,1,17,A01
200900034014,0,07,000,00,2,1,09,B01
200900034015,0,02,000,00,2,1,17,B02
200900034015,0,07,000,00,2,6,15,A01
200900034016,0,07,000,00,2,1,01,B01
200900034016,0,07,000,00,2,1,15,A01
200900034017,0,07,000,00,2,4,04,A01
200900034017,0,07,000,00,2,8,01,B01
200900034018,0,07,000,00,1,2,01,A01
200900034019,0,33,000,00,2,1,03,B01
200900034019,0,07,000,00,2,5,02,A01
200900034020,0,07,000,00,2,3,15,B01
200900034020,0,31,000,00,2,3,01,A01
200900034021,0,07,000,00,2,1,02,A01
200900034021,0,15,000,00,2,4,02,B01
200900034022,0,02,000,00,2,2,01,A01
200900034022,0,07,000,00,9,1,15,B02
200900034023,0,33,000,13,0,7,02,A01
200900034024,0,33,000,00,2,1,02,B02
200900034024,0,07,000,00,2,4,02,A01
200900034025,0,07,000,00,0,5,01,A01
200900034025,0,15,000,00,0,3,11,B02
200900034026,0,07,000,00,0,4,02,B01
200900034026,0,07,000,00,2,1,02,A01
200900034027,0,07,000,00,0,0,02,C01
200900034027,0,07,000,00,2,1,02,B01
200900034027,0,07,000,00,0,4,00,A01
200900034028,0,07,000,00,2,2,15,A01
200900034028,0,02,000,00,2,1,01,B02
200900034029,0,07,000,03,0,1,14,A01
200900034030,0,15,000,00,2,8,01,B01
200900034030,0,07,000,03,2,8,02,A01
200900034031,0,14,000,00,2,2,01,A01
200900034031,0,30,000,00,2,8,15,B02
200900034032,0,07,000,00,2,3,01,C03
200900034032,0,07,000,00,2,3,01,B02
200900034032,0,07,000,00,2,2,15,A01
200900034033,0,07,000,00,9,8,21,A01
200900034034,0,07,000,00,2,3,13,A01
200900034034,0,07,000,00,2,2,01,B02
200900034035,0,33,000,00,0,7,01,A01
200900034036,0,33,000,00,0,0,12,A01
200900034037,0,33,000,00,0,7,13,A01
200900034038,0,07,000,00,0,7,12,A01
200900034038,0,07,000,00,2,3,02,B01
200900034039,0,30,000,00,2,1,17,A01
200900034039,0,07,000,00,2,1,01,B02
200900034040,0,07,000,00,2,2,00,A01
200900034040,0,07,000,04,2,6,00,B01
200900034041,0,07,000,04,0,2,02,A01
200900034042,0,33,000,16,0,9,01,A01
200900034043,0,10,000,00,2,4,02,B01
200900034043,0,07,000,00,0,4,02,C01
200900034043,0,07,000,00,2,1,01,A01
200900034044,0,07,000,00,2,6,11,A01
200900034044,0,07,000,03,2,7,02,B01
200900034045,0,33,000,00,2,3,03,C01
200900034045,0,07,000,00,2,7,01,B01
200900034045,0,07,000,00,2,4,01,A01
200900034046,0,07,000,00,2,5,02,B01
200900034046,0,07,000,03,2,2,00,A01
200900034047,0,07,000,04,0,8,21,A01
200900034048,0,07,000,00,0,4,02,A01
200900034048,0,07,000,00,2,8,02,C01
200900034048,0,33,000,00,2,1,02,B01
200900034049,0,33,000,00,2,1,01,A01
200900034049,0,07,000,00,0,6,11,B01
200900034050,0,33,000,00,5,1,02,A01
200900034051,0,07,000,00,0,3,13,B02
200900034051,0,07,000,00,0,3,01,A01
200900034052,0,07,000,04,0,1,21,A01
200900034053,0,07,000,00,2,1,01,A01
200900034053,0,07,000,00,2,4,01,C01
200900034053,0,07,000,00,2,4,01,B01
200900034054,0,07,000,02,0,3,02,A01
200900034055,0,07,000,01,0,2,14,A01
200900034055,0,07,000,00,0,3,24,B01
200900034056,0,07,000,00,2,1,01,A01
200900034056,0,15,000,00,2,3,01,C01
200900034056,0,07,000,00,2,4,01,B01
200900034057,0,07,000,00,0,4,02,A01
200900034057,0,10,000,00,2,1,02,B01
200900034058,0,07,000,03,0,0,00,A01
200900034059,0,07,000,04,0,1,01,A01
200900034060,0,07,000,01,0,2,01,A01
200900034060,0,01,000,01,0,1,00,B02
200900034061,0,07,000,00,2,6,09,B01
200900034061,0,33,000,00,2,3,03,A01
200900034062,0,07,000,00,2,1,12,A01
200900034062,0,10,000,00,2,4,01,B01
200900034062,0,15,000,00,0,7,23,C01
200900034063,0,07,000,13,0,2,17,A01
200900034064,0,07,000,00,1,2,01,A01
200900034065,0,30,000,00,2,2,01,A01
200900034065,0,07,000,00,2,3,01,B01
200900034066,0,07,000,00,2,7,01,A01
200900034066,0,30,000,00,2,1,01,B01
200900034067,0,07,000,00,2,1,01,A01
200900034067,0,10,000,00,0,0,24,C01
200900034067,0,07,000,00,2,2,01,B01