Num_Acc,senc,catv,occutc,obs,obsm,choc,manv,num_veh
200900034068,0,07,000,00,1,1,01,A01
200900034069,0,07,000,00,2,3,16,B01
200900034069,0,33,000,00,2,2,01,A01
200900034070,0,02,000,00,2,8,01,B01
200900034070,0,07,000,00,2,2,10,A01
200900034071,0,02,000,00,2,1,01,A01
200900034071,0,07,000,00,2,7,01,B01
200900034072,0,02,000,00,2,3,13,A01
200900034072,0,07,000,00,2,4,00,B01
200900034073,0,07,000,00,2,7,16,A01
200900034073,0,33,000,00,2,8,01,B01
200900034074,0,34,000,00,2,1,01,B01
200900034074,0,07,000,00,2,6,10,A01
200900034075,0,07,000,00,1,1,00,A01
200900034076,0,07,000,00,2,5,02,C01
200900034076,0,07,000,00,2,1,02,A01
200900034076,0,07,000,00,2,9,02,B01
200900034076,0,07,000,00,2,3,05,D01
200900034077,0,07,000,00,0,4,23,B01
200900034077,0,10,000,00,2,1,01,A01
200900034078,1,07,000,00,1,2,01,A01
200900034079,0,32,000,00,1,2,01,A01
200900034080,0,07,000,00,2,3,15,B01
200900034080,0,31,000,00,2,2,02,A01
200900034081,0,33,000,00,2,4,01,B01
200900034081,0,07,000,00,2,1,02,A01
200900034082,0,30,000,00,1,1,01,A01
200900034083,0,07,000,00,1,8,16,A01
200900034084,0,07,000,00,2,4,23,B01
200900034084,0,07,000,00,2,4,23,C01
200900034084,0,07,000,00,2,1,01,A01
200900034085,0,33,000,00,2,8,01,A01
200900034085,0,07,000,00,2,1,15,B01
200900034086,0,07,000,00,1,2,00,A01
200900034087,0,37,010,00,0,0,01,A01
200900034088,0,07,000,00,2,3,22,A01
200900034088,0,30,000,00,2,1,01,B01
200900034089,0,07,000,00,2,8,01,A01
200900034089,0,32,000,00,2,7,17,B01
200900034090,0,33,000,00,1,1,07,A01
200900034091,0,10,000,00,1,2,00,A01
200900034092,0,07,000,00,0,0,00,A01
200900034093,0,07,000,00,2,8,11,B01
200900034093,0,32,000,00,2,2,03,A01
200900034094,0,07,000,00,2,7,12,A01
200900034094,0,32,000,00,2,3,03,B01
200900034095,0,31,000,00,2,1,02,A01
200900034095,0,07,000,00,0,6,01,B01
200900034095,0,07,000,00,0,4,21,C01
200900034096,0,10,000,00,2,6,11,A01
200900034096,0,33,000,00,2,2,01,B01
200900034097,0,33,000,14,0,1,02,A01
200900034097,0,07,000,00,2,4,01,B01
200900034098,0,15,000,00,2,7,12,B01
200900034098,0,07,000,04,2,8,09,A01
200900034099,0,07,000,00,0,4,02,B01
200900034099,0,07,000,00,2,1,02,A01
200900034100,0,10,000,00,2,1,02,A01
200900034100,0,07,000,00,0,4,02,B01
200900034101,0,34,000,00,2,1,01,A01
200900034101,0,07,000,00,0,5,12,B01
200900034102,0,07,000,00,2,1,02,B01
200900034102,0,07,000,00,0,4,02,C01
200900034102,0,07,000,00,2,1,02,A01
200900034103,0,33,000,00,2,8,11,B01
200900034103,0,33,000,00,2,7,01,A01
200900034104,0,07,000,00,1,0,00,A01
200900034105,0,07,000,00,2,1,01,B01
200900034105,0,07,000,00,2,8,10,A01
200900034106,0,07,000,00,1,1,16,A01
200900034107,0,07,000,00,2,7,01,A01
200900034107,0,30,000,00,2,8,01,B01
200900034108,0,32,000,00,2,7,17,B01
200900034108,0,07,000,00,2,1,13,A01
200900034109,0,07,000,00,1,1,00,A01
200900034110,0,07,000,00,0,1,01,A01
200900034111,0,01,000,00,0,0,00,C01
200900034111,0,13,000,00,0,2,00,B01
200900034111,1,07,000,00,2,0,00,A01
200900034112,0,07,000,00,2,3,09,A01
200900034112,0,33,000,00,0,0,00,B01
200900034113,0,07,000,00,2,2,09,A01
200900034113,0,32,000,00,2,1,01,B01
200900034114,0,07,000,00,1,2,01,A01
200900034115,0,07,000,00,2,1,00,A01
200900034115,0,07,000,00,2,4,00,B01
200900034116,0,30,000,03,0,7,00,A01
200900034117,0,30,000,01,0,1,00,A01
200900034117,0,14,000,00,2,4,00,B01
200900034118,0,07,000,00,2,1,01,A01
200900034118,0,07,000,00,2,4,23,B01
200900034119,0,07,000,00,1,2,16,A01
200900034120,0,07,000,00,2,4,02,C01
200900034120,0,07,000,00,2,1,02,A01
200900034120,0,07,000,00,2,9,02,B01
200900034121,0,07,000,00,1,1,01,A01
200900034122,0,07,000,00,2,1,02,A01
200900034122,0,33,000,00,2,4,01,B01
200900034123,0,33,000,00,2,1,01,B01
200900034123,0,07,000,00,2,3,09,A01
200900034124,0,07,000,00,2,3,15,B01
200900034124,0,33,000,00,2,7,17,A01
200900034125,0,33,000,00,0,7,01,A01
200900034126,0,33,000,00,0,0,00,B01
200900034126,0,10,000,01,0,0,00,A01
200900034127,0,07,000,00,0,0,01,A01
200900034128,0,07,000,00,0,0,01,A01
200900034129,0,07,000,00,2,3,01,A01
200900034129,0,07,000,00,2,7,15,B01
200900034130,0,07,000,00,0,4,23,A01
200900034130,0,07,000,00,2,1,01,B01
200900034131,0,01,000,00,9,4,02,B01
200900034131,0,01,000,00,9,1,02,A01
200900034132,0,07,000,00,1,7,00,A01
200900034133,0,32,000,01,2,2,01,B01
200900034133,0,07,000,00,0,5,01,C01
200900034133,0,07,000,00,0,8,22,A01
200900034134,0,07,000,00,0,0,01,A01
200900034135,0,02,000,00,1,1,01,A01
200900034136,0,33,000,00,2,1,01,A01
200900034137,0,01,000,00,2,1,05,A01
200900034137,0,07,000,00,2,7,20,B01
200900034138,0,07,000,11,0,1,01,A01
200900034139,0,07,000,00,1,2,01,A01
200900034140,0,07,000,00,0,0,10,A01
200900034140,0,32,000,00,2,0,02,B01
200900034141,0,32,000,00,1,1,02,A01
200900034142,0,33,000,00,2,1,17,A01
200900034142,0,01,000,00,2,1,01,B01
200900034143,0,14,000,00,2,2,16,A01
200900034143,0,02,000,00,2,8,01,B01
200900034144,0,07,000,15,0,2,01,A01
200900034145,0,07,000,01,2,9,13,A01
200900034145,0,07,000,00,2,1,01,B01
200900034146,0,32,000,00,1,1,01,A01
200900034147,0,07,000,00,2,6,10,A01
200900034147,0,07,000,00,2,1,01,B01
200900034148,1,07,000,00,2,1,15,B01
200900034148,0,01,000,00,2,1,15,A01
200900034149,0,07,000,00,1,6,04,A01
200900034150,0,07,000,01,0,2,02,A01
200900034151,0,07,000,00,2,7,00,A01
200900034151,0,01,000,00,2,7,00,B01
200900034152,0,34,000,00,2,1,01,B01
200900034152,0,07,000,00,2,5,15,A01
200900034153,0,07,000,00,2,1,02,A01
200900034153,0,07,000,00,1,9,02,B01
200900034154,0,07,000,00,2,6,01,B01
200900034154,0,32,000,00,2,4,13,A01
200900034155,0,07,000,00,1,1,15,A01
200900034156,0,07,000,02,0,2,01,A01
200900034157,0,02,000,00,0,2,01,A01
200900034158,0,33,000,12,2,1,02,B01
200900034158,1,99,000,00,2,7,12,A01
200900034159,0,07,000,00,1,3,01,A01
200900034160,0,31,000,00,0,7,01,A01
200900034161,0,10,000,00,2,2,20,A01
200900034161,0,02,000,00,2,8,01,B01
200900034162,0,32,000,00,9,0,15,A01
200900034163,1,07,000,01,1,1,02,A01
200900034164,0,32,000,01,0,2,01,A01
200900034165,0,07,000,00,2,4,04,A01
200900034165,0,02,000,00,2,1,02,B01
200900034166,0,32,000,00,0,0,01,A01
200900034167,0,07,000,11,0,3,13,A01
200900034168,0,07,000,00,2,3,13,A01
200900034168,0,33,000,00,2,1,01,B01
200900034169,0,02,000,00,0,1,00,A01
200900034170,0,30,000,00,2,1,02,B01
200900034170,1,30,000,00,2,4,15,A01
200900034171,0,07,000,00,4,2,01,A01
200900034171,0,02,000,00,2,2,09,B01
200900034172,0,07,000,01,0,2,01,A01
200900034173,0,02,000,00,1,1,00,A01
200900034174,0,33,000,00,2,8,01,B01
200900034174,1,07,000,00,2,2,16,A01
200900034175,0,07,000,00,2,8,00,A01
200900034175,0,32,000,00,2,4,01,B01
200900034176,0,02,000,00,0,7,01,A01
200900034177,0,31,000,00,2,7,17,A01
200900034177,0,07,000,00,2,3,15,B01
200900034178,0,07,000,00,2,1,15,A01
200900034178,0,33,000,00,2,8,01,B01
200900034179,0,07,000,00,2,1,01,A01
200900034179,0,07,000,00,1,4,02,B01
200900034180,0,07,000,00,1,1,02,A01
200900034181,0,07,000,00,2,1,02,A01
200900034181,0,07,000,00,2,5,23,B01
200900034182,0,32,000,00,0,8,21,A01
200900034183,0,07,000,00,1,1,02,A01
200900034184,0,07,000,00,9,3,13,A01
200900034184,0,33,000,00,2,7,02,B01
200900034185,0,07,000,00,2,3,15,B01
200900034185,0,33,000,00,2,1,15,A01
200900034186,0,10,000,00,1,2,01,A01
200900034187,0,02,000,00,0,8,01,A01
200900034188,0,32,000,00,2,1,01,A01
200900034188,0,07,000,00,2,2,01,B01
200900034189,0,07,000,00,1,1,01,A01
200900034190,0,07,000,00,2,3,11,B01
200900034190,0,33,000,00,2,1,02,A01
200900034191,0,14,000,00,2,2,02,A01
200900034191,0,07,000,00,2,3,15,B01
200900034192,0,02,000,00,2,1,01,A01
200900034193,0,07,000,00,2,2,02,A01
200900034193,0,33,000,00,2,4,23,B01
200900034194,0,31,000,00,2,1,01,A01
200900034195,1,30,000,00,1,1,01,A01
200900034196,0,07,000,00,2,1,02,B01
200900034196,0,07,000,00,2,7,02,A01
200900034197,0,10,000,00,2,3,15,A01
200900034197,0,32,000,00,2,7,01,B01
200900034198,0,07,000,00,2,1,16,B01
200900034198,0,30,000,00,2,7,01,A01
200900034199,0,01,000,00,2,7,19,B01
200900034199,0,07,000,00,2,1,02,A01
200900034200,0,30,000,00,1,3,02,A01
200900034201,0,07,000,00,2,1,01,A01
200900034201,0,33,000,00,2,4,23,B01
200900034202,0,07,000,00,2,7,19,A01
200900034202,0,07,000,00,2,1,01,B01
200900034203,0,07,000,00,0,2,01,A01
200900034204,0,30,000,00,2,0,01,B01
200900034205,0,07,000,00,0,0,01,A01
200900034205,0,07,000,00,0,1,01,B01
200900034206,0,07,000,00,2,2,02,B01
200900034206,0,07,000,01,2,9,09,A01
200900034207,0,07,000,00,2,6,02,B01
200900034207,0,33,000,00,1,1,01,A01
200900034208,0,07,000,00,1,6,09,A01
200900034208,0,33,000,00,2,1,01,B01
200900034209,0,02,000,00,2,1,02,B01
200900034209,0,07,000,00,0,3,15,A01
200900034210,0,30,000,15,0,1,15,A01
200900034211,0,07,000,00,2,8,15,B01
200900034211,0,34,000,00,2,1,17,A01
200900034212,0,07,000,00,2,3,15,A01
200900034212,0,02,000,00,2,8,01,B01
200900034213,0,07,000,09,0,1,01,A01
200900034214,0,02,000,00,2,3,01,B01
200900034214,0,07,000,00,2,1,01,A01
200900034215,0,07,000,00,1,1,16,B01
200900034215,0,07,000,00,2,1,15,A01
200900034216,0,32,000,11,2,1,09,A01
200900034216,0,07,000,00,2,4,01,B01
200900034217,0,32,000,00,0,0,01,B01
200900034217,0,07,000,00,0,7,15,A01
200900034218,0,02,000,00,2,1,01,B01
200900034218,0,07,000,00,2,5,01,A01
200900034219,0,07,000,00,1,2,01,A01
200900034220,0,07,000,00,2,1,01,A01
200900034220,0,30,000,00,2,8,16,B01
200900034221,0,07,000,00,1,2,01,A01
200900034222,0,03,000,01,0,1,02,A01
200900034223,0,30,000,00,2,2,00,A01
200900034223,0,07,000,00,2,3,15,B01
200900034224,0,07,000,07,0,1,01,A01
200900034225,0,07,000,00,2,8,15,B01
200900034225,0,31,000,00,0,1,01,A01
200900034226,0,10,000,00,2,7,01,A01
200900034226,0,32,000,00,2,6,23,B01
200900034227,0,33,000,00,2,0,02,B01
200900034227,0,10,000,00,2,5,00,A01
200900034228,0,07,000,00,2,3,15,A01
200900034228,0,33,000,00,2,1,02,B01
200900034229,0,30,000,00,2,7,15,A01
200900034229,0,07,000,00,2,1,01,B01
200900034230,0,07,000,00,2,7,15,A01
200900034230,0,07,000,00,2,1,16,B01
200900034231,0,07,000,00,0,3,00,B01
200900034231,0,07,000,00,0,3,00,A01
200900034232,0,10,000,00,0,8,10,A01
200900034232,0,31,000,00,0,0,01,B01
200900034233,0,07,000,00,0,4,04,A01
200900034234,0,03,000,00,0,0,01,A01
200900034235,0,31,000,00,1,1,01,A01
200900034236,0,10,000,00,0,2,00,A01
200900034236,0,01,000,00,0,0,01,B01
200900034237,0,10,000,00,0,0,12,B01
200900034237,0,32,000,00,0,0,01,A01
200900034238,0,01,000,00,2,3,01,B01
200900034238,1,32,000,00,2,1,15,A01
200900034239,0,07,000,00,2,4,02,B01
200900034239,0,07,000,00,2,1,02,A01
200900034240,0,07,000,00,0,0,00,A01
200900034241,0,07,000,00,2,1,01,A01
200900034241,0,02,000,00,2,7,01,B01
200900034242,0,10,000,00,2,2,12,B01
200900034242,0,30,000,00,2,1,00,A01
200900034243,0,32,000,00,2,1,01,B01
200900034243,0,07,000,00,2,2,15,A01
200900034244,0,33,000,00,2,7,01,B01
200900034244,0,07,000,00,2,3,10,A01
200900034245,0,07,000,01,0,3,01,A01
200900034246,0,33,000,08,0,1,01,A01
200900034247,0,07,000,00,2,4,02,B01
200900034247,0,07,000,00,2,1,02,A01
200900034248,1,30,000,00,1,1,00,A01
200900034249,0,07,000,00,0,0,01,A01
200900034250,0,07,000,00,2,5,01,B01
200900034250,0,02,000,00,2,8,18,A01
200900034251,0,34,000,00,2,4,23,B01
200900034251,0,07,000,00,2,1,01,A01
200900034252,0,07,000,00,1,3,15,A01
200900034253,0,33,000,00,2,1,01,B01
200900034253,0,07,000,00,2,2,15,A01
200900034253,0,07,000,00,0,3,24,C01
200900034254,0,07,000,00,1,1,00,A01
200900034255,0,33,000,00,2,2,17,A01
200900034255,0,07,000,00,2,3,15,B01
200900034255,0,07,000,00,0,8,24,C01
200900034256,0,07,000,00,1,1,00,A01
200900034257,0,30,000,00,2,1,01,B01
200900034257,0,07,000,00,2,3,15,A01
200900034258,0,07,000,00,1,2,01,A01
200900034259,0,30,000,00,2,8,15,B01
200900034259,0,07,000,00,2,3,01,A01
200900034260,0,10,000,00,1,1,00,A01
200900034261,0,34,000,00,2,7,01,C01
200900034261,0,33,000,00,2,8,02,B01
200900034261,0,07,000,00,2,1,01,A01
200900034262,0,10,000,00,2,5,01,B01
200900034262,0,30,000,00,2,3,18,A01
200900034263,0,07,000,00,2,1,01,A01
200900034263,0,07,000,00,2,4,23,B01
200900034264,0,01,000,00,1,1,01,A01
200900034265,0,07,000,00,1,0,02,A01
200900034266,0,07,000,00,1,1,00,A01
200900034267,0,07,000,00,1,2,02,A01
200900034267,0,01,000,00,2,7,02,B01
200900034268,0,30,000,00,1,1,00,A01
200900034269,0,07,000,00,2,8,24,A01
200900034269,0,01,000,01,0,1,00,B01
200900034270,0,07,000,00,2,3,10,A01
200900034270,0,02,000,00,2,2,02,B01
200900034271,0,07,000,00,2,1,01,A01
200900034271,0,01,000,00,2,4,01,B01
200900034272,0,33,000,00,2,1,03,A01
200900034273,0,07,000,00,2,1,15,A01
200900034273,0,32,000,00,2,1,01,B01
200900034274,0,33,000,14,0,7,01,A01
200900034275,0,07,000,12,0,1,00,A01
200900034276,0,07,000,00,0,1,15,A01
200900034276,0,31,000,00,0,0,01,B01
200900034277,0,07,000,00,1,1,01,A01
200900034278,0,07,000,00,0,2,01,B01
200900034278,0,31,000,00,0,0,05,A01
200900034279,0,07,000,00,2,4,01,B01
200900034279,0,07,000,00,2,1,01,A01
200900034280,0,07,000,00,2,4,23,A01
200900034280,0,07,000,00,2,1,01,B01
200900034281,0,07,000,00,2,4,00,B01
200900034281,0,33,000,00,2,7,00,A01
200900034282,0,07,000,00,2,1,01,A01
200900034282,0,07,000,00,2,1,23,B01
200900034283,0,32,000,00,0,0,01,A01
200900034284,0,32,000,00,1,8,01,A01
200900034285,0,38,010,00,2,1,01,B01
200900034285,0,07,000,00,2,8,01,A01
200900034286,0,31,000,00,0,0,01,B01
200900034286,0,03,000,00,0,1,01,A01
200900034287,0,30,000,00,1,1,01,A01
200900034288,0,10,000,00,2,8,15,B01
200900034288,0,32,000,00,2,2,17,A01
200900034289,0,07,000,00,2,4,02,D01
200900034289,0,07,000,00,2,4,02,C01
200900034289,0,07,000,00,2,1,02,A01
200900034289,0,07,000,00,2,4,02,B01
200900034290,0,02,000,00,0,0,01,B01
200900034290,0,07,000,00,0,7,15,A01
200900034291,0,07,000,00,2,7,00,A01
200900034291,0,33,000,00,2,8,00,B01
200900034292,0,07,000,00,2,2,16,B01
200900034292,0,30,000,00,2,3,02,A01
200900034293,0,33,000,00,0,0,01,B01
200900034293,0,07,000,00,0,0,20,A01
200900034294,0,30,000,00,1,1,02,A01
200900034295,0,07,000,00,0,0,04,A01
200900034296,0,32,000,00,0,0,01,B01
200900034296,0,10,000,00,0,0,17,A01
200900034297,0,31,000,00,0,0,01,B01
200900034297,0,07,000,00,0,2,16,A01
200900034298,0,30,000,00,2,1,01,A01
200900034298,0,07,000,00,2,3,23,B01
200900034299,0,07,000,00,2,3,09,A01
200900034299,0,15,000,00,2,2,01,B01
200900034300,0,33,000,00,0,0,01,A01
200900034300,0,07,000,00,0,1,15,B01
200900034301,0,07,000,00,2,5,02,B01
200900034301,0,07,000,00,2,2,02,A01
200900034302,0,07,000,00,1,2,01,A01
200900034303,0,07,000,00,2,4,23,E01
200900034303,0,07,000,00,2,1,02,A01
200900034303,0,07,000,00,2,4,23,B01
200900034303,0,07,000,00,2,4,23,D01
200900034303,0,07,000,00,2,4,23,C01
200900034304,0,01,000,12,0,1,00,A01
200900034305,0,07,000,00,2,4,02,B01
200900034305,1,07,000,00,2,1,02,A01
200900034306,0,07,000,00,2,4,23,C01
200900034306,0,07,000,00,2,1,01,A01
200900034306,0,07,000,00,2,4,23,B01
200900034307,0,07,000,00,1,3,01,A01
200900034308,0,30,000,00,2,1,01,A01
200900034308,0,07,000,00,2,1,00,B01
200900034309,0,30,000,00,2,1,05,A01
200900034309,0,07,000,00,2,1,01,B01
200900034310,0,07,000,00,1,8,01,A01
200900034311,0,02,000,00,2,1,02,A01
200900034311,0,07,000,00,2,5,04,B01
200900034312,0,07,000,00,1,1,15,A01
200900034313,0,33,000,00,2,4,23,B01
200900034313,0,07,000,00,2,1,01,A01
200900034314,0,07,000,00,2,4,02,B01
200900034314,0,07,000,00,2,1,02,A01
200900034315,0,14,000,00,1,2,01,A01
200900034315,0,15,000,00,2,3,16,B01
200900034316,0,37,001,00,1,1,01,A01
200900034317,0,07,000,01,0,1,20,A01
200900034318,0,07,000,00,2,1,01,A01
200900034318,0,07,000,00,2,4,23,B01
200900034319,0,33,000,00,0,7,15,A01
200900034320,2,07,000,00,2,1,01,A01
200900034320,0,07,000,00,2,1,01,B01
200900034321,0,31,000,00,2,6,23,B01
200900034321,0,07,000,00,2,2,01,A01
200900034322,0,30,000,00,1,8,17,A01
200900034323,0,07,000,00,1,1,01,A01
200900034324,0,07,000,00,2,1,09,B01
200900034324,0,07,000,00,0,4,09,A01
200900034325,0,07,000,00,2,8,15,B01
200900034325,0,02,000,00,2,1,01,A01
200900034326,0,31,000,00,0,0,01,B01
200900034326,0,07,000,00,0,8,15,A01
200900034327,0,14,000,00,1,2,01,A01
200900034328,0,02,000,00,1,0,21,A01
200900034329,0,07,000,00,1,6,01,A01
200900034330,0,07,000,08,0,1,16,A01
200900034331,0,07,000,00,2,8,11,A01
200900034331,0,33,000,00,2,7,01,C01
200900034331,0,10,000,00,2,1,01,B01
200900034332,0,32,000,00,0,0,01,A01
200900034332,0,07,000,00,0,6,01,B01
200900034333,0,07,000,00,0,3,00,A01
200900034333,0,01,000,00,0,0,00,B01
200900034334,0,33,000,00,2,8,21,B01
200900034334,0,07,000,00,2,6,16,A01
200900034335,0,30,000,00,0,0,01,B01
200900034335,0,07,000,00,0,3,15,A01
200900034336,0,07,000,00,2,3,09,A01
200900034336,0,02,000,00,2,1,01,B01
200900034337,0,07,000,00,0,0,00,A01
200900034338,0,07,000,00,2,1,01,A01
200900034338,0,07,000,00,2,8,01,B01
200900034339,1,07,000,00,1,5,00,A01
200900034340,0,07,000,00,1,3,01,A01
200900034341,0,07,000,00,2,4,23,B01
200900034341,0,10,000,00,2,1,02,A01
200900034342,0,02,000,00,0,0,01,B01
200900034342,0,07,000,00,0,0,23,A01
200900034343,0,07,000,00,0,1,00,A01
200900034343,0,33,000,00,0,0,00,B01
200900034344,0,30,000,00,2,3,17,A01
200900034344,0,07,000,00,2,1,15,B01
200900034345,0,07,000,00,1,2,02,A01
200900034346,0,30,000,01,0,1,01,A01
200900034347,0,07,000,00,0,0,00,B01
200900034347,0,07,000,00,0,0,00,C01
200900034347,0,07,000,00,2,1,06,A01
200900034348,0,07,000,00,2,4,23,C01
200900034348,0,07,000,00,2,1,01,A01
200900034348,0,07,000,00,2,9,23,B01
200900034349,0,07,000,00,2,2,01,C01
200900034349,0,07,000,00,2,6,01,B01
200900034349,0,07,000,00,2,5,09,A01
200900034350,0,31,000,00,0,8,01,A01
200900034351,0,07,000,00,2,2,01,B01
200900034351,0,33,000,00,2,1,01,A01
200900034352,0,01,000,00,1,1,01,A01
200900034353,0,07,000,00,2,7,15,B01
200900034353,0,02,000,00,2,1,01,A01
200900034354,0,02,000,00,2,5,01,A01
200900034354,0,07,000,00,2,1,15,B01
200900034355,0,07,000,00,2,3,01,B01
200900034355,0,30,000,00,2,1,13,A01
200900034356,0,07,000,00,1,1,15,A01
200900034357,0,07,000,00,1,1,01,A01
200900034358,0,31,000,00,2,8,01,A01
200900034359,0,07,000,00,0,4,23,B01
200900034359,0,07,000,14,0,1,02,A01
200900034360,0,32,000,00,2,1,01,B01
200900034360,0,07,000,00,2,8,22,A01
200900034361,0,07,000,00,1,1,01,A01
200900034362,0,07,000,00,1,4,04,A01
200900034363,0,07,000,00,2,8,10,A01
200900034363,0,30,000,00,2,1,01,B01
200900034364,0,07,000,00,2,2,15,A01
200900034364,0,07,000,00,2,3,01,B01
200900034365,0,33,000,00,2,8,02,B01
200900034365,0,07,000,00,0,2,00,A01
200900034366,0,07,000,00,1,2,01,A01
200900034367,0,07,000,00,0,1,00,A01
200900034368,0,07,000,00,2,4,01,B01
200900034368,0,10,000,00,2,1,01,A01
200900034369,1,07,000,00,1,7,01,A01
200900034370,0,07,000,04,0,1,02,A01
200900034371,0,07,000,00,2,3,11,B01
200900034371,0,33,000,00,2,7,03,A01
200900034372,0,07,000,04,0,3,21,B01
200900034372,1,07,000,00,0,0,00,A01
200900034373,0,07,000,03,0,2,01,A01
200900034374,2,07,000,00,2,1,03,A01
200900034374,0,13,000,00,2,4,01,B01
200900034375,0,07,000,00,2,1,01,A01
200900034375,0,07,000,00,2,4,01,C01
200900034375,0,07,000,00,2,4,01,B01
200900034376,0,31,000,00,2,8,02,B01
200900034376,0,07,000,00,2,8,17,A01
200900034377,0,07,000,00,2,3,01,B01
200900034377,0,07,000,04,2,3,05,A01
200900034378,0,33,000,00,2,1,03,B01
200900034378,0,07,000,00,2,2,12,A01
200900034379,0,33,000,00,2,1,02,A01
200900034379,0,10,000,00,2,6,09,B01
200900034380,0,07,000,03,0,1,00,A01
200900034381,0,33,000,00,2,8,03,A01
200900034381,0,07,000,00,0,0,12,B01
200900034382,0,07,000,04,0,1,14,A01
200900034383,0,07,000,00,2,1,02,A01
200900034383,0,07,000,00,2,4,02,B01
200900034384,0,31,000,00,2,1,21,A01
200900034384,0,07,000,00,2,6,11,B01
200900034385,0,33,000,00,0,7,00,B01
200900034385,0,07,000,00,2,8,11,A01
200900034386,0,07,000,00,2,2,01,B01
200900034386,0,07,000,00,2,5,11,A01
200900034387,0,33,000,00,1,1,01,A01
200900034388,0,07,000,00,2,4,00,B01
200900034388,0,31,000,00,2,1,01,A01
200900034389,0,07,000,00,1,1,16,A01
200900034390,0,37,001,00,1,2,09,A01
200900034391,0,32,000,00,2,1,01,B01
200900034391,0,07,000,00,2,3,10,A01
200900034392,0,07,000,00,0,2,01,B01
200900034392,0,07,000,00,2,1,15,A01
200900034393,0,31,000,00,0,0,00,A01
200900034394,0,02,000,00,2,1,01,A01
200900034394,0,07,000,00,2,4,01,B01
200900034395,1,10,000,00,2,8,09,A01
200900034395,0,31,000,00,2,1,01,B01
200900034396,0,33,000,00,2,1,01,B01
200900034396,0,07,000,00,2,8,09,A01
200900034397,0,07,000,00,0,2,01,A01
200900034398,0,07,000,00,2,1,01,A01
200900034398,0,07,000,00,2,4,01,B01
200900034399,0,32,000,00,1,1,01,A01
200900034400,0,37,020,00,2,2,01,A01
200900034400,0,07,000,00,0,5,01,B01
200900034401,0,07,000,00,1,2,01,A01
200900034402,0,07,000,00,2,4,23,B01
200900034402,0,30,000,00,2,1,01,A01
200900034403,0,07,000,00,2,3,10,A01
200900034403,0,33,000,00,2,9,01,B01
200900034404,0,07,000,00,2,8,01,B01
200900034404,0,07,000,00,2,1,01,A01
200900034405,0,32,000,00,2,1,02,B01
200900034405,0,07,000,00,2,4,09,A01
200900034406,0,02,000,01,0,1,01,A01
200900034407,0,07,000,00,2,3,13,A01
200900034407,0,10,000,00,2,3,01,B01
200900034408,0,02,000,00,0,0,01,A01
200900034409,0,07,000,00,1,1,00,A01
200900034410,0,07,000,00,1,3,01,A01
200900034411,0,07,000,00,1,2,00,A01
200900034412,0,07,000,00,1,2,09,A01
200900034413,0,07,000,00,2,4,23,C01
200900034413,0,07,000,14,0,1,23,B01
200900034413,0,07,000,00,2,1,01,A01
200900034414,0,07,000,00,1,1,01,A01
200900034415,0,31,000,00,2,1,00,A01
200900034415,0,07,000,00,2,3,00,B01
200900034416,0,14,000,00,2,7,01,C01
200900034416,0,01,000,00,2,1,01,A01
200900034416,0,07,000,00,2,5,16,B01
200900034417,0,32,000,00,2,2,01,B01
200900034417,0,17,000,00,2,8,10,A01
200900034418,0,10,000,00,2,7,01,A01
200900034418,0,33,000,00,2,1,01,B01
200900034419,0,07,000,00,2,1,01,B01
200900034419,0,07,000,00,2,7,15,A01
200900034420,0,07,000,00,2,1,15,A01
200900034420,0,33,000,00,2,2,01,B01
200900034421,0,07,000,00,2,4,23,B01
200900034421,0,07,000,00,2,1,01,A01
200900034421,0,07,000,00,0,4,23,C01
200900034422,0,32,000,00,0,0,01,A01
200900034423,0,07,000,00,0,9,00,A01
200900034424,0,07,000,00,2,3,21,B02
200900034424,0,07,000,00,2,8,01,A01
200900034425,0,07,000,13,0,3,01,A01
200900034426,0,33,000,00,2,3,01,B02
200900034426,0,33,000,00,2,1,21,A01
200900034427,0,07,000,08,0,2,13,A01
200900034428,0,07,000,06,0,1,13,A01
200900034429,0,07,000,16,0,6,01,B02
200900034429,0,07,000,00,2,2,17,A01
200900034430,0,14,000,00,0,2,01,A01
200900034430,0,01,000,00,0,4,00,B02
200900034431,0,17,000,00,2,1,01,B02
200900034431,0,07,000,01,2,7,10,A01
200900034432,0,33,000,00,2,1,01,B02
200900034432,0,07,000,00,2,7,15,A01
200900034433,0,07,000,00,2,2,13,A01
200900034433,0,10,000,00,2,8,01,B02
200900034434,0,07,000,00,2,7,01,A01
200900034434,0,07,000,00,2,1,01,B02
200900034435,0,10,000,00,1,2,02,A01
200900034436,0,02,000,00,0,4,01,A01
200900034436,0,07,000,00,2,1,01,B02
200900034437,0,07,000,00,2,3,01,A01
200900034437,0,01,000,00,2,4,12,B02
200900034438,0,07,000,00,2,1,19,A01
200900034438,0,07,000,00,2,6,01,B02
200900034439,0,07,000,06,0,3,13,A01
200900034440,0,07,000,00,2,3,01,A01
200900034440,0,10,000,00,2,3,05,B02
200900034440,0,07,000,00,2,1,01,C03
200900034441,0,07,000,11,0,1,01,A01
200900034442,0,07,000,00,2,1,13,A01
200900034442,0,07,000,00,2,1,01,B02
200900034443,1,07,000,00,1,2,14,A01
200900034444,0,02,000,00,2,1,01,A01