Num_Acc,senc,catv,occutc,obs,obsm,choc,manv,num_veh
200900034444,0,07,000,00,2,2,15,B02
200900034445,0,07,000,00,2,1,01,C03
200900034445,0,07,000,00,0,4,01,A01
200900034445,0,07,000,00,2,4,01,B02
200900034446,0,01,000,00,2,1,01,A01
200900034446,0,07,000,00,2,1,05,B01
200900034447,2,33,000,09,2,1,00,A01
200900034447,0,07,000,00,2,8,01,B01
200900034448,0,07,000,00,2,3,01,B01
200900034448,0,02,000,00,2,1,09,A01
200900034449,0,07,000,00,2,2,01,C01
200900034449,0,07,000,00,2,7,01,B01
200900034449,0,07,000,00,2,1,16,A01
200900034450,0,02,000,01,0,1,13,A01
200900034451,0,02,000,00,2,1,17,A01
200900034451,0,07,000,00,2,3,15,B01
200900034452,0,17,000,00,0,8,01,A01
200900034453,0,07,000,00,2,1,13,A01
200900034453,0,07,000,00,2,3,01,B02
200900034454,0,07,000,13,0,1,01,A01
200900034455,0,07,000,00,0,4,01,C03
200900034455,0,07,000,00,2,4,01,B02
200900034455,0,07,000,00,2,1,01,A01
200900034456,0,07,000,02,0,7,01,A01
200900034457,0,07,000,14,0,9,01,A01
200900034458,0,07,000,00,2,3,01,B02
200900034458,0,07,000,00,2,3,13,A01
200900034459,0,01,000,00,2,2,19,B02
200900034459,0,07,000,00,2,3,01,A01
200900034460,0,21,000,02,0,1,01,A01
200900034461,0,31,000,00,2,1,13,A01
200900034461,0,07,000,00,2,1,01,B02
200900034462,0,33,000,16,0,0,00,A01
200900034463,0,07,000,06,0,3,01,A01
200900034464,0,33,000,00,5,1,01,A01
200900034465,0,33,000,00,2,1,01,A01
200900034465,0,07,000,00,2,3,15,B02
200900034466,0,07,000,00,2,1,11,A01
200900034466,0,14,000,00,2,1,01,B02
200900034467,0,07,000,00,2,1,01,A01
200900034467,0,07,000,00,2,8,01,B02
200900034468,0,07,000,00,2,3,01,D04
200900034468,0,07,000,00,2,2,13,A01
200900034468,0,07,000,00,0,6,01,B02
200900034468,0,07,000,00,2,1,21,C03
200900034469,0,15,000,00,2,3,01,B02
200900034469,0,14,000,00,2,3,13,A01
200900034470,0,07,000,00,0,1,01,A01
200900034470,0,30,000,00,2,1,13,C03
200900034470,0,30,000,00,2,1,13,B02
200900034471,0,07,000,00,9,3,01,A01
200900034471,0,01,000,00,2,7,15,B02
200900034472,0,07,000,00,2,7,15,A01
200900034472,0,30,000,00,2,1,01,B02
200900034473,0,07,000,00,1,1,01,A01
200900034474,0,07,000,00,2,3,13,A01
200900034474,0,07,000,00,2,3,01,C01
200900034474,0,07,000,00,2,1,01,B01
200900034475,0,07,000,00,2,2,15,B01
200900034475,0,02,000,00,2,1,01,A01
200900034476,0,07,000,00,2,3,01,A01
200900034476,0,32,000,00,2,1,01,B01
200900034477,0,07,000,00,1,7,01,A01
200900034478,0,07,000,00,9,2,00,B01
200900034478,0,01,000,00,2,2,05,A01
200900034479,2,30,000,00,1,1,01,A01
200900034480,0,07,000,09,1,1,05,A01
200900034481,0,02,000,06,0,1,01,A01
200900034482,0,01,000,00,2,1,09,A01
200900034482,0,07,000,00,2,3,01,B01
200900034483,0,07,000,00,2,4,01,A01
200900034483,0,07,000,00,2,4,01,B01
200900034483,0,07,000,00,2,1,01,C01
200900034484,0,07,000,00,2,4,01,B01
200900034484,0,07,000,00,2,1,02,A01
200900034485,0,07,000,06,0,1,01,A01
200900034486,0,07,000,00,1,1,01,A01
200900034487,0,33,000,00,2,8,21,A01
200900034487,0,21,000,00,2,1,15,B02
200900034488,0,07,000,00,2,6,15,B01
200900034488,0,10,000,00,2,2,17,A01
200900034489,0,07,000,00,2,1,01,B01
200900034489,0,07,000,00,2,1,13,A01
200900034490,0,30,000,00,2,1,01,A01
200900034490,0,30,000,00,0,4,01,B01
200900034491,0,17,000,00,2,7,00,B01
200900034491,0,07,000,00,2,8,00,A01
200900034492,0,10,000,00,9,8,01,D01
200900034492,0,07,000,00,9,8,01,C01
200900034492,0,17,000,03,0,3,06,A01
200900034492,0,10,000,00,9,8,21,B01
200900034493,0,02,000,00,2,1,17,A01
200900034493,0,07,000,00,9,8,10,B01
200900034494,0,07,000,09,0,0,14,A01
200900034495,0,21,000,00,2,4,04,A01
200900034495,0,07,000,00,2,1,02,B01
200900034496,0,07,000,16,2,1,01,A01
200900034497,0,07,000,00,2,2,01,A01
200900034497,0,07,000,00,2,1,01,B01
200900034498,0,07,000,00,2,1,01,B01
200900034498,0,07,000,00,2,3,09,A01
200900034499,0,07,000,00,2,1,01,B01
200900034499,0,07,000,00,2,1,15,A01
200900034500,0,31,000,00,2,1,01,B01
200900034500,0,07,000,00,2,2,10,A01
200900034501,0,33,000,00,2,1,17,B01
200900034501,0,07,000,00,9,3,15,A01
200900034502,0,02,000,00,2,8,17,A01
200900034502,0,02,000,00,2,7,01,B01
200900034503,0,07,000,00,2,4,01,B01
200900034503,0,07,000,00,2,1,02,A01
200900034504,0,07,000,00,2,1,01,A01
200900034504,0,07,000,00,2,4,02,C01
200900034504,0,07,000,00,0,4,02,D01
200900034504,0,07,000,00,2,4,02,B01
200900034505,0,33,000,00,2,1,03,B01
200900034505,0,07,000,00,2,2,12,A01
200900034506,0,07,000,04,0,6,01,A01
200900034507,0,10,000,04,0,1,01,A01
200900034508,0,32,000,16,0,7,02,A01
200900034509,0,17,000,00,2,2,12,A01
200900034509,0,07,000,04,0,6,01,B01
200900034510,0,07,000,01,0,1,01,A01
200900034510,0,07,000,01,0,1,01,C01
200900034510,0,07,000,00,0,4,23,B01
200900034511,0,07,000,00,2,1,01,A01
200900034511,0,07,000,00,2,4,01,B01
200900034511,0,07,000,00,0,4,02,C01
200900034512,0,07,000,00,2,8,01,A01
200900034512,0,33,000,00,2,1,01,B01
200900034513,0,07,000,00,2,3,11,A01
200900034513,0,33,000,00,0,2,01,B01
200900034514,0,33,000,00,2,1,00,A01
200900034514,0,07,000,00,0,5,01,B01
200900034515,0,07,000,07,0,1,01,A01
200900034516,0,33,000,00,0,7,01,A01
200900034517,0,07,000,00,0,5,01,B01
200900034517,0,17,000,00,2,2,12,A01
200900034518,0,07,000,00,2,1,01,A01
200900034518,0,17,000,00,0,4,01,B01
200900034519,0,10,000,00,2,1,01,A01
200900034519,0,07,000,00,0,4,02,B01
200900034520,0,07,000,00,2,1,01,C01
200900034520,0,07,000,00,2,3,11,B01
200900034520,0,15,000,00,2,3,11,A01
200900034521,0,17,000,00,0,7,01,A01
200900034521,0,07,000,00,2,1,01,B01
200900034522,0,07,000,04,0,1,01,A01
200900034523,0,07,000,04,2,1,01,A01
200900034523,0,15,000,00,0,3,00,B01
200900034524,0,03,000,00,0,4,00,A01
200900034524,0,17,000,00,2,1,01,B01
200900034525,0,07,000,03,0,2,01,A01
200900034526,0,07,000,00,0,2,12,B01
200900034526,0,33,000,00,2,8,12,A01
200900034527,1,15,000,00,2,2,12,A01
200900034527,0,07,000,00,0,6,01,B01
200900034528,0,17,000,00,2,3,01,B01
200900034528,0,07,000,00,2,6,01,A01
200900034529,0,07,000,03,0,7,01,A01
200900034530,0,07,000,00,2,7,15,A01
200900034530,0,33,000,00,2,1,01,B02
200900034531,0,31,000,00,0,7,01,A01
200900034532,0,07,000,00,2,1,19,A01
200900034532,0,07,000,00,2,2,01,B02
200900034533,0,17,000,00,2,6,23,A01
200900034533,0,17,000,00,2,5,02,B02
200900034533,0,17,000,00,2,3,02,C03
200900034534,0,02,000,00,2,1,02,A01
200900034534,0,07,000,00,2,5,20,B01
200900034535,0,07,000,00,1,1,01,A01
200900034536,0,07,000,00,2,1,01,B01
200900034536,1,07,000,01,2,0,00,A01
200900034537,0,02,000,00,2,1,01,B01
200900034537,0,07,000,00,2,1,15,A01
200900034538,0,07,000,00,2,1,09,A01
200900034538,0,01,000,00,0,7,01,B01
200900034539,0,07,000,02,0,9,00,A01
200900034540,0,33,000,00,2,2,17,B01
200900034540,0,10,000,00,0,6,15,A01
200900034541,0,07,000,00,2,1,02,A01
200900034542,0,07,000,00,0,2,22,A01
200900034542,0,02,000,00,2,8,03,B01
200900034543,0,02,000,01,0,1,00,A01
200900034544,0,07,000,00,2,1,02,A01
200900034544,0,07,000,00,0,4,02,B01
200900034545,0,07,000,08,0,1,00,A01
200900034546,0,07,000,00,1,2,01,A01
200900034547,0,01,000,00,0,0,00,B01
200900034547,0,07,000,00,0,0,01,A01
200900034548,0,07,000,00,1,1,01,A01
200900034549,0,07,000,00,1,1,02,A01
200900034550,0,32,000,00,2,3,01,B01
200900034550,0,07,000,00,2,3,15,A01
200900034551,0,40,000,00,2,1,02,A01
200900034552,0,07,000,00,2,8,02,A01
200900034552,0,02,000,00,2,7,02,B01
200900034553,0,07,000,00,2,2,15,A01
200900034553,0,02,000,00,0,0,17,B01
200900034554,0,07,000,00,0,6,20,B01
200900034554,0,02,000,00,2,1,01,A01
200900034555,0,07,000,00,2,1,01,A01
200900034555,0,01,000,00,0,4,01,B01
200900034556,0,02,000,00,2,1,02,A01
200900034557,0,07,000,00,1,1,01,A01
200900034558,0,02,000,00,2,1,02,B01
200900034558,0,07,000,00,2,7,20,A01
200900034559,0,07,000,00,0,8,22,A01
200900034559,0,01,000,01,0,1,01,B01
200900034560,0,07,000,00,2,2,15,A01
200900034560,0,07,000,00,2,1,01,B01
200900034561,0,07,000,00,1,3,09,A01
200900034562,0,02,000,00,2,3,15,A01
200900034562,0,07,000,08,0,8,01,B01
200900034563,0,02,000,00,2,9,17,B01
200900034563,0,07,000,00,2,8,15,A01
200900034564,0,13,000,00,2,4,01,C01
200900034564,0,13,000,00,2,1,01,A01
200900034564,0,07,000,00,2,4,01,B01
200900034565,0,07,000,00,2,1,01,B01
200900034565,0,07,000,00,2,1,15,A01
200900034566,0,31,000,00,2,1,15,A01
200900034566,0,07,000,00,0,3,01,B01
200900034567,0,30,000,00,1,0,00,A01
200900034568,0,07,000,00,2,7,02,A01
200900034568,0,01,000,00,2,1,02,B01
200900034569,0,07,000,00,1,1,02,A01
200900034570,0,02,000,00,2,1,01,B01
200900034570,0,10,000,00,0,8,15,A01
200900034571,0,07,000,00,2,1,02,A01
200900034571,0,07,000,00,2,1,02,B01
200900034572,0,33,000,00,1,1,02,A01
200900034573,0,07,000,00,2,3,01,A01
200900034573,0,07,000,06,0,8,01,B01
200900034574,0,07,000,00,0,4,02,B01
200900034574,0,07,000,00,2,3,02,A01
200900034575,0,07,000,00,2,2,01,B01
200900034575,0,02,000,00,2,1,01,A01
200900034576,0,07,000,00,2,1,02,A01
200900034576,0,31,000,00,2,7,02,B01
200900034577,0,07,000,10,2,1,02,A01
200900034577,0,07,000,00,2,1,02,B01
200900034578,0,07,000,00,2,7,15,B01
200900034578,0,31,000,00,2,1,02,A01
200900034579,0,01,000,00,2,1,01,B01
200900034579,0,07,000,00,0,2,16,A01
200900034580,0,01,000,00,2,3,15,A01
200900034580,0,40,000,00,2,1,01,B01
200900034581,1,99,000,00,1,1,00,A01
200900034582,0,07,000,00,0,0,15,A01
200900034582,0,33,000,00,2,1,01,B01
200900034583,0,07,000,00,2,1,02,A01
200900034583,0,02,000,00,2,7,02,B01
200900034584,0,07,000,00,2,1,01,B01
200900034584,0,30,000,00,2,2,01,A01
200900034585,2,99,000,00,2,0,01,A01
200900034585,0,07,000,00,0,8,10,B01
200900034586,0,10,000,00,1,4,20,A01
200900034587,0,02,000,00,2,7,02,A01
200900034587,1,07,000,00,2,6,02,B01
200900034588,0,34,000,00,2,0,02,A01
200900034588,0,10,000,00,0,0,02,B01
200900034589,0,07,000,00,0,8,15,A01
200900034589,0,07,000,00,2,1,01,B01
200900034590,0,01,000,00,0,9,01,B01
200900034590,0,07,000,00,2,1,01,A01
200900034591,0,01,000,00,1,1,01,A01
200900034592,0,07,000,00,1,1,02,A01
200900034593,0,10,000,00,0,4,01,B01
200900034593,0,02,000,00,2,1,02,A01
200900034594,0,07,000,00,0,8,01,A01
200900034594,0,07,000,00,2,1,00,B01
200900034595,0,07,000,00,2,2,01,A01
200900034595,0,07,000,00,2,8,02,B01
200900034596,0,07,000,00,2,0,01,A01
200900034597,0,07,000,00,0,5,15,B01
200900034597,0,02,000,00,2,1,01,A01
200900034598,0,01,000,00,2,1,02,B01
200900034598,0,01,000,00,2,1,02,A01
200900034599,0,33,000,00,2,1,01,B01
200900034599,0,07,000,00,0,5,15,A01
200900034600,0,07,000,00,0,2,16,B01
200900034600,0,02,000,00,2,1,15,A01
200900034601,0,07,000,00,1,3,15,A01
200900034602,0,30,000,00,1,7,10,A01
200900034602,0,32,000,00,2,1,01,B01
200900034603,0,31,000,00,2,3,07,A01
200900034603,0,07,000,00,0,2,16,B01
200900034604,0,07,000,00,2,3,09,A01
200900034604,0,31,000,00,2,1,01,B01
200900034605,0,02,000,00,2,1,01,B01
200900034605,0,07,000,00,0,7,15,A01
200900034606,0,07,000,00,2,7,02,B01
200900034606,0,07,000,00,2,1,02,A01
200900034607,0,07,000,00,2,3,15,A01
200900034607,0,02,000,00,0,0,01,B01
200900034608,0,07,000,00,1,1,15,A01
200900034609,0,01,000,00,0,0,00,A01
200900034609,0,07,000,00,2,1,01,B01
200900034610,0,13,000,00,1,2,01,A01
200900034611,0,33,000,00,0,1,01,A01
200900034612,0,07,000,00,2,3,02,B01
200900034612,0,02,000,00,2,0,02,A01
200900034613,0,07,000,00,2,2,01,B01
200900034613,0,07,000,00,2,1,13,A01
200900034614,0,10,000,00,2,3,01,C01
200900034614,0,07,000,07,2,1,02,A01
200900034614,0,07,000,00,2,4,23,B01
200900034615,0,31,000,14,0,1,00,A01
200900034616,0,01,000,00,1,1,01,A01
200900034617,0,07,000,00,1,2,15,A01
200900034618,0,07,000,00,2,7,15,A01
200900034618,0,31,000,00,2,1,01,B01
200900034619,0,07,000,00,2,3,02,A01
200900034619,0,02,000,00,2,1,02,B01
200900034620,0,07,000,00,2,1,02,B01
200900034620,0,10,000,00,2,4,02,A01
200900034621,0,40,000,00,1,2,00,A01
200900034622,0,10,000,00,2,8,13,A01
200900034622,0,01,000,00,2,3,16,B01
200900034623,0,02,000,00,1,1,01,A01
200900034624,0,38,001,00,1,1,15,A01
200900034625,0,07,000,00,2,3,23,C01
200900034625,0,10,000,00,2,2,10,A01
200900034625,0,33,000,00,2,8,01,B01
200900034626,0,33,000,00,2,1,01,A01
200900034626,0,07,000,00,2,4,01,B01
200900034627,0,07,000,02,0,8,15,A01
200900034628,0,01,000,00,0,6,11,A01
200900034628,0,33,000,00,2,2,01,B01
200900034629,0,01,000,00,2,1,18,A01
200900034629,0,10,000,00,0,5,15,B01
200900034630,0,07,000,00,1,1,01,A01
200900034631,0,07,000,00,2,2,16,A01
200900034631,0,01,000,00,2,2,01,B01
200900034632,0,31,000,00,0,2,01,B01
200900034632,0,07,000,00,2,1,15,A01
200900034633,0,07,000,00,2,3,01,C01
200900034633,0,07,000,00,2,1,13,A01
200900034633,0,07,000,00,2,3,01,B01
200900034634,0,07,000,00,0,0,00,A01
200900034634,0,31,000,00,0,7,02,B01
200900034635,0,10,000,00,2,2,16,A01
200900034635,0,01,000,00,2,3,01,B01
200900034636,1,31,000,03,0,0,00,A01
200900034637,2,10,000,00,0,7,01,A01
200900034637,0,40,000,00,2,1,01,B01
200900034638,0,07,000,00,0,0,20,A01
200900034638,0,01,000,00,2,0,01,B01
200900034639,0,07,000,00,2,2,13,A01
200900034639,0,14,000,00,2,2,01,B02
200900034640,0,33,000,00,2,1,17,A01
200900034640,0,10,000,00,2,5,20,B02
200900034641,0,07,000,00,2,6,13,A01
200900034641,0,07,000,00,2,3,01,B02
200900034642,0,07,000,00,1,1,01,A01
200900034643,0,07,000,00,2,1,19,B02
200900034643,0,07,000,00,0,8,01,A01
200900034644,0,33,000,06,0,1,01,A01
200900034645,0,07,000,00,2,2,19,A01
200900034645,0,10,000,00,2,3,01,B02
200900034646,0,07,000,15,0,3,01,A01
200900034647,0,07,000,00,2,6,15,A01
200900034647,0,30,000,00,2,1,02,B02
200900034648,0,07,000,08,0,7,01,A01
200900034649,0,07,000,00,2,5,01,A01
200900034649,0,10,000,00,2,3,01,B02
200900034650,0,07,000,02,0,8,01,A01
200900034651,0,33,000,00,2,6,09,A01
200900034651,0,07,000,00,2,2,01,B02
200900034652,0,13,000,00,2,6,00,C03
200900034652,0,31,000,00,2,1,21,B02
200900034652,0,10,000,00,2,5,15,A01
200900034653,0,07,000,00,9,7,01,A01
200900034653,0,01,000,00,2,1,15,B02
200900034654,0,30,000,00,2,1,13,A01
200900034654,0,07,000,00,2,3,01,B02
200900034655,0,31,000,08,0,1,01,A01
200900034656,0,07,000,00,2,3,01,B02
200900034656,0,07,000,00,2,3,13,A01
200900034657,0,07,000,00,2,2,17,A01
200900034657,0,30,000,00,0,4,01,B02
200900034658,0,99,000,00,2,1,01,A01
200900034658,0,30,000,00,2,4,00,B02
200900034659,0,07,000,01,0,1,01,A01
200900034660,0,07,000,00,2,7,06,A01
200900034660,0,07,000,00,2,1,01,B02
200900034661,0,07,000,00,2,3,13,A01
200900034661,0,07,000,00,2,1,01,B02
200900034662,0,17,000,00,2,6,01,A01
200900034662,0,17,000,00,2,9,01,B02
200900034662,0,14,000,00,2,1,01,C03
200900034663,0,07,000,00,2,2,01,B02
200900034663,0,02,000,00,2,1,01,A01
200900034664,0,14,000,00,5,3,01,A01
200900034665,0,33,000,08,0,4,01,A01
200900034666,0,07,000,00,2,8,01,A01
200900034666,0,07,000,00,2,1,01,B02
200900034667,0,07,000,08,2,2,15,A01
200900034667,0,07,000,00,2,3,01,B02
200900034668,0,36,000,00,2,8,19,B02
200900034668,0,10,000,00,2,1,01,A01
200900034669,0,07,000,00,2,3,15,A01
200900034669,0,07,000,00,2,1,17,B02
200900034670,0,07,000,06,0,1,01,A01
200900034671,0,07,000,00,2,3,01,A01
200900034671,0,10,000,00,2,3,01,B02
200900034672,0,07,000,00,0,1,01,A01
200900034672,0,07,000,00,0,0,01,B02
200900034673,0,15,000,00,9,1,01,A01
200900034673,0,01,000,00,2,7,15,B02
200900034674,0,07,000,00,2,3,01,B02
200900034674,0,07,000,00,2,1,02,C03
200900034674,0,07,000,00,2,1,13,A01
200900034675,0,07,000,00,2,6,15,B02
200900034675,0,33,000,00,2,1,17,A01
200900034676,0,07,000,00,1,1,01,A01
200900034677,0,33,000,00,1,2,02,A01
200900034678,0,07,000,00,2,4,02,B01
200900034678,0,01,000,00,2,1,02,A01
200900034679,0,07,000,00,2,2,02,A01
200900034679,0,33,000,00,2,8,16,B01
200900034680,0,07,000,00,2,2,02,B01
200900034680,0,07,000,00,2,1,15,A01
200900034681,0,07,000,00,2,3,15,B01
200900034681,0,33,000,00,2,1,02,A01
200900034682,0,33,000,00,2,8,02,A01
200900034682,0,31,000,00,2,1,02,B01
200900034683,0,07,000,00,2,2,09,A01
200900034683,0,02,000,00,2,1,02,B01
200900034684,0,07,000,00,1,1,01,A01
200900034685,0,07,000,00,2,4,20,B01
200900034685,0,02,000,00,2,1,02,A01
200900034686,0,32,000,00,2,1,01,B01
200900034686,0,34,000,00,2,2,01,A01
200900034687,0,07,000,00,2,1,02,A01
200900034688,0,07,000,00,0,6,16,B01
200900034688,0,33,000,00,2,1,01,A01
200900034689,0,33,000,00,0,1,00,A01
200900034690,0,33,000,00,2,7,02,B01
200900034690,1,07,000,00,2,0,02,A01
200900034691,0,07,000,00,2,4,02,B01
200900034691,0,07,000,00,2,1,02,A01
200900034692,0,07,000,00,2,1,02,A01
200900034692,0,07,000,00,2,1,02,C01
200900034692,0,07,000,00,2,4,02,D01
200900034692,0,07,000,00,2,4,02,B01
200900034693,0,02,000,00,2,1,02,B01
200900034693,0,07,000,00,0,1,02,A01
200900034694,0,31,000,00,2,1,02,A01
200900034694,0,07,000,00,2,3,02,B01
200900034695,0,07,000,00,2,1,02,A01
200900034695,0,07,000,00,2,1,02,B01
200900034696,0,07,000,00,2,6,02,A01
200900034696,0,02,000,00,2,1,02,B01
200900034697,0,33,000,00,2,1,02,B01
200900034697,0,07,000,00,2,4,02,A01
200900034698,0,01,000,00,2,1,09,B01
200900034698,0,07,000,00,0,6,09,A01
200900034699,0,07,000,00,2,4,02,B01
200900034699,0,07,000,00,2,1,02,A01
200900034699,0,07,000,00,2,4,02,C01
200900034700,0,33,000,00,2,1,01,A01
200900034700,0,10,000,00,0,0,15,B02
200900034701,0,07,000,00,2,2,15,A01
200900034701,0,07,000,00,2,2,01,B01
200900034702,0,07,000,00,2,3,16,B01
200900034702,0,31,000,00,2,1,16,A01
200900034703,0,07,000,00,2,3,15,A01
200900034703,0,10,000,00,2,1,01,B01
200900034704,0,07,000,00,2,1,11,A01
200900034704,0,33,000,00,0,4,01,B01
200900034704,0,07,000,00,0,0,01,C01
200900034705,0,07,000,00,1,3,01,A01
200900034706,0,07,000,13,0,9,01,A01
200900034707,0,02,000,00,2,1,01,B01
200900034707,0,17,000,00,2,8,09,A01
200900034708,0,07,000,00,2,3,01,A01
200900034708,0,02,000,00,2,2,16,B01
200900034709,0,33,000,00,2,1,02,B02
200900034709,0,07,000,00,0,4,01,A01
200900034710,0,07,000,02,0,1,01,A01
200900034711,0,07,000,00,2,6,01,C03
200900034711,0,10,000,00,2,3,01,A01
200900034712,0,07,000,02,0,9,01,A01
200900034713,0,07,000,00,4,8,01,A01
200900034713,0,39,001,00,2,1,01,B02
200900034714,0,01,000,00,0,4,01,B02
200900034714,0,07,000,00,2,1,01,A01
200900034715,0,07,000,00,2,3,01,B02
200900034715,0,01,000,00,2,1,17,A01
200900034716,0,33,000,13,0,1,14,A01
200900034717,0,01,000,00,2,8,15,B02
200900034717,0,07,000,00,2,7,17,A01
200900034718,0,33,000,00,2,8,21,A01
200900034718,0,07,000,00,0,0,15,B02
200900034719,0,07,000,00,9,1,01,A01
200900034719,0,01,000,00,2,8,19,B02
200900034720,0,07,000,00,2,8,00,B02
200900034720,0,01,000,00,2,7,01,A01
200900034721,0,01,000,00,2,3,01,B02
200900034721,0,33,000,00,2,9,01,A01
200900034722,0,07,000,00,2,1,01,B02
200900034722,0,33,000,00,2,1,01,A01
200900034723,0,07,000,13,0,2,14,A01
200900034724,0,07,000,06,0,1,01,A01
200900034725,0,10,000,04,0,1,01,A01
200900034726,0,07,000,00,9,7,15,A01
200900034726,0,01,000,00,2,1,19,B01
200900034727,0,30,000,15,0,9,01,A01
200900034728,0,10,000,00,2,6,15,A01
200900034728,0,01,000,00,2,6,01,B02
200900034729,0,07,000,00,2,3,15,B01
200900034729,0,02,000,00,2,1,01,A01
200900034730,0,01,000,00,2,1,17,B02
200900034730,0,07,000,00,2,8,15,A01
200900034731,0,07,000,00,2,3,01,A01
200900034731,0,07,000,00,2,3,01,B02
200900034732,0,33,000,00,2,0,01,A01
200900034732,0,10,000,00,0,2,01,B02
200900034733,0,10,000,00,2,3,01,B01
200900034733,0,30,000,00,2,3,13,A01
200900034734,0,07,000,00,1,2,01,A01
200900034735,0,07,000,00,2,1,01,B01
200900034735,0,02,000,00,2,1,13,A01
200900034736,0,07,000,00,0,0,17,A01
200900034736,0,07,000,00,2,3,01,C03
200900034736,0,07,000,05,2,9,17,B02
200900034737,0,32,000,00,6,1,01,A01
200900034738,0,30,000,00,0,8,15,A01
200900034738,0,10,000,00,0,0,15,B02
200900034739,0,01,000,00,0,9,01,A01
200900034740,0,07,000,00,2,1,13,A01
200900034740,0,07,000,00,2,1,01,B02
200900034741,0,33,000,06,0,3,01,A01
200900034742,0,33,000,00,6,2,01,A01
200900034743,0,07,000,00,0,1,01,A01
200900034744,0,07,000,00,2,6,15,A01
200900034744,0,31,000,00,2,1,13,B02
200900034745,0,15,000,04,0,7,15,A01
200900034746,0,14,000,00,2,1,19,A01
200900034746,0,33,000,00,2,1,01,B02
200900034747,0,07,000,00,5,4,01,B02
200900034747,0,31,000,00,2,1,02,A01
200900034748,0,07,000,15,0,1,01,A01
200900034749,0,33,000,15,0,2,01,A01
200900034750,0,02,000,00,2,2,17,A01
200900034750,0,07,000,00,0,3,23,B01
200900034751,0,07,000,00,2,6,04,A01
200900034751,0,02,000,00,2,1,01,C01
200900034752,0,07,000,00,2,1,01,A01
200900034752,0,33,000,00,2,1,11,B02
200900034753,0,07,000,06,0,1,00,A01
200900034754,0,33,000,00,0,5,01,A01
200900034755,0,07,000,01,0,1,01,A01
200900034756,0,07,000,00,2,3,15,A01
200900034756,0,01,000,00,2,1,01,B02
200900034757,0,07,000,01,2,4,23,B02
200900034757,0,07,000,01,0,1,01,A01
200900034757,0,07,000,00,2,4,23,C03
200900034758,0,17,000,00,9,5,01,A01
200900034758,0,01,000,00,2,1,01,B02
200900034759,0,30,000,00,2,1,01,A01
200900034759,0,10,000,00,2,1,01,B02
200900034760,0,07,000,13,0,7,14,A01
200900034761,0,99,000,00,2,1,13,A01
200900034761,0,10,000,00,2,3,01,B02
200900034762,0,15,000,04,0,2,14,A01
200900034763,0,07,000,00,0,9,00,A01
200900034764,0,07,000,00,2,1,01,B02
200900034764,0,07,000,00,2,7,15,A01
200900034765,0,31,000,04,0,7,01,B02
200900034765,0,10,000,04,0,6,01,A01
200900034766,0,07,000,00,2,1,01,A01
200900034766,0,07,000,00,2,3,01,B02
200900034767,0,07,000,00,0,3,03,B02
200900034767,0,07,000,00,0,3,01,A01
200900034768,0,07,000,00,2,8,19,A01
200900034768,0,31,000,00,2,1,01,B02
200900034769,0,30,000,00,2,3,01,A01
200900034770,0,02,000,00,2,1,13,A01
200900034770,0,10,000,00,2,3,01,B01
200900034771,0,07,000,02,0,1,01,A01
200900034772,0,31,000,00,2,1,17,A01
200900034772,0,07,000,00,2,3,01,B02
200900034773,0,07,000,00,2,5,02,A01
200900034773,0,07,000,00,2,3,02,B02
200900034774,0,10,000,00,2,3,15,A01
200900034774,0,01,000,00,2,5,01,B01
200900034775,0,33,000,00,0,0,17,A01
200900034776,0,10,000,08,2,8,15,B02
200900034776,0,38,000,00,2,1,13,A01
200900034777,0,07,000,00,2,3,01,A01
200900034777,0,33,000,00,2,1,13,B02
200900034778,0,07,000,00,2,7,01,B02
200900034778,0,01,000,00,2,1,01,A01
200900034779,0,07,000,00,2,5,19,A01
200900034779,0,02,000,00,2,1,01,B02
200900034780,0,07,000,02,0,7,13,A01
200900034781,0,07,000,13,0,3,13,A01
200900034782,0,15,000,04,0,2,01,A01
200900034783,0,07,000,00,1,7,01,A01
200900034784,0,07,000,00,2,3,15,A01
200900034784,0,33,000,00,2,1,01,B02
200900034785,0,33,000,06,0,0,01,A01
200900034786,0,07,000,00,0,9,01,A01
200900034787,0,07,000,00,2,3,01,A01
200900034787,0,07,000,00,2,3,01,B02
200900034788,0,07,000,00,2,7,01,A01
200900034788,0,14,000,00,2,1,01,B02
200900034789,0,07,000,08,0,1,01,A01
200900034790,0,33,000,00,0,7,01,A01
200900034791,0,07,000,00,9,3,23,A01
200900034791,0,01,000,00,2,1,21,B02
200900034792,0,17,000,00,0,3,00,A01
200900034792,0,07,000,00,0,5,00,B02
200900034792,0,07,000,00,0,1,00,C03
200900034793,0,07,000,00,2,3,15,A01
200900034793,0,31,000,00,2,1,17,B02
200900034794,0,07,000,00,2,3,15,A01
200900034794,0,33,000,00,2,1,13,B02
200900034795,0,30,000,00,2,8,15,A01
200900034795,0,07,000,00,2,1,01,B01
200900034796,0,99,000,00,2,8,01,B02
200900034796,0,07,000,00,2,2,15,A01
200900034797,0,33,000,00,2,1,13,A01
200900034797,0,07,000,00,2,3,01,B02
200900034798,0,07,000,00,1,3,01,A01
200900034799,0,07,000,00,2,2,15,A01
200900034799,0,31,000,00,2,8,19,B02
200900034800,0,01,000,00,2,1,01,B01
200900034800,0,07,000,00,2,7,15,A01