Num_Acc,senc,catv,occutc,obs,obsm,choc,manv,num_veh
200900034801,0,07,000,00,0,8,00,B02
200900034801,0,31,000,00,2,2,02,A01
200900034802,0,07,000,06,0,8,01,A01
200900034803,0,10,000,02,0,0,01,A01
200900034804,0,07,000,00,2,3,15,A01
200900034804,0,01,000,00,2,1,01,B02
200900034805,0,07,000,00,2,1,01,B02
200900034805,0,07,000,00,2,3,17,A01
200900034806,0,07,000,00,2,8,19,A01
200900034806,0,33,000,00,2,1,01,B02
200900034807,0,07,000,03,2,5,12,A01
200900034807,0,07,000,03,0,3,01,B01
200900034808,0,07,000,04,0,3,01,A01
200900034809,0,33,000,03,0,8,16,A01
200900034810,0,07,000,00,0,4,02,A01
200900034810,0,10,000,00,2,1,02,E01
200900034810,0,07,000,00,2,4,02,C01
200900034810,0,10,000,00,2,4,02,D01
200900034810,0,07,000,00,2,6,02,B01
200900034811,0,07,000,00,0,4,23,A01
200900034811,0,07,000,00,2,1,01,C01
200900034811,0,07,000,00,2,4,23,B01
200900034812,0,07,000,00,0,4,02,A01
200900034812,0,07,000,00,2,1,02,B01
200900034813,0,07,000,03,0,5,01,A01
200900034813,0,10,000,00,2,1,02,C01
200900034813,0,07,000,01,0,4,02,B01
200900034814,0,07,000,00,2,1,02,B01
200900034814,0,15,000,00,0,4,02,A01
200900034815,0,10,000,00,2,8,01,B01
200900034815,0,07,000,00,2,1,01,A01
200900034816,0,07,000,00,2,3,01,B01
200900034816,0,34,000,00,2,1,17,A01
200900034817,1,07,000,00,2,7,01,B01
200900034817,0,02,000,00,2,0,00,A01
200900034818,0,01,000,01,0,1,01,B01
200900034818,0,07,000,00,2,8,22,A01
200900034819,0,07,000,00,1,7,01,A01
200900034820,0,07,000,00,2,6,01,B01
200900034820,0,30,000,00,2,1,01,A01
200900034821,0,07,000,00,1,3,01,A01
200900034822,0,07,000,00,2,4,02,B01
200900034822,0,02,000,00,2,1,02,A01
200900034823,0,07,000,00,2,3,16,A01
200900034823,0,01,000,00,2,1,00,B01
200900034824,0,07,000,00,2,2,01,A01
200900034824,0,01,000,00,2,1,01,B01
200900034825,0,30,000,00,2,1,01,A01
200900034825,0,07,000,00,2,7,15,B01
200900034826,0,02,000,00,2,7,01,B01
200900034826,0,07,000,00,2,1,01,A01
200900034827,0,07,000,00,2,8,22,A01
200900034827,0,01,000,00,2,1,01,B01
200900034828,0,07,000,00,1,1,01,A01
200900034829,0,01,000,00,0,1,01,A01
200900034830,0,40,000,00,1,1,01,A01
200900034831,0,02,000,00,2,1,01,B01
200900034831,0,07,000,00,2,8,01,A01
200900034832,0,30,000,00,1,1,01,A01
200900034833,0,07,000,00,1,3,01,A01
200900034834,0,40,000,00,2,8,01,A01
200900034834,0,01,000,00,4,7,01,B01
200900034835,0,30,000,00,1,1,01,A01
200900034836,0,30,000,00,2,1,01,A01
200900034836,0,07,000,00,2,8,15,B01
200900034837,0,07,000,00,2,1,01,A01
200900034837,0,07,000,00,2,4,02,B01
200900034838,0,01,000,00,2,1,01,B01
200900034838,1,32,000,00,2,1,01,A01
200900034839,0,07,000,00,2,1,13,A01
200900034839,0,07,000,00,2,1,01,B01
200900034840,0,07,000,00,0,4,23,B01
200900034840,0,07,000,14,0,1,02,A01
200900034841,0,07,000,00,2,7,01,B01
200900034841,0,07,000,00,2,6,15,A01
200900034842,0,07,000,00,2,1,01,A01
200900034842,0,07,000,00,2,4,01,B01
200900034842,0,07,000,00,2,4,01,C01
200900034843,0,07,000,03,0,1,14,A01
200900034844,0,07,000,00,2,1,09,A01
200900034844,0,10,000,00,2,2,01,B01
200900034845,0,07,000,00,2,5,17,A01
200900034845,0,37,004,00,2,3,01,B01
200900034846,0,10,000,00,2,1,01,A01
200900034846,0,07,000,00,2,7,15,B01
200900034847,0,02,000,01,0,1,01,A01
200900034847,0,07,000,00,2,8,22,B01
200900034848,0,01,000,00,2,6,01,B01
200900034848,0,07,000,00,2,1,01,A01
200900034849,0,07,000,00,1,1,01,A01
200900034850,0,32,000,00,2,7,01,B01
200900034850,0,07,000,00,2,4,09,A01
200900034851,0,07,000,00,2,7,12,A01
200900034851,0,31,000,00,2,8,01,B01
200900034852,0,07,000,00,2,3,15,B01
200900034852,0,01,000,00,2,1,01,A01
200900034853,0,07,000,00,2,4,00,C01
200900034853,0,07,000,00,2,2,01,A01
200900034853,0,07,000,00,2,1,01,B01
200900034854,0,07,000,00,2,2,01,B01
200900034854,0,07,000,00,2,3,09,A01
200900034855,0,07,000,00,0,0,00,A01
200900034856,0,01,000,00,2,8,18,A01
200900034856,0,14,000,00,2,2,01,B01
200900034857,0,07,000,02,0,1,01,A01
200900034858,0,07,000,00,2,2,01,A01
200900034858,0,01,000,00,2,1,01,B01
200900034859,0,07,000,00,2,1,13,A01
200900034860,0,15,000,01,4,8,15,A01
200900034860,0,40,000,00,2,1,01,B01
200900034861,0,07,000,00,2,2,01,A01
200900034861,0,07,000,00,2,1,20,B01
200900034862,0,14,000,00,2,1,01,A01
200900034862,0,07,000,00,2,4,20,B01
200900034863,0,30,000,00,2,1,01,A01
200900034863,0,07,000,00,2,4,01,B01
200900034864,2,01,000,00,1,1,01,A01
200900034865,0,07,000,00,1,1,01,A01
200900034866,0,07,000,00,2,2,17,A01
200900034866,0,01,000,00,2,8,01,B01
200900034867,0,01,000,01,0,1,01,B01
200900034867,0,07,000,00,2,3,22,A01
200900034868,0,01,000,00,2,1,01,A01
200900034868,0,01,000,00,2,0,01,B01
200900034869,0,07,000,00,2,1,01,B01
200900034869,0,01,000,00,2,1,01,A01
200900034870,0,40,000,00,1,0,01,A01
200900034871,0,02,000,00,2,1,15,A01
200900034871,0,10,000,00,2,2,01,B01
200900034872,0,07,000,00,2,4,23,B01
200900034872,0,07,000,00,2,1,01,A01
200900034873,0,07,000,00,1,6,04,A01
200900034874,0,07,000,00,1,1,01,A01
200900034875,0,01,000,00,2,8,01,B01
200900034875,0,07,000,00,2,1,16,A01
200900034876,0,07,000,00,2,4,01,B01
200900034876,0,37,007,00,2,1,01,A01
200900034877,0,07,000,00,2,3,01,C03
200900034877,0,07,000,00,2,8,16,A01
200900034877,0,15,000,00,2,3,01,B02
200900034878,0,07,000,00,2,3,13,A01
200900034878,0,07,000,00,2,1,16,B02
200900034879,0,07,000,00,0,9,01,A01
200900034880,0,07,000,00,0,2,01,A01
200900034881,0,30,000,00,2,1,01,A01
200900034881,0,07,000,00,2,8,01,B02
200900034882,0,02,000,08,0,1,00,A01
200900034883,0,07,000,00,2,3,15,B02
200900034883,0,14,000,00,2,3,01,A01
200900034884,0,07,000,00,2,1,01,A01
200900034884,0,07,000,00,0,4,01,B02
200900034885,0,33,000,00,2,2,01,B02
200900034885,0,07,000,00,2,6,17,A01
200900034886,0,07,000,00,2,7,01,B02
200900034886,0,01,000,00,2,8,15,A01
200900034887,0,33,000,16,0,1,01,A01
200900034888,0,01,000,00,2,3,01,B02
200900034888,0,30,000,00,9,2,01,A01
200900034889,0,02,000,01,2,3,18,B02
200900034889,0,07,000,00,0,5,20,A01
200900034890,0,33,000,13,0,1,01,A01
200900034891,0,10,000,00,2,3,15,A01
200900034891,0,30,000,00,2,1,01,B02
200900034892,0,37,000,06,0,6,20,A01
200900034893,0,07,000,00,2,3,01,A01
200900034893,0,02,000,00,2,1,17,B02
200900034894,0,10,000,00,2,1,01,A01
200900034894,0,02,000,00,2,1,16,B02
200900034895,0,02,000,00,2,8,09,A01
200900034895,0,07,000,00,2,1,01,B02
200900034896,0,01,000,00,2,1,01,A01
200900034896,0,01,000,00,2,3,15,B02
200900034897,0,07,000,16,0,3,01,A01
200900034898,0,07,000,00,2,7,17,A01
200900034899,0,33,000,00,0,7,01,A01
200900034900,0,07,000,00,2,3,19,A01
200900034900,0,33,000,00,2,3,01,B02
200900034901,0,33,000,12,2,7,17,B02
200900034901,0,07,000,00,2,8,15,A01
200900034902,0,33,000,00,0,0,01,A01
200900034903,0,07,000,00,0,5,15,A01
200900034903,0,02,000,00,2,2,01,B02
200900034904,0,31,000,00,0,8,15,A01
200900034905,0,07,000,00,2,3,01,B02
200900034905,0,07,000,00,2,3,01,A01
200900034906,0,07,000,00,2,3,02,A01
200900034906,0,07,000,00,0,6,02,B02
200900034907,0,07,000,00,2,2,15,A01
200900034907,0,30,000,00,2,1,01,B01
200900034908,0,07,000,00,2,2,05,A01
200900034908,0,30,000,00,2,1,01,B01
200900034909,0,07,000,00,1,3,09,A01
200900034910,0,07,000,00,2,1,13,A01
200900034910,0,07,000,00,2,1,01,B01
200900034911,0,07,000,00,2,1,09,A01
200900034911,0,02,000,00,2,1,00,B01
200900034912,0,02,000,00,2,1,05,B01
200900034912,0,07,000,00,2,1,00,A01
200900034913,0,07,000,00,2,1,05,A01
200900034913,0,07,000,00,2,1,01,B01
200900034914,0,07,000,06,0,2,02,A01
200900034915,0,07,000,00,1,1,01,A01
200900034916,0,07,000,00,1,3,15,A01
200900034917,1,07,000,00,1,1,00,Z01
200900034918,0,02,000,00,2,5,01,B01
200900034918,0,07,000,00,2,3,15,A01
200900034919,0,07,000,00,1,1,02,A01
200900034920,0,07,000,00,1,2,09,A01
200900034921,0,02,000,00,0,7,02,A01
200900034922,0,07,000,00,2,3,15,B01
200900034922,0,30,000,00,2,1,01,A01
200900034923,0,07,000,00,0,0,21,A01
200900034924,0,07,000,00,2,3,01,C01
200900034924,0,07,000,00,2,6,02,B01
200900034924,0,33,000,00,2,1,02,A01
200900034925,0,07,000,00,1,1,01,A01
200900034926,0,30,000,00,2,1,01,A01
200900034926,1,07,000,00,2,1,00,Z01
200900034927,0,31,000,00,0,7,16,B01
200900034927,0,07,000,00,2,3,09,A01
200900034928,0,07,000,00,1,2,09,A01
200900034929,0,07,000,00,2,2,03,B01
200900034929,0,07,000,00,2,1,01,D01
200900034929,0,07,000,00,2,8,14,C01
200900034929,0,38,036,00,2,6,03,A01
200900034930,0,30,000,00,2,1,01,B01
200900034930,0,07,000,00,2,1,01,A01
200900034931,0,01,000,00,2,1,01,B01
200900034931,0,02,000,00,2,1,13,A01
200900034932,0,07,000,00,2,3,15,B01
200900034932,0,02,000,00,2,1,01,A01
200900034933,0,07,000,00,2,2,15,A01
200900034933,0,30,000,00,2,1,01,B01
200900034934,0,07,000,00,2,5,15,A01
200900034934,0,02,000,00,2,3,01,B01
200900034935,1,07,000,00,2,0,00,Z01
200900034935,0,07,000,00,2,4,01,A01
200900034935,0,07,000,00,2,6,01,B01
200900034936,0,07,000,00,2,4,01,B01
200900034936,0,07,000,00,2,1,01,A01
200900034937,0,07,000,00,1,3,01,A01
200900034938,0,32,000,00,2,2,01,A01
200900034938,1,07,000,00,0,0,14,Z01
200900034939,0,07,000,00,2,1,00,C01
200900034939,0,07,000,00,2,2,15,A01
200900034939,0,07,000,00,2,2,01,B01
200900034940,0,02,000,00,5,7,23,B01
200900034941,0,02,000,00,2,1,01,B01
200900034941,0,02,000,00,2,1,01,A01
200900034942,0,07,000,00,1,3,01,A01
200900034943,0,07,000,00,2,1,00,E05
200900034943,0,07,000,00,2,3,01,A01
200900034943,0,10,000,00,2,1,01,B02
200900034943,0,07,000,03,0,3,00,F06
200900034943,0,10,000,00,1,8,00,D04
200900034943,0,07,000,00,0,4,01,C03
200900034944,0,07,000,00,0,0,16,B02
200900034944,0,07,000,00,2,3,01,C03
200900034944,0,30,000,00,2,3,11,A01
200900034945,0,39,000,00,2,1,01,B02
200900034945,0,07,000,00,4,7,01,A01
200900034946,0,10,000,08,0,7,01,A01
200900034947,0,07,000,00,2,2,02,A01
200900034947,0,01,000,00,0,4,00,B02
200900034948,0,07,000,00,2,8,10,A01
200900034948,0,33,000,00,2,1,01,B02
200900034949,0,07,000,00,2,1,00,A01
200900034949,0,07,000,00,2,1,01,B02
200900034949,0,07,000,07,0,1,21,C03
200900034950,0,01,000,00,2,4,02,B02
200900034950,0,07,000,00,2,2,01,A01
200900034951,0,07,000,00,0,6,15,A01
200900034951,0,07,000,00,2,2,01,B02
200900034952,0,14,000,13,0,3,01,A01
200900034953,0,02,000,00,0,0,01,A01
200900034954,0,02,000,00,1,1,01,A01
200900034955,0,07,000,00,0,9,01,A01
200900034956,0,02,000,00,2,1,01,A01
200900034956,0,07,000,00,2,1,01,C03
200900034956,0,07,000,00,2,2,15,B02
200900034957,0,07,000,02,0,1,01,A01
200900034958,0,30,000,00,1,1,13,A01
200900034959,0,07,000,00,2,2,01,A01
200900034959,0,07,000,00,2,2,13,B02
200900034960,0,07,000,00,2,1,01,B02
200900034960,0,07,000,00,2,1,13,A01
200900034961,0,07,000,02,0,1,01,A01
200900034962,0,07,000,00,2,3,01,A01
200900034962,0,15,000,00,2,3,21,B01
200900034963,0,07,000,13,0,9,01,A01
200900034964,0,01,000,00,2,8,01,B01
200900034964,0,07,000,00,2,2,16,A01
200900034965,0,33,000,14,2,8,01,A01
200900034965,0,07,000,00,2,7,01,B01
200900034966,0,37,000,00,1,1,01,A01
200900034967,0,07,000,00,2,3,17,A01
200900034967,0,02,000,00,2,8,21,B01
200900034968,0,02,000,00,2,1,01,A01
200900034968,0,07,000,00,2,3,01,B01
200900034969,0,07,000,14,0,2,01,A01
200900034970,0,07,000,13,2,1,14,A01
200900034970,0,07,000,13,2,8,01,B01
200900034971,0,07,000,00,1,3,00,A01
200900034972,0,07,000,00,2,2,01,A01
200900034972,0,07,000,00,2,1,15,B01
200900034973,0,07,000,01,0,1,01,A01
200900034974,0,30,000,00,1,1,01,A01
200900034975,0,01,000,00,1,2,01,A01
200900034976,0,07,000,00,2,9,01,A01
200900034976,0,07,000,00,2,1,01,B01
200900034977,0,07,000,00,1,7,01,A01
200900034978,0,17,000,00,2,1,01,B01
200900034978,0,07,000,00,9,8,01,C01
200900034978,0,07,000,00,9,8,01,D01
200900034978,0,07,000,00,2,0,13,A01
200900034979,0,07,000,03,2,0,13,A01
200900034979,0,07,000,00,2,1,01,B01
200900034980,0,07,000,04,0,0,13,A01
200900034981,0,07,000,00,0,0,13,A01
200900034982,0,07,000,04,9,1,21,A01
200900034983,0,10,000,16,0,0,00,A01
200900034984,0,07,000,13,0,0,00,A01
200900034985,0,07,000,04,2,0,13,A01
200900034985,0,07,000,00,2,1,01,B01
200900034986,0,10,000,00,2,4,01,B01
200900034986,0,07,000,03,2,1,00,A01
200900034987,0,07,000,00,2,4,02,B01
200900034987,0,07,000,00,2,0,00,D01
200900034987,0,07,000,00,2,0,00,C01
200900034987,0,17,000,00,2,1,02,A01
200900034988,0,17,000,00,2,7,12,A01
200900034988,0,07,000,00,2,8,01,B01
200900034989,0,07,000,00,2,1,02,A01
200900034989,0,07,000,00,2,4,02,B01
200900034990,0,07,000,04,0,9,21,A01
200900034991,0,02,000,01,0,1,02,A01
200900034991,0,07,000,00,2,6,02,B01
200900034992,0,07,000,00,2,4,00,B01
200900034992,0,02,000,00,2,1,00,A01
200900034993,0,02,000,00,0,7,00,A01
200900034994,0,07,000,00,0,9,01,A01
200900034995,0,07,000,00,1,1,00,A01
200900034996,0,10,000,00,1,4,04,A01
200900034997,0,07,000,00,1,6,01,A01
200900034998,0,07,000,00,2,2,19,B02
200900034998,0,07,000,00,2,3,01,A01
200900034999,0,07,000,00,1,1,01,A01
200900035000,0,07,000,02,0,3,05,A01
200900035001,0,10,000,00,2,3,17,A01
200900035001,0,10,000,00,2,3,01,B02
200900035002,0,07,000,00,2,1,01,A01
200900035002,0,07,000,00,2,7,01,B02
200900035003,0,07,000,02,0,1,00,A01
200900035004,0,17,000,02,0,3,01,A01
200900035005,0,07,000,00,4,2,00,A01
200900035005,0,39,000,00,2,3,00,B02
200900035006,0,07,000,00,2,1,05,A01
200900035006,0,10,000,00,2,1,01,B02
200900035007,0,07,000,04,0,3,01,A01
200900035008,0,07,000,02,0,1,01,A01
200900035009,0,07,000,13,0,3,01,A01
200900035010,0,07,000,06,0,1,15,A01
200900035011,0,07,000,14,0,3,13,C03
200900035011,0,07,000,00,2,3,05,A01
200900035011,0,07,000,00,2,3,17,B02
200900035012,0,07,000,00,2,6,19,A01
200900035012,0,02,000,00,2,1,01,B02
200900035013,0,07,000,00,2,3,01,B01
200900035013,0,07,000,00,2,4,04,A01
200900035014,0,07,000,01,0,1,14,A01
200900035015,0,30,000,00,0,0,01,A01
200900035016,0,07,000,00,2,1,01,B01
200900035016,0,10,000,00,2,1,01,A01
200900035017,0,33,000,00,2,1,01,B01
200900035017,0,07,000,00,2,2,15,A01
200900035018,0,02,000,00,0,7,16,A01
200900035019,0,02,000,00,2,1,00,A01
200900035019,0,07,000,00,2,6,01,B01
200900035020,0,07,000,00,2,1,15,A01
200900035020,0,07,000,00,2,1,01,B01
200900035021,0,07,000,00,2,8,01,B01
200900035021,0,31,000,12,2,1,01,A01
200900035022,0,02,000,00,0,4,15,B01
200900035022,0,33,000,00,2,1,01,A01
200900035023,0,30,000,00,1,1,01,A01
200900035024,0,33,000,00,2,1,01,B01
200900035024,0,99,000,00,2,7,15,A01
200900035025,0,30,000,00,2,7,17,B01
200900035025,1,07,000,00,2,8,17,A01
200900035026,0,07,000,00,2,3,01,B01
200900035026,0,07,000,00,2,1,01,A01
200900035027,0,15,000,00,2,3,05,A01
200900035027,0,07,000,00,2,3,21,B01
200900035028,0,33,000,00,2,1,01,B01
200900035028,0,07,000,00,2,3,15,A01
200900035029,0,02,000,00,2,1,21,A01
200900035029,0,07,000,00,2,2,15,B01
200900035030,0,07,000,00,2,3,01,A01
200900035030,0,07,000,00,2,1,01,B01
200900035031,0,07,000,08,2,1,02,A01
200900035031,0,07,000,00,2,3,15,B01
200900035032,0,30,000,00,2,1,01,B01
200900035032,0,01,000,00,2,1,16,A01
200900035033,0,07,000,00,2,2,15,A01
200900035033,0,07,000,00,0,5,01,B01
200900035034,0,33,000,00,2,1,01,B01
200900035034,0,07,000,00,9,2,15,A01
200900035035,0,07,000,00,2,7,15,A01
200900035035,0,33,000,00,2,1,17,B01
200900035036,0,07,000,04,0,0,00,A01
200900035037,0,07,000,04,0,0,00,A01
200900035038,0,10,000,03,0,1,14,A01
200900035039,0,07,000,03,0,0,00,A01
200900035040,0,07,000,00,0,0,00,A01
200900035041,0,07,000,09,0,1,00,A01
200900035042,0,07,000,13,0,1,00,A01
200900035043,0,07,000,00,1,1,00,A01
200900035044,0,33,000,00,2,1,02,A01
200900035044,1,07,000,00,2,2,15,B01
200900035045,0,07,000,00,2,5,00,B01
200900035045,0,07,000,00,2,1,09,A01
200900035046,0,07,000,00,2,4,23,C01
200900035046,0,07,000,00,2,1,02,A01
200900035046,0,30,000,00,2,4,23,B01
200900035047,0,30,000,00,2,8,01,B01
200900035047,0,31,000,00,2,7,17,A01
200900035048,0,30,000,00,0,6,24,B01
200900035048,0,07,000,15,9,2,02,A01
200900035049,0,07,000,00,1,1,02,A01
200900035050,0,07,000,00,2,8,01,B02
200900035050,0,10,000,00,2,9,01,C03
200900035050,0,07,000,00,2,1,01,D04
200900035050,0,07,000,00,2,8,13,A01
200900035051,0,07,000,00,2,1,17,B02
200900035051,0,07,000,00,2,8,10,A01
200900035052,0,02,000,00,0,1,00,B02
200900035052,0,07,000,00,2,3,01,A01
200900035053,0,07,000,00,2,3,01,B02
200900035053,0,07,000,00,2,3,13,A01
200900035053,0,07,000,13,2,7,21,C03
200900035054,0,10,000,06,0,2,00,A01
200900035055,0,07,000,00,1,1,01,A01
200900035056,0,07,000,00,1,1,01,A01
200900035057,0,07,000,00,2,1,01,B02
200900035057,0,07,000,00,2,1,13,A01
200900035058,0,07,000,02,0,1,14,A01
200900035059,0,33,000,00,2,1,17,A01
200900035059,0,10,000,00,2,6,17,B02
200900035060,0,07,000,00,2,3,01,A01
200900035060,2,07,000,03,2,1,13,B02
200900035061,0,16,000,00,0,0,02,E05
200900035061,0,16,000,00,2,1,02,C03
200900035061,0,16,000,00,2,1,02,A01
200900035062,0,30,000,00,0,1,01,A01
200900035063,0,07,000,00,1,0,15,A01
200900035064,0,07,000,00,2,8,01,B01
200900035064,0,07,000,00,2,1,13,A01
200900035064,0,07,000,00,2,1,01,C01
200900035065,0,33,000,00,2,1,01,A01
200900035065,0,07,000,00,2,4,01,B01
200900035066,0,03,000,00,2,1,13,A01
200900035066,0,07,000,00,2,1,01,B01
200900035067,0,07,000,13,0,1,01,A01
200900035068,0,33,000,00,0,8,01,B02
200900035069,0,33,000,06,0,1,01,A01
200900035070,0,10,000,00,2,1,01,B02
200900035070,0,33,000,00,2,0,13,A01
200900035071,0,10,000,02,0,3,13,A01
200900035072,0,07,000,03,0,3,01,A01
200900035073,0,07,000,00,2,5,15,B02
200900035073,0,33,000,00,2,1,01,A01
200900035074,0,33,000,00,2,1,01,A01
200900035074,0,07,000,00,0,8,01,B02
200900035075,0,10,000,06,0,2,19,A01
200900035076,0,31,000,00,0,0,00,A01
200900035077,0,10,000,00,9,1,01,B02
200900035077,0,01,000,00,2,1,01,A01
200900035078,0,33,000,00,0,1,01,A01
200900035079,0,07,000,00,1,1,00,A01
200900035080,0,07,000,00,2,1,01,A01
200900035080,0,02,000,00,2,7,19,B01
200900035081,0,30,000,00,1,1,01,A01
200900035082,0,31,000,00,1,1,01,A01
200900035083,0,07,000,00,2,8,15,A01
200900035083,0,33,000,00,2,1,01,B01
200900035084,0,07,000,00,0,3,15,A01
200900035084,0,32,000,00,2,8,01,B01
200900035085,0,01,000,00,0,4,02,C01
200900035085,0,10,000,00,2,1,02,A01
200900035085,0,10,000,00,2,1,02,B01
200900035086,0,07,000,00,2,1,15,A01
200900035086,0,02,000,00,2,1,00,B01
200900035087,0,33,000,00,2,1,13,A01
200900035087,0,07,000,00,0,8,21,B01
200900035088,0,07,000,00,2,8,09,A01
200900035088,0,07,000,00,0,7,01,B01
200900035089,0,07,000,00,2,1,01,B01
200900035089,0,01,000,00,2,1,13,A01
200900035090,0,07,000,00,2,3,01,B01
200900035090,0,07,000,00,2,2,01,A01
200900035091,0,33,000,00,2,1,01,B01
200900035091,0,07,000,00,2,1,01,A01
200900035092,0,07,000,00,0,1,00,B01
200900035092,0,07,000,00,2,1,00,A01
200900035093,0,07,000,00,1,1,01,A01
200900035094,0,30,000,00,2,1,13,A01
200900035094,0,07,000,00,2,2,01,B01
200900035095,0,07,000,00,2,7,01,A01
200900035095,0,33,000,00,2,1,01,B01
200900035096,0,07,000,00,2,1,01,B01
200900035096,0,07,000,00,2,3,15,A01
200900035097,0,07,000,00,2,1,15,A01
200900035097,0,34,000,00,2,1,01,B01
200900035098,0,33,000,00,2,1,01,B01
200900035098,0,07,000,00,2,3,15,A01
200900035099,0,07,000,00,2,1,04,A01
200900035100,0,07,000,00,2,1,01,A01
200900035100,0,07,000,00,2,1,01,B01
200900035101,0,07,000,00,2,1,01,A01
200900035101,0,31,000,00,2,1,01,B01
200900035102,0,07,000,00,2,4,02,B01
200900035102,0,07,000,00,2,1,02,A01
200900035103,0,02,000,00,2,7,01,B01
200900035103,0,07,000,00,2,1,15,A01
200900035104,0,07,000,00,2,8,22,A01
200900035104,0,33,000,14,0,1,17,B02
200900035105,0,02,000,01,2,1,01,B02
200900035105,0,38,000,00,2,3,01,A01
200900035106,0,07,000,00,0,1,01,A01
200900035107,0,07,000,13,0,2,02,A01
200900035108,0,31,000,00,0,7,01,A01
200900035109,0,33,000,05,0,3,01,A01
200900035110,0,33,000,00,2,3,01,A01
200900035110,0,14,000,00,2,8,01,B02
200900035111,0,14,000,00,2,3,01,B02
200900035111,0,10,000,00,2,1,01,A01
200900035112,0,07,000,00,2,1,13,A01
200900035112,0,07,000,00,2,1,01,B02
200900035113,0,07,000,00,2,2,01,A01
200900035113,0,07,000,00,2,2,01,B02
200900035114,0,07,000,09,0,3,13,A01
200900035115,0,07,000,00,2,8,15,B02
200900035115,0,10,000,00,2,9,17,A01
200900035116,0,07,000,00,2,1,05,A01
200900035116,0,34,000,00,2,1,01,B02
200900035117,0,07,000,00,0,0,01,A01
200900035118,0,07,000,04,0,1,00,A01
200900035119,0,01,000,00,2,1,15,B02
200900035119,0,33,000,00,9,2,01,A01
200900035120,0,07,000,00,2,1,02,A01
200900035120,0,07,000,00,2,4,02,B01
200900035121,0,31,000,00,2,1,01,B02
200900035121,0,07,000,00,2,5,15,A01
200900035122,0,07,000,00,2,1,01,B02
200900035122,0,30,000,00,2,2,19,A01
200900035123,0,07,000,00,2,5,15,A01
200900035123,0,33,000,00,2,1,01,B02
200900035124,0,07,000,00,1,8,15,A01
200900035125,0,07,000,00,2,8,01,B02
200900035125,0,30,000,00,2,2,17,A01
200900035126,0,31,000,00,2,1,04,A01
200900035126,0,10,000,00,2,6,04,B02
200900035127,0,10,000,00,2,1,02,A01
200900035127,0,07,000,00,0,4,02,B02
200900035128,0,07,000,13,0,3,01,A01
200900035129,0,33,000,00,2,7,17,B02
200900035129,0,07,000,00,2,8,13,A01
200900035130,0,07,000,02,0,1,01,A01
200900035131,0,33,000,00,2,1,01,B01
200900035131,0,10,000,00,2,7,19,A01
200900035132,0,07,000,00,1,2,01,A01
200900035133,0,07,000,00,2,3,10,A01
200900035133,0,31,000,00,2,1,00,B01
200900035134,0,07,000,00,1,7,01,A01
200900035135,0,01,000,00,2,4,02,B01
200900035135,0,07,000,00,2,1,02,A01
200900035136,0,32,000,00,2,1,01,B01
200900035136,0,07,000,00,2,4,04,A01
200900035137,0,07,000,00,2,2,16,A01
200900035137,0,32,000,00,2,8,15,B01
200900035138,0,07,000,13,0,2,00,A01
200900035139,0,37,001,00,1,2,01,A01
200900035140,0,07,000,00,1,1,01,A01
200900035141,0,02,000,00,2,9,01,A01
200900035141,0,02,000,00,2,3,01,B01
200900035142,0,07,000,00,2,3,02,A01
200900035142,0,02,000,00,2,1,00,B01
200900035143,0,07,000,00,2,1,01,A01
200900035143,0,30,000,00,2,3,01,B01
200900035144,0,07,000,00,0,0,00,A01
200900035145,0,31,000,00,2,7,01,A01
200900035145,0,10,000,00,2,1,01,B01
200900035146,0,07,000,00,2,4,01,A01
200900035146,0,30,000,00,2,4,01,B01
200900035147,0,07,000,00,2,8,20,A01
200900035147,0,02,000,00,2,7,01,B01
200900035148,0,37,015,00,2,7,01,B01
200900035148,0,02,000,01,2,8,11,A01
200900035149,0,07,000,00,1,3,15,A01
200900035150,0,07,000,00,2,6,00,C01
200900035150,0,30,000,00,2,1,00,A01
200900035150,0,07,000,00,2,3,00,B01
200900035151,0,07,000,04,0,1,13,A01
200900035152,0,02,000,00,2,1,01,B01
200900035152,0,07,000,00,2,3,09,A01
200900035153,0,02,000,00,2,0,15,A01
200900035153,0,07,000,00,2,1,00,B01
200900035154,0,07,000,00,2,2,15,A01
200900035154,0,02,000,00,2,1,01,B01
200900035155,0,33,000,00,2,1,00,B01
200900035155,0,07,000,00,2,3,15,A01
200900035156,0,32,000,00,2,4,01,A01
200900035156,0,07,000,00,2,2,00,B01
200900035157,0,31,000,00,2,1,01,A01
200900035157,0,07,000,00,2,6,01,B01
200900035158,0,07,000,00,2,1,01,B01
200900035158,0,02,000,00,2,7,01,A01
200900035159,0,07,000,00,2,1,00,A01
200900035159,0,37,002,00,2,0,00,B01
200900035160,0,30,000,00,2,3,01,B01
200900035160,0,07,000,00,2,2,12,A01
200900035161,0,07,000,00,2,1,09,B01
200900035161,0,31,000,00,2,9,17,A01
200900035162,0,07,000,00,2,1,01,B01
200900035162,0,07,000,00,2,1,01,A01
200900035163,0,02,000,00,2,1,01,B01
200900035163,0,07,000,00,2,6,10,A01
200900035164,0,01,000,00,1,1,01,A01
200900035165,0,07,000,00,2,3,15,A01
200900035165,0,02,000,00,2,1,01,B01
200900035166,0,07,000,01,0,2,20,A01