Num_Acc,senc,catv,occutc,obs,obsm,choc,manv,num_veh
200900036264,0,07,000,00,2,8,01,B01
200900036265,0,33,000,00,2,8,01,B02
200900036265,0,33,000,00,2,7,13,A01
200900036266,0,07,000,02,0,3,01,A01
200900036267,0,07,000,00,0,3,01,A01
200900036267,0,07,000,00,0,3,01,B02
200900036268,0,10,000,04,0,1,13,A01
200900036268,0,07,000,00,2,8,01,B02
200900036268,0,07,000,00,0,4,01,C03
200900036268,0,33,000,00,2,1,01,D04
200900036269,0,07,000,15,0,1,01,A01
200900036270,0,33,000,06,0,7,01,A01
200900036271,0,07,000,00,2,4,23,E05
200900036271,0,07,000,00,2,4,23,D04
200900036271,0,10,000,00,2,3,02,B02
200900036271,0,07,000,00,2,4,02,A01
200900036271,0,07,000,00,2,4,23,C03
200900036272,0,17,000,00,2,3,01,B02
200900036272,0,07,000,00,2,1,01,C03
200900036272,0,07,000,00,2,3,01,A01
200900036273,0,33,000,13,0,2,14,A01
200900036274,0,34,000,00,2,1,17,A01
200900036274,0,07,000,00,2,8,15,B02
200900036275,0,07,000,00,0,8,11,B02
200900036275,0,07,000,00,0,2,12,A01
200900036276,0,07,000,13,0,1,01,A01
200900036277,0,01,000,03,0,2,01,A01
200900036278,0,07,000,00,1,1,01,A01
200900036279,0,37,000,00,1,0,22,A01
200900036280,0,07,000,00,2,8,01,A01
200900036280,0,07,000,00,2,3,01,B02
200900036281,0,33,000,00,0,7,01,A01
200900036282,0,33,000,00,2,1,01,A01
200900036282,0,07,000,00,2,3,01,C03
200900036282,0,07,000,00,9,1,01,B02
200900036283,0,07,000,00,2,1,17,A01
200900036283,0,07,000,00,2,1,01,B02
200900036284,0,07,000,16,0,9,01,A01
200900036285,0,07,000,00,2,1,13,A01
200900036285,0,07,000,00,2,1,01,B02
200900036286,0,07,000,00,2,6,15,A01
200900036286,0,33,000,00,2,3,01,B02
200900036287,0,07,000,00,2,2,15,A01
200900036287,0,02,000,00,2,1,01,B02
200900036288,0,07,000,00,2,1,02,B02
200900036288,0,07,000,00,0,4,02,A01
200900036289,0,07,000,00,2,3,01,B02
200900036289,0,33,000,00,2,1,13,A01
200900036290,0,07,000,00,1,1,00,A01
200900036291,0,07,000,00,1,2,01,A01
200900036292,0,07,000,00,2,1,00,B01
200900036292,0,02,000,00,2,1,01,A01
200900036293,0,07,000,00,2,7,15,A01
200900036293,0,33,000,00,2,1,01,B01
200900036294,0,07,000,00,2,3,15,B01
200900036294,0,02,000,00,2,1,17,A01
200900036295,0,13,000,00,0,0,00,A01
200900036296,0,34,000,00,0,1,01,A01
200900036297,0,07,000,00,2,1,15,A01
200900036297,0,02,000,00,2,1,01,B01
200900036298,0,02,000,00,1,7,01,A01
200900036299,0,31,000,00,0,0,00,B01
200900036299,0,07,000,00,0,0,00,A01
200900036300,0,07,000,00,0,6,01,C01
200900036300,0,33,000,00,2,4,01,B01
200900036300,0,31,000,00,2,2,17,A01
200900036301,0,31,000,00,2,4,01,A01
200900036301,1,07,000,00,2,1,01,B01
200900036302,0,07,000,00,2,2,16,A01
200900036302,0,02,000,00,2,1,01,B01
200900036303,0,10,000,00,2,4,02,B01
200900036303,0,33,000,00,2,1,02,A01
200900036304,0,07,000,00,2,5,01,B01
200900036304,0,31,000,00,2,8,01,A01
200900036305,0,33,000,00,0,7,01,B01
200900036305,0,10,000,00,0,0,11,A01
200900036306,0,15,000,00,4,2,16,A01
200900036306,0,40,000,00,2,1,01,B01
200900036307,0,07,000,00,2,2,01,A01
200900036307,0,02,000,00,2,1,00,B01
200900036308,0,07,000,00,2,4,02,B01
200900036308,0,07,000,00,2,1,01,A01
200900036309,0,07,000,01,2,1,01,A01
200900036309,0,07,000,00,2,3,01,B01
200900036310,0,07,000,00,2,4,02,B01
200900036310,0,10,000,00,2,1,01,A01
200900036311,0,07,000,00,2,2,01,B01
200900036311,0,31,000,00,2,1,13,A01
200900036312,0,37,001,00,1,1,15,A01
200900036313,0,10,000,00,0,0,14,A01
200900036313,0,02,000,01,0,7,01,B01
200900036314,0,02,000,00,2,0,01,B01
200900036314,0,07,000,00,2,3,15,A01
200900036315,0,07,000,00,2,4,01,B01
200900036315,0,07,000,00,2,1,01,A01
200900036316,0,07,000,00,2,1,01,A01
200900036316,0,02,000,00,2,4,01,B01
200900036317,0,32,000,00,2,1,17,A01
200900036317,0,33,000,00,2,6,01,B01
200900036318,0,07,000,00,1,1,00,A01
200900036319,0,07,000,00,1,1,01,A01
200900036320,0,30,000,00,2,1,01,A01
200900036320,0,07,000,00,2,7,15,B01
200900036321,0,07,000,00,2,2,14,A01
200900036321,0,30,000,00,2,8,01,B01
200900036322,0,31,000,00,2,4,02,B01
200900036322,0,07,000,00,2,1,01,A01
200900036323,0,07,000,00,2,7,15,A01
200900036323,0,32,000,00,2,1,01,B01
200900036324,0,10,000,00,2,1,01,B01
200900036324,0,07,000,00,2,1,05,A01
200900036325,0,30,000,00,0,0,00,A01
200900036325,1,07,000,00,0,0,00,B01
200900036326,0,07,000,00,2,1,01,B01
200900036326,0,32,000,00,2,1,05,A01
200900036327,0,01,000,00,2,1,01,A01
200900036327,0,07,000,00,2,4,01,B01
200900036328,0,34,000,00,2,1,01,B01
200900036328,0,10,000,00,2,1,15,A01
200900036329,0,07,000,00,2,4,02,B01
200900036329,0,07,000,00,2,1,01,A01
200900036330,0,31,000,14,0,8,01,A01
200900036330,0,30,000,00,2,0,01,B01
200900036331,0,32,000,15,0,1,00,A01
200900036332,0,30,000,00,2,8,13,A01
200900036332,0,07,000,00,2,7,00,B01
200900036333,0,07,000,00,2,3,17,A01
200900036333,0,31,000,00,2,2,00,B01
200900036334,0,07,000,00,2,6,01,B01
200900036334,0,07,000,00,2,2,00,A01
200900036335,0,02,000,00,2,1,01,B01
200900036335,0,07,000,00,2,1,15,A01
200900036336,0,31,000,00,2,2,01,B01
200900036336,0,07,000,00,2,8,09,A01
200900036337,0,07,000,00,1,3,16,A01
200900036338,0,07,000,00,2,3,10,A01
200900036338,0,31,000,00,2,1,01,B01
200900036339,0,07,000,01,2,0,00,A01
200900036339,0,30,000,00,2,0,00,B01
200900036340,0,07,000,01,0,1,01,A01
200900036340,0,14,000,00,2,3,24,B01
200900036341,0,31,000,00,2,1,17,A01
200900036341,0,07,000,00,2,3,00,B01
200900036342,0,33,000,00,2,2,13,A01
200900036342,0,07,000,00,2,1,01,B01
200900036343,0,30,000,00,2,2,15,A01
200900036343,0,07,000,00,2,2,01,B01
200900036344,0,33,000,00,2,1,01,B01
200900036344,0,07,000,00,2,3,09,A01
200900036345,0,37,005,00,2,2,01,B01
200900036345,0,07,000,00,2,6,15,A01
200900036346,0,07,000,00,2,1,01,A01
200900036347,0,07,000,00,1,1,21,A01
200900036348,0,07,000,00,2,1,01,A01
200900036348,0,07,000,00,2,3,01,B01
200900036349,0,07,000,00,2,2,01,A01
200900036349,0,32,000,00,0,4,23,B01
200900036350,0,07,000,09,2,2,14,B01
200900036350,0,07,000,00,2,8,01,A01
200900036351,0,31,000,00,1,1,01,A01
200900036352,0,02,000,00,0,7,01,A01
200900036353,0,99,000,00,2,2,16,B01
200900036353,0,31,000,00,2,2,02,A01
200900036354,0,07,000,00,1,2,01,A01
200900036355,0,31,000,00,1,1,01,A01
200900036356,0,07,000,12,2,3,21,B01
200900036356,0,31,000,00,2,1,13,A01
200900036357,0,02,000,15,0,1,14,A01
200900036358,0,07,000,00,2,3,01,B01
200900036358,0,31,000,00,2,7,13,A01
200900036359,0,30,000,00,2,1,18,A01
200900036359,0,07,000,00,2,7,16,B01
200900036360,0,30,000,00,0,0,00,A01
200900036361,0,07,000,00,1,8,01,A01
200900036362,0,31,000,00,2,1,00,A01
200900036362,0,07,000,00,0,6,00,B01
200900036363,1,07,000,00,2,0,00,A01
200900036363,0,07,000,00,2,3,15,B01
200900036364,0,07,000,00,2,2,01,A01
200900036364,0,02,000,00,2,3,00,B01
200900036365,0,07,000,00,2,3,15,A01
200900036365,0,37,041,00,2,2,01,B01
200900036366,0,07,000,00,2,7,01,A01
200900036366,0,37,001,00,2,1,01,B01
200900036367,0,07,000,00,0,0,12,A01
200900036367,0,33,000,00,2,0,21,B01
200900036368,0,07,000,01,1,1,01,B01
200900036368,0,01,000,00,2,0,09,A01
200900036369,1,07,000,00,1,0,00,A01
200900036370,0,10,000,14,0,3,01,A01
200900036370,0,07,000,00,2,5,02,B01
200900036371,0,07,000,00,2,3,15,A01
200900036371,0,33,000,00,2,7,17,B01
200900036372,0,37,062,00,1,1,01,A01
200900036373,0,07,000,00,2,7,15,A01
200900036373,0,07,000,00,2,1,01,B01
200900036374,0,07,000,00,2,3,00,A01
200900036374,0,02,000,00,2,7,01,B01
200900036375,0,33,000,00,2,1,01,B01
200900036375,0,07,000,01,2,5,01,A01
200900036376,0,10,000,08,0,1,01,A01
200900036377,0,07,000,00,1,1,15,A01
200900036378,0,07,000,00,2,2,01,B01
200900036378,0,10,000,00,2,3,09,A01
200900036379,0,07,000,00,2,2,02,A01
200900036379,0,07,000,00,2,4,02,B01
200900036379,0,10,000,00,2,4,03,C01
200900036380,0,01,000,00,2,0,09,A01
200900036380,0,07,000,00,2,2,01,B01
200900036381,0,31,000,00,1,1,01,A01
200900036382,0,07,000,00,1,1,01,A01
200900036383,0,02,000,00,0,0,00,A01
200900036384,0,30,000,00,0,0,00,A01
200900036384,0,07,000,00,0,0,00,B01
200900036385,0,31,000,00,2,1,01,B01
200900036385,0,07,000,00,2,1,15,A01
200900036386,0,07,000,00,2,4,02,B01
200900036386,0,34,000,00,2,7,02,A01
200900036387,0,02,000,00,2,1,01,B01
200900036387,0,10,000,00,2,8,09,A01
200900036388,0,32,000,00,2,1,01,B01
200900036388,0,07,000,00,2,3,13,A01
200900036389,0,07,000,00,0,4,02,B01
200900036389,0,02,000,00,2,1,02,A01
200900036390,0,07,000,00,0,5,02,B01
200900036390,0,10,000,00,2,3,02,A01
200900036391,0,07,000,00,1,0,17,A01
200900036392,0,01,000,00,1,1,01,A01
200900036392,0,07,000,00,0,1,01,B01
200900036393,0,33,000,00,2,5,17,B01
200900036393,0,07,000,00,2,3,20,A01
200900036394,0,30,000,00,2,1,17,A01
200900036394,0,07,000,00,0,8,15,B01
200900036395,0,31,000,00,2,1,01,A01
200900036395,0,30,000,00,2,4,21,B01
200900036396,0,32,000,16,0,0,01,A01
200900036396,0,07,000,00,2,4,02,B01
200900036397,0,32,000,00,2,0,02,B01
200900036397,0,07,000,00,2,6,15,A01
200900036398,0,07,000,01,0,2,00,A02
200900036399,0,07,000,02,0,2,01,A01
200900036400,0,07,000,00,1,1,01,A01
200900036401,1,07,000,00,0,0,00,B01
200900036401,0,02,000,00,2,1,01,A01
200900036402,0,31,000,00,2,2,01,B01
200900036402,0,07,000,00,2,3,09,A01
200900036403,0,07,000,00,2,4,01,C01
200900036403,0,10,000,00,2,1,01,A01
200900036403,0,07,000,00,2,4,02,B01
200900036404,0,07,000,00,2,6,01,B01
200900036404,0,30,000,00,2,8,01,A01
200900036405,0,02,000,00,2,5,01,A01
200900036405,0,07,000,00,2,2,15,B01
200900036406,0,07,000,00,2,1,01,A01
200900036406,0,07,000,00,0,0,00,C01
200900036406,0,07,000,00,2,4,23,B01
200900036407,0,10,000,00,2,3,01,B01
200900036407,0,31,000,00,2,7,16,A01
200900036408,0,07,000,00,2,8,15,A01
200900036408,0,32,000,00,2,1,01,B01
200900036409,0,33,000,00,1,2,17,A01
200900036410,0,32,000,00,2,0,13,A01
200900036410,0,07,000,00,2,3,11,B01
200900036411,0,07,000,00,2,2,15,B01
200900036411,0,31,000,00,2,1,01,A01
200900036412,0,30,000,00,2,1,15,A01
200900036412,0,31,000,00,2,1,01,B01
200900036413,0,02,000,00,2,1,02,A01
200900036413,0,07,000,00,2,4,02,B01
200900036414,0,07,000,01,2,3,09,A01
200900036414,0,07,000,01,2,5,01,B01
200900036415,0,10,000,00,1,4,04,A01
200900036416,0,10,000,00,2,1,02,A01
200900036416,0,31,000,00,2,4,02,B01
200900036417,0,32,000,00,0,0,00,A01
200900036418,0,07,000,00,2,1,01,B01
200900036418,0,30,000,00,0,8,00,A01
200900036419,0,10,000,00,2,1,02,A01
200900036419,0,07,000,00,0,4,02,B01
200900036420,0,07,000,00,2,1,13,A01
200900036420,0,07,000,00,2,1,01,B01
200900036421,0,30,000,00,2,1,17,A01
200900036421,0,30,000,00,2,8,15,B01
200900036422,0,30,000,00,1,1,09,A01
200900036423,0,31,000,00,2,1,01,B01
200900036423,0,07,000,00,0,5,16,A01
200900036424,0,07,000,00,1,1,01,A01
200900036425,0,32,000,00,2,0,00,B01
200900036425,1,07,000,00,2,0,00,A01
200900036426,0,07,000,00,2,1,01,A01
200900036426,0,01,000,00,2,4,15,B01
200900036427,0,33,000,00,2,2,17,B01
200900036427,0,07,000,00,1,3,13,A01
200900036428,0,32,000,00,0,0,00,A01
200900036429,0,07,000,00,2,4,01,B01
200900036429,0,07,000,00,2,1,01,A01
200900036429,0,10,000,00,2,4,01,C01
200900036430,0,07,000,00,2,1,01,C01
200900036430,0,32,000,00,2,1,17,A01
200900036430,0,07,000,00,2,8,15,B01
200900036431,0,32,000,00,2,4,01,B01
200900036431,0,10,000,00,2,1,01,A01
200900036432,0,32,000,03,0,0,00,A01
200900036433,0,07,000,01,0,2,01,A01
200900036434,0,33,000,00,2,2,01,B01
200900036434,0,99,000,00,2,1,16,A01
200900036434,0,01,000,00,2,1,01,C01
200900036435,0,07,000,00,2,4,02,B01
200900036435,0,07,000,00,2,1,02,A01
200900036436,0,07,000,09,0,1,13,A01
200900036437,0,34,000,00,2,1,01,B01
200900036437,0,10,000,00,0,8,09,A01
200900036438,0,31,000,00,2,4,01,B01
200900036438,1,17,000,00,2,2,01,A01
200900036439,0,07,000,01,2,1,01,A01
200900036439,1,07,000,00,2,1,09,C01
200900036439,0,07,000,00,2,4,00,B01
200900036440,0,07,000,00,0,8,09,A01
200900036440,0,30,000,00,2,1,01,B01
200900036441,0,07,000,00,2,1,15,A01
200900036441,0,30,000,00,2,0,15,B01
200900036442,0,34,000,00,0,0,00,A01
200900036443,0,07,000,00,1,3,15,A01
200900036444,0,32,000,00,0,0,00,A01
200900036445,0,31,000,00,0,0,00,B01
200900036445,0,07,000,00,2,3,11,A01
200900036446,0,07,000,00,2,1,02,A01
200900036446,0,07,000,00,2,1,02,C01
200900036446,0,07,000,00,2,1,02,B01
200900036446,0,07,000,00,2,4,02,D01
200900036447,0,07,000,01,0,1,01,A01
200900036448,0,07,000,00,2,8,15,B01
200900036448,0,02,000,00,2,1,17,A01
200900036449,0,07,000,00,2,4,02,B01
200900036449,0,07,000,00,2,1,01,A01
200900036450,0,02,000,00,2,1,01,B01
200900036450,0,07,000,00,0,7,10,A01
200900036451,0,30,000,00,2,1,01,A01
200900036451,0,07,000,00,2,2,01,B01
200900036452,0,07,000,00,0,1,01,B01
200900036452,0,32,000,00,2,1,13,A01
200900036453,0,30,000,02,0,1,14,A01
200900036454,0,07,000,00,0,8,23,B01
200900036454,0,02,000,00,0,2,17,A01
200900036455,0,07,000,00,0,8,15,B01
200900036455,1,30,000,00,2,1,17,A01
200900036456,0,07,000,00,0,0,01,A01
200900036456,0,31,000,00,0,0,01,B01
200900036457,0,07,000,00,0,8,15,A01
200900036457,0,31,000,00,2,1,01,B01
200900036458,0,30,000,00,9,1,01,A01
200900036459,1,30,000,00,0,0,05,B01
200900036459,0,01,000,00,0,0,01,A01
200900036460,0,30,000,00,2,1,01,C01
200900036460,0,07,000,00,0,1,01,B01
200900036460,0,02,000,00,2,1,13,A01
200900036461,0,30,000,00,2,1,13,A01
200900036461,0,07,000,00,9,1,01,B01
200900036462,0,02,000,00,1,1,01,A01
200900036463,0,01,000,01,0,1,01,B01
200900036463,0,07,000,00,0,8,24,A01
200900036464,0,07,000,00,2,5,15,A01
200900036464,0,07,000,00,2,2,01,B01
200900036465,0,30,000,00,0,0,01,A01
200900036465,0,07,000,00,0,0,11,B01
200900036466,0,07,000,00,2,4,02,B01
200900036466,0,13,000,00,2,1,02,A01
200900036467,0,32,000,00,2,0,17,A01
200900036467,0,07,000,00,2,3,01,B01
200900036468,0,07,000,00,2,0,02,A01
200900036468,0,31,000,00,2,8,01,B01
200900036469,0,34,000,00,2,1,00,A01
200900036470,0,34,000,00,2,1,00,A01
200900036470,0,07,000,00,2,1,01,B01
200900036471,0,07,000,00,0,2,02,A01
200900036472,0,07,000,00,2,1,01,A01
200900036472,0,30,000,00,2,8,01,B01
200900036473,0,30,000,00,2,0,01,B01
200900036473,0,07,000,00,2,3,01,A01
200900036474,0,07,000,00,2,1,01,B01
200900036474,0,07,000,00,2,1,15,A01
200900036475,0,01,000,00,2,4,01,B02
200900036475,0,07,000,00,2,3,01,A01
200900036476,0,01,000,00,2,7,01,B01
200900036476,0,07,000,00,2,1,01,A01
200900036477,0,07,000,00,0,9,01,A01
200900036478,0,07,000,01,2,1,21,A01
200900036479,1,07,000,00,2,1,02,A01
200900036479,0,07,000,00,2,4,01,B01
200900036480,0,07,000,00,2,1,01,A01
200900036480,0,07,000,00,2,1,01,B02
200900036481,0,07,000,00,2,7,16,B01
200900036481,0,30,000,00,2,1,18,A01
200900036482,0,07,000,00,2,2,13,A01
200900036482,0,01,000,00,2,8,15,B02
200900036483,0,07,000,00,2,1,01,B02
200900036483,0,07,000,00,0,4,01,A01
200900036484,0,21,000,00,0,4,16,B02
200900036484,0,07,000,00,2,1,01,A01
200900036485,0,07,000,02,0,1,01,A01
200900036486,0,33,000,00,0,7,01,A01
200900036487,0,31,000,00,2,7,01,A01
200900036487,0,07,000,00,2,3,02,B01
200900036488,0,07,000,02,0,2,01,A01
200900036489,0,07,000,03,0,1,15,A01
200900036490,0,07,000,00,2,8,01,B01
200900036490,0,07,000,00,2,1,01,A01
200900036491,0,07,000,00,1,1,21,A01
200900036492,0,07,000,08,1,1,14,A01
200900036493,0,30,000,00,0,8,01,A01
200900036494,0,07,000,00,1,3,01,A01
200900036495,0,07,000,00,1,1,01,A01
200900036496,0,07,000,08,0,1,15,A01
200900036497,0,01,000,00,2,7,19,A01
200900036497,0,07,000,00,2,1,12,B01
200900036498,0,07,000,00,0,4,17,A01
200900036498,0,17,000,00,0,1,01,B02
200900036499,0,31,000,01,0,1,01,A01
200900036500,0,07,000,02,0,2,01,A01
200900036501,0,07,000,00,1,8,01,A01
200900036502,0,07,000,00,1,1,01,A01
200900036503,0,07,000,02,0,2,01,A01
200900036504,0,07,000,08,0,8,01,A01
200900036505,0,07,000,00,1,2,01,A01
200900036506,0,07,000,00,2,0,01,B01
200900036506,0,07,000,00,2,0,01,A01
200900036507,0,02,000,00,2,1,14,A01
200900036507,0,13,000,00,2,5,01,B01
200900036508,0,07,000,00,2,1,09,A01
200900036508,0,02,000,00,2,7,00,B01
200900036509,0,07,000,00,2,1,15,A01
200900036509,0,07,000,09,2,1,01,B01
200900036510,0,07,000,16,0,1,01,A01
200900036511,0,10,000,02,0,3,19,A01
200900036512,0,07,000,02,0,1,01,A01
200900036513,0,07,000,13,0,8,01,A01
200900036514,0,07,000,00,0,4,23,A01
200900036514,0,07,000,14,0,1,01,B02
200900036515,0,07,000,08,0,9,13,A01
200900036516,0,07,000,00,2,2,15,A01
200900036516,0,07,000,00,2,1,01,B02
200900036517,0,07,000,02,0,1,13,A01
200900036518,0,07,000,00,1,2,01,A01
200900036519,0,07,000,13,0,1,00,A01
200900036520,0,07,000,00,0,0,15,A01
200900036520,0,36,000,00,0,9,21,B02
200900036521,0,33,000,12,0,1,01,A01
200900036522,0,02,000,00,2,1,19,A01
200900036522,0,07,000,00,9,7,02,B02
200900036523,0,07,000,00,2,3,15,A01
200900036523,0,07,000,00,2,1,17,B02
200900036524,0,07,000,00,9,6,15,B02
200900036524,0,33,000,00,2,1,17,A01
200900036525,0,33,000,08,0,8,01,A01
200900036526,1,07,000,00,0,0,13,A01
200900036526,0,07,000,13,0,3,21,B02
200900036527,0,07,000,00,2,1,16,A01
200900036527,0,01,000,00,2,8,01,B02
200900036528,1,07,000,00,1,2,01,A01
200900036529,0,30,000,00,0,0,01,A01
200900036530,0,07,000,13,0,9,13,A01
200900036531,0,07,000,00,2,1,05,A01
200900036531,0,07,000,00,2,1,02,B02
200900036532,0,07,000,13,0,3,13,A01
200900036533,0,10,000,13,0,1,13,A01
200900036534,0,21,000,00,2,3,01,B02
200900036534,0,33,000,00,2,1,13,A01
200900036535,0,07,000,00,2,1,01,A01
200900036535,0,07,000,00,2,1,01,B02
200900036536,0,07,000,00,0,7,19,A01
200900036536,0,07,000,00,0,1,01,B02
200900036537,0,33,000,00,0,0,01,A01
200900036538,0,02,000,07,0,0,01,A01
200900036539,0,07,000,13,0,9,01,A01
200900036540,0,02,000,00,0,0,01,A01
200900036541,0,10,000,00,2,4,04,A01
200900036541,0,30,000,00,2,1,01,B01
200900036542,0,07,000,03,0,1,01,A01
200900036542,0,14,000,00,2,0,01,B01
200900036543,0,34,000,00,2,1,01,B01
200900036543,0,07,000,00,2,3,15,A01
200900036544,0,33,000,00,2,1,01,B01
200900036544,0,07,000,00,2,7,15,A01
200900036545,0,33,000,00,2,8,01,B01
200900036545,0,07,000,00,2,3,15,A01
200900036546,0,07,000,00,2,3,17,A01
200900036546,0,07,000,00,2,1,20,B01
200900036547,0,30,000,12,0,1,01,A01
200900036548,0,14,000,00,0,4,01,B01
200900036548,0,07,000,00,9,1,00,A01
200900036549,0,07,000,00,2,1,15,A01
200900036549,0,33,000,00,2,4,01,B01
200900036550,0,07,000,13,0,1,01,A01
200900036551,0,31,000,00,2,1,02,A01
200900036551,0,07,000,00,0,4,02,B01
200900036552,0,07,000,00,2,5,00,A01
200900036552,0,01,000,00,2,1,01,B01
200900036553,0,01,000,00,0,1,17,A01
200900036553,0,07,000,00,0,8,15,B01
200900036554,0,07,000,00,1,2,01,A01
200900036555,0,32,000,00,0,1,01,A01
200900036556,0,07,000,00,2,2,15,A01
200900036556,0,07,000,00,2,1,01,B01
200900036557,0,07,000,12,0,1,17,A01
200900036557,0,07,000,00,2,6,01,B01
200900036558,0,31,000,00,2,1,01,A01
200900036558,0,13,000,00,2,2,19,B01
200900036559,0,07,000,13,0,1,01,A01
200900036560,0,33,000,00,2,1,17,B01
200900036560,0,07,000,00,2,4,15,A01
200900036561,0,10,000,00,2,3,01,B01
200900036561,0,10,000,00,0,0,15,A01
200900036562,0,30,000,00,0,1,01,A01
200900036563,0,31,000,00,2,1,01,B01
200900036563,0,07,000,00,2,7,15,A01
200900036564,0,07,000,02,0,1,01,A01
200900036565,0,07,000,03,0,1,01,A01
200900036566,0,07,000,00,2,1,09,A01
200900036566,0,31,000,00,2,8,01,B01
200900036567,0,02,000,00,2,2,02,A01
200900036567,0,33,000,00,2,8,02,B01
200900036568,0,07,000,00,1,1,17,A01
200900036569,2,07,000,00,1,0,01,A01
200900036570,0,01,000,00,0,1,01,A01
200900036571,0,07,000,00,9,3,16,A01
200900036571,0,01,000,00,2,1,20,B01
200900036572,0,30,000,14,0,1,01,A01
200900036573,0,02,000,00,0,1,01,A01
200900036574,0,10,000,00,2,1,09,B01
200900036574,0,01,000,00,2,8,01,A01
200900036575,0,07,000,15,0,3,00,A01
200900036576,0,07,000,00,2,1,01,B01
200900036576,0,07,000,00,2,2,15,A01
200900036577,0,07,000,00,2,1,02,A01
200900036577,0,07,000,00,2,4,23,D01
200900036577,0,07,000,00,2,1,02,B01
200900036577,0,07,000,00,2,4,23,C01
200900036578,0,32,000,00,2,3,01,A01
200900036578,0,07,000,00,2,8,01,B01
200900036579,0,31,000,00,1,1,01,A01
200900036580,0,07,000,00,1,3,01,A01
200900036581,0,07,000,00,2,3,09,B01
200900036581,0,32,000,00,2,1,01,A01
200900036582,0,07,000,02,0,0,09,A01
200900036583,0,07,000,08,0,1,01,A01
200900036584,0,07,000,00,2,1,15,A01
200900036584,0,33,000,00,2,1,01,B01
200900036585,1,07,000,00,0,0,02,A01
200900036585,0,07,000,08,2,9,01,B01
200900036586,0,31,000,00,2,1,01,B01
200900036586,0,07,000,00,9,2,15,A01
200900036587,0,32,000,00,2,2,17,A01
200900036587,0,07,000,00,0,0,15,B01
200900036588,0,13,000,00,1,6,04,A01
200900036589,0,33,000,00,2,1,01,B01
200900036589,0,07,000,00,2,3,15,A01
200900036590,0,07,000,00,1,3,01,A01
200900036591,0,07,000,00,2,1,01,A01
200900036591,0,07,000,00,2,6,01,B01
200900036592,0,07,000,06,0,9,01,A01
200900036593,0,07,000,00,1,1,01,A01
200900036594,0,30,000,00,2,1,01,A01
200900036594,0,99,000,00,9,8,15,B01
200900036595,0,33,000,00,2,7,21,A01
200900036595,0,07,000,00,2,4,15,B01
200900036596,0,07,000,00,0,1,00,A01
200900036596,0,07,000,00,0,3,00,B01
200900036597,0,07,000,00,1,3,00,A01
200900036598,0,32,000,00,0,7,01,A01
200900036599,0,31,000,13,0,1,02,A01
200900036600,0,07,000,00,2,1,09,A01
200900036600,0,30,000,00,2,7,01,B01
200900036601,0,33,000,00,2,1,01,B01
200900036601,0,99,000,00,2,5,10,A01
200900036602,0,07,000,00,1,3,01,A01
200900036603,0,07,000,00,0,4,02,B01
200900036603,0,31,000,00,2,1,02,A01
200900036604,0,31,000,00,2,2,00,A01
200900036604,0,07,000,00,2,1,01,B01
200900036605,0,07,000,02,0,7,00,A01
200900036606,0,33,000,00,2,1,21,B01
200900036606,0,07,000,00,2,3,15,A01
200900036607,0,33,000,00,0,0,00,A01
200900036608,0,07,000,00,2,1,05,A01
200900036608,0,07,000,00,2,1,01,B01
200900036609,0,33,000,00,2,1,00,B01
200900036609,0,07,000,00,2,1,05,A01
200900036609,0,33,000,00,2,1,00,C01
200900036610,0,33,000,00,2,1,17,B01
200900036610,0,07,000,00,2,3,10,A01
200900036611,0,07,000,00,2,3,17,B01
200900036611,0,02,000,00,2,1,01,A01
200900036612,0,07,000,00,2,3,01,B01
200900036612,0,10,000,00,2,3,01,A01
200900036613,0,02,000,00,1,3,21,A01
200900036614,0,07,000,06,0,9,01,A01
200900036615,0,33,000,00,2,3,01,B01
200900036615,0,07,000,00,2,1,15,A01
200900036616,0,07,000,00,2,3,01,B01
200900036616,0,34,000,00,2,7,01,A01
200900036617,0,37,001,00,2,4,23,B01
200900036617,0,07,000,00,2,1,02,A01
200900036618,0,31,000,00,2,1,11,A01
200900036618,0,33,000,00,2,1,17,B02
200900036619,0,34,000,00,2,1,01,B02
200900036619,0,07,000,00,2,3,10,A01
200900036620,0,15,000,00,2,2,13,A01
200900036620,0,07,000,00,2,1,01,B02
200900036621,0,31,000,00,2,1,01,B02
200900036621,0,10,000,00,2,3,15,A01
200900036622,0,07,000,00,2,1,02,A01
200900036622,0,07,000,00,0,4,02,B02
200900036623,0,31,000,13,0,1,01,A01
200900036624,0,01,000,00,2,8,01,B02
200900036624,0,07,000,00,2,3,15,A01
200900036625,0,34,000,13,0,1,14,A01
200900036626,0,07,000,00,2,1,17,A01
200900036626,0,32,000,00,2,1,01,B02
200900036627,0,07,000,00,1,8,01,A01
200900036628,0,07,000,00,2,2,14,A01
200900036628,0,10,000,03,2,6,01,B02
200900036629,0,07,000,00,0,6,01,B02
200900036629,0,07,000,00,2,2,11,A01
200900036630,0,07,000,00,2,8,15,B02
200900036630,0,07,000,00,2,2,17,A01
200900036631,0,07,000,13,0,8,01,A01
200900036632,0,07,000,00,2,8,14,A01
200900036632,0,07,000,00,2,8,01,B02
200900036633,0,07,000,00,2,6,15,A01
200900036633,0,32,000,00,2,1,01,B02
200900036634,0,30,000,00,2,1,01,B02
200900036634,0,30,000,00,2,1,01,C03