Num_Acc,senc,catv,occutc,obs,obsm,choc,manv,num_veh
200900037383,0,07,000,00,2,5,09,A01
200900037383,0,33,000,00,2,1,01,B01
200900037384,0,07,000,08,0,2,14,A01
200900037385,0,07,000,00,2,4,01,B01
200900037385,0,07,000,00,2,1,01,A01
200900037386,0,07,000,00,2,1,09,A01
200900037386,0,07,000,00,2,7,01,B01
200900037387,0,07,000,13,0,9,01,A01
200900037388,0,32,000,00,0,7,21,A01
200900037389,0,15,000,00,2,7,17,A01
200900037389,0,01,000,00,2,8,01,B02
200900037390,0,07,000,00,2,3,13,A01
200900037390,0,17,000,00,2,3,01,B02
200900037391,0,07,000,00,2,1,17,B02
200900037391,0,07,000,00,2,1,01,A01
200900037392,0,07,000,00,1,5,04,A01
200900037393,0,07,000,00,1,1,01,A01
200900037394,0,01,000,00,2,3,19,B01
200900037394,0,07,000,00,9,1,01,A01
200900037395,0,07,000,00,2,8,24,B01
200900037395,0,07,000,01,2,1,14,A01
200900037396,0,07,000,00,2,8,09,A01
200900037396,0,30,000,00,2,2,01,B01
200900037397,0,07,000,06,0,1,06,A01
200900037398,0,07,000,00,1,2,01,A01
200900037399,0,07,000,00,2,4,04,A01
200900037399,0,33,000,00,2,1,23,B01
200900037400,0,07,000,00,2,1,01,B01
200900037400,0,02,000,00,2,4,09,A01
200900037401,0,07,000,00,2,1,01,A01
200900037401,0,07,000,00,2,3,01,B01
200900037402,0,33,000,00,2,1,06,A01
200900037402,0,07,000,00,2,3,01,B02
200900037403,0,36,000,01,0,3,01,A01
200900037404,0,07,000,00,2,3,05,A01
200900037404,0,02,000,00,2,1,19,B02
200900037405,0,07,000,08,0,4,01,A01
200900037406,0,07,000,00,2,4,01,A01
200900037406,0,07,000,00,2,2,02,B02
200900037407,0,07,000,13,0,3,13,A01
200900037408,0,07,000,00,2,1,01,A01
200900037408,0,02,000,00,2,8,19,B02
200900037409,0,07,000,00,2,7,01,A01
200900037409,0,07,000,00,2,1,15,B02
200900037410,0,15,000,00,2,1,01,A01
200900037410,0,07,000,00,2,7,19,B02
200900037411,0,10,000,00,0,2,01,A01
200900037411,0,07,000,00,0,2,15,B02
200900037412,0,07,000,02,0,7,01,A01
200900037413,0,17,000,00,0,8,01,A01
200900037414,0,33,000,09,0,1,01,A01
200900037415,0,07,000,00,2,3,13,A01
200900037415,0,07,000,00,2,1,01,B02
200900037416,0,17,000,00,9,7,19,B02
200900037416,0,33,000,00,2,3,01,A01
200900037417,0,07,000,00,2,3,01,B02
200900037417,0,33,000,00,2,4,01,A01
200900037418,0,07,000,13,0,1,01,A01
200900037419,0,07,000,00,2,3,01,B02
200900037419,0,07,000,00,2,2,15,A01
200900037420,0,30,000,00,0,0,01,A01
200900037421,0,07,000,00,1,6,04,A01
200900037422,0,01,000,00,2,8,15,B02
200900037422,0,07,000,00,2,1,01,A01
200900037423,0,07,000,00,2,1,15,A01
200900037423,0,07,000,00,2,1,01,B02
200900037424,0,33,000,00,2,1,01,A01
200900037424,0,07,000,00,2,8,15,B02
200900037425,0,36,000,02,0,0,01,A01
200900037426,0,07,000,03,0,3,01,A01
200900037427,0,07,000,00,2,1,01,A01
200900037427,0,07,000,00,2,8,19,B02
200900037428,0,10,000,06,0,1,14,A01
200900037429,0,07,000,13,0,8,01,A01
200900037430,0,01,000,00,2,1,01,B02
200900037430,0,07,000,00,2,6,15,A01
200900037431,0,01,000,00,2,1,05,B02
200900037431,0,07,000,00,2,3,01,A01
200900037432,0,33,000,00,0,3,17,B02
200900037432,0,07,000,00,0,3,15,A01
200900037433,0,36,000,12,0,1,13,A01
200900037434,0,07,000,00,2,1,01,B01
200900037434,0,07,000,00,2,1,15,A01
200900037435,0,07,000,00,2,1,15,A01
200900037435,0,07,000,00,2,8,01,B01
200900037436,0,20,000,00,2,0,00,A01
200900037436,0,07,000,00,2,1,01,B01
200900037437,0,07,000,00,2,7,16,A01
200900037437,0,01,000,01,2,8,01,B01
200900037438,0,07,000,00,2,3,15,A01
200900037438,0,31,000,00,2,2,01,B01
200900037439,0,07,000,00,2,6,20,A01
200900037439,0,33,000,00,2,2,01,B01
200900037440,0,07,000,00,1,2,01,A01
200900037441,0,07,000,00,0,5,17,A01
200900037441,0,02,000,00,0,4,01,B01
200900037442,0,33,000,00,2,2,01,B01
200900037442,0,07,000,00,2,3,10,A01
200900037443,0,07,000,00,1,1,15,A01
200900037444,0,07,000,00,1,3,01,A01
200900037445,0,07,000,00,2,3,00,A01
200900037445,0,07,000,00,2,8,00,B01
200900037446,0,31,000,00,2,3,17,A01
200900037446,0,07,000,00,2,3,17,B01
200900037447,0,02,000,01,0,1,01,A01
200900037448,0,33,000,00,2,1,01,B01
200900037448,0,07,000,00,2,1,15,A01
200900037449,0,07,000,00,2,8,20,A01
200900037449,0,30,000,00,2,1,01,B01
200900037450,0,07,000,00,0,3,00,A01
200900037451,0,02,000,07,0,1,01,A01
200900037452,0,07,000,01,0,1,14,A01
200900037453,0,07,000,11,0,1,00,A01
200900037454,0,07,000,00,0,5,23,A01
200900037454,0,02,000,00,2,1,01,B02
200900037455,0,14,000,00,2,2,21,B02
200900037455,0,07,000,00,2,3,05,A01
200900037456,0,30,000,16,0,8,01,A01
200900037457,0,07,000,00,2,3,01,B02
200900037457,0,07,000,00,2,3,13,A01
200900037458,0,31,000,08,0,1,01,A01
200900037459,0,17,000,15,0,7,02,A01
200900037460,0,33,000,13,0,1,01,A01
200900037461,0,07,000,00,2,3,13,A01
200900037461,0,07,000,00,2,3,01,B02
200900037462,0,33,000,00,2,1,01,B02
200900037462,0,07,000,00,2,2,15,A01
200900037463,0,07,000,00,2,3,01,B02
200900037463,0,07,000,00,2,3,13,A01
200900037464,0,30,000,00,2,1,01,B02
200900037464,0,07,000,00,2,3,15,A01
200900037465,0,07,000,02,0,1,01,A01
200900037466,0,07,000,00,1,1,00,A01
200900037467,0,32,000,01,2,1,01,B01
200900037467,0,07,000,00,0,8,24,A01
200900037468,0,07,000,00,2,3,23,B02
200900037468,0,01,000,00,2,8,23,C03
200900037468,0,02,000,00,2,8,01,A01
200900037469,0,02,000,00,2,1,01,B01
200900037469,0,07,000,00,2,2,15,A01
200900037470,0,30,000,00,2,1,13,A01
200900037470,0,01,000,00,2,1,01,B01
200900037471,0,07,000,00,0,1,00,A01
200900037471,0,07,000,00,0,1,02,B01
200900037472,0,07,000,00,2,4,23,B01
200900037472,0,07,000,00,2,4,23,C01
200900037472,0,07,000,00,2,1,01,A01
200900037473,1,07,000,00,0,0,20,A01
200900037473,0,33,000,00,2,1,01,C01
200900037473,0,07,000,00,0,4,21,B01
200900037474,0,30,000,00,2,4,02,B01
200900037474,0,07,000,00,2,1,02,A01
200900037475,0,37,001,00,1,1,01,A01
200900037476,0,02,000,00,2,1,01,B01
200900037476,0,07,000,00,2,2,15,A01
200900037477,0,30,000,00,0,3,00,A01
200900037478,0,33,000,00,2,1,17,A01
200900037478,0,07,000,00,2,4,23,C01
200900037478,0,07,000,00,2,8,15,B01
200900037479,0,03,000,00,1,1,01,A01
200900037480,0,99,000,00,2,1,01,A01
200900037480,0,07,000,00,2,1,01,B01
200900037481,0,07,000,00,2,1,01,B01
200900037481,0,07,000,00,2,1,15,A01
200900037482,0,01,000,00,2,1,05,A01
200900037482,0,07,000,00,2,2,23,B01
200900037483,0,07,000,00,0,7,01,B01
200900037483,0,07,000,00,2,1,01,A01
200900037484,0,07,000,00,2,3,13,A01
200900037484,0,07,000,00,2,3,01,B02
200900037485,0,07,000,00,0,0,04,A01
200900037486,0,30,000,00,1,3,02,A01
200900037487,0,01,000,00,2,1,01,B02
200900037487,0,07,000,00,0,3,09,A01
200900037488,0,07,000,00,2,3,15,A01
200900037488,0,33,000,00,2,1,01,B02
200900037489,0,07,000,00,2,3,01,A01
200900037489,0,07,000,00,2,2,09,B02
200900037490,0,07,000,00,2,8,15,A01
200900037490,0,14,000,00,2,3,01,B02
200900037491,0,07,000,06,0,1,01,A01
200900037492,0,30,000,00,2,8,15,B02
200900037492,0,33,000,00,2,7,17,A01
200900037493,0,30,000,00,2,1,01,A01
200900037493,0,07,000,00,0,6,15,B02
200900037494,0,10,000,00,2,8,15,A01
200900037494,0,33,000,00,2,1,01,B02
200900037495,0,07,000,00,2,2,19,A01
200900037495,0,07,000,00,2,3,01,B02
200900037496,0,30,000,00,0,1,01,A01
200900037497,0,07,000,02,0,7,01,A01
200900037498,0,07,000,13,0,1,16,A01
200900037499,0,33,000,13,0,1,01,A01
200900037500,0,07,000,02,0,1,01,A01
200900037501,0,38,000,03,0,3,01,A01
200900037502,0,33,000,00,2,1,01,B02
200900037502,0,07,000,00,2,7,15,A01
200900037503,0,07,000,06,2,5,01,A01
200900037504,0,33,000,00,2,1,01,A01
200900037504,0,36,000,00,2,5,19,B02
200900037505,0,30,000,00,2,7,15,B02
200900037505,0,10,000,00,2,1,01,A01
200900037506,0,07,000,00,2,1,17,A01
200900037506,0,07,000,00,0,8,15,B01
200900037507,0,33,000,02,0,1,00,A01
200900037508,0,07,000,00,9,3,15,B01
200900037508,0,30,000,00,2,3,01,A01
200900037509,0,07,000,00,0,1,13,A01
200900037509,0,07,000,00,2,1,01,B02
200900037510,0,07,000,00,2,3,13,A01
200900037510,0,07,000,00,2,1,01,B02
200900037511,0,30,000,00,0,8,00,B02
200900037511,0,07,000,00,0,3,00,A01
200900037512,0,07,000,00,2,6,15,A01
200900037512,0,30,000,00,2,1,17,B02
200900037513,0,07,000,00,1,2,01,A01
200900037514,0,30,000,06,0,9,01,A01
200900037515,0,02,000,00,2,1,11,A01
200900037515,0,07,000,00,2,2,11,B02
200900037516,0,30,000,00,2,1,01,A01
200900037516,0,01,000,00,2,4,01,B02
200900037517,0,07,000,02,0,8,14,A01
200900037518,0,07,000,00,2,1,01,B02
200900037518,0,07,000,00,2,3,15,A01
200900037519,0,33,000,13,2,3,17,A01
200900037519,0,30,000,00,2,3,01,B02
200900037520,0,07,000,00,0,3,00,A01
200900037521,0,07,000,00,2,2,15,B02
200900037521,0,07,000,00,2,2,01,A01
200900037521,0,07,000,00,2,3,23,C03
200900037522,0,07,000,00,1,2,01,A01
200900037523,0,10,000,00,1,1,15,A01
200900037524,0,07,000,02,0,7,01,A01
200900037525,0,07,000,00,2,1,01,A01
200900037525,0,07,000,00,2,7,01,B02
200900037526,0,07,000,00,1,2,15,A01
200900037527,0,07,000,00,2,4,01,B02
200900037527,0,07,000,00,2,1,01,A01
200900037528,0,10,000,00,0,2,15,A01
200900037528,0,33,000,00,2,1,01,D04
200900037528,0,07,000,00,2,3,01,B02
200900037528,0,33,000,00,2,1,01,C03
200900037529,0,07,000,00,2,7,01,A01
200900037529,0,01,000,00,2,1,01,B02
200900037530,0,30,000,00,2,0,14,A01
200900037531,0,07,000,02,0,1,01,A01
200900037532,0,30,000,00,2,1,09,A01
200900037532,0,07,000,00,2,3,01,B01
200900037533,0,30,000,12,0,1,16,A01
200900037534,0,07,000,00,2,5,15,A01
200900037534,0,31,000,00,2,1,01,B01
200900037535,0,07,000,00,1,4,20,A01
200900037536,0,07,000,00,2,1,02,A01
200900037536,0,07,000,00,0,4,02,B01
200900037537,2,07,000,08,1,3,16,A01
200900037538,0,07,000,00,2,5,23,A01
200900037538,0,30,000,00,2,1,01,B01
200900037539,0,07,000,00,1,3,01,A01
200900037540,0,07,000,00,2,1,15,A01
200900037540,0,07,000,00,2,3,01,B01
200900037541,1,07,000,00,1,4,00,A01
200900037542,0,07,000,00,2,3,09,A01
200900037542,0,33,000,00,2,1,01,B01
200900037543,0,07,000,00,2,4,02,C01
200900037543,0,07,000,00,2,4,01,B01
200900037543,0,07,000,00,2,1,02,A01
200900037544,0,07,000,00,1,3,15,A01
200900037545,0,07,000,00,2,8,01,B01
200900037545,0,07,000,00,2,1,00,A01
200900037546,0,07,000,00,0,3,01,A01
200900037546,0,10,000,00,0,2,01,B02
200900037547,0,02,000,00,2,7,01,B01
200900037547,0,07,000,00,2,1,09,A01
200900037548,0,07,000,00,1,0,01,A01
200900037549,0,32,000,00,2,1,01,B01
200900037549,0,07,000,00,2,7,01,A01
200900037550,0,10,000,00,2,1,00,B02
200900037550,0,10,000,00,0,1,05,A01
200900037551,0,07,000,07,2,8,01,B01
200900037551,0,07,000,00,2,1,15,A01
200900037552,0,33,000,11,0,0,06,A01
200900037553,0,07,000,00,1,1,01,A01
200900037554,0,07,000,00,1,3,01,A01
200900037555,0,07,000,00,2,8,13,A01
200900037555,0,07,000,00,2,3,01,B01
200900037556,0,01,000,00,2,4,01,B01
200900037556,0,07,000,00,2,1,09,A01
200900037557,0,07,000,00,2,3,09,A01
200900037557,0,30,000,00,2,3,17,B01
200900037558,0,31,000,00,1,1,17,A01
200900037558,0,07,000,00,2,1,01,B01
200900037559,0,37,001,00,1,1,01,A01
200900037560,0,30,000,00,0,7,01,A01
200900037561,0,07,000,00,2,3,01,B01
200900037561,0,30,000,00,2,8,17,A01
200900037562,0,07,000,00,0,2,01,A01
200900037563,0,33,000,00,2,2,17,B01
200900037563,0,10,000,00,2,8,15,A01
200900037564,1,33,000,00,1,0,00,A01
200900037565,0,13,000,00,1,1,01,A01
200900037566,0,07,000,06,2,6,01,A01
200900037566,0,07,000,00,2,7,01,B01
200900037567,0,99,000,00,2,3,03,A01
200900037567,0,32,000,00,2,1,16,B01
200900037568,0,07,000,00,2,6,01,C01
200900037568,0,07,000,00,2,2,01,B01
200900037568,0,07,000,00,2,1,00,A01
200900037569,0,33,000,00,2,0,01,A01
200900037569,0,07,000,00,2,3,09,B01
200900037570,0,10,000,00,1,1,15,A01
200900037571,0,10,000,00,2,2,16,A01
200900037571,0,01,000,00,2,1,01,B01
200900037572,0,07,000,00,1,2,02,A01
200900037573,0,01,000,00,2,4,01,B02
200900037573,0,07,000,00,2,1,02,A01
200900037574,0,31,000,00,2,6,00,B01
200900037574,0,07,000,00,2,3,15,A01
200900037575,0,07,000,00,2,3,15,A01
200900037575,0,32,000,00,2,1,01,B01
200900037576,0,07,000,00,1,1,01,A01
200900037577,0,07,000,00,1,4,04,A01
200900037578,0,07,000,00,2,1,17,A01
200900037578,0,07,000,00,2,1,01,B02
200900037579,0,07,000,00,2,3,02,A02
200900037579,0,07,000,00,2,2,06,A01
200900037580,0,01,000,00,2,1,19,B01
200900037580,0,07,000,00,2,3,17,A01
200900037581,1,07,000,00,1,0,01,Z01
200900037582,0,01,000,00,2,1,01,B02
200900037582,0,07,000,00,2,2,01,A01
200900037583,0,01,000,01,2,8,01,B01
200900037583,0,07,000,00,2,1,01,A01
200900037584,0,33,000,00,0,8,01,A01
200900037585,0,07,000,15,2,7,17,A01
200900037585,0,07,000,00,2,3,15,B01
200900037586,0,17,000,00,2,4,02,B01
200900037586,0,07,000,04,2,1,01,A01
200900037587,0,02,000,00,2,1,01,A01
200900037587,0,07,000,00,2,3,16,B01
200900037588,0,30,000,16,0,8,01,A01
200900037589,0,33,000,00,0,7,01,A01
200900037590,0,33,000,00,2,2,01,B01
200900037590,0,37,015,00,2,5,01,A01
200900037591,0,33,000,00,2,7,17,B02
200900037591,0,07,000,00,2,8,15,A01
200900037592,0,07,000,00,2,4,02,B01
200900037592,0,07,000,00,2,1,01,A01
200900037593,0,30,000,00,6,1,01,A01
200900037594,0,02,000,00,2,1,01,A01
200900037594,0,07,000,00,2,3,15,B01
200900037595,0,07,000,00,2,4,23,B01
200900037595,1,07,000,00,2,1,01,Z01
200900037595,0,07,000,00,2,4,23,A01
200900037596,0,31,000,00,2,7,01,A01
200900037596,0,07,000,00,2,1,15,B01
200900037597,0,07,000,00,2,5,23,C01
200900037597,0,03,000,00,2,1,03,A01
200900037597,0,37,001,00,2,3,23,B01
200900037598,0,07,000,00,2,1,01,A01
200900037598,0,07,000,00,2,4,01,B01
200900037599,0,07,000,00,2,7,01,B01
200900037599,0,30,000,00,2,1,01,A01
200900037600,0,10,000,00,1,4,04,A01
200900037601,0,07,000,00,1,3,01,A01
200900037602,0,02,000,00,2,1,01,B01
200900037602,0,07,000,00,2,3,15,A01
200900037603,0,10,000,00,0,3,09,A01
200900037603,0,33,000,00,2,1,01,B02
200900037604,0,07,000,00,1,0,04,A01
200900037605,0,07,000,00,2,4,00,B01
200900037605,0,10,000,00,2,1,01,A01
200900037606,0,10,000,00,1,1,01,A01
200900037607,0,07,000,16,1,4,04,A01
200900037608,0,10,000,00,2,8,01,B01
200900037608,0,01,000,00,2,1,01,A01
200900037609,0,07,000,00,2,2,01,A01
200900037609,0,07,000,00,2,1,09,B01
200900037610,0,33,000,00,0,8,01,A01
200900037611,0,33,000,00,2,1,01,B01
200900037611,0,07,000,00,2,2,15,A01
200900037612,0,07,000,00,2,0,17,B01
200900037612,0,33,000,00,2,0,18,A01
200900037613,0,30,000,14,0,1,02,A01
200900037613,0,07,000,00,2,4,23,B01
200900037614,0,33,000,00,0,8,01,A01
200900037615,0,07,000,00,2,2,15,A01
200900037615,0,01,000,00,2,1,01,B01
200900037616,1,07,000,00,2,1,01,Z01
200900037616,0,01,000,00,2,2,19,A01
200900037617,0,07,000,00,2,3,13,B02
200900037617,0,07,000,00,2,3,02,A01
200900037618,0,07,000,00,0,3,15,B01
200900037618,0,30,000,00,0,1,01,A01
200900037619,1,07,000,00,2,4,02,A01
200900037619,0,07,000,00,2,4,02,B01
200900037620,0,07,000,00,2,8,20,B01
200900037620,0,07,000,00,2,2,17,A01
200900037621,0,33,000,00,2,1,01,B01
200900037621,0,07,000,00,2,1,09,A01
200900037622,0,10,000,00,2,3,01,A01
200900037622,0,32,000,00,2,1,01,B01
200900037623,0,15,000,00,2,4,02,A01
200900037623,0,01,000,00,2,1,02,B01
200900037624,0,07,000,00,2,3,01,A01
200900037624,0,10,000,00,2,6,01,B01
200900037625,0,10,000,00,2,6,15,B01
200900037625,0,33,000,00,2,7,17,A01
200900037626,0,30,000,16,0,8,01,A01
200900037627,0,07,000,00,2,8,22,A01
200900037627,0,01,000,01,0,1,01,B01
200900037628,0,07,000,00,1,2,01,A01
200900037629,0,01,000,00,2,4,01,A01
200900037629,1,10,000,00,2,7,02,B01
200900037630,0,07,000,00,2,2,16,A01
200900037630,0,01,000,00,2,1,01,B01
200900037631,0,33,000,00,2,1,17,A01
200900037631,0,07,000,00,2,4,01,B01
200900037631,0,07,000,00,9,4,24,C01
200900037632,0,07,000,00,1,3,01,A01
200900037633,0,07,000,00,1,7,00,A01
200900037634,0,02,000,00,1,1,01,A01
200900037635,0,31,000,00,2,1,01,B01
200900037635,0,07,000,00,2,2,15,A01
200900037636,0,02,000,00,2,1,17,A01
200900037636,0,07,000,00,2,8,15,B01
200900037637,0,07,000,00,2,8,15,A01
200900037637,0,31,000,00,2,5,01,B01
200900037638,0,07,000,00,2,2,15,A01
200900037638,0,33,000,00,2,1,01,B01
200900037639,0,02,000,01,0,1,01,A01
200900037640,0,33,000,03,0,4,01,A01
200900037641,0,07,000,00,2,4,02,B01
200900037641,0,14,000,00,2,1,01,A01
200900037641,0,10,000,00,2,4,02,C01
200900037642,0,07,000,00,1,1,09,A01
200900037643,0,07,000,00,2,3,13,B02
200900037643,0,07,000,00,0,3,01,A01
200900037644,0,07,000,00,0,4,02,B01
200900037644,0,07,000,00,2,1,02,A01
200900037645,0,32,000,14,0,3,14,A01
200900037646,0,33,000,00,2,3,01,B01
200900037646,0,07,000,00,2,6,15,A01
200900037647,0,01,000,00,2,4,01,A01
200900037647,0,10,000,00,0,1,01,B01
200900037648,0,07,000,00,1,7,00,A01
200900037649,0,07,000,00,1,5,01,A01
200900037650,0,07,000,00,2,4,23,C01
200900037650,0,30,000,00,2,4,01,A01
200900037650,0,07,000,00,2,8,23,B01
200900037651,0,07,000,14,0,2,16,A01
200900037652,0,07,000,00,0,4,02,B01
200900037652,0,33,000,03,0,2,02,A01
200900037653,0,14,000,00,2,1,02,B01
200900037653,0,07,000,00,2,8,11,A01
200900037654,0,07,000,00,2,2,01,A01
200900037654,0,33,000,00,2,1,09,B01
200900037655,0,01,000,,2,1,01,B02
200900037655,0,07,000,00,2,3,01,A01
200900037656,0,07,000,00,2,3,06,A01
200900037656,0,07,000,00,2,3,01,B02
200900037657,0,07,000,00,2,1,02,A01
200900037657,0,07,000,00,2,7,09,B01
200900037658,0,07,000,00,2,3,01,B02
200900037658,0,30,000,00,2,1,15,A01
200900037659,0,07,000,00,0,3,23,A01
200900037659,0,30,000,00,2,1,17,B02
200900037660,0,07,000,00,1,2,01,A01
200900037661,0,01,000,00,2,4,01,B01
200900037661,0,37,000,00,2,1,01,A01
200900037662,0,07,000,00,2,7,15,A01
200900037662,0,30,000,00,0,1,01,B02
200900037663,0,01,000,00,2,1,01,B02
200900037663,0,07,000,00,2,3,05,A01
200900037664,0,07,000,02,0,3,01,A01
200900037665,0,10,000,08,0,1,14,A01
200900037666,0,07,000,00,0,4,12,A01
200900037666,0,33,000,00,2,1,03,B01
200900037667,0,33,000,13,0,1,01,A01
200900037668,0,33,000,00,2,8,01,A01
200900037668,0,07,000,00,2,1,01,B02
200900037669,0,02,000,00,0,0,00,A01
200900037670,0,30,000,00,2,1,01,C01
200900037670,0,07,000,00,0,0,12,D01
200900037670,0,30,000,00,2,8,01,B01
200900037670,0,07,000,00,2,4,21,A01
200900037671,0,10,000,00,2,4,01,B01
200900037671,0,10,000,00,2,4,01,C01
200900037671,0,10,000,00,2,1,01,A01
200900037672,0,07,000,06,0,1,16,A01
200900037673,0,07,000,00,1,4,00,A01
200900037674,0,37,050,00,2,2,01,B01
200900037674,0,07,000,00,2,6,23,C01
200900037674,0,07,000,00,2,1,15,A01
200900037675,1,07,000,00,2,1,00,B01
200900037675,0,33,000,09,2,4,01,A01
200900037676,0,07,000,00,2,1,13,A01
200900037676,0,07,000,00,2,1,01,B02
200900037677,0,30,000,06,0,1,01,A01
200900037677,0,07,000,00,0,0,01,B01
200900037678,0,07,000,00,1,2,01,A01
200900037679,0,33,000,14,0,8,21,A01
200900037680,0,07,000,02,0,1,01,A01
200900037681,0,01,000,16,0,1,01,A01
200900037682,0,07,000,00,2,3,16,A01
200900037682,0,10,000,00,2,2,01,B01
200900037683,0,33,000,00,2,9,01,B01
200900037683,0,07,000,00,2,1,01,C01
200900037683,0,07,000,00,2,8,09,A01
200900037684,0,33,000,00,2,7,17,A01
200900037684,0,37,001,00,2,8,23,B01
200900037685,0,10,000,00,2,6,14,A01
200900037685,0,02,000,00,2,1,01,B01
200900037686,0,07,000,09,0,3,17,A01
200900037687,0,07,000,00,1,1,15,A01
200900037688,0,07,000,00,1,1,01,A01
200900037689,0,07,000,00,2,1,13,A01
200900037689,0,07,000,00,2,1,01,B02
200900037690,0,33,000,00,2,3,01,B02
200900037690,0,07,000,00,2,2,15,A01
200900037691,0,10,000,00,0,9,14,A01
200900037692,0,33,000,00,0,0,01,A01
200900037692,0,07,000,00,0,0,00,B01
200900037693,0,07,000,00,1,2,01,A01
200900037694,1,10,000,00,2,0,01,Z01
200900037694,0,34,000,00,2,7,01,A01
200900037695,0,33,000,00,2,1,01,B01
200900037695,0,07,000,00,2,8,15,A01
200900037696,0,34,000,13,0,3,10,A01
200900037697,0,07,000,00,2,3,15,B01
200900037697,0,30,000,00,2,4,17,A01
200900037698,0,07,000,00,2,4,16,C01
200900037698,0,07,000,00,2,4,01,B01
200900037698,0,07,000,00,2,1,01,A01
200900037699,0,07,000,13,0,7,01,A01
200900037700,0,07,000,00,1,3,01,A01
200900037701,0,07,000,00,0,4,02,A01
200900037701,0,07,000,00,0,1,02,B01
200900037702,0,07,000,00,2,4,00,B01
200900037702,0,07,000,00,2,1,00,A01
200900037703,0,30,000,00,2,2,01,B01
200900037703,0,07,000,00,2,1,15,A01
200900037704,0,33,000,00,0,1,03,A01
200900037704,0,07,000,00,2,4,23,B01
200900037705,0,07,000,00,2,1,01,A01
200900037705,0,33,000,00,2,8,01,B01
200900037706,0,07,000,00,1,0,15,A01
200900037707,0,07,000,00,2,1,01,A01
200900037707,0,07,000,00,2,3,15,B01
200900037708,0,07,000,00,2,8,15,B01
200900037708,0,14,000,00,2,1,01,A01
200900037709,0,07,000,00,1,3,00,A01
200900037710,0,33,000,00,2,1,01,B01
200900037710,0,07,000,00,2,1,15,A01
200900037711,0,07,000,00,1,2,00,A01
200900037712,0,30,000,00,0,3,00,A01
200900037713,2,07,000,00,0,0,00,A01
200900037714,0,07,000,00,2,1,09,A01
200900037714,0,07,000,00,2,7,01,B01
200900037715,0,07,000,00,2,1,00,A01
200900037715,0,07,000,00,2,1,00,B01
200900037716,0,07,000,00,2,4,00,B01
200900037716,0,07,000,00,2,4,00,C01
200900037716,0,07,000,00,2,1,00,A01
200900037717,0,07,000,00,2,3,00,A01
200900037717,0,07,000,00,2,3,00,B01
200900037718,0,07,000,00,2,8,00,A01
200900037718,1,07,000,00,2,0,00,B01
200900037719,0,10,000,01,0,0,00,A01
200900037719,0,07,000,01,0,0,00,C01
200900037719,0,32,000,02,0,0,00,B01
200900037720,0,07,000,00,1,2,00,A01
200900037721,0,07,000,00,1,1,00,A01
200900037722,0,33,000,01,0,6,00,A01
200900037723,0,32,000,00,2,0,00,B01
200900037723,0,07,000,00,2,0,00,A01
200900037724,1,07,000,00,1,0,00,A01
200900037725,0,07,000,00,2,6,15,A01
200900037725,0,02,000,00,2,1,01,B01
200900037726,0,07,000,00,1,2,00,A01
200900037727,0,07,000,00,1,4,00,A01
200900037728,0,07,000,00,0,0,00,A01
200900037729,0,07,000,00,2,0,00,A01
200900037729,0,32,000,00,2,0,00,B01
200900037730,0,33,000,00,1,1,01,A01
200900037731,0,07,000,00,2,8,02,B01
200900037731,0,33,000,00,2,1,16,A01
200900037732,0,07,000,08,0,1,01,A01
200900037733,0,30,000,00,1,1,01,A01
200900037734,0,07,000,00,2,2,01,A01
200900037734,0,30,000,00,2,1,01,B01
200900037735,1,99,000,00,0,0,00,A01
200900037736,0,07,000,01,2,1,00,A01
200900037736,0,07,000,00,2,4,00,B01
200900037737,0,32,000,00,2,8,00,B01
200900037737,0,07,000,00,2,2,00,A01
200900037738,0,07,000,00,2,5,00,C01
200900037738,0,07,000,00,2,1,00,A01
200900037738,0,07,000,00,2,4,00,B01
200900037739,0,31,000,00,2,1,02,A01
200900037739,0,07,000,00,2,6,15,B01
200900037740,0,30,000,00,0,2,13,B01
200900037740,0,07,000,00,0,3,13,A01
200900037741,1,07,000,00,2,8,13,A01
200900037741,0,07,000,10,2,8,01,B01
200900037742,0,07,000,06,0,1,00,A01
200900037743,0,36,000,06,0,0,01,A01
200900037744,0,07,000,00,2,1,01,A01
200900037744,0,07,000,00,2,3,01,C01
200900037744,0,07,000,00,2,1,01,B01
200900037745,0,01,000,02,0,1,01,A01
200900037746,0,07,000,00,2,3,15,B02
200900037746,0,33,000,00,2,1,13,A01
200900037747,0,07,000,00,2,5,16,A01
200900037747,0,02,000,00,2,1,01,B02
200900037748,0,07,000,00,2,1,19,A01
200900037748,0,07,000,00,2,3,01,B02
200900037749,0,07,000,00,0,5,15,A01
200900037749,0,31,000,00,2,2,01,B02
200900037750,0,10,000,00,1,7,01,A01
200900037751,0,33,000,00,0,0,01,A01
200900037752,0,02,000,00,2,1,01,B02
200900037752,0,07,000,00,2,2,01,A01
200900037753,0,33,000,13,0,1,01,A01
200900037754,0,07,000,00,9,7,15,A01
200900037754,0,01,000,00,2,1,01,B02
200900037755,0,07,000,02,0,6,19,A01
200900037755,0,07,000,00,2,1,01,B02
200900037756,0,07,000,00,2,1,01,A01
200900037756,0,07,000,00,2,8,09,B02
200900037757,0,07,000,00,2,3,01,B02
200900037757,0,30,000,00,2,3,13,A01
200900037758,0,31,000,00,1,1,01,A01