Num_Acc,senc,catv,occutc,obs,obsm,choc,manv,num_veh
200900038133,0,07,000,02,0,0,14,A01
200900038134,0,30,000,00,2,1,01,A01
200900038134,0,07,000,00,2,1,15,B01
200900038135,0,07,000,00,2,8,15,B01
200900038135,0,33,000,00,2,1,17,A01
200900038136,0,30,000,00,2,1,02,A01
200900038136,0,07,000,00,2,4,23,B01
200900038137,0,07,000,00,2,4,01,B01
200900038137,0,30,000,00,2,1,01,A01
200900038138,0,07,000,00,2,1,01,A01
200900038138,0,30,000,00,2,4,23,B01
200900038139,0,33,000,16,0,4,01,A01
200900038140,0,30,000,11,0,2,14,A01
200900038141,0,33,000,00,2,1,17,B01
200900038141,0,07,000,00,0,4,15,A01
200900038142,0,07,000,00,2,1,01,B01
200900038142,0,30,000,00,2,4,01,A01
200900038143,0,01,000,00,2,1,05,A01
200900038143,0,07,000,00,2,3,01,B01
200900038144,0,07,000,13,0,1,01,A01
200900038145,0,30,000,00,2,1,01,B01
200900038145,0,07,000,00,2,7,11,A01
200900038146,0,07,000,02,0,9,14,A01
200900038147,0,33,000,00,2,1,01,A01
200900038147,0,07,000,00,2,4,01,B01
200900038148,0,07,000,00,1,1,01,A01
200900038149,0,07,000,08,0,1,01,A01
200900038150,0,07,000,00,2,3,01,B01
200900038150,0,07,000,00,2,1,09,A01
200900038151,0,30,000,06,0,2,14,A01
200900038152,1,07,000,00,1,2,01,A01
200900038153,0,07,000,00,1,0,02,A01
200900038154,0,01,000,00,2,1,01,B01
200900038154,0,07,000,00,2,1,15,A01
200900038155,0,30,000,16,0,1,01,A01
200900038156,0,07,000,00,1,7,02,A01
200900038157,0,07,000,00,2,7,19,A01
200900038157,0,33,000,00,2,1,01,B01
200900038158,0,33,000,00,2,8,01,A01
200900038158,0,07,000,00,2,2,15,B01
200900038159,0,07,000,06,0,1,14,A01
200900038160,0,10,000,00,0,8,15,A01
200900038160,0,33,000,00,2,3,01,B01
200900038161,0,30,000,00,2,1,01,B01
200900038161,0,07,000,00,2,3,15,A01
200900038162,0,30,000,00,2,1,13,B01
200900038162,0,10,000,00,2,3,01,A01
200900038163,0,17,000,13,0,8,01,A01
200900038164,0,07,000,00,2,7,23,C01
200900038164,0,07,000,00,2,6,23,B01
200900038164,0,07,000,00,2,1,02,A01
200900038165,0,07,000,00,2,8,01,B01
200900038165,0,07,000,00,2,1,01,A01
200900038166,0,30,000,00,2,8,13,B01
200900038166,0,07,000,00,2,7,01,A01
200900038167,0,07,000,00,2,2,21,A01
200900038167,0,07,000,13,2,2,19,B01
200900038168,0,07,000,00,2,8,02,A01
200900038168,0,31,000,00,0,5,23,B01
200900038169,0,30,000,13,0,1,01,A01
200900038170,0,07,000,13,0,2,14,A01
200900038171,0,38,000,00,2,3,01,A01
200900038171,0,07,000,00,0,5,16,B01
200900038172,0,33,000,00,2,1,01,B01
200900038172,0,17,000,00,2,5,01,A01
200900038173,0,07,000,00,2,2,15,A01
200900038173,0,07,000,00,2,1,01,B01
200900038174,0,10,000,00,2,3,19,A01
200900038174,0,33,000,00,2,1,01,B01
200900038175,0,07,000,00,2,1,13,A01
200900038175,0,10,000,00,2,1,01,B01
200900038176,0,10,000,00,2,2,02,A01
200900038176,0,07,000,00,0,4,01,B01
200900038177,0,07,000,00,2,7,01,A01
200900038177,0,07,000,00,2,1,01,B01
200900038178,0,07,000,00,1,8,01,A01
200900038179,0,07,000,00,1,1,01,A01
200900038180,0,07,000,00,2,2,15,A01
200900038180,0,33,000,00,2,1,01,B01
200900038181,0,15,000,00,2,2,01,C01
200900038181,0,07,000,00,2,3,01,B01
200900038181,1,10,000,00,2,3,10,A01
200900038182,0,07,000,00,2,4,02,D01
200900038182,0,07,000,00,2,4,02,B01
200900038182,0,07,000,00,2,4,02,C01
200900038182,0,07,000,00,2,1,02,A01
200900038183,0,07,000,03,2,8,17,A01
200900038183,0,07,000,03,2,4,21,C01
200900038183,0,07,000,00,2,7,17,B01
200900038184,0,30,000,08,0,1,01,A01
200900038185,0,99,000,00,2,6,01,B01
200900038185,0,33,000,00,2,3,01,A01
200900038185,0,07,000,00,2,8,01,C01
200900038186,0,07,000,01,0,2,14,A01
200900038187,0,07,000,06,0,1,13,A01
200900038188,0,07,000,00,2,2,01,A01
200900038188,0,30,000,00,2,8,01,B01
200900038189,0,07,000,00,1,1,01,A01
200900038190,0,01,000,00,2,4,01,A01
200900038190,1,07,000,00,2,0,01,B01
200900038191,0,07,000,00,2,5,04,A01
200900038191,0,02,000,00,2,1,01,B01
200900038192,0,02,000,00,2,5,01,A01
200900038192,0,15,000,00,0,5,01,B02
200900038193,0,33,000,16,0,8,01,A01
200900038194,0,07,000,00,1,1,16,A01
200900038195,0,15,000,00,0,0,23,B02
200900038195,0,07,000,00,0,1,01,A01
200900038196,0,07,000,00,2,1,01,B02
200900038196,0,07,000,00,2,1,01,D04
200900038196,0,07,000,00,2,1,13,A01
200900038196,0,07,000,00,2,1,01,C03
200900038197,0,07,000,06,0,1,01,A01
200900038198,0,07,000,02,0,1,00,A01
200900038199,0,07,000,02,0,1,01,A01
200900038200,0,07,000,02,0,1,13,A01
200900038201,0,07,000,00,2,8,01,B02
200900038201,0,07,000,00,2,1,01,A01
200900038202,0,07,000,00,2,2,15,A01
200900038202,0,32,000,00,2,7,01,B01
200900038203,0,07,000,00,1,1,01,A01
200900038204,0,07,000,00,1,2,01,A01
200900038205,0,07,000,00,2,3,01,A01
200900038205,0,07,000,00,2,3,01,B01
200900038206,0,31,000,00,2,1,00,A01
200900038206,0,10,000,00,2,1,01,B01
200900038207,0,33,000,00,2,1,01,B01
200900038207,0,07,000,00,2,7,12,A01
200900038208,0,07,000,00,2,3,15,A01
200900038208,0,33,000,00,2,3,13,B01
200900038209,0,07,000,00,1,3,01,A01
200900038210,0,07,000,00,2,1,15,A01
200900038210,0,02,000,00,2,1,01,B01
200900038211,0,07,000,00,2,3,19,A01
200900038211,0,30,000,00,2,1,01,B01
200900038212,0,07,000,00,2,4,13,A01
200900038212,0,15,000,00,2,2,21,B01
200900038213,0,07,000,07,2,0,01,A01
200900038213,0,07,000,07,2,3,01,B01
200900038214,0,07,000,13,0,2,01,A01
200900038215,0,07,000,02,0,1,13,A01
200900038216,0,07,000,13,2,6,01,B02
200900038216,0,07,000,00,2,1,01,C03
200900038216,0,07,000,00,2,1,17,A01
200900038217,0,07,000,02,0,2,13,A01
200900038218,0,07,000,06,0,8,01,A01
200900038219,0,34,000,00,0,8,01,A01
200900038220,0,30,000,12,0,7,01,A01
200900038221,0,07,000,00,1,2,01,A01
200900038222,0,07,000,13,0,0,14,A01
200900038223,0,07,000,00,2,8,15,A01
200900038223,0,33,000,00,2,7,17,B02
200900038224,0,30,000,12,0,1,01,A01
200900038225,0,33,000,00,2,0,13,A01
200900038225,0,07,000,00,2,2,00,B02
200900038226,0,02,000,00,2,1,02,A01
200900038226,0,07,000,00,0,4,16,B01
200900038227,1,07,000,00,2,1,02,A01
200900038227,0,01,000,00,0,7,01,B01
200900038228,0,31,000,00,2,1,17,A01
200900038228,0,07,000,00,2,1,01,D01
200900038228,0,07,000,00,2,8,15,B01
200900038229,0,02,000,13,0,1,01,A01
200900038230,0,07,000,00,2,3,15,B01
200900038230,0,02,000,00,2,1,01,A01
200900038231,0,07,000,00,1,1,01,A01
200900038232,0,02,000,00,0,7,01,A01
200900038233,0,07,000,08,0,1,14,A01
200900038234,0,02,000,13,0,1,01,A01
200900038235,0,14,000,03,0,7,01,A01
200900038236,1,07,000,00,1,0,00,A01
200900038237,0,33,000,00,0,3,17,A01
200900038238,0,07,000,00,2,3,01,B01
200900038238,0,07,000,00,2,1,01,A01
200900038239,0,07,000,00,0,0,00,A01
200900038240,0,07,000,00,2,3,01,A01
200900038240,0,01,000,00,2,0,00,B01
200900038241,0,07,000,15,0,1,01,A01
200900038242,0,07,000,00,2,2,01,B01
200900038242,0,10,000,00,2,2,05,A01
200900038243,0,07,000,00,9,2,09,A01
200900038244,0,07,000,00,0,0,00,A01
200900038245,0,33,000,00,2,1,01,A01
200900038245,0,10,000,00,2,1,01,B01
200900038246,0,01,000,16,0,2,01,A01
200900038247,0,07,000,01,5,2,01,A01
200900038248,0,07,000,01,1,1,01,A01
200900038249,0,31,000,00,2,1,17,A01
200900038249,0,07,000,00,2,8,15,B01
200900038250,0,07,000,00,1,1,01,A01
200900038251,0,07,000,08,2,3,01,B01
200900038251,0,07,000,00,2,1,15,A01
200900038252,0,07,000,00,1,1,09,A01
200900038253,0,07,000,12,2,1,13,A01
200900038253,0,07,000,00,2,1,01,B02
200900038254,0,07,000,00,2,1,01,A01
200900038254,0,03,000,00,0,6,01,B01
200900038255,0,07,000,00,1,1,09,A01
200900038256,0,07,000,00,2,3,15,A01
200900038256,0,31,000,00,2,2,01,B01
200900038257,0,07,000,00,2,1,01,A01
200900038257,0,07,000,00,2,1,15,B01
200900038258,0,07,000,00,1,3,01,A01
200900038259,0,07,000,00,2,1,01,B01
200900038259,0,07,000,00,0,1,01,A01
200900038260,0,07,000,00,1,3,01,A01
200900038261,0,07,000,00,2,1,01,A01
200900038261,0,07,000,00,2,1,01,B01
200900038262,0,07,000,00,2,2,09,A01
200900038262,0,07,000,08,2,2,01,B02
200900038263,0,07,000,00,2,3,01,B01
200900038263,0,07,000,00,2,1,01,A01
200900038264,0,30,000,00,2,1,16,A01
200900038264,0,07,000,00,9,8,23,B01
200900038265,0,01,000,00,2,1,15,B01
200900038265,0,07,000,00,9,1,01,A01
200900038266,0,07,000,02,0,3,01,A01
200900038267,0,07,000,13,0,1,00,A01
200900038268,0,07,000,00,2,6,09,B01
200900038268,1,07,000,00,2,1,01,Z01
200900038269,0,07,000,06,2,3,01,B02
200900038269,0,07,000,00,2,3,13,A01
200900038270,0,10,000,04,0,1,01,A01
200900038271,0,02,000,13,0,0,00,A01
200900038272,0,02,000,00,0,8,01,A01
200900038273,0,07,000,00,2,8,15,B01
200900038273,0,07,000,00,2,1,01,A01
200900038274,0,02,000,00,2,1,01,B01
200900038274,0,07,000,00,2,5,15,A01
200900038275,0,07,000,00,2,2,01,A01
200900038275,0,07,000,00,2,3,01,B01
200900038276,0,07,000,15,0,9,01,A01
200900038277,0,07,000,00,1,3,01,A01
200900038278,0,07,000,13,0,7,00,A01
200900038279,0,30,000,00,2,1,01,B01
200900038279,0,07,000,00,2,7,15,A01
200900038280,0,30,000,00,2,1,01,B01
200900038280,0,07,000,00,2,3,01,A01
200900038281,0,07,000,00,2,1,01,A01
200900038281,0,07,000,00,2,8,15,B01
200900038282,0,07,000,03,2,6,02,A01
200900038282,0,07,000,01,0,2,12,B01
200900038283,0,07,000,00,9,7,01,A01
200900038283,0,01,000,00,2,8,01,B01
200900038284,0,07,000,00,1,1,01,A01
200900038285,0,07,000,00,2,1,01,A01
200900038285,0,07,000,00,2,8,01,B01
200900038286,0,07,000,00,1,2,15,A01
200900038287,0,07,000,00,1,7,01,A01
200900038288,0,02,000,00,2,1,16,B01
200900038288,0,07,000,00,9,8,01,A01
200900038289,0,07,000,00,1,1,01,A01
200900038290,1,07,000,00,2,1,02,A01
200900038290,0,07,000,00,2,4,01,B01
200900038291,0,07,000,00,2,8,01,B01
200900038291,0,07,000,00,2,3,13,A01
200900038292,0,07,000,00,1,1,01,A01
200900038293,0,07,000,00,2,5,01,B01
200900038293,0,07,000,00,2,1,01,A01
200900038294,0,07,000,00,2,1,01,A01
200900038294,0,07,000,00,2,4,23,B01
200900038295,0,07,000,00,2,7,16,B01
200900038295,0,30,000,00,2,8,18,A01
200900038296,0,07,000,00,2,1,02,A01
200900038296,0,10,000,00,2,4,02,B01
200900038297,0,33,000,00,2,1,01,B01
200900038297,0,07,000,00,0,8,09,A01
200900038298,0,10,000,00,2,6,00,B01
200900038298,0,02,000,00,2,1,00,A01
200900038299,0,07,000,00,2,8,19,A01
200900038299,0,33,000,00,2,1,01,B02
200900038300,0,07,000,03,0,1,01,A01
200900038301,0,10,000,00,2,8,01,B01
200900038301,0,07,000,00,2,3,15,A01
200900038301,0,10,000,00,2,8,01,C01
200900038302,0,07,000,00,2,7,17,A01
200900038302,0,02,000,00,2,8,15,B01
200900038303,0,07,000,00,2,7,01,A01
200900038303,0,07,000,00,2,1,01,B01
200900038304,0,07,000,00,2,1,17,A01
200900038304,0,07,000,00,2,1,01,B02
200900038305,0,07,000,13,0,8,16,A01
200900038306,0,07,000,02,0,7,01,A01
200900038307,0,07,000,00,2,1,01,A01
200900038307,0,03,000,00,2,8,19,B02
200900038308,0,07,000,00,1,3,01,A01
200900038309,0,07,000,00,1,1,15,A01
200900038310,0,07,000,00,2,3,01,B02
200900038310,0,07,000,00,2,3,13,A01
200900038311,0,33,000,12,0,0,00,A01
200900038312,0,07,000,00,2,2,17,A01
200900038312,0,01,000,00,2,4,01,B02
200900038313,0,07,000,00,2,6,01,A01
200900038313,0,07,000,00,2,1,19,B02
200900038314,0,33,000,00,2,1,01,A01
200900038314,0,10,000,00,2,1,01,B02
200900038315,0,07,000,00,2,1,01,A01
200900038315,0,14,000,00,0,4,01,B02
200900038316,0,07,000,00,2,3,19,A01
200900038316,0,30,000,00,2,1,01,B02
200900038317,0,07,000,00,9,7,17,A01
200900038317,0,02,000,00,2,8,01,B01
200900038318,0,07,000,00,1,1,01,A01
200900038319,0,07,000,01,0,9,00,A01
200900038320,0,07,000,00,0,8,01,A01
200900038320,0,07,000,00,2,1,01,B01
200900038321,0,07,000,03,2,1,01,A01
200900038321,0,07,000,00,2,4,23,B01
200900038322,0,07,000,00,2,1,01,B01
200900038322,0,03,000,00,2,8,13,A01
200900038323,0,40,000,00,1,1,01,A01
200900038324,0,07,000,04,2,2,02,B01
200900038324,0,07,000,14,0,1,02,A01
200900038325,0,33,000,00,2,1,01,B01
200900038325,0,07,000,00,2,2,15,A01
200900038326,0,07,000,13,0,2,00,A01
200900038327,0,07,000,13,0,2,17,A01
200900038328,0,07,000,00,2,7,00,B01
200900038328,0,07,000,00,2,3,00,A01
200900038329,0,07,000,00,1,3,01,A01
200900038330,0,07,000,00,1,2,01,A01
200900038331,0,30,000,00,2,1,01,A01
200900038331,0,10,000,00,0,7,01,B01
200900038332,0,07,000,00,2,3,01,B01
200900038332,0,07,000,00,2,2,09,A01
200900038333,0,07,000,00,1,1,01,A01
200900038334,0,07,000,00,2,3,00,A01
200900038334,0,10,000,00,2,7,00,B01
200900038335,0,10,000,00,1,7,01,A01
200900038336,0,07,000,00,2,3,01,B01
200900038336,0,07,000,00,2,3,01,A01
200900038337,0,07,000,00,2,2,01,A01
200900038337,0,07,000,00,2,3,01,B01
200900038338,0,07,000,00,2,1,01,A01
200900038338,0,07,000,00,2,8,15,B01
200900038339,0,03,000,00,2,1,01,A01
200900038339,0,07,000,00,2,4,01,B01
200900038340,0,07,000,00,9,3,01,B01
200900038340,0,33,000,00,2,1,01,A01
200900038341,0,03,000,00,2,1,15,A01
200900038341,0,07,000,00,2,3,01,B01
200900038342,0,07,000,00,2,1,01,B01
200900038342,0,07,000,00,0,1,01,A01
200900038343,0,10,000,00,2,1,01,A01
200900038343,0,30,000,00,2,1,15,B01
200900038344,0,10,000,00,2,3,13,A01
200900038344,0,14,000,00,2,3,01,B02
200900038345,0,07,000,00,2,1,02,A01
200900038345,0,34,000,00,2,4,02,B01
200900038346,0,07,000,00,2,1,01,B01
200900038346,0,07,000,01,2,8,01,A01
200900038347,0,10,000,02,0,1,13,A01
200900038348,0,07,000,00,2,1,01,A01
200900038348,0,07,000,00,2,1,01,B01
200900038348,0,07,000,00,0,4,23,C01
200900038349,0,99,000,00,2,4,02,C01
200900038349,0,07,000,00,2,4,02,B01
200900038349,0,07,000,00,2,1,02,A01
200900038350,0,07,000,00,2,7,12,A01
200900038350,0,02,000,00,2,8,11,B01
200900038351,0,07,000,13,0,9,13,A01
200900038352,0,10,000,00,1,2,01,A01
200900038353,0,07,000,00,0,8,15,B01
200900038353,0,33,000,00,2,1,17,A01
200900038354,0,07,000,00,1,1,01,A01
200900038355,0,30,000,00,2,1,01,A01
200900038355,0,07,000,00,0,3,01,B01
200900038356,0,07,000,00,1,1,17,A01
200900038357,0,10,000,00,2,2,09,A01
200900038357,0,07,000,00,2,6,09,B01
200900038358,0,07,000,00,2,4,01,B01
200900038358,0,07,000,00,2,1,01,A01
200900038359,0,07,000,01,9,3,09,A01
200900038360,0,07,000,00,1,1,01,A01
200900038361,0,33,000,00,2,1,01,B01
200900038361,0,07,000,00,2,3,09,A01
200900038362,1,07,000,00,2,7,16,A01
200900038362,0,01,000,12,2,3,16,B01
200900038363,0,07,000,00,2,1,01,B01
200900038363,0,10,000,06,0,7,01,A01
200900038364,0,37,002,00,2,3,01,B01
200900038364,0,07,000,00,2,7,01,A01
200900038365,0,33,000,00,2,1,01,B01
200900038365,0,07,000,00,2,3,01,A01
200900038366,0,07,000,00,2,7,15,A01
200900038366,0,02,000,00,2,1,01,B01
200900038367,0,07,000,00,2,7,01,A01
200900038367,0,07,000,00,2,1,01,B01
200900038368,0,07,000,00,2,7,01,B01
200900038368,0,02,000,00,2,1,01,A01
200900038369,0,07,000,00,1,2,09,A01
200900038370,0,10,000,00,1,2,17,A01
200900038371,0,07,000,00,2,4,23,B01
200900038371,0,10,000,00,2,2,01,A01
200900038372,0,07,000,00,2,7,15,A01
200900038372,0,33,000,00,2,1,01,B01
200900038373,0,07,000,00,1,3,01,A01
200900038374,0,07,000,00,2,6,01,B01
200900038374,0,37,001,00,2,1,13,A01
200900038375,0,07,000,00,1,1,01,A01
200900038376,0,07,000,00,9,3,01,A01
200900038376,0,01,000,00,2,1,01,B01
200900038377,0,33,000,00,2,1,01,A01
200900038377,0,07,000,00,2,3,15,B01
200900038378,0,01,000,00,2,1,01,B01
200900038378,0,07,000,00,2,8,01,A01
200900038379,0,07,000,00,2,1,01,B01
200900038379,0,07,000,00,2,2,01,A01
200900038380,0,07,000,10,2,3,01,A01
200900038380,0,07,000,00,2,1,01,B01
200900038381,0,01,000,00,2,0,01,B01
200900038381,0,07,000,00,2,3,09,A01
200900038382,0,07,000,00,2,3,01,B01
200900038382,0,07,000,00,2,3,13,A01
200900038383,0,07,000,00,2,7,16,A01
200900038383,0,01,000,00,2,1,00,B01
200900038384,0,07,000,00,2,8,01,B01
200900038384,0,02,000,00,2,1,01,A01
200900038385,0,07,000,00,1,1,00,A01
200900038386,0,07,000,00,1,1,01,A01
200900038387,0,07,000,00,2,2,00,B01
200900038387,0,07,000,00,2,1,15,A01
200900038388,2,02,000,00,1,1,17,A01
200900038389,0,07,000,00,2,1,01,B01
200900038389,0,30,000,00,2,1,05,A01
200900038390,0,07,000,00,2,1,01,C03
200900038390,0,07,000,00,2,3,17,A01
200900038390,0,99,000,00,2,1,01,B02
200900038391,0,07,000,00,1,1,01,A01
200900038392,0,07,000,00,0,6,01,A01
200900038392,0,15,000,00,2,5,01,B02
200900038393,0,07,000,08,0,1,14,A01
200900038394,0,33,000,13,0,1,01,A01
200900038395,0,07,000,00,2,6,15,A01
200900038395,0,33,000,00,2,1,01,B02
200900038396,0,07,000,00,2,1,01,A01
200900038396,0,07,000,00,2,1,13,B02
200900038397,0,07,000,00,2,7,15,A01
200900038397,0,07,000,00,2,1,01,B02
200900038397,0,07,000,00,2,1,23,D04
200900038397,0,07,000,00,2,1,23,C03
200900038398,0,07,000,00,2,3,01,B02
200900038398,0,07,000,00,0,1,01,A01
200900038399,0,07,000,00,1,1,01,A01
200900038400,0,02,000,00,2,1,13,A01
200900038400,0,07,000,00,2,3,00,B02
200900038401,0,07,000,06,0,2,01,A01
200900038402,0,07,000,00,2,2,15,A01
200900038402,0,07,000,00,2,3,01,B02
200900038403,0,07,000,04,2,2,12,A01
200900038403,0,07,000,04,2,8,01,B01
200900038404,0,33,000,03,0,7,12,A01
200900038405,0,33,000,03,0,3,01,A01
200900038406,0,07,000,03,0,3,01,A01
200900038407,0,07,000,00,2,4,02,B01
200900038407,0,07,000,00,2,4,02,D01
200900038407,0,07,000,00,2,4,02,C01
200900038407,0,07,000,00,2,1,01,A01
200900038408,0,01,000,00,0,1,02,A01
200900038409,0,07,000,00,2,2,19,A01
200900038409,0,07,000,00,2,3,01,B02
200900038410,0,15,000,00,2,3,01,A01
200900038410,0,07,000,00,2,4,15,B01
200900038410,0,07,000,00,2,1,01,C01
200900038411,0,10,000,00,0,1,18,A01
200900038412,0,31,000,16,0,9,14,A01
200900038413,0,07,000,00,1,2,01,A01
200900038414,0,07,000,00,2,8,09,A01
200900038414,0,10,000,00,2,1,01,B02
200900038415,0,33,000,01,0,0,00,A01
200900038416,0,34,000,00,2,1,01,A01
200900038416,0,07,000,00,2,1,15,B02
200900038417,0,10,000,00,0,1,01,B02
200900038417,0,07,000,00,0,9,19,A01
200900038418,0,02,000,00,2,1,11,A01
200900038418,0,07,000,00,2,3,01,B02
200900038419,0,07,000,05,0,2,01,A01
200900038420,0,02,000,00,2,1,00,B02
200900038420,0,07,000,00,2,2,01,A01
200900038421,0,31,000,00,2,1,13,A01
200900038421,0,07,000,00,2,1,01,B02
200900038422,0,33,000,00,2,1,13,A01
200900038422,0,07,000,00,2,3,01,B02
200900038423,0,07,000,13,0,1,21,A01
200900038424,0,07,000,00,2,3,01,B02
200900038424,0,36,000,00,2,1,15,A01
200900038425,0,07,000,00,2,3,01,B02
200900038425,0,07,000,00,2,2,01,A01
200900038426,0,07,000,00,2,4,02,B02
200900038426,0,10,000,00,2,1,02,C03
200900038426,0,07,000,00,2,1,02,A01
200900038427,0,07,000,00,0,9,01,A01
200900038428,0,07,000,00,2,7,09,A01
200900038428,0,02,000,08,2,1,01,B02
200900038429,0,07,000,13,0,3,13,A01
200900038430,0,17,000,03,0,7,01,A01
200900038431,0,07,000,00,2,2,01,A01
200900038432,0,07,000,04,0,1,19,A01
200900038433,0,07,000,00,9,7,17,A01
200900038433,0,01,000,00,2,8,01,B02
200900038434,0,07,000,00,6,1,01,A01
200900038435,0,33,000,00,2,1,21,A01
200900038435,0,17,000,00,2,8,01,C03
200900038435,0,10,000,00,2,2,17,B02
200900038436,0,10,000,00,2,2,01,A01
200900038436,0,07,000,00,2,2,15,B02
200900038437,0,13,000,00,0,1,13,A01
200900038437,0,13,000,00,2,1,01,B02
200900038438,0,07,000,00,2,3,17,A01
200900038438,0,07,000,00,2,8,01,B01
200900038439,0,07,000,00,2,1,01,B01
200900038439,0,10,000,00,2,2,15,A01
200900038440,0,01,000,00,2,1,09,B01
200900038440,0,07,000,01,2,3,01,A01
200900038441,0,33,000,06,0,1,01,A01
200900038442,0,07,000,00,2,2,00,A01
200900038442,0,07,000,00,2,6,00,B01
200900038443,0,07,000,00,0,4,23,C01
200900038443,0,07,000,00,2,4,23,B01
200900038443,0,07,000,00,2,1,01,A01
200900038444,0,02,000,00,2,1,01,B01
200900038444,0,07,000,00,2,2,16,A01
200900038445,0,30,000,00,2,3,01,A01
200900038445,0,07,000,00,2,4,01,B01
200900038446,0,07,000,00,2,1,01,B01
200900038446,0,07,000,00,2,4,04,A01
200900038447,0,01,000,00,2,1,09,A01
200900038447,0,07,000,00,2,1,01,B01
200900038448,0,07,000,00,2,2,01,A01
200900038448,0,07,000,00,2,6,00,B01
200900038449,0,07,000,00,2,1,01,A01
200900038449,0,07,000,00,2,1,01,B01
200900038450,0,01,000,00,2,0,01,B01
200900038450,0,07,000,00,2,1,15,A01
200900038451,0,07,000,00,2,6,00,B01
200900038451,0,15,000,00,2,6,01,A01
200900038452,0,07,000,00,2,1,15,A01
200900038452,0,01,000,00,2,1,23,B01
200900038453,0,37,010,00,2,1,01,B01
200900038453,0,07,000,00,2,8,00,A01
200900038454,0,07,000,00,2,1,01,B01
200900038454,0,07,000,00,2,1,13,A01
200900038455,0,31,000,01,0,1,01,A01
200900038455,0,07,000,00,2,6,00,B01
200900038456,0,07,000,00,2,7,01,A01
200900038456,0,33,000,00,2,8,01,B01
200900038457,0,33,000,02,0,1,01,A01
200900038458,0,07,000,00,2,1,01,B01
200900038458,0,07,000,00,2,7,01,A01
200900038459,0,07,000,00,1,1,01,A01
200900038460,0,07,000,00,2,3,02,A01
200900038460,0,01,000,00,2,4,02,B01
200900038461,0,07,000,00,2,6,00,D01
200900038461,0,07,000,00,2,0,02,A01
200900038461,0,07,000,00,2,1,00,C01
200900038461,0,07,000,00,2,0,15,B01
200900038462,0,07,000,00,2,3,01,C01
200900038462,0,07,000,00,2,0,05,A01
200900038462,0,07,000,00,2,1,01,B01
200900038463,0,02,000,00,2,0,18,A01
200900038463,0,07,000,00,2,7,16,B01
200900038464,0,10,000,00,1,4,04,A01
200900038465,0,33,000,00,2,1,01,B01
200900038465,0,07,000,00,2,6,15,A01
200900038466,0,07,000,06,0,1,13,A01
200900038467,0,07,000,00,2,3,15,A01
200900038467,0,07,000,00,2,3,01,B02
200900038468,0,30,000,00,2,4,02,A01
200900038468,0,07,000,00,2,1,02,B02
200900038469,0,07,000,00,1,2,01,A01
200900038470,0,33,000,16,0,1,01,A01
200900038471,0,30,000,00,1,1,09,A01
200900038472,0,07,000,16,0,9,01,A01
200900038473,0,07,000,13,0,2,00,A01
200900038474,0,07,000,00,2,4,04,A01
200900038474,0,02,000,00,2,1,01,B02
200900038475,0,14,000,00,2,2,15,A01
200900038475,0,07,000,00,2,1,01,B02
200900038476,0,10,000,00,1,2,02,A01
200900038477,0,32,000,00,0,0,01,A01
200900038478,0,07,000,00,2,6,01,B01
200900038478,0,03,000,09,2,1,01,A01
200900038479,0,35,000,00,1,1,01,A01
200900038480,0,30,000,00,2,1,01,A01
200900038480,0,07,000,00,2,3,16,B01
200900038481,0,07,000,06,2,3,01,B01
200900038481,0,07,000,06,2,2,19,A01
200900038482,0,07,000,00,2,3,15,B01
200900038482,0,07,000,00,2,2,01,A01
200900038483,0,07,000,00,2,1,09,A01
200900038483,0,33,000,00,2,7,01,B01
200900038484,0,07,000,00,2,1,13,A01
200900038484,0,07,000,14,0,1,01,C01
200900038484,0,10,000,00,2,1,01,B01
200900038485,2,10,000,00,2,1,01,A01
200900038485,0,37,010,00,2,3,24,B01
200900038486,0,07,000,15,2,8,10,A01
200900038486,0,14,000,00,2,2,02,B01
200900038487,0,30,000,00,2,1,02,A01
200900038487,0,07,000,00,0,4,15,B01
200900038488,0,07,000,00,0,1,01,A01
200900038488,0,07,000,00,0,6,00,C01
200900038488,0,07,000,00,0,5,00,B01
200900038489,0,07,000,00,1,1,00,A01
200900038490,0,07,000,16,0,8,13,A01
200900038490,0,07,000,00,2,1,01,B01
200900038491,0,07,000,00,2,5,02,C01
200900038491,0,07,000,00,2,1,02,A01
200900038491,0,33,000,00,2,4,02,B01
200900038492,0,07,000,00,2,8,15,A01
200900038492,0,07,000,00,2,1,01,B01
200900038493,0,07,000,00,2,1,02,A01
200900038493,0,07,000,00,0,4,01,B01
200900038494,0,07,000,00,2,3,09,A01
200900038494,0,31,000,00,2,1,01,B01
200900038495,0,07,000,00,2,1,11,A01
200900038495,0,07,000,00,2,3,01,B01
200900038496,1,07,000,00,0,3,09,A01
200900038496,0,02,000,00,0,1,00,B01
200900038497,0,33,000,00,2,1,02,B01
200900038497,0,07,000,00,2,4,02,A01
200900038498,0,33,000,00,2,1,01,B01
200900038498,0,07,000,00,2,7,15,A01
200900038499,0,07,000,00,1,1,14,A01
200900038500,0,07,000,08,0,1,13,A01
200900038501,0,07,000,00,2,1,00,B01
200900038501,0,07,000,00,2,7,00,A01
200900038502,0,07,000,00,1,3,20,A01
200900038503,0,07,000,00,0,7,02,B01
200900038503,0,01,000,00,2,2,05,A01
200900038504,0,07,000,00,0,1,15,A01
200900038504,0,30,000,00,0,8,02,B01