Num_Acc,senc,catv,occutc,obs,obsm,choc,manv,num_veh
200900038887,0,15,000,00,9,0,02,A01
200900038887,0,01,000,00,0,9,02,B02
200900038888,0,07,000,00,2,1,01,A01
200900038888,0,07,000,00,0,4,23,C03
200900038888,0,07,000,00,2,4,23,B02
200900038889,0,99,000,00,2,3,01,D01
200900038889,0,07,000,00,2,1,15,A01
200900038889,0,99,000,00,2,2,01,C01
200900038889,0,07,000,00,2,3,01,B01
200900038890,0,07,000,00,2,3,20,A01
200900038890,0,31,000,00,2,1,01,B01
200900038891,0,07,000,00,2,1,01,A01
200900038891,0,07,000,00,2,4,02,B01
200900038892,0,30,000,12,0,1,01,A01
200900038893,0,07,000,00,0,3,15,B01
200900038893,0,33,000,00,2,1,17,A01
200900038894,0,10,000,12,0,1,01,A01
200900038895,0,33,000,00,2,1,02,A01
200900038895,0,07,000,00,2,5,16,B01
200900038896,0,33,000,00,2,1,13,A01
200900038896,0,07,000,00,2,2,01,B02
200900038897,0,07,000,00,2,6,02,A01
200900038897,0,30,000,00,2,1,02,B02
200900038898,0,14,000,00,0,4,23,B01
200900038898,0,07,000,00,2,1,01,A01
200900038899,0,07,000,00,2,3,23,B02
200900038899,0,02,000,00,2,1,13,A01
200900038900,0,07,000,13,0,9,01,A01
200900038901,0,07,000,00,2,8,01,A01
200900038901,0,14,000,00,2,2,01,B01
200900038902,0,07,000,00,2,2,01,A01
200900038902,0,07,000,00,2,3,10,B01
200900038903,0,07,000,00,2,6,02,C01
200900038903,0,33,000,00,2,7,02,A01
200900038903,0,33,000,00,2,8,02,B01
200900038904,0,07,000,00,2,3,01,A01
200900038904,0,07,000,00,2,3,01,B02
200900038905,0,10,000,13,0,2,15,A01
200900038906,0,01,000,00,2,1,01,B01
200900038906,0,07,000,00,2,2,15,A01
200900038907,0,01,000,00,2,1,01,B02
200900038907,0,17,000,00,0,2,19,A01
200900038908,0,10,000,00,2,1,15,A01
200900038908,0,31,000,00,2,7,01,B01
200900038909,0,01,000,00,2,8,00,B01
200900038909,0,07,000,00,2,7,21,A01
200900038910,0,07,000,13,0,1,17,A01
200900038911,0,07,000,00,0,2,01,A01
200900038911,0,01,000,00,0,4,01,B02
200900038912,0,07,000,00,1,2,01,A01
200900038913,0,07,000,00,2,3,15,A01
200900038913,0,07,000,00,2,1,01,B01
200900038914,0,07,000,00,2,3,09,A01
200900038914,0,33,000,00,2,5,09,B01
200900038915,0,07,000,00,2,8,01,C01
200900038915,0,07,000,00,0,5,15,B01
200900038915,0,02,000,00,2,1,01,A01
200900038916,0,07,000,00,9,3,16,B01
200900038916,0,01,000,00,2,1,01,A01
200900038917,0,07,000,00,2,1,01,B01
200900038917,0,07,000,00,2,2,19,A01
200900038918,0,07,000,00,2,1,02,A01
200900038918,0,07,000,00,2,4,01,B01
200900038919,0,33,000,00,1,1,01,A01
200900038920,0,99,000,00,2,1,02,A01
200900038920,0,07,000,00,0,4,01,B01
200900038921,0,01,000,00,2,3,23,B01
200900038921,1,07,000,00,2,5,01,A01
200900038922,0,99,000,00,0,4,09,B01
200900038922,1,10,000,09,2,1,01,A01
200900038923,0,02,000,00,2,1,01,A01
200900038923,0,07,000,00,2,6,23,B01
200900038924,0,07,000,02,0,1,01,A01
200900038925,1,07,000,00,0,2,01,B02
200900038925,0,02,000,00,0,6,01,A01
200900038926,0,01,000,00,0,6,01,B02
200900038926,0,07,000,00,2,2,01,A01
200900038927,0,07,000,00,2,8,17,B02
200900038927,0,07,000,00,2,7,17,A01
200900038928,0,07,000,00,2,5,00,A01
200900038928,0,07,000,00,2,1,00,B02
200900038929,0,07,000,00,2,3,13,A01
200900038929,0,17,000,00,2,3,01,B02
200900038930,0,07,000,13,0,1,01,A01
200900038931,0,07,000,00,9,7,01,A01
200900038931,0,21,000,00,2,0,00,B02
200900038932,0,07,000,00,2,1,13,A01
200900038932,0,17,000,00,2,1,01,B02
200900038933,0,07,000,02,0,8,01,A01
200900038934,0,07,000,02,0,3,01,A01
200900038935,0,07,000,00,1,1,15,A01
200900038936,0,07,000,00,2,3,00,B01
200900038936,0,15,000,00,2,2,13,A01
200900038937,0,07,000,00,2,3,09,A01
200900038937,0,01,000,00,2,5,01,B01
200900038938,0,07,000,00,2,3,01,B02
200900038938,0,07,000,00,2,3,13,A01
200900038939,0,07,000,13,0,3,01,A01
200900038940,0,02,000,01,0,1,01,A01
200900038940,0,07,000,00,2,6,23,B02
200900038941,0,07,000,00,1,1,01,A01
200900038942,0,03,000,01,2,1,01,B01
200900038942,0,07,000,00,2,5,15,A01
200900038943,0,07,000,15,0,7,01,A01
200900038944,0,07,000,00,1,4,04,A01
200900038945,0,02,000,00,2,1,00,A01
200900038945,0,07,000,00,2,8,00,B01
200900038946,0,02,000,00,2,1,01,B01
200900038946,0,07,000,00,2,7,16,A01
200900038947,1,07,000,00,9,0,02,A01
200900038947,0,01,000,00,2,6,02,B01
200900038948,0,02,000,00,2,1,01,B02
200900038948,0,15,000,00,0,8,01,C03
200900038948,0,07,000,00,0,8,09,A01
200900038949,0,07,000,00,2,4,02,C01
200900038949,0,07,000,00,2,1,02,B01
200900038949,0,07,000,00,2,1,02,A01
200900038950,0,07,000,00,2,6,01,B01
200900038950,0,07,000,00,2,3,01,C01
200900038950,0,07,000,00,2,2,15,A01
200900038951,0,30,000,00,2,1,02,A01
200900038951,0,07,000,00,0,6,02,B02
200900038952,0,33,000,03,0,1,01,A01
200900038953,0,07,000,00,2,3,02,A01
200900038953,0,01,000,00,2,7,19,B01
200900038954,0,07,000,16,0,3,01,A01
200900038955,0,01,000,00,2,4,02,B01
200900038955,0,07,000,00,1,2,02,A01
200900038956,0,07,000,00,1,1,01,A01
200900038957,0,07,000,00,2,3,20,A01
200900038957,0,02,000,00,2,1,01,B01
200900038958,0,07,000,00,0,9,00,A01
200900038959,0,07,000,00,9,2,01,A01
200900038959,0,01,000,00,2,1,19,B02
200900038960,0,07,000,00,1,1,01,A01
200900038961,0,30,000,12,0,1,01,A01
200900038962,0,02,000,00,2,1,01,B02
200900038962,0,38,000,00,2,4,01,A01
200900038963,0,07,000,00,2,2,01,A01
200900038963,0,01,000,00,2,4,01,B02
200900038964,0,33,000,03,0,7,01,A01
200900038965,0,07,000,00,0,2,15,A01
200900038965,0,30,000,00,2,1,01,B01
200900038966,0,03,000,14,0,1,01,A01
200900038967,0,33,000,00,2,7,02,B01
200900038967,0,14,000,00,2,6,16,A01
200900038968,0,01,000,00,2,3,01,B01
200900038968,1,02,000,00,9,0,17,A01
200900038969,0,07,000,00,2,8,09,A01
200900038969,0,30,000,00,2,1,01,B01
200900038970,0,07,000,00,2,2,15,A01
200900038970,0,33,000,00,2,1,01,B01
200900038971,0,07,000,00,2,7,15,A01
200900038971,0,33,000,00,2,1,01,B01
200900038972,0,07,000,16,9,1,01,A01
200900038973,0,13,000,13,0,1,01,A01
200900038974,0,07,000,02,0,1,01,A01
200900038975,0,10,000,00,2,8,17,B02
200900038975,0,33,000,00,2,7,17,A01
200900038976,0,10,000,00,2,3,01,C03
200900038976,0,07,000,00,2,3,01,B02
200900038976,0,07,000,00,2,8,13,A01
200900038977,0,07,000,00,1,1,01,A01
200900038978,0,07,000,00,0,3,01,A01
200900038979,0,07,000,03,2,6,01,C03
200900038979,0,13,000,00,2,5,24,D04
200900038979,0,07,000,01,2,1,18,A01
200900038979,0,07,000,03,2,7,17,B02
200900038980,0,01,000,00,2,6,01,B02
200900038981,0,01,000,00,2,7,15,A01
200900038981,0,07,000,00,2,1,01,B02
200900038982,0,02,000,00,2,0,01,A01
200900038982,0,07,000,00,2,0,01,B01
200900038983,0,07,000,00,2,5,04,A01
200900038983,0,07,000,00,2,3,01,B01
200900038984,0,07,000,08,0,1,01,A01
200900038985,0,07,000,16,0,9,01,A01
200900038986,0,07,000,00,2,2,17,A01
200900038986,0,07,000,00,2,8,15,B01
200900038987,0,07,000,00,1,3,01,A01
200900038988,0,07,000,00,1,1,01,A01
200900038989,0,01,000,00,2,7,02,B01
200900038989,0,07,000,00,2,3,09,A01
200900038990,0,13,000,08,0,7,01,A01
200900038991,0,02,000,10,0,7,01,A01
200900038992,0,01,000,01,0,1,01,A01
200900038992,0,07,000,00,0,4,24,B02
200900038993,0,07,000,00,0,4,01,B01
200900038993,0,30,000,00,2,1,02,A01
200900038994,0,07,000,13,0,8,01,A01
200900038995,0,15,000,00,2,3,01,B02
200900038995,0,07,000,00,2,3,13,A01
200900038995,0,07,000,00,2,8,01,C03
200900038996,0,33,000,10,0,7,01,A01
200900038997,0,07,000,00,1,1,00,A01
200900038998,0,10,000,00,9,1,01,B02
200900038998,0,02,000,00,2,1,13,A01
200900038999,0,07,000,00,2,7,19,A01
200900038999,0,07,000,00,2,1,01,B02
200900039000,0,10,000,00,2,1,02,C03
200900039000,0,10,000,00,5,4,02,A01
200900039000,0,10,000,00,2,4,02,B02
200900039001,0,33,000,00,6,1,01,A01
200900039002,0,07,000,13,0,1,00,A01
200900039003,0,02,000,16,0,0,01,A01
200900039004,0,07,000,06,0,1,01,A01
200900039005,0,17,000,00,2,1,01,B02
200900039005,0,07,000,04,2,1,05,A01
200900039006,0,33,000,08,0,8,13,A01
200900039007,0,07,000,00,1,1,01,A01
200900039008,0,02,000,00,0,0,01,A01
200900039009,0,07,000,13,0,8,13,A01
200900039010,0,02,000,00,2,1,01,B01
200900039010,0,07,000,00,2,7,15,A01
200900039011,0,07,000,00,1,5,04,A01
200900039012,0,03,000,00,1,1,01,A01
200900039013,0,01,000,00,2,4,01,B01
200900039013,0,07,000,00,2,3,09,A01
200900039014,0,31,000,14,0,1,01,A01
200900039015,0,07,000,06,0,1,01,A01
200900039016,0,07,000,00,0,1,01,A01
200900039017,0,35,000,01,0,2,14,A01
200900039018,0,07,000,13,0,1,01,A01
200900039019,0,07,000,00,2,8,09,A01
200900039019,0,33,000,00,2,1,01,B02
200900039020,0,02,000,06,0,1,13,A01
200900039021,0,30,000,00,2,1,05,A01
200900039021,0,10,000,00,9,1,00,B02
200900039022,0,07,000,02,0,1,13,A01
200900039023,0,07,000,08,0,2,01,A01
200900039024,0,03,000,00,0,9,01,A01
200900039025,0,07,000,02,0,1,00,A01
200900039026,0,07,000,00,1,1,16,A01
200900039027,0,07,000,00,0,4,01,A01
200900039027,1,07,000,00,0,1,01,B02
200900039028,0,07,000,00,2,3,13,A01
200900039028,0,07,000,00,2,3,01,B02
200900039029,0,33,000,00,2,1,13,A01
200900039029,0,07,000,00,2,3,01,B02
200900039030,0,31,000,00,2,1,01,B02
200900039030,0,07,000,00,9,2,15,A01
200900039031,0,30,000,00,2,1,16,B02
200900039031,0,07,000,00,2,2,15,A01
200900039032,0,07,000,00,2,7,17,B02
200900039032,0,07,000,00,2,3,13,A01
200900039033,0,33,000,13,0,0,21,A01
200900039034,0,30,000,00,9,1,16,A01
200900039035,0,02,000,00,0,8,01,A01
200900039036,0,33,000,15,0,1,01,A01
200900039037,0,07,000,00,1,2,14,A01
200900039038,0,10,000,02,0,1,13,A01
200900039039,0,13,000,13,0,1,01,A01
200900039040,0,30,000,00,2,1,16,A01
200900039040,0,07,000,00,2,3,01,B02
200900039041,0,07,000,00,2,8,15,A01
200900039041,0,31,000,00,2,1,01,B02
200900039042,0,07,000,00,2,3,13,A01
200900039042,0,07,000,00,2,3,01,B02
200900039043,0,07,000,00,2,3,02,A01
200900039043,0,02,000,00,2,4,01,B02
200900039044,0,10,000,00,2,3,01,B02
200900039045,0,30,000,08,0,1,01,A01
200900039046,0,07,000,00,2,1,01,A01
200900039046,0,07,000,00,2,1,13,B02
200900039047,0,33,000,00,0,8,01,A01
200900039048,0,02,000,00,0,4,01,B01
200900039048,1,07,000,00,2,1,02,A01
200900039049,0,07,000,00,2,8,15,A01
200900039049,0,33,000,00,2,1,01,B01
200900039050,0,01,000,00,2,1,01,A01
200900039050,0,07,000,01,2,8,01,B01
200900039051,0,07,000,00,6,2,01,A01
200900039052,0,03,000,06,0,1,00,A01
200900039053,0,99,000,00,0,0,01,C03
200900039053,0,15,000,00,2,1,01,B02
200900039053,0,10,000,00,2,8,15,A01
200900039054,0,07,000,00,0,0,23,A01
200900039054,0,33,000,00,0,1,01,B02
200900039054,0,07,000,00,0,2,15,C03
200900039055,0,07,000,02,0,3,14,A01
200900039056,0,02,000,04,0,2,21,A01
200900039057,0,07,000,00,1,3,01,A01
200900039058,0,07,000,00,2,9,00,A01
200900039058,0,02,000,00,2,2,01,B01
200900039059,0,33,000,00,2,2,17,A01
200900039059,0,07,000,00,2,3,15,B02
200900039060,0,02,000,08,0,1,01,A01
200900039061,0,02,000,00,0,1,01,A01
200900039062,0,30,000,00,0,0,01,A01
200900039063,0,07,000,00,2,3,15,A01
200900039063,0,07,000,00,2,2,01,B02
200900039064,0,07,000,16,0,9,17,A01
200900039065,0,33,000,00,2,8,01,B02
200900039065,0,07,000,00,2,7,09,A01
200900039066,0,32,000,12,0,2,01,A01
200900039067,0,07,000,00,2,3,13,A01
200900039067,0,10,000,00,2,3,01,B02
200900039068,0,07,000,00,2,6,16,B02
200900039068,0,07,000,00,2,2,01,A01
200900039069,0,33,000,13,0,1,01,A01
200900039070,0,07,000,00,9,3,00,B02
200900039070,0,01,000,00,2,1,00,A01
200900039071,0,33,000,03,0,1,14,A01
200900039072,0,07,000,06,0,1,13,A01
200900039073,0,07,000,13,0,1,02,A01
200900039074,0,07,000,00,2,1,01,B02
200900039074,0,01,000,00,2,1,13,A01
200900039075,0,33,000,00,2,3,13,A01
200900039075,0,07,000,00,2,3,01,B02
200900039076,0,07,000,07,0,2,01,A01
200900039077,0,07,000,02,0,1,01,A01
200900039078,0,07,000,00,9,8,15,B02
200900039078,0,33,000,00,2,1,01,A01
200900039079,0,07,000,00,2,2,13,A01
200900039079,0,17,000,00,2,1,01,B02
200900039080,0,07,000,00,0,7,01,B01
200900039080,0,02,000,00,2,1,01,A01
200900039081,0,07,000,00,1,3,01,A01
200900039082,1,07,000,00,1,4,04,A01
200900039083,0,07,000,00,2,1,01,A01
200900039083,0,33,000,00,2,8,11,B01
200900039084,0,07,000,00,0,4,02,A01
200900039084,0,07,000,00,0,4,09,B01
200900039085,0,07,000,00,2,1,01,B01
200900039085,0,07,000,00,0,2,15,A01
200900039086,0,07,000,00,2,1,01,A01
200900039086,0,33,000,00,0,7,01,B01
200900039087,0,07,000,00,1,3,01,A01
200900039088,0,07,000,16,0,9,13,A01
200900039089,0,07,000,00,2,4,02,B01
200900039089,0,07,000,00,0,4,01,C01
200900039089,0,07,000,00,2,1,02,A01
200900039090,0,07,000,06,0,2,14,A01
200900039091,0,01,000,00,0,8,01,B01
200900039091,0,07,000,00,2,7,17,A01
200900039092,1,31,000,00,1,8,13,A01
200900039093,0,02,000,16,0,7,00,A01
200900039094,0,07,000,00,1,8,01,A01
200900039095,0,07,000,00,0,4,01,B01
200900039095,0,02,000,00,2,1,02,A01
200900039096,0,01,000,00,2,1,17,A01
200900039096,0,07,000,00,9,2,01,B01
200900039097,0,07,000,13,0,7,14,A01
200900039098,0,07,000,00,2,5,04,A01
200900039098,0,30,000,00,2,0,00,B01
200900039099,0,07,000,00,1,1,00,A01
200900039099,0,01,000,00,2,8,00,B01
200900039100,0,07,000,00,0,2,15,A01
200900039100,0,07,000,00,0,0,01,B01
200900039101,0,07,000,08,0,3,17,A01
200900039102,0,01,000,00,2,1,18,B02
200900039102,0,07,000,00,0,6,01,A01
200900039103,1,07,000,00,1,3,00,A01
200900039104,0,07,000,09,0,3,01,A01
200900039105,0,14,000,16,0,0,01,A01
200900039106,0,07,000,02,0,1,01,A01
200900039107,0,33,000,00,2,8,13,A01
200900039107,0,07,000,00,2,8,01,B02
200900039108,0,02,000,00,2,1,17,A01
200900039108,0,07,000,00,2,3,01,B02
200900039109,0,07,000,00,2,3,01,B02
200900039109,0,33,000,00,2,1,13,A01
200900039110,0,33,000,00,2,3,00,B02
200900039110,0,07,000,00,2,8,00,A01
200900039111,0,07,000,00,2,7,00,B01
200900039111,0,10,000,00,2,3,00,A01
200900039112,0,07,000,06,0,1,01,A01
200900039113,0,07,000,01,2,1,01,B01
200900039113,0,07,000,00,2,1,00,A01
200900039114,0,07,000,00,1,2,01,A01
200900039115,0,01,000,00,0,0,00,B01
200900039115,0,07,000,00,2,0,00,A01
200900039116,0,07,000,00,0,0,00,A01
200900039117,0,07,000,00,2,3,01,B01
200900039117,0,33,000,00,2,1,01,A01
200900039118,0,07,000,01,0,0,00,D01
200900039118,0,07,000,00,0,4,00,B01
200900039118,0,07,000,01,0,1,02,A01
200900039118,0,07,000,01,0,0,00,C01
200900039119,0,07,000,00,1,0,16,C01
200900039120,0,07,000,13,0,0,00,A01
200900039121,0,07,000,06,0,2,14,A01
200900039122,0,07,000,08,0,7,00,A01
200900039123,0,07,000,00,2,8,13,A01
200900039123,0,33,000,00,0,7,17,B01
200900039124,0,33,000,12,0,7,00,A01
200900039125,0,33,000,00,2,3,01,A01
200900039125,0,07,000,00,2,3,00,B01
200900039126,0,07,000,00,1,4,04,A01
200900039127,0,07,000,13,0,2,14,A01
200900039128,0,02,000,01,0,1,01,A01
200900039129,0,38,040,00,1,3,16,A01
200900039130,0,01,000,00,0,1,01,B01
200900039130,0,07,000,00,2,1,15,A01
200900039131,0,07,000,00,1,7,01,A01
200900039132,0,32,000,00,2,1,13,A01
200900039132,0,07,000,00,2,3,01,B01
200900039133,0,07,000,00,2,8,01,A01
200900039133,0,33,000,00,2,1,13,B02
200900039134,0,33,000,00,2,1,01,A01
200900039134,0,07,000,00,2,2,01,B02
200900039135,0,07,000,06,0,8,01,A01
200900039136,0,33,000,00,2,1,01,A01
200900039136,0,07,000,00,2,1,17,B02
200900039137,0,10,000,00,1,8,02,A01
200900039138,0,02,000,00,2,1,17,A01
200900039138,0,02,000,00,2,1,01,B02
200900039139,0,02,000,,2,1,01,A01
200900039139,1,10,000,,,,,A02
200900039140,0,02,000,00,2,1,01,B01
200900039140,0,07,000,00,2,5,19,A01
200900039141,0,07,000,00,2,2,01,A01
200900039141,0,02,000,00,2,1,01,B01
200900039142,0,07,000,00,2,4,23,B02
200900039142,0,07,000,00,2,4,23,C03
200900039142,0,07,000,00,2,1,01,A01
200900039143,0,07,000,00,2,8,23,A01
200900039143,0,07,000,00,9,1,01,B01
200900039143,0,32,000,00,2,7,17,C01
200900039144,0,33,000,00,2,8,01,B02
200900039144,0,07,000,00,2,3,01,A01
200900039145,0,10,000,00,0,2,14,A01
200900039146,0,07,000,00,1,0,00,A01
200900039147,0,07,000,00,2,0,00,A01
200900039147,1,33,000,00,0,4,01,A02
200900039147,0,02,000,00,2,1,01,A03
200900039148,0,07,000,00,2,6,19,A01
200900039148,0,33,000,00,2,1,01,B02
200900039149,0,07,000,00,2,1,01,A01
200900039149,0,07,000,00,0,0,00,B02
200900039150,0,31,000,00,0,0,15,A01
200900039151,0,33,000,00,1,1,01,A01
200900039152,0,10,000,00,2,3,01,B01
200900039152,0,31,000,00,2,1,05,A01
200900039153,0,02,000,00,0,1,01,B01
200900039153,2,10,000,00,2,4,04,A01
200900039154,0,07,000,00,1,1,01,A01
200900039155,0,07,000,00,2,1,11,A01
200900039155,0,07,000,00,2,3,01,B02
200900039156,0,07,000,00,2,6,23,B02
200900039156,0,33,000,14,0,1,16,A01
200900039157,0,02,000,00,0,7,13,A01
200900039157,0,07,000,00,0,1,14,B02
200900039158,0,01,000,00,1,1,01,A01
200900039159,0,07,000,00,1,7,01,A01
200900039160,0,07,000,00,2,2,13,A01
200900039160,0,07,000,00,2,1,01,B02
200900039161,0,31,000,00,2,1,00,B02
200900039161,0,07,000,00,2,3,00,A01
200900039162,0,01,000,00,2,0,00,B02
200900039162,0,07,000,00,9,1,04,A01
200900039163,0,02,000,00,2,1,01,A01
200900039163,0,07,000,00,2,7,15,B02
200900039164,0,33,000,00,2,1,17,B02
200900039164,0,36,000,00,0,3,13,A01
200900039165,0,07,000,00,2,7,01,B01
200900039165,0,01,000,00,0,1,19,A01
200900039166,0,07,000,00,2,2,19,A01
200900039166,0,31,000,00,2,1,01,B02
200900039167,0,07,000,16,0,9,01,A01
200900039168,0,33,000,00,2,4,21,B02
200900039168,0,07,000,00,0,5,15,C03
200900039168,0,33,000,00,2,1,21,A01
200900039169,0,33,000,03,0,1,01,A01
200900039170,0,07,000,06,1,3,13,A01
200900039171,0,33,000,00,0,0,00,A01
200900039171,0,07,000,00,2,1,01,B02
200900039172,0,07,000,00,2,8,17,B02
200900039172,0,33,000,00,2,8,17,A01
200900039173,0,07,000,00,0,2,13,A01
200900039173,0,07,000,00,0,1,01,B02
200900039174,0,33,000,00,0,0,01,B02
200900039174,0,07,000,00,2,1,01,A01
200900039175,0,07,000,13,0,1,13,A01
200900039176,0,33,000,03,0,1,17,A01
200900039177,0,07,000,00,0,3,01,A01
200900039177,0,01,000,00,0,7,19,B02
200900039178,0,07,000,14,0,3,01,B02
200900039178,0,07,000,00,2,5,23,A01
200900039179,0,02,000,01,0,1,15,A01
200900039179,0,07,000,00,9,3,23,C03
200900039179,0,31,000,00,0,1,16,B02
200900039180,0,07,000,13,0,1,01,A01
200900039181,0,07,000,00,1,2,15,A01
200900039182,0,30,000,00,2,1,01,A01
200900039182,0,07,000,00,0,1,01,B02
200900039183,0,33,000,00,2,1,01,A01
200900039183,0,07,000,00,2,3,09,B02
200900039184,0,01,000,00,0,1,00,B02
200900039184,0,10,000,00,9,7,01,A01
200900039185,0,33,000,00,0,9,15,A01
200900039186,0,32,000,00,0,1,01,B02
200900039186,0,07,000,00,0,5,19,A01
200900039187,0,07,000,08,0,3,13,A01
200900039188,0,07,000,00,2,3,01,B02
200900039188,0,07,000,00,2,3,21,C03
200900039188,0,07,000,00,2,1,13,A01
200900039189,0,07,000,14,0,3,01,A01
200900039190,0,07,000,00,1,1,01,A01
200900039191,0,33,000,00,2,1,01,A01
200900039191,0,01,000,00,0,4,11,B02
200900039192,0,33,000,00,0,0,01,A01
200900039193,0,07,000,00,0,2,01,A01
200900039193,0,02,000,00,0,6,11,B02
200900039194,0,07,000,00,2,3,01,B02
200900039194,0,07,000,00,0,0,00,A01
200900039195,0,07,000,08,0,1,13,A01
200900039196,0,07,000,00,2,8,17,B02
200900039196,0,33,000,00,2,7,17,A01
200900039197,0,07,000,00,1,1,01,A01
200900039198,0,07,000,00,2,2,15,A01
200900039198,0,33,000,00,0,1,01,B01
200900039199,0,02,000,00,0,1,01,B01
200900039199,0,07,000,00,2,2,15,A01
200900039200,0,33,000,13,0,0,01,A01
200900039201,0,07,000,16,0,9,15,A01
200900039202,0,07,000,00,2,3,13,A01
200900039202,0,07,000,00,2,1,01,B02
200900039203,0,33,000,09,0,7,13,A01
200900039204,0,07,000,00,0,9,00,A01
200900039205,0,15,000,00,2,1,01,B01
200900039205,0,07,000,00,2,2,15,A01
200900039206,0,07,000,15,0,0,01,A01
200900039207,0,07,000,00,1,3,01,A01
200900039208,0,07,000,00,5,1,00,A01
200900039209,0,07,000,06,0,1,01,A01
200900039210,0,07,000,00,1,1,01,A01
200900039211,0,30,000,00,2,1,05,A01
200900039211,0,07,000,00,2,1,01,B01
200900039212,0,07,000,00,2,3,09,A01
200900039212,0,33,000,00,2,1,01,B01
200900039213,0,07,000,00,1,2,01,A01
200900039214,0,07,000,00,2,1,01,A01
200900039214,0,01,000,00,2,4,00,B01
200900039215,0,07,000,00,2,4,01,B01
200900039215,0,33,000,00,2,1,01,A01
200900039216,0,07,000,00,2,7,15,A01
200900039216,0,33,000,00,2,1,01,B01
200900039217,0,07,000,00,1,1,01,A01
200900039218,0,33,000,00,2,4,01,B01
200900039218,0,07,000,00,2,1,01,A01
200900039219,0,30,000,00,2,4,01,A01
200900039219,0,07,000,00,2,2,17,B01
200900039220,0,07,000,00,2,2,10,A01
200900039220,0,01,000,00,2,1,01,B01
200900039221,0,07,000,00,2,6,02,B01
200900039221,0,02,000,00,2,1,02,A01
200900039222,0,01,000,00,2,1,01,B01
200900039222,0,07,000,00,2,3,15,A01
200900039223,0,33,000,05,0,3,01,A01
200900039224,0,07,000,00,2,2,01,A01
200900039224,0,07,000,00,2,1,01,C03
200900039224,0,10,000,00,2,3,01,B02
200900039225,0,07,000,13,2,8,02,B02
200900039225,0,07,000,03,2,4,13,A01
200900039226,0,07,000,00,2,2,09,A01
200900039226,0,33,000,04,2,3,21,B02
200900039227,0,33,000,16,0,1,14,A01
200900039228,0,30,000,00,1,1,01,A01
200900039229,0,33,000,00,0,8,01,B02
200900039229,1,07,000,00,2,1,19,A01
200900039230,0,07,000,00,0,5,19,B02
200900039230,0,01,000,00,2,1,21,A01
200900039231,1,20,000,00,2,3,11,B02
200900039231,0,07,000,00,2,6,00,D04
200900039231,0,14,000,00,0,3,01,C03
200900039231,0,07,000,00,2,3,00,A01
200900039232,0,33,000,00,2,3,17,A01
200900039232,0,07,000,00,2,6,15,B02
200900039233,0,07,000,00,0,3,01,A01
200900039233,0,07,000,00,0,6,15,B02
200900039234,0,07,000,00,2,3,15,A01
200900039234,0,30,000,00,2,1,17,B02
200900039235,0,07,000,00,2,1,13,A01
200900039235,0,07,000,00,2,1,01,B02
200900039236,0,33,000,00,0,7,01,A01
200900039237,0,07,000,03,2,7,17,A01
200900039237,0,07,000,00,2,8,01,B02
200900039238,0,10,000,13,0,3,01,A01
200900039239,0,31,000,00,2,1,01,B02
200900039239,0,07,000,00,2,1,17,A01
200900039240,0,07,000,02,0,3,17,A01
200900039241,0,07,000,00,2,8,15,B02
200900039241,0,30,000,00,2,7,17,A01
200900039242,0,07,000,00,2,1,13,A01
200900039242,0,07,000,00,2,1,01,B02
200900039243,0,07,000,00,2,6,02,B02
200900039243,0,10,000,00,2,2,02,A01
200900039243,0,07,000,14,0,1,21,C03
200900039244,0,07,000,13,0,9,13,A01
200900039245,0,07,000,08,0,2,01,A01
200900039246,0,20,000,16,0,8,01,A01
200900039247,0,07,000,00,1,1,01,A01
200900039248,0,07,000,00,2,2,15,A01
200900039248,0,07,000,00,2,1,01,B01
200900039249,0,07,000,09,0,1,13,A01
200900039250,0,07,000,09,0,1,00,A01
200900039251,0,07,000,00,1,3,15,A01
200900039252,0,07,000,00,1,3,01,A01
200900039253,0,07,000,00,1,1,00,A01
200900039254,0,32,000,08,2,4,23,B01
200900039254,0,07,000,00,2,2,02,A01
200900039255,0,07,000,00,2,1,01,B01
200900039255,0,07,000,01,2,7,01,A01
200900039256,0,07,000,00,2,7,01,B01
200900039256,0,02,000,00,2,8,11,A01
200900039257,0,07,000,00,2,3,15,B01
200900039257,0,07,000,02,2,1,17,A01
200900039257,0,07,000,00,2,1,23,C01
200900039258,0,07,000,00,1,2,01,A01
200900039259,0,07,000,02,0,1,13,A01
200900039260,0,07,000,00,2,1,13,A01
200900039260,0,07,000,00,2,1,01,B01
200900039261,0,07,000,00,1,1,01,A01
200900039262,0,37,020,00,2,3,01,B01
200900039262,0,07,000,00,2,1,16,A01
200900039263,0,07,000,00,2,1,01,B01
200900039263,0,07,000,00,2,5,00,A01
200900039264,0,07,000,00,1,2,01,A01
200900039265,0,07,000,08,0,7,01,A01
200900039266,0,02,000,00,2,1,01,B01
200900039266,0,07,000,00,2,1,15,A01
200900039267,0,07,000,00,2,2,01,A01
200900039268,0,07,000,03,0,1,01,A01
200900039269,0,07,000,00,2,2,15,A01
200900039269,0,07,000,06,2,1,01,B01
200900039270,0,07,000,00,1,2,01,A01
200900039271,0,07,000,00,1,1,16,A01
200900039272,0,07,000,00,1,1,01,A01
200900039273,0,07,000,00,2,3,01,B01
200900039273,0,07,000,00,2,2,01,A01
200900039274,0,07,000,06,0,1,00,A01