Num_Acc,senc,catv,occutc,obs,obsm,choc,manv,num_veh
200900040028,0,07,000,06,0,1,13,A01
200900040029,0,07,000,05,0,2,01,A01
200900040030,0,02,000,15,0,1,01,A01
200900040031,0,10,000,00,2,2,02,B02
200900040031,0,14,000,00,0,6,02,A01
200900040032,0,07,000,08,0,1,14,A01
200900040033,0,02,000,00,0,1,13,A01
200900040033,0,13,000,00,2,5,13,B02
200900040034,0,07,000,04,0,1,21,A01
200900040035,0,07,000,00,0,4,02,B01
200900040035,0,30,000,00,2,1,02,A01
200900040036,0,07,000,00,2,1,01,B01
200900040036,0,07,000,00,2,2,16,A01
200900040037,0,32,000,00,2,1,01,B01
200900040037,0,07,000,00,2,7,15,A01
200900040038,0,01,000,00,0,0,00,A01
200900040039,0,33,000,00,0,1,00,A01
200900040040,0,30,000,00,2,1,01,A01
200900040040,0,07,000,00,2,6,01,B01
200900040041,0,07,000,00,2,4,01,B01
200900040041,0,07,000,00,2,1,01,A01
200900040042,0,33,000,00,2,1,05,A01
200900040042,0,07,000,00,2,8,09,B01
200900040043,0,07,000,13,0,1,14,A01
200900040044,0,07,000,00,2,8,20,A01
200900040044,0,07,000,00,0,0,01,B01
200900040045,0,33,000,00,2,1,17,A01
200900040045,0,07,000,00,2,8,15,B01
200900040046,0,07,000,00,1,1,01,A01
200900040047,0,07,000,00,2,2,13,A01
200900040047,0,07,000,00,2,3,01,B01
200900040048,0,07,000,00,2,4,01,C01
200900040048,0,07,000,00,2,6,01,B01
200900040048,0,31,000,00,2,3,01,A01
200900040049,0,07,000,00,2,3,15,A01
200900040049,0,07,000,00,2,1,01,B01
200900040050,0,07,000,00,2,5,15,A01
200900040050,0,33,000,00,2,1,01,B01
200900040051,0,30,000,00,2,1,11,A01
200900040051,0,07,000,00,2,3,01,B01
200900040052,0,07,000,00,2,1,01,B02
200900040052,0,07,000,00,2,8,19,A01
200900040053,0,07,000,00,2,4,02,B02
200900040053,0,17,000,00,2,1,01,A01
200900040054,0,07,000,13,0,3,13,A01
200900040055,0,33,000,00,2,1,13,A01
200900040055,0,07,000,00,2,3,13,B02
200900040056,0,10,000,00,1,3,01,A01
200900040057,0,07,000,02,0,3,01,A01
200900040058,0,10,000,15,0,1,01,A01
200900040059,0,07,000,00,2,3,19,A01
200900040059,0,07,000,00,2,1,01,B02
200900040060,0,07,000,00,2,2,23,C03
200900040060,0,07,000,00,2,3,01,B02
200900040060,0,07,000,00,2,2,15,A01
200900040061,0,07,000,00,9,2,01,A01
200900040061,0,01,000,00,2,8,15,B02
200900040062,0,07,000,00,2,3,01,B02
200900040062,0,07,000,00,2,3,13,A01
200900040063,0,07,000,00,0,9,01,A01
200900040064,0,07,000,00,2,3,13,A01
200900040064,0,10,000,00,2,3,13,B02
200900040065,0,14,000,00,2,2,19,A01
200900040065,0,07,000,00,2,1,01,B02
200900040066,0,07,000,16,0,9,01,A01
200900040067,0,07,000,05,0,1,13,A01
200900040068,0,07,000,00,2,2,01,B02
200900040068,0,10,000,00,2,2,13,A01
200900040069,0,07,000,01,0,2,13,A01
200900040069,0,02,000,01,0,1,01,B02
200900040070,0,07,000,02,0,1,14,A01
200900040071,0,07,000,00,1,2,01,A01
200900040072,0,07,000,06,0,2,14,A01
200900040073,0,33,000,16,0,0,21,A01
200900040074,0,15,000,13,0,5,01,A01
200900040075,0,31,000,00,0,1,01,A01
200900040076,0,07,000,00,2,4,20,B01
200900040076,0,02,000,00,2,1,01,A01
200900040077,0,07,000,00,1,1,01,A01
200900040078,0,07,000,00,2,1,01,A01
200900040078,0,07,000,00,1,1,23,B01
200900040079,0,07,000,00,2,1,01,B01
200900040079,0,07,000,00,2,1,13,A01
200900040079,0,07,000,00,0,0,09,C01
200900040080,0,07,000,00,2,1,01,B02
200900040080,0,07,000,00,2,3,15,A01
200900040081,0,33,000,00,0,9,01,A01
200900040082,0,07,000,00,2,3,13,A01
200900040082,0,07,000,07,2,3,01,B02
200900040083,0,33,000,00,0,4,02,B01
200900040083,0,07,000,00,2,1,02,A01
200900040084,0,14,000,02,0,1,01,A01
200900040085,0,10,000,00,1,1,01,A01
200900040086,0,07,000,00,2,3,15,B02
200900040086,0,30,000,00,2,1,17,A01
200900040087,0,07,000,11,2,3,01,B02
200900040087,0,10,000,00,2,1,01,A01
200900040088,0,01,000,00,1,6,02,B01
200900040088,0,07,000,00,2,7,06,A01
200900040089,0,07,000,00,2,3,15,A01
200900040089,0,30,000,00,2,1,17,B01
200900040090,0,07,000,00,2,5,19,A01
200900040090,0,07,000,00,2,3,01,B02
200900040091,0,07,000,00,2,5,02,B01
200900040091,0,30,000,00,2,1,02,A01
200900040092,0,07,000,00,2,6,01,B02
200900040092,0,33,000,00,2,7,13,A01
200900040093,0,07,000,00,2,2,15,A01
200900040093,0,07,000,02,0,7,01,B02
200900040094,0,07,000,00,2,3,13,A01
200900040094,0,07,000,00,2,3,01,B02
200900040095,0,10,000,00,2,4,23,B02
200900040095,0,30,000,00,0,1,02,A01
200900040096,2,07,000,00,2,2,05,A01
200900040096,0,30,000,00,2,1,01,B01
200900040097,0,07,000,00,2,4,02,C01
200900040097,0,07,000,00,2,4,02,B01
200900040097,0,10,000,00,2,4,02,D01
200900040097,0,07,000,00,2,1,02,A01
200900040098,0,07,000,00,2,1,01,A01
200900040098,0,07,000,00,2,2,01,B01
200900040099,0,10,000,00,2,1,01,B01
200900040099,0,07,000,00,2,1,13,A01
200900040100,0,30,000,00,2,1,01,A01
200900040100,0,07,000,00,2,2,01,B01
200900040101,0,33,000,13,0,0,01,A01
200900040102,0,30,000,00,2,1,01,A01
200900040102,0,07,000,00,2,4,23,B01
200900040103,0,07,000,00,2,5,01,B01
200900040103,0,32,000,00,2,1,01,A01
200900040104,0,34,000,00,2,0,00,A01
200900040104,0,07,000,00,2,4,15,B01
200900040105,0,30,000,00,2,3,01,B01
200900040105,0,07,000,00,2,8,15,A01
200900040106,0,10,000,00,2,2,01,A01
200900040106,0,31,000,00,2,1,01,B01
200900040107,0,07,000,00,2,2,15,A01
200900040107,0,07,000,00,2,1,01,B01
200900040108,0,30,000,00,2,1,01,B01
200900040108,0,07,000,00,9,1,09,A01
200900040109,0,33,000,00,2,1,01,B01
200900040109,0,07,000,00,2,8,01,A01
200900040110,0,07,000,00,1,4,04,A01
200900040111,0,31,000,00,2,1,02,A01
200900040111,0,07,000,00,2,4,23,B01
200900040112,0,10,000,00,2,4,02,A01
200900040112,0,10,000,00,2,4,23,B01
200900040113,0,07,000,00,2,7,15,A01
200900040113,0,33,000,00,2,1,01,B01
200900040114,0,10,000,00,2,2,01,B01
200900040114,0,07,000,00,2,8,11,A01
200900040115,0,31,000,00,1,1,17,A01
200900040116,0,07,000,00,9,3,09,A01
200900040116,0,01,000,00,2,1,01,B01
200900040117,0,07,000,00,9,1,02,A01
200900040117,0,34,000,00,2,4,02,B01
200900040118,0,14,000,00,1,7,01,A01
200900040119,0,01,000,00,2,8,01,B01
200900040119,0,07,000,00,2,2,16,A01
200900040120,0,07,000,00,2,4,01,B01
200900040120,0,07,000,00,2,0,01,A01
200900040121,0,07,000,08,0,1,00,A01
200900040122,0,01,000,00,2,7,19,B01
200900040122,0,07,000,00,9,1,01,A01
200900040123,0,07,000,00,2,1,15,A01
200900040123,0,01,000,00,2,7,01,B01
200900040124,0,10,000,00,2,1,11,A01
200900040124,0,07,000,00,2,4,01,B01
200900040125,0,31,000,00,0,0,01,A01
200900040126,0,10,000,02,0,3,01,A01
200900040127,0,07,000,00,1,4,04,A01
200900040128,0,07,000,00,1,1,01,A01
200900040129,0,07,000,00,2,4,23,D01
200900040129,0,07,000,00,2,1,01,A01
200900040129,0,07,000,00,2,4,23,C01
200900040129,0,07,000,00,2,4,23,B01
200900040130,0,07,000,00,2,3,09,A01
200900040130,0,07,000,00,2,3,01,B01
200900040131,0,07,000,00,1,1,01,A01
200900040132,0,07,000,00,1,2,01,A01
200900040133,0,30,000,00,2,1,01,B01
200900040133,0,07,000,00,9,2,15,A01
200900040134,0,07,000,00,2,7,23,C01
200900040134,0,17,000,00,2,0,13,A01
200900040134,0,07,000,00,2,6,01,B01
200900040135,0,07,000,00,2,1,00,A01
200900040136,0,10,000,00,2,1,01,B01
200900040136,0,07,000,00,2,5,15,A01
200900040137,0,02,000,01,0,1,01,A01
200900040137,0,07,000,00,2,6,13,B01
200900040138,0,07,000,00,0,8,15,B01
200900040138,0,33,000,00,2,1,21,A01
200900040139,0,02,000,16,0,1,01,A01
200900040140,0,33,000,00,2,1,01,B01
200900040140,0,07,000,00,2,7,15,A01
200900040141,0,07,000,00,2,1,01,A01
200900040141,0,07,000,00,2,4,23,B01
200900040141,0,10,000,00,2,4,23,C01
200900040142,0,07,000,00,2,1,01,D01
200900040142,0,07,000,00,2,1,01,B01
200900040142,0,10,000,00,2,4,23,C01
200900040142,0,07,000,00,2,1,01,A01
200900040143,0,07,000,00,2,3,01,B01
200900040143,0,14,000,00,2,7,03,A01
200900040144,0,07,000,00,2,7,15,A01
200900040144,0,02,000,00,2,1,01,B01
200900040145,0,33,000,00,2,0,21,A01
200900040145,0,37,001,00,2,6,01,B01
200900040146,0,07,000,00,2,2,15,A01
200900040146,0,30,000,00,2,1,01,B01
200900040147,0,02,000,00,0,1,00,A01
200900040148,0,07,000,00,0,0,11,A01
200900040148,0,07,000,00,2,7,01,C01
200900040148,0,33,000,00,0,0,21,B01
200900040149,0,07,000,00,2,1,19,A01
200900040149,0,07,000,01,2,3,01,B01
200900040150,0,07,000,00,9,1,20,A01
200900040150,0,02,000,00,2,1,01,B01
200900040151,0,07,000,00,2,4,01,B01
200900040151,0,07,000,00,2,1,01,A01
200900040152,0,33,000,00,0,0,00,A01
200900040153,0,07,000,00,0,2,00,A01
200900040153,0,33,000,00,2,6,01,B01
200900040154,0,34,000,00,2,2,05,A01
200900040154,0,07,000,00,2,2,01,B01
200900040155,0,07,000,08,0,1,01,A01
200900040156,0,30,000,00,0,8,00,A01
200900040157,0,10,000,00,2,4,02,C03
200900040157,0,07,000,00,2,1,01,A01
200900040157,0,07,000,00,2,4,02,B02
200900040158,0,10,000,00,2,5,13,A01
200900040158,0,10,000,03,2,3,01,B02
200900040159,0,07,000,00,2,2,01,A01
200900040159,0,02,000,00,2,8,16,B02
200900040160,0,07,000,00,0,9,00,A01
200900040161,0,07,000,02,0,8,01,A01
200900040162,0,02,000,01,0,5,01,A01
200900040163,0,10,000,00,2,5,05,A01
200900040163,0,10,000,00,2,1,19,B02
200900040164,0,02,000,00,2,8,13,A01
200900040164,0,17,000,00,2,8,01,B02
200900040165,0,07,000,13,0,9,01,A01
200900040166,0,07,000,00,2,4,23,A01
200900040166,0,10,000,00,2,1,01,C03
200900040166,0,07,000,00,2,4,23,B02
200900040167,0,07,000,00,2,5,16,B02
200900040167,0,02,000,00,2,8,18,A01
200900040168,0,07,000,00,1,2,02,A01
200900040169,0,07,000,13,0,2,01,A01
200900040170,0,07,000,02,0,1,01,A01
200900040171,0,07,000,00,2,3,01,A01
200900040171,0,07,000,00,2,2,01,B02
200900040172,0,07,000,00,2,3,01,A01
200900040172,0,07,000,00,2,3,01,B02
200900040173,0,02,000,00,2,2,17,B02
200900040173,0,07,000,00,0,6,15,A01
200900040174,0,02,000,00,0,8,01,A01
200900040175,0,02,000,00,2,1,01,B02
200900040175,0,07,000,00,2,7,15,A01
200900040176,0,07,000,00,2,3,03,A01
200900040176,0,07,000,00,2,3,01,B02
200900040177,0,07,000,13,0,2,01,A01
200900040178,0,07,000,00,2,1,01,B02
200900040178,0,07,000,00,2,1,13,A01
200900040179,0,07,000,01,0,1,01,A01
200900040180,0,07,000,00,0,3,01,A01
200900040180,0,07,000,00,0,3,00,B02
200900040181,0,07,000,00,2,1,02,A01
200900040181,0,07,000,00,0,4,23,B02
200900040182,0,07,000,00,9,1,01,C03
200900040182,2,07,000,00,2,3,17,A01
200900040182,0,07,000,00,2,3,01,B02
200900040183,0,07,000,00,2,2,15,A01
200900040183,0,02,000,00,2,1,01,B02
200900040184,0,07,000,00,2,6,01,C03
200900040184,0,02,000,00,2,1,01,A01
200900040184,0,07,000,00,2,6,01,B02
200900040185,0,07,000,00,2,2,01,A01
200900040185,0,07,000,00,2,1,01,B02
200900040186,0,07,000,00,2,1,01,C03
200900040186,0,07,000,08,2,2,01,A01
200900040186,0,07,000,00,2,1,01,B02
200900040187,0,02,000,16,0,0,19,A01
200900040188,0,07,000,00,2,1,01,A01
200900040188,0,21,000,00,2,4,01,B02
200900040189,0,07,000,00,9,2,01,A01
200900040189,0,39,000,00,0,0,00,B02
200900040190,0,07,000,13,0,2,00,A01
200900040191,0,07,000,00,1,1,01,A01
200900040192,0,07,000,13,0,2,01,A01
200900040193,0,07,000,00,2,1,01,C03
200900040193,0,21,000,00,2,4,01,A01
200900040193,0,07,000,00,2,8,01,B02
200900040194,0,02,000,00,2,1,01,B02
200900040194,0,10,000,00,2,2,15,A01
200900040195,0,02,000,00,2,2,21,A01
200900040195,0,07,000,00,0,8,15,B02
200900040196,0,07,000,00,2,1,00,E05
200900040196,0,07,000,00,0,9,09,A01
200900040196,0,07,000,00,2,1,02,D04
200900040196,0,10,000,00,2,1,02,B02
200900040196,0,07,000,00,2,1,02,F06
200900040196,0,07,000,00,2,1,02,C03
200900040197,0,07,000,00,2,1,13,A01
200900040197,0,07,000,00,2,1,01,B02
200900040198,0,07,000,00,2,1,13,A01
200900040198,0,37,000,00,2,1,01,B02
200900040199,0,07,000,00,0,1,14,A01
200900040200,0,07,000,00,1,1,13,A01
200900040201,0,02,000,00,2,1,13,A01
200900040201,0,07,000,00,2,3,01,B02
200900040202,0,07,000,00,1,0,00,A01
200900040203,0,07,000,15,0,5,14,A01
200900040204,0,07,000,00,2,1,01,C01
200900040204,0,07,000,00,2,3,09,B01
200900040204,0,33,000,00,2,1,03,A01
200900040205,0,07,000,00,1,2,01,A01
200900040206,0,07,000,00,2,7,01,A01
200900040206,0,07,000,00,2,1,01,B01
200900040207,0,07,000,00,0,3,00,A01
200900040208,0,07,000,00,2,1,15,A01
200900040208,0,07,000,00,2,3,01,B01
200900040209,0,10,000,00,2,1,01,A01
200900040209,0,07,000,00,2,4,23,B01
200900040210,0,07,000,00,2,4,23,C01
200900040210,0,07,000,00,2,1,01,A01
200900040210,0,07,000,00,2,4,23,B01
200900040211,0,07,000,00,2,4,02,B01
200900040211,0,07,000,00,2,1,01,A01
200900040212,0,07,000,00,2,7,19,A01
200900040212,0,07,000,00,2,1,01,B01
200900040213,0,07,000,00,1,2,01,A01
200900040214,0,07,000,00,1,1,15,A01
200900040215,0,07,000,00,9,3,15,B01
200900040215,0,31,000,00,2,7,02,A01
200900040216,0,07,000,00,2,3,01,A01
200900040216,0,07,000,00,2,2,15,B01
200900040217,0,07,000,00,1,1,15,A01
200900040218,0,07,000,00,2,2,15,A01
200900040218,0,14,000,00,2,2,01,B01
200900040219,0,07,000,00,2,3,00,A01
200900040219,0,33,000,00,2,2,01,B01
200900040220,0,07,000,00,1,1,01,A01
200900040221,0,13,000,00,2,2,01,B01
200900040221,0,14,000,00,2,5,04,A01
200900040222,0,33,000,00,0,4,02,B01
200900040222,0,31,000,00,9,1,02,A01
200900040223,0,07,000,00,2,3,15,A01
200900040223,0,07,000,00,2,3,01,B01
200900040224,0,07,000,00,2,8,11,A01
200900040224,0,14,000,00,0,3,01,B01
200900040225,0,36,000,00,1,1,01,A01
200900040226,0,02,000,00,2,1,01,B01
200900040226,0,07,000,00,9,3,15,A01
200900040227,0,02,000,00,2,1,01,B01
200900040227,0,07,000,00,2,3,15,A01
200900040228,0,07,000,08,0,2,01,A01
200900040229,0,07,000,00,2,1,01,B02
200900040229,0,07,000,06,2,7,13,A01
200900040230,0,07,000,00,2,1,01,A01
200900040230,0,03,000,00,2,4,01,B01
200900040231,0,07,000,00,2,2,09,A01
200900040231,0,07,000,00,2,5,09,B01
200900040232,0,07,000,00,2,1,01,B01
200900040232,0,07,000,00,2,7,19,A01
200900040233,0,07,000,00,2,2,09,A01
200900040233,0,02,000,00,2,1,01,B01
200900040234,0,07,000,00,2,0,19,A01
200900040234,0,32,000,00,2,0,01,B01
200900040235,0,07,000,00,1,1,15,A01
200900040236,2,07,000,00,2,1,01,A01
200900040236,0,07,000,00,2,2,01,B01
200900040237,0,02,000,00,2,2,01,B01
200900040237,0,17,000,00,2,5,15,A01
200900040238,0,07,000,00,2,4,23,B01
200900040238,0,07,000,14,0,1,02,A01
200900040239,0,07,000,00,2,1,01,A01
200900040240,0,02,000,00,0,0,15,A01
200900040241,0,07,000,00,2,1,02,A01
200900040241,0,07,000,00,2,4,02,C01
200900040241,0,07,000,00,2,4,02,B01
200900040242,0,07,000,00,2,1,16,A01
200900040242,0,10,000,00,0,4,23,C01
200900040242,0,07,000,00,2,1,23,B01
200900040243,0,33,000,00,1,5,01,A01
200900040244,0,07,000,01,0,3,13,A01
200900040245,0,07,000,00,0,1,01,A01
200900040246,0,07,000,00,2,1,01,A01
200900040246,0,07,000,00,2,4,01,B01
200900040247,0,07,000,00,2,1,01,A01
200900040247,0,07,000,00,2,4,01,B01
200900040248,0,07,000,00,2,3,15,B01
200900040248,0,33,000,00,2,2,00,A01
200900040249,0,31,000,00,2,3,01,B01
200900040249,0,07,000,00,2,2,19,A01
200900040250,0,01,000,00,0,1,01,A01
200900040251,0,07,000,13,0,1,01,A01
200900040252,0,07,000,00,2,8,01,B02
200900040252,0,07,000,00,2,3,01,A01
200900040253,0,07,000,00,2,3,06,A01
200900040253,0,17,000,00,2,1,01,B02
200900040254,0,07,000,02,0,1,13,A01
200900040255,0,07,000,04,0,1,17,A01
200900040256,0,36,000,00,0,8,15,C03
200900040256,0,10,000,00,2,2,01,A01
200900040256,0,07,000,00,0,0,15,B02
200900040257,0,07,000,03,0,9,01,A01
200900040258,2,10,000,00,2,7,13,A01
200900040258,0,07,000,00,2,0,01,C03
200900040258,0,07,000,00,2,1,01,B02
200900040259,0,33,000,00,2,7,01,B02
200900040259,0,07,000,00,2,3,16,A01
200900040260,0,07,000,00,2,3,15,A01
200900040260,0,30,000,00,2,1,01,B02
200900040261,0,02,000,00,2,8,15,A01
200900040261,0,07,000,00,2,2,01,B02
200900040262,0,07,000,00,0,1,01,B02
200900040262,0,03,000,00,0,1,13,A01
200900040263,0,07,000,06,0,1,13,A01
200900040264,0,07,000,00,2,7,01,B02
200900040264,0,02,000,00,2,1,21,A01
200900040265,0,07,000,00,2,1,01,A01
200900040265,0,07,000,00,2,2,13,B02
200900040266,0,07,000,00,1,2,01,A01
200900040267,0,02,000,00,2,1,01,B02
200900040267,0,10,000,00,2,1,15,A01
200900040268,0,10,000,02,0,2,00,A01
200900040269,0,15,000,00,0,7,01,A01
200900040270,0,10,000,00,0,2,01,A01
200900040270,0,07,000,00,0,1,06,B02
200900040271,0,07,000,00,0,3,15,A01
200900040271,0,02,000,00,2,1,01,B02
200900040272,0,07,000,00,2,2,13,A01
200900040272,0,07,000,00,2,1,01,D04
200900040272,0,17,000,00,2,6,01,B02
200900040272,0,10,000,00,2,9,01,C03
200900040273,0,13,000,06,0,2,01,A01
200900040274,0,33,000,00,2,1,01,B02
200900040274,0,07,000,00,2,7,15,A01
200900040275,0,01,000,00,2,0,21,B01
200900040275,0,07,000,00,2,2,01,C01
200900040275,0,07,000,00,0,0,24,A01
200900040276,0,07,000,00,2,1,00,A01
200900040276,0,01,000,00,2,0,00,B01
200900040277,0,07,000,00,9,1,01,A01
200900040277,0,01,000,00,2,8,01,B01
200900040278,0,07,000,00,2,7,15,A01
200900040278,0,02,000,00,2,1,01,B01
200900040279,0,02,000,00,2,2,01,B01
200900040279,0,07,000,00,2,1,15,A01
200900040280,0,10,000,00,9,3,01,B01
200900040280,0,01,000,00,2,8,01,A01
200900040281,0,01,000,00,2,3,01,B01
200900040281,0,07,000,00,9,3,15,A01
200900040282,0,07,000,13,0,1,01,A01
200900040283,0,30,000,00,2,1,02,B01
200900040283,0,14,000,00,2,4,04,A01
200900040284,0,07,000,00,2,1,01,A01
200900040284,0,07,000,00,2,4,01,B02
200900040285,0,07,000,00,0,9,01,A01
200900040286,0,07,000,03,0,2,21,A01
200900040287,0,07,000,00,2,2,13,A01
200900040287,0,32,000,00,2,1,01,B01
200900040288,0,07,000,06,0,1,01,A01
200900040289,0,17,000,00,2,8,01,A01
200900040289,0,07,000,00,2,1,01,B02
200900040290,0,07,000,13,0,1,01,A01
200900040291,0,02,000,12,0,2,01,A01
200900040292,0,31,000,00,2,1,01,A01
200900040292,0,01,000,00,2,4,01,B02
200900040293,0,17,000,06,0,1,01,A01
200900040294,0,07,000,13,0,1,01,A01
200900040295,0,15,000,00,0,0,02,A01
200900040296,0,07,000,08,0,1,01,A01
200900040297,0,33,000,00,0,9,01,A01
200900040298,0,21,000,00,2,1,15,B02
200900040298,0,33,000,00,2,1,16,A01
200900040299,0,07,000,00,2,6,09,A01
200900040299,0,33,000,00,2,1,01,B02
200900040300,0,33,000,00,2,7,02,A01
200900040300,0,07,000,00,2,3,02,B01
200900040301,0,02,000,00,2,1,01,A01
200900040301,0,07,000,00,2,8,01,B01
200900040302,0,07,000,00,2,1,13,A01
200900040302,0,07,000,00,2,3,01,B01
200900040303,0,07,000,13,0,0,00,A01
200900040304,0,07,000,00,2,2,01,A01
200900040304,0,01,000,00,2,8,01,B01
200900040305,0,07,000,00,2,3,01,B01
200900040305,0,07,000,00,2,3,11,A01
200900040306,0,07,000,00,1,2,01,A01
200900040307,0,33,000,13,0,1,01,A01
200900040308,0,01,000,00,2,6,15,A01
200900040308,0,07,000,00,2,1,01,B02
200900040309,0,01,000,00,2,1,01,A01
200900040309,0,07,000,00,2,4,15,B01
200900040310,0,07,000,00,0,9,01,A01
200900040311,0,15,000,02,0,7,01,A01
200900040312,0,07,000,00,2,8,13,A01
200900040312,0,07,000,00,2,8,01,B02
200900040313,0,07,000,00,2,1,01,A01
200900040313,0,30,000,00,2,8,01,B01
200900040314,0,38,055,13,0,8,13,A01
200900040315,0,33,000,12,0,1,21,A01
200900040316,0,01,000,00,2,8,01,B01
200900040316,1,07,000,00,0,0,00,A01
200900040317,0,07,000,13,0,1,01,A01
200900040318,0,07,000,00,2,2,01,B02
200900040318,0,07,000,00,2,8,01,C03
200900040318,0,07,000,00,2,2,17,A01
200900040319,0,07,000,00,2,1,01,B02
200900040319,0,33,000,00,2,1,13,A01
200900040320,0,07,000,00,1,3,20,A01
200900040321,0,07,000,00,2,4,20,B01
200900040321,0,07,000,00,2,1,01,A01
200900040322,0,07,000,00,2,1,02,A01
200900040322,0,07,000,00,2,4,02,B01
200900040322,0,07,000,00,2,4,02,D01
200900040322,0,07,000,00,2,4,02,C01
200900040323,0,07,000,00,2,2,01,B01
200900040323,0,07,000,00,2,3,01,A01
200900040324,0,01,000,00,2,7,01,B02
200900040324,0,07,000,00,2,1,01,A01
200900040325,0,07,000,00,1,2,01,A01
200900040326,0,32,000,00,2,1,18,B01
200900040326,0,07,000,00,2,2,16,A01
200900040327,0,07,000,04,0,1,00,A01
200900040328,0,07,000,13,0,9,13,A01
200900040329,0,07,000,00,2,2,01,B01
200900040329,0,07,000,00,2,7,15,A01
200900040330,0,99,000,01,0,2,14,A01
200900040331,0,07,000,00,2,8,01,B01
200900040331,2,07,000,01,2,3,01,A01
200900040331,0,10,000,00,2,3,01,C01
200900040332,0,01,000,00,2,6,01,B01
200900040332,0,07,000,00,9,3,01,A01
200900040333,0,07,000,00,2,3,01,A01
200900040333,0,33,000,00,2,6,01,B01
200900040334,0,07,000,00,1,3,01,A01
200900040335,0,07,000,00,2,1,02,A01
200900040335,0,07,000,00,2,4,02,B01
200900040335,0,07,000,00,2,4,15,C01
200900040336,0,07,000,08,0,1,00,A01
200900040337,0,33,000,12,0,0,06,A01
200900040338,0,14,000,00,0,1,02,A01
200900040338,0,07,000,00,0,8,00,C01
200900040338,0,07,000,00,0,4,23,B01
200900040339,0,33,000,00,2,1,01,A01
200900040339,0,07,000,00,2,6,01,B01
200900040340,0,07,000,00,0,1,01,A01
200900040341,0,07,000,00,2,1,01,A01
200900040341,0,07,000,00,2,1,01,B01
200900040342,0,38,000,00,1,1,00,A01
200900040343,0,07,000,00,0,1,00,B01
200900040343,0,15,000,00,0,2,13,A01
200900040344,0,10,000,07,0,2,14,A01
200900040345,0,07,000,00,2,8,01,A01
200900040345,0,33,000,00,2,1,01,B01
200900040346,0,33,000,00,0,1,00,A01
200900040347,0,07,000,00,0,6,23,B02
200900040347,0,30,000,01,0,1,01,A01
200900040348,0,03,000,00,2,3,01,A01
200900040348,0,07,000,00,2,3,01,B02
200900040349,0,07,000,00,2,8,15,A01
200900040349,0,33,000,00,2,1,17,B02
200900040350,0,07,000,00,0,4,02,C01
200900040350,0,07,000,00,0,4,02,B01
200900040350,0,07,000,00,2,1,02,A01
200900040351,0,07,000,00,0,6,21,B02
200900040351,0,33,000,00,2,0,00,A01
200900040352,0,07,000,00,0,4,23,B02
200900040352,0,07,000,00,2,1,01,A01
200900040353,0,07,000,00,2,1,01,A01
200900040353,0,01,000,00,2,8,19,B02
200900040354,0,30,000,16,0,2,01,A01
200900040355,0,01,000,00,2,1,05,B02
200900040355,0,33,000,00,0,7,01,A01
200900040356,0,07,000,02,6,2,13,A01
200900040357,0,07,000,01,1,3,01,A01
200900040357,0,07,000,00,2,3,23,B02
200900040358,0,07,000,13,0,2,01,A01
200900040359,0,33,000,13,0,1,21,A01
200900040360,0,07,000,02,0,2,13,A01
200900040361,0,07,000,00,0,6,01,B02
200900040361,0,33,000,00,2,2,17,A01
200900040362,0,07,000,00,9,2,02,A01
200900040362,0,01,000,00,2,6,00,B01
200900040363,0,07,000,00,2,2,01,A01
200900040363,0,07,000,00,2,3,09,B02
200900040364,0,07,000,13,0,1,13,A01
200900040365,0,02,000,12,0,1,01,A01
200900040366,0,33,000,00,2,0,05,B02
200900040366,0,07,000,00,2,1,05,A01
200900040367,0,33,000,00,0,0,01,A01
200900040368,0,07,000,02,0,8,14,A01
200900040369,2,07,000,02,0,1,01,A01
200900040370,0,32,000,00,2,1,00,A01
200900040370,0,07,000,00,2,2,05,C01
200900040370,0,10,000,00,2,2,09,B01
200900040371,0,07,000,13,0,3,01,A01
200900040372,0,15,000,13,0,2,14,A01
200900040373,0,07,000,02,0,1,01,A01
200900040374,0,17,000,00,2,2,01,B01
200900040374,0,07,000,00,2,3,05,A01
200900040375,0,07,000,00,2,3,01,B01
200900040375,0,01,000,00,2,7,12,A01
200900040376,0,07,000,00,2,3,15,B01
200900040376,0,10,000,00,2,2,13,A01
200900040377,0,07,000,01,2,1,13,A01
200900040377,0,07,000,00,2,1,24,C01
200900040377,0,07,000,00,2,8,05,D01
200900040377,0,07,000,00,2,4,24,B01
200900040378,0,07,000,00,2,1,02,A01
200900040378,0,07,000,10,0,4,02,B01
200900040379,0,07,000,00,1,2,17,A01
200900040379,0,37,001,00,1,5,01,B01
200900040380,0,07,000,00,1,4,04,A01
200900040381,0,07,000,16,0,9,01,A01
200900040382,0,07,000,00,2,1,00,A01
200900040382,0,13,000,00,2,1,01,B01
200900040383,0,07,000,00,2,2,15,A01
200900040383,0,33,000,00,2,1,01,B01
200900040384,0,33,000,00,2,1,02,B01
200900040384,0,07,000,00,0,5,01,A01
200900040385,0,07,000,00,2,4,02,A01
200900040385,0,07,000,00,2,4,02,B01
200900040385,0,07,000,00,2,1,02,C01
200900040386,0,07,000,03,0,7,14,A01
200900040387,0,07,000,03,0,3,01,A01
200900040388,0,33,000,00,0,8,09,A01
200900040389,0,33,000,14,0,2,09,C01
200900040389,0,10,000,00,0,4,23,A01