Num_Acc,senc,catv,occutc,obs,obsm,choc,manv,num_veh
200900042275,0,07,000,00,0,0,01,A01
200900042276,0,33,000,00,0,1,14,A01
200900042277,0,31,000,00,1,2,01,A01
200900042278,0,07,000,00,2,3,01,A01
200900042278,0,07,000,00,2,2,05,B02
200900042278,0,07,000,03,2,3,01,C03
200900042279,0,10,000,00,2,1,01,C03
200900042279,0,07,000,00,2,1,01,B02
200900042279,0,07,000,00,0,9,15,A01
200900042280,0,21,000,00,2,3,01,B02
200900042280,0,07,000,13,2,8,01,A01
200900042281,0,07,000,00,2,3,15,A01
200900042281,0,33,000,00,2,1,00,B01
200900042282,0,07,000,00,2,8,01,B02
200900042282,0,07,000,00,2,1,01,A01
200900042283,0,07,000,00,1,3,01,A01
200900042284,0,07,000,00,1,1,01,A01
200900042285,0,07,000,00,2,2,01,A01
200900042285,0,07,000,00,2,3,01,B01
200900042286,0,07,000,00,1,1,15,A01
200900042287,0,07,000,00,0,8,20,B01
200900042287,0,33,000,00,2,1,17,A01
200900042288,0,07,000,00,1,1,01,A01
200900042289,0,33,000,00,0,0,00,A01
200900042290,0,07,000,00,2,7,01,B02
200900042290,0,07,000,00,2,3,09,A01
200900042291,0,07,000,06,0,6,23,A01
200900042292,0,07,000,01,1,4,04,A01
200900042293,0,07,000,00,1,1,01,A01
200900042294,0,31,000,13,0,1,01,A01
200900042295,0,07,000,05,0,1,00,A01
200900042296,0,30,000,01,0,1,02,C01
200900042296,0,07,000,13,2,6,20,B01
200900042296,0,07,000,00,2,2,02,A01
200900042297,0,07,000,00,2,3,15,A01
200900042297,0,01,000,00,2,1,00,B02
200900042298,0,33,000,06,0,1,15,A01
200900042299,0,07,000,02,2,6,01,A01
200900042299,0,07,000,02,2,3,01,B01
200900042300,0,07,000,16,0,1,01,A01
200900042301,0,07,000,00,0,4,23,A01
200900042301,0,02,000,14,0,1,02,C03
200900042301,0,02,000,00,0,4,23,B02
200900042302,0,31,000,00,2,1,01,B02
200900042302,0,07,000,00,2,5,04,A01
200900042303,0,07,000,03,0,1,06,A01
200900042304,0,07,000,12,0,1,16,A01
200900042305,0,07,000,00,2,4,15,B01
200900042305,0,07,000,00,2,1,01,A01
200900042306,0,07,000,00,2,1,01,A01
200900042306,0,07,000,00,2,3,11,B02
200900042307,0,07,000,00,1,3,04,A01
200900042308,0,07,000,00,1,0,01,A01
200900042309,0,07,000,07,0,8,00,A01
200900042310,0,30,000,00,0,8,02,A01
200900042311,0,33,000,00,2,1,21,A01
200900042311,0,13,000,00,2,2,00,B02
200900042312,0,07,000,02,0,7,00,A01
200900042313,0,07,000,00,2,4,15,C01
200900042313,0,07,000,00,2,1,01,A01
200900042313,0,07,000,00,2,1,01,B01
200900042314,0,33,000,00,2,1,03,B01
200900042314,0,07,000,00,2,8,15,A01
200900042315,1,07,000,00,0,0,00,A01
200900042316,0,30,000,00,0,8,00,A01
200900042317,0,33,000,00,5,7,01,A01
200900042318,0,02,000,00,2,1,01,B02
200900042318,0,07,000,00,2,3,19,A01
200900042319,0,07,000,00,0,9,00,A01
200900042320,0,07,000,00,2,2,15,B02
200900042320,0,33,000,01,0,1,01,A01
200900042321,0,33,000,08,0,7,16,A01
200900042322,0,07,000,13,0,1,21,A01
200900042323,0,03,000,00,2,4,01,B01
200900042323,0,33,000,00,2,1,01,A01
200900042324,0,07,000,00,1,1,01,A01
200900042325,0,07,000,13,0,1,14,A01
200900042326,0,31,000,00,2,8,02,B01
200900042326,0,33,000,00,2,1,01,A01
200900042327,0,30,000,00,0,0,00,A01
200900042328,0,07,000,00,2,8,15,A01
200900042328,0,33,000,00,2,7,17,B02
200900042329,0,33,000,00,1,1,01,A01
200900042330,0,07,000,00,2,3,01,C03
200900042330,0,07,000,00,0,5,15,B02
200900042330,0,10,000,00,2,3,01,A01
200900042331,0,07,000,00,2,0,01,B01
200900042331,2,07,000,00,2,0,16,A01
200900042332,0,07,000,12,0,2,01,A01
200900042333,0,07,000,00,1,1,01,A01
200900042334,0,07,000,00,1,1,01,A01
200900042335,0,33,000,13,0,2,01,A01
200900042336,0,30,000,00,2,1,00,A01
200900042337,0,07,000,02,0,1,01,A01
200900042338,0,07,000,00,2,1,05,A01
200900042338,0,07,000,00,2,1,01,B01
200900042339,0,07,000,00,2,3,01,A01
200900042339,0,07,000,00,2,1,00,B02
200900042340,0,07,000,00,2,3,02,A01
200900042340,0,30,000,00,2,1,19,B02
200900042341,0,07,000,00,0,3,01,B02
200900042341,0,07,000,00,2,1,13,A01
200900042342,0,07,000,02,0,8,01,A01
200900042343,0,01,000,00,2,1,01,B02
200900042343,0,07,000,00,2,3,01,A01
200900042344,0,07,000,00,2,2,01,B01
200900042344,0,07,000,00,2,1,15,A01
200900042345,0,38,000,00,1,2,02,A01
200900042346,0,33,000,00,2,1,17,A01
200900042346,0,07,000,00,2,3,01,B02
200900042347,0,07,000,06,0,1,14,A01
200900042348,0,07,000,00,2,1,01,A01
200900042348,0,02,000,00,2,8,15,B02
200900042349,0,07,000,00,2,1,01,A01
200900042349,0,07,000,00,2,3,01,B02
200900042350,0,07,000,00,2,3,01,B01
200900042350,0,02,000,00,2,1,00,A01
200900042351,0,07,000,00,2,8,15,B02
200900042351,0,33,000,00,2,1,17,A01
200900042352,0,07,000,00,2,6,02,C01
200900042352,0,07,000,00,2,1,02,A01
200900042352,0,07,000,00,2,4,02,B01
200900042353,0,07,000,00,2,8,15,B02
200900042353,0,33,000,00,2,1,17,A01
200900042354,0,07,000,00,2,5,13,B02
200900042354,0,07,000,00,2,3,01,A01
200900042354,0,07,000,00,2,1,21,C03
200900042355,0,07,000,13,0,8,01,A01
200900042356,0,38,000,01,2,1,01,C03
200900042356,0,17,000,00,0,0,23,A01
200900042356,0,07,000,00,0,4,02,E05
200900042356,0,14,000,00,2,1,02,F06
200900042357,0,07,000,00,2,3,01,A01
200900042357,0,14,000,00,2,3,01,B02
200900042358,0,07,000,00,0,3,13,A01
200900042358,0,07,000,00,0,3,01,B02
200900042359,0,33,000,12,0,1,15,A01
200900042360,0,33,000,00,0,0,17,A01
200900042361,0,07,000,00,2,1,01,A01
200900042361,0,07,000,00,2,4,01,B01
200900042362,0,07,000,00,2,3,15,B01
200900042362,0,33,000,00,2,1,17,A01
200900042363,0,07,000,00,2,1,15,A01
200900042363,0,07,000,00,2,3,01,B01
200900042364,0,07,000,00,2,1,05,A01
200900042364,0,07,000,00,0,8,01,B01
200900042364,0,07,000,00,0,5,01,C01
200900042365,0,10,000,00,0,0,01,C01
200900042365,0,07,000,00,2,1,02,B01
200900042365,0,07,000,06,0,4,02,A01
200900042366,0,07,000,13,0,0,14,A01
200900042367,0,07,000,00,2,4,01,B01
200900042367,0,07,000,00,2,1,01,A01
200900042368,0,07,000,00,2,1,01,A01
200900042368,0,07,000,00,2,8,10,B01
200900042369,0,30,000,00,2,1,01,A01
200900042369,0,07,000,00,2,2,16,B01
200900042370,0,33,000,09,0,1,01,A01
200900042371,0,07,000,00,2,1,01,A01
200900042371,0,07,000,00,2,4,01,B01
200900042372,0,02,000,00,2,8,01,B01
200900042372,0,07,000,00,2,5,19,A01
200900042373,0,07,000,00,2,1,01,B01
200900042373,0,07,000,00,2,2,15,A01
200900042374,0,33,000,00,1,1,01,A01
200900042375,0,07,000,00,2,3,13,A01
200900042375,0,07,000,00,2,1,01,B01
200900042376,0,07,000,06,0,3,13,A01
200900042377,0,07,000,00,2,2,01,A01
200900042377,0,30,000,00,2,7,01,B01
200900042378,0,07,000,00,2,4,01,B01
200900042378,0,07,000,00,2,1,01,A01
200900042379,0,07,000,00,2,2,01,B01
200900042379,0,07,000,00,2,1,01,A01
200900042380,0,37,001,00,2,4,23,C01
200900042380,0,07,000,00,2,9,23,B01
200900042380,0,07,000,00,2,1,02,A01
200900042381,0,07,000,00,2,3,15,A01
200900042381,0,33,000,00,2,1,01,B01
200900042382,1,07,000,00,1,1,01,A01
200900042383,1,07,000,00,1,1,01,A01
200900042384,0,07,000,00,9,1,01,A01
200900042385,0,07,000,00,2,1,01,A01
200900042385,0,07,000,00,2,2,01,B01
200900042386,0,07,000,00,2,1,01,B01
200900042386,0,07,000,00,2,1,01,A01
200900042387,0,07,000,13,0,5,01,A01
200900042388,0,07,000,13,0,1,01,A01
200900042389,0,07,000,03,0,9,14,A01
200900042390,0,07,000,00,2,1,15,B01
200900042390,0,33,000,00,2,2,01,A01
200900042391,0,07,000,00,2,5,23,B01
200900042391,1,07,000,00,2,1,01,A01
200900042392,0,30,000,00,2,1,17,A01
200900042392,0,07,000,00,2,3,15,B01
200900042393,0,07,000,00,2,5,01,B01
200900042393,0,07,000,00,2,1,09,A01
200900042394,0,07,000,00,2,1,02,A01
200900042394,0,07,000,00,2,4,23,B01
200900042395,0,07,000,00,2,1,01,A01
200900042395,0,07,000,00,2,8,19,B01
200900042396,0,07,000,06,0,1,14,A01
200900042397,0,30,000,00,2,1,01,A01
200900042397,0,07,000,00,2,1,23,B01
200900042398,0,07,000,00,2,3,10,A01
200900042398,0,33,000,00,2,7,01,B01
200900042399,0,07,000,00,2,4,02,B01
200900042399,0,07,000,00,2,3,01,A01
200900042400,0,07,000,00,9,1,02,A01
200900042401,0,07,000,00,0,0,15,B01
200900042401,0,33,000,00,0,7,17,A01
200900042402,0,01,000,00,0,0,00,A01
200900042403,0,07,000,15,0,8,17,A01
200900042404,0,20,000,00,0,6,01,A01
200900042404,0,33,000,00,2,0,01,B02
200900042405,0,01,000,00,2,1,01,B02
200900042405,0,07,000,00,2,3,00,A01
200900042406,0,07,000,00,2,3,01,B01
200900042406,0,07,000,00,2,3,13,A01
200900042407,0,30,000,00,2,1,02,A01
200900042407,0,07,000,00,2,4,02,B01
200900042408,0,07,000,13,0,8,01,A01
200900042409,0,07,000,00,1,3,15,A01
200900042410,0,02,000,00,0,7,15,A01
200900042411,0,33,000,00,2,1,01,B01
200900042411,0,10,000,00,2,7,09,A01
200900042412,0,07,000,00,1,1,01,A01
200900042413,0,01,000,00,2,2,19,B01
200900042413,0,07,000,00,2,2,16,A01
200900042414,0,07,000,00,2,1,01,B01
200900042414,0,01,000,00,2,8,01,A01
200900042415,0,10,000,00,1,2,01,A01
200900042416,1,30,000,00,1,1,01,A01
200900042417,0,07,000,00,1,2,01,A01
200900042418,1,07,000,00,9,3,15,A01
200900042418,0,32,000,00,2,1,01,B01
200900042419,0,33,000,00,0,1,01,A01
200900042420,0,02,000,00,2,7,17,A01
200900042420,0,07,000,00,2,8,19,B01
200900042421,0,07,000,00,2,5,15,A01
200900042421,0,07,000,00,2,2,01,B01
200900042422,0,02,000,00,0,0,00,B01
200900042422,0,07,000,00,2,0,00,A01
200900042423,0,07,000,00,2,1,00,A01
200900042423,0,07,000,00,2,3,01,B01
200900042424,0,07,000,01,5,3,21,A01
200900042425,0,07,000,00,1,7,01,A01
200900042426,0,07,000,00,0,3,09,A01
200900042426,0,33,000,00,2,2,02,B01
200900042427,0,07,000,00,0,8,01,A01
200900042427,0,30,000,00,0,7,17,B01
200900042428,0,07,000,00,2,3,01,B01
200900042428,0,02,000,00,2,7,01,A01
200900042429,0,07,000,00,1,1,01,A01
200900042430,0,07,000,00,2,3,15,A01
200900042430,0,31,000,00,2,2,01,B01
200900042431,0,01,000,00,2,1,01,A01
200900042431,0,10,000,00,2,1,09,B01
200900042432,0,07,000,00,1,1,15,A01
200900042433,0,07,000,00,2,3,04,A01
200900042433,1,30,000,00,2,4,16,B01
200900042434,0,07,000,00,2,2,13,A01
200900042434,0,32,000,00,2,2,01,B01
200900042435,0,07,000,00,1,2,01,A01
200900042436,0,07,000,00,0,4,02,B01
200900042436,0,32,000,00,2,1,02,A01
200900042437,0,07,000,00,2,2,16,A01
200900042437,0,30,000,00,2,8,18,B01
200900042438,0,07,000,00,2,6,13,A01
200900042438,0,01,000,00,2,1,01,B01
200900042439,0,02,000,04,0,1,01,A01
200900042440,0,07,000,00,0,2,02,A01
200900042440,0,07,000,00,0,6,02,B01
200900042441,0,07,000,00,2,3,01,B01
200900042441,0,07,000,00,2,1,01,A01
200900042442,0,01,000,14,0,0,01,A01
200900042443,0,31,000,01,0,1,14,A01
200900042444,0,30,000,00,2,4,04,A01
200900042444,1,07,000,00,2,1,01,B01
200900042445,0,07,000,00,1,3,01,A01
200900042446,0,07,000,00,2,1,01,A01
200900042446,0,07,000,00,2,3,01,U01
200900042447,0,13,000,00,2,3,09,A01
200900042447,0,33,000,00,2,7,01,B01
200900042448,0,01,000,00,2,1,01,A01
200900042448,0,07,000,00,2,3,21,B01
200900042449,2,07,000,00,2,3,12,B01
200900042449,0,10,000,00,2,5,01,A01
200900042450,0,07,000,00,1,2,17,A01
200900042451,0,07,000,00,1,2,15,A01
200900042452,0,02,000,00,0,0,01,A01
200900042453,0,07,000,00,2,2,01,A01
200900042453,0,10,000,09,2,3,01,B01
200900042454,0,10,000,00,0,6,19,A01
200900042454,0,34,000,00,2,1,17,B01
200900042455,0,07,000,00,0,4,15,B01
200900042455,1,07,000,00,2,1,01,A01
200900042456,0,07,000,01,0,1,16,A01
200900042457,1,10,000,00,2,2,01,A01
200900042457,0,07,000,01,0,4,20,B01
200900042458,0,07,000,00,2,7,10,A01
200900042458,0,34,000,00,2,1,01,B01
200900042459,0,07,000,00,2,4,02,B01
200900042459,0,15,000,00,2,1,02,A01
200900042460,0,33,000,00,2,1,03,A01
200900042460,0,07,000,00,2,4,01,B01
200900042461,0,30,000,00,2,1,15,A01
200900042461,0,07,000,00,2,6,15,B01
200900042462,1,30,000,00,1,0,01,Z01
200900042463,0,07,000,00,2,1,01,B01
200900042463,0,07,000,14,0,8,00,A01
200900042464,0,07,000,00,0,4,01,D01
200900042464,0,07,000,00,2,1,01,B01
200900042464,0,07,000,00,2,1,01,A01
200900042464,0,07,000,00,2,1,01,C01
200900042465,0,07,000,00,2,3,15,A01
200900042465,0,02,000,00,2,2,01,B01
200900042466,0,07,000,00,2,1,01,B01
200900042466,0,07,000,00,2,1,05,A01
200900042467,0,07,000,00,2,1,01,A01
200900042467,0,07,000,00,0,8,15,B01
200900042468,0,30,000,00,2,1,01,A01
200900042468,0,07,000,00,2,2,15,B01
200900042469,0,07,000,00,2,8,10,A01
200900042469,0,33,000,00,2,1,17,B01
200900042470,0,32,000,00,0,7,00,B01
200900042470,0,07,000,01,2,8,00,A01
200900042471,0,07,000,00,2,3,01,C01
200900042471,0,07,000,00,2,4,02,B01
200900042471,0,33,000,00,2,1,01,A01
200900042472,0,07,000,01,1,1,01,A01
200900042473,0,07,000,00,2,7,17,A01
200900042473,0,31,000,00,2,8,11,B01
200900042474,0,30,000,00,2,1,01,A01
200900042474,0,07,000,00,2,2,01,B01
200900042475,0,07,000,00,0,7,01,A01
200900042475,0,33,000,00,2,7,03,B01
200900042475,0,14,000,00,2,8,01,C01
200900042476,0,07,000,00,2,7,15,A01
200900042476,0,02,000,00,2,1,01,B01
200900042477,0,01,000,00,1,4,21,A01
200900042478,0,02,000,00,0,3,19,A01
200900042478,0,07,000,00,0,8,01,B01
200900042479,0,10,000,00,0,8,02,A01
200900042479,0,02,000,00,2,1,01,B01
200900042480,0,07,000,00,2,7,15,A01
200900042480,0,07,000,00,2,1,21,B01
200900042481,0,33,000,01,0,1,01,A01
200900042481,0,07,000,01,2,6,24,B01
200900042482,0,07,000,00,2,7,02,A01
200900042482,0,33,000,00,0,1,01,B01
200900042483,0,15,000,00,2,3,01,A01
200900042483,0,33,000,00,2,2,23,B01
200900042484,0,37,080,00,2,5,01,B01
200900042484,0,01,000,00,2,1,01,A01
200900042485,0,32,000,00,2,1,01,B01
200900042485,0,07,000,00,2,2,15,A01
200900042486,0,33,000,00,2,2,17,A01
200900042486,0,07,000,00,2,3,01,B01
200900042487,0,33,000,00,0,4,02,B01
200900042487,0,07,000,00,2,1,02,A01
200900042488,0,07,000,00,1,2,01,A01
200900042489,0,07,000,00,2,2,02,A01
200900042489,0,33,000,00,2,3,02,B01
200900042490,0,01,000,00,1,1,01,A01
200900042491,0,07,000,00,2,1,01,B01
200900042491,2,07,000,00,2,1,05,A01
200900042492,0,07,000,00,2,3,09,A01
200900042492,0,32,000,00,2,2,02,B01
200900042493,0,07,000,00,1,2,01,A01
200900042494,0,07,000,01,0,1,00,A01
200900042495,0,07,000,00,2,3,15,B01
200900042495,0,30,000,00,2,1,17,A01
200900042496,0,07,000,00,0,4,02,B01
200900042496,0,07,000,00,0,1,02,A01
200900042497,0,07,000,00,1,6,02,A01
200900042498,0,07,000,00,2,2,01,A01
200900042498,0,07,000,00,2,3,01,B01
200900042499,0,07,000,00,2,8,15,B01
200900042499,0,02,000,00,2,7,17,A01
200900042500,0,07,000,00,2,0,11,A01
200900042500,0,32,000,00,2,0,21,B01
200900042501,0,32,000,00,2,1,02,A01
200900042501,0,07,000,00,2,3,02,B01
200900042502,0,07,000,01,0,7,00,A01
200900042503,0,01,000,00,2,1,19,A01
200900042503,0,07,000,00,9,2,01,B01
200900042504,0,07,000,00,9,3,10,A01
200900042504,0,01,000,00,2,8,01,B01
200900042505,0,31,000,00,2,1,17,A01
200900042505,0,07,000,00,2,3,15,B01
200900042506,0,07,000,00,2,3,13,A01
200900042506,0,33,000,00,2,7,17,B01
200900042507,0,33,000,00,0,1,21,B01
200900042507,0,07,000,00,0,4,09,A01
200900042508,0,07,000,00,1,3,01,A01
200900042509,0,07,000,00,2,2,01,A01
200900042509,0,02,000,00,2,8,15,B01
200900042510,0,33,000,00,2,1,01,A01
200900042511,0,07,000,12,0,1,01,A01
200900042512,0,07,000,00,1,8,02,A01
200900042513,0,07,000,00,1,4,02,A01
200900042513,0,07,000,00,2,1,02,B01
200900042514,0,07,000,01,1,2,01,A01
200900042515,0,02,000,00,2,1,01,A01
200900042515,0,07,000,00,2,3,01,B01
200900042516,0,34,000,00,2,3,18,A01
200900042516,0,07,000,00,2,2,01,B01
200900042517,0,01,000,00,0,0,00,A01
200900042517,1,07,000,00,0,0,00,Z01
200900042518,0,07,000,00,2,4,02,B01
200900042518,0,07,000,00,2,1,02,A01
200900042519,0,30,000,00,1,1,01,A01
200900042520,0,37,001,00,2,2,15,A01
200900042520,0,01,000,00,2,1,01,B01
200900042521,0,07,000,00,2,8,09,A01
200900042521,0,01,000,00,2,2,01,B01
200900042522,0,07,000,00,1,4,04,A01
200900042523,0,07,000,00,2,1,01,A01
200900042523,0,07,000,00,2,4,23,B01
200900042524,0,02,000,00,2,3,05,A01
200900042524,0,07,000,00,2,7,01,B01
200900042525,0,07,000,00,2,3,10,A01
200900042525,0,02,000,00,2,1,01,B01
200900042526,0,07,000,12,0,1,00,A01
200900042527,0,30,000,00,1,8,01,A01
200900042528,0,31,000,00,2,1,02,A01
200900042528,0,07,000,00,2,4,23,B01
200900042529,0,02,000,00,0,7,21,A01
200900042530,0,07,000,00,2,1,01,A01
200900042530,0,07,000,00,0,4,02,B01
200900042531,0,07,000,00,2,3,01,B01
200900042531,0,01,000,00,2,2,01,A01
200900042532,0,33,000,00,2,3,02,A01
200900042532,0,07,000,00,2,6,15,B01
200900042533,0,07,000,00,2,1,15,A01
200900042533,0,34,000,00,2,1,01,B01
200900042534,0,07,000,00,1,3,01,A01
200900042535,0,33,000,00,0,1,01,A01
200900042535,0,07,000,00,0,5,12,B01
200900042536,0,33,000,00,2,1,00,A01
200900042536,0,07,000,00,2,3,00,B01
200900042537,0,07,000,01,0,2,01,A01
200900042538,0,07,000,00,2,4,02,B01
200900042538,0,07,000,00,2,1,02,A01
200900042539,0,07,000,00,2,1,02,A01
200900042539,0,07,000,00,0,4,01,B01
200900042540,0,33,000,00,2,1,01,A01
200900042540,0,07,000,00,2,6,15,B01
200900042541,0,07,000,01,1,3,01,A01
200900042542,0,07,000,00,2,4,23,B01
200900042542,0,07,000,14,0,1,02,A01
200900042543,0,07,000,00,2,3,01,B01
200900042543,0,07,000,00,2,2,01,A01
200900042544,0,07,000,00,1,1,01,A01
200900042545,0,07,000,00,2,3,01,B01
200900042545,0,30,000,00,2,2,17,A01
200900042546,0,07,000,00,1,7,01,B01
200900042547,0,30,000,00,0,7,01,B01
200900042547,0,10,000,00,2,8,09,A01
200900042548,0,31,000,00,2,1,01,A01
200900042548,0,07,000,00,2,3,15,B01
200900042549,0,07,000,00,2,1,15,C01
200900042549,0,07,000,15,2,1,02,A01
200900042549,0,07,000,00,2,3,15,B01
200900042550,0,14,000,00,2,3,01,B01
200900042550,0,33,000,00,2,7,17,A01
200900042551,0,33,000,00,0,7,01,A01
200900042552,0,07,000,00,2,8,01,A01
200900042552,0,07,000,00,2,1,01,B01
200900042553,0,07,000,00,2,1,01,A01
200900042553,0,07,000,00,2,4,11,B01
200900042554,0,07,000,00,1,1,01,A01
200900042555,0,33,000,00,2,1,02,A01
200900042555,0,07,000,00,2,8,19,B01
200900042556,0,07,000,00,1,8,01,A01
200900042557,0,07,000,00,2,2,01,A01
200900042557,0,07,000,00,2,8,01,B01
200900042558,0,07,000,00,2,7,01,A01
200900042558,0,30,000,00,2,1,01,B01
200900042559,2,07,000,00,2,1,00,A01
200900042559,0,07,000,00,2,3,15,B01
200900042560,0,07,000,00,2,3,01,B01
200900042560,0,07,000,00,2,3,16,A01
200900042561,0,07,000,00,2,8,10,A01
200900042561,0,33,000,00,2,2,21,B01
200900042562,0,07,000,00,2,1,23,C01
200900042562,0,07,000,00,0,1,09,A01
200900042562,0,07,000,00,2,3,01,B01
200900042563,0,37,001,00,1,2,02,A01
200900042564,0,14,000,00,2,4,02,A01
200900042564,0,01,000,00,9,1,02,B01
200900042565,0,01,000,00,2,4,01,B01
200900042565,0,07,000,00,9,1,01,A01
200900042566,0,07,000,00,1,2,01,A01
200900042567,0,07,000,00,0,4,02,C01
200900042567,0,07,000,00,2,4,02,B01
200900042567,0,07,000,00,2,1,02,A01
200900042568,0,07,000,00,2,1,01,B01
200900042568,0,07,000,00,0,4,01,C01
200900042568,0,07,000,00,2,1,02,A01
200900042569,0,07,000,00,2,2,12,A01
200900042569,0,32,000,00,2,3,03,B01
200900042569,0,07,000,00,0,6,01,C01
200900042570,0,33,000,00,0,1,02,B01
200900042570,0,07,000,00,0,6,11,A01
200900042571,0,07,000,00,0,1,02,B01
200900042571,0,31,000,00,0,4,23,A01
200900042572,0,07,000,00,2,2,14,B01
200900042572,0,07,000,00,0,6,01,A01
200900042573,0,07,000,00,0,4,01,A01
200900042573,0,10,000,00,2,1,02,B01
200900042574,0,07,000,04,0,3,01,A01
200900042575,0,07,000,00,0,4,00,A01
200900042575,0,07,000,00,2,1,01,B01
200900042576,0,33,000,00,0,4,02,A01
200900042576,0,31,000,14,0,1,02,B01
200900042577,0,32,000,00,0,0,01,A01
200900042578,0,07,000,04,0,2,01,A01
200900042579,0,07,000,00,2,4,02,B01
200900042579,0,10,000,00,2,1,02,A01
200900042580,0,07,000,00,0,6,12,A01
200900042580,0,33,000,00,0,1,03,B01
200900042581,0,07,000,00,2,8,13,A01
200900042581,0,15,000,00,2,2,01,B01
200900042582,0,07,000,00,2,2,12,A01
200900042582,0,33,000,00,2,1,02,B01
200900042583,0,34,000,00,2,1,12,B01
200900042583,0,07,000,00,0,4,01,A01
200900042584,0,33,000,00,0,0,00,A01
200900042585,0,07,000,00,0,1,01,A01
200900042586,0,07,000,04,0,1,01,A01
200900042587,0,07,000,00,0,7,01,B01
200900042587,0,15,000,00,0,3,09,A01
200900042588,0,33,000,00,0,8,03,B01
200900042588,0,07,000,00,0,2,12,A01
200900042589,0,07,000,00,2,5,12,A01
200900042589,0,33,000,00,2,3,01,B01
200900042590,0,07,000,00,0,7,01,A01
200900042591,0,07,000,00,2,1,02,C01
200900042591,0,07,000,00,0,4,02,A01
200900042591,0,07,000,00,2,4,02,B01
200900042592,0,07,000,14,0,1,01,A01
200900042593,0,01,000,00,2,1,01,B01
200900042593,0,07,000,00,2,2,01,A01
200900042594,0,07,000,00,2,7,16,B01
200900042594,0,02,000,00,2,1,01,A01
200900042595,0,07,000,08,2,3,06,A01
200900042595,0,07,000,00,0,8,01,B01
200900042596,0,07,000,00,0,7,00,B01
200900042596,0,33,000,00,2,8,03,A01
200900042597,0,30,000,00,2,1,02,A01
200900042597,0,07,000,00,2,3,15,B01
200900042598,0,07,000,00,0,4,23,B01
200900042598,0,07,000,00,2,1,02,A01
200900042599,0,07,000,00,2,3,20,B01
200900042599,0,02,000,00,2,1,17,A01
200900042600,0,02,000,01,0,1,12,A01
200900042601,0,07,000,00,9,3,01,A01
200900042601,0,01,000,00,2,2,15,B01
200900042602,0,07,000,00,0,4,02,C01
200900042602,0,07,000,00,0,2,02,B01
200900042602,0,07,000,00,0,1,02,A01
200900042603,0,07,000,00,1,3,01,A01
200900042604,0,33,000,00,2,1,01,B01
200900042604,0,07,000,00,2,5,19,A01
200900042605,0,07,000,00,0,6,15,B01
200900042605,0,33,000,00,2,1,17,A01
200900042606,0,07,000,11,0,0,01,A01
200900042607,0,07,000,00,2,2,01,A01
200900042607,0,07,000,00,2,7,01,B01
200900042608,0,10,000,00,2,1,02,C01
200900042608,0,07,000,00,2,1,02,B01
200900042608,0,07,000,00,0,4,23,A01
200900042609,0,33,000,00,2,1,02,C01
200900042609,0,16,000,00,2,2,12,A01
200900042609,0,07,000,03,2,6,01,B01
200900042610,0,07,000,00,1,8,01,A01
200900042611,0,07,000,00,2,3,03,A01
200900042611,0,07,000,00,2,8,02,B01
200900042611,0,07,000,00,0,2,02,C01
200900042612,0,33,000,00,2,2,17,A01
200900042612,1,07,000,00,2,8,13,Z01
200900042613,0,33,000,04,0,9,01,A01
200900042614,0,07,000,04,2,4,12,A01
200900042614,0,33,000,00,2,1,01,B01
200900042615,0,07,000,04,2,9,02,A01
200900042615,0,10,000,00,2,1,02,B01
200900042616,0,07,000,00,2,1,13,Z01
200900042616,0,07,000,00,2,8,01,C01
200900042616,0,07,000,00,2,8,01,B01
200900042617,0,02,000,00,2,8,02,A01
200900042617,0,07,000,00,2,1,09,B01
200900042618,0,30,000,00,2,7,17,A01
200900042618,0,07,000,00,2,3,15,B01
200900042619,0,33,000,00,2,3,01,A01
200900042619,0,13,000,00,0,4,01,B01
200900042620,0,07,000,00,1,1,01,A01
200900042621,0,33,000,00,2,7,12,A01
200900042621,0,10,000,00,2,3,01,B01
200900042622,0,07,000,00,2,3,17,A01
200900042622,0,01,000,00,2,4,13,B01
200900042623,0,07,000,00,0,9,12,A01
200900042624,0,07,000,00,2,8,03,A01
200900042624,0,31,000,00,2,1,03,B01
200900042625,0,07,000,00,0,4,23,B01
200900042625,0,07,000,00,0,1,02,A01
200900042626,0,07,000,00,2,5,15,A01
200900042626,0,33,000,00,2,1,01,B01
200900042627,0,07,000,00,9,6,01,A01
200900042627,0,01,000,00,2,7,19,B01
200900042628,0,30,000,00,2,2,21,A01
200900042628,0,37,001,00,2,6,24,B01
200900042629,0,07,000,00,2,3,11,B01
200900042629,0,15,000,00,2,2,01,A01
200900042630,0,07,000,00,0,1,00,A01
200900042631,0,10,000,00,2,8,01,A01
200900042631,0,07,000,00,2,1,01,B01
200900042632,0,02,000,00,0,3,21,B01
200900042632,0,07,000,00,0,5,01,A01
200900042633,0,02,000,00,0,1,00,B01
200900042633,0,31,000,00,0,7,15,A01
200900042634,0,07,000,00,0,1,00,B01
200900042634,2,07,000,00,0,1,15,A01
200900042635,0,07,000,00,1,2,01,A01
200900042636,0,07,000,00,1,3,01,A01
200900042637,0,07,000,14,9,1,00,A01
200900042638,0,07,000,00,2,3,09,B01
200900042638,0,33,000,01,2,7,03,A01
200900042639,0,31,000,00,0,9,13,B01
200900042639,0,13,000,00,0,2,19,A01
200900042640,0,07,000,00,1,1,01,A01