Num_Acc,senc,catv,occutc,obs,obsm,choc,manv,num_veh
200900042641,0,33,000,00,2,1,01,B01
200900042641,0,07,000,00,9,2,15,A01
200900042642,0,07,000,00,2,4,02,B01
200900042642,0,07,000,00,2,1,02,A01
200900042643,0,10,000,14,0,4,04,A01
200900042643,0,30,000,00,2,1,23,B01
200900042644,0,07,000,00,2,3,02,B01
200900042644,0,07,000,00,2,1,14,A01
200900042645,0,07,000,06,0,3,01,A01
200900042646,0,07,000,00,2,1,01,B01
200900042646,0,07,000,09,2,7,09,A01
200900042647,0,32,000,00,2,1,01,B01
200900042647,1,07,000,00,2,3,00,A01
200900042648,0,31,000,00,2,2,17,B01
200900042648,0,07,000,00,2,3,17,A01
200900042649,0,07,000,00,9,3,01,B01
200900042649,0,10,000,00,2,2,15,A01
200900042650,0,07,000,00,2,3,15,A01
200900042650,0,33,000,00,2,1,01,B01
200900042651,1,07,000,00,1,1,01,Z01
200900042652,0,30,000,00,2,4,20,B01
200900042652,0,07,000,00,2,1,02,A01
200900042653,0,07,000,09,0,1,02,A01
200900042654,0,07,000,00,0,4,01,B01
200900042654,0,32,000,00,2,7,02,A01
200900042655,0,07,000,00,2,7,01,B01
200900042655,0,33,000,00,2,7,03,A01
200900042656,0,07,000,03,0,2,00,A01
200900042657,0,33,000,00,2,7,15,B01
200900042657,0,33,000,00,2,7,01,A01
200900042658,0,07,000,00,2,3,01,B01
200900042658,0,07,000,00,2,2,15,A01
200900042659,0,03,000,15,0,3,01,A01
200900042660,0,07,000,00,2,3,00,B01
200900042660,0,07,000,00,2,3,13,A01
200900042661,0,30,000,00,2,1,13,A01
200900042661,0,07,000,00,2,2,00,B01
200900042662,0,01,000,00,2,0,00,A01
200900042662,0,07,000,00,2,8,01,B01
200900042663,0,07,000,00,2,7,00,A01
200900042663,0,01,000,00,2,1,01,B01
200900042664,0,07,000,00,1,2,01,A01
200900042665,0,03,000,06,0,1,13,A01
200900042666,0,07,000,00,2,1,01,B01
200900042666,0,07,000,00,2,8,16,A01
200900042667,0,07,000,00,1,1,17,A01
200900042668,0,07,000,00,1,7,01,A01
200900042669,0,33,000,07,0,1,00,A01
200900042670,0,14,000,00,2,3,13,A01
200900042670,0,07,000,00,2,3,00,B01
200900042671,0,07,000,00,0,5,23,B01
200900042671,0,07,000,00,2,3,02,A01
200900042672,0,07,000,00,1,2,16,A01
200900042673,0,10,000,00,2,7,12,A01
200900042673,0,32,000,00,0,3,01,B01
200900042674,0,07,000,00,2,7,12,A01
200900042674,0,15,000,00,2,3,02,B01
200900042675,0,07,000,04,0,2,01,A01
200900042676,0,07,000,04,0,1,15,A01
200900042677,0,07,000,00,0,4,02,B01
200900042677,0,07,000,00,2,1,02,A01
200900042678,0,33,000,07,0,7,01,A01
200900042679,0,33,000,03,0,7,00,A01
200900042680,0,07,000,04,2,2,17,A01
200900042681,0,07,000,02,0,1,00,A01
200900042682,0,07,000,02,0,2,14,A01
200900042683,0,07,000,00,2,3,01,B02
200900042683,0,07,000,00,2,3,17,A01
200900042684,0,07,000,10,0,1,01,A01
200900042685,0,10,000,00,2,3,09,A01
200900042685,0,01,000,00,2,1,15,B02
200900042686,0,01,000,00,2,8,01,A01
200900042686,0,07,000,00,2,7,17,B02
200900042687,0,07,000,16,0,2,01,A01
200900042688,0,07,000,02,0,3,14,A01
200900042689,0,10,000,00,0,2,01,B02
200900042689,0,07,000,00,0,3,09,A01
200900042690,0,33,000,00,6,1,01,A01
200900042691,0,33,000,00,0,7,01,A01
200900042692,0,07,000,00,2,1,13,A01
200900042692,0,07,000,00,2,1,01,B02
200900042693,0,33,000,00,2,0,01,B02
200900042693,0,10,000,00,0,2,15,A01
200900042694,0,07,000,00,2,1,01,B02
200900042694,0,07,000,00,2,1,13,A01
200900042695,0,07,000,00,2,4,16,A01
200900042695,0,07,000,00,2,2,01,B01
200900042696,0,07,000,00,1,1,01,A01
200900042697,0,33,000,00,2,1,01,A01
200900042697,0,07,000,00,2,3,01,B01
200900042698,0,07,000,00,2,8,15,A01
200900042698,0,02,000,00,2,1,17,B01
200900042699,0,07,000,00,2,6,15,A01
200900042699,0,33,000,00,2,1,17,B01
200900042700,0,07,000,00,2,3,09,A01
200900042700,0,07,000,00,2,2,01,B01
200900042701,0,32,000,11,0,7,17,A01
200900042702,0,99,000,03,0,1,01,A01
200900042703,0,07,000,00,2,4,02,C01
200900042703,0,07,000,00,2,4,02,B01
200900042703,0,07,000,00,2,1,02,A01
200900042704,0,07,000,04,0,9,00,A01
200900042705,0,07,000,03,0,3,01,A01
200900042706,0,33,000,13,0,1,01,A01
200900042707,0,07,000,00,1,0,01,C03
200900042707,0,14,000,00,1,1,01,D04
200900042707,0,07,000,00,2,2,17,A01
200900042707,0,14,000,00,2,6,01,B02
200900042708,0,07,000,13,0,1,14,A01
200900042709,0,07,000,02,0,1,00,A01
200900042710,0,37,001,00,1,7,00,A01
200900042711,0,30,000,12,0,0,00,A01
200900042712,0,07,000,00,1,1,01,A01
200900042713,0,33,000,00,2,1,01,A01
200900042713,0,07,000,00,2,7,01,B02
200900042714,0,33,000,16,0,1,01,A01
200900042715,0,07,000,00,0,3,01,A01
200900042716,0,30,000,06,0,1,01,A01
200900042717,0,33,000,06,0,1,01,A01
200900042718,0,02,000,00,0,0,00,A01
200900042719,1,07,000,00,2,3,15,A01
200900042719,0,30,000,00,2,3,15,B01
200900042720,0,07,000,15,0,2,16,A01
200900042721,0,30,000,00,2,1,01,A01
200900042721,0,07,000,00,2,4,01,B01
200900042722,0,07,000,00,2,2,15,A01
200900042722,0,34,000,00,2,1,01,B01
200900042723,0,33,000,00,2,1,01,B01
200900042723,0,07,000,00,2,2,09,A01
200900042724,0,01,000,01,0,1,01,A01
200900042725,0,07,000,00,2,7,01,A01
200900042725,0,07,000,00,2,8,01,B01
200900042726,0,10,000,11,0,0,16,A01
200900042727,0,07,000,07,0,0,01,A01
200900042728,0,31,000,00,2,1,01,B01
200900042728,0,07,000,00,2,2,09,A01
200900042729,0,30,000,00,0,0,00,B01
200900042729,0,07,000,00,0,0,00,A01
200900042730,0,01,000,00,0,3,01,B01
200900042730,0,03,000,00,2,1,15,A01
200900042731,0,07,000,00,0,4,00,B01
200900042731,0,30,000,00,2,4,00,A01
200900042732,0,07,000,00,2,4,04,A01
200900042733,0,07,000,00,2,7,16,A01
200900042733,0,02,000,00,2,1,01,B01
200900042734,0,07,000,00,2,1,01,A01
200900042734,0,30,000,00,2,4,23,B01
200900042735,0,07,000,00,2,3,01,B01
200900042735,0,07,000,00,2,7,01,A01
200900042736,0,07,000,04,0,1,01,A01
200900042737,0,07,000,00,2,8,23,C01
200900042737,0,02,000,00,2,1,01,A01
200900042737,0,30,000,00,2,1,01,B01
200900042738,0,07,000,00,2,2,01,A01
200900042738,0,07,000,00,2,1,01,B01
200900042739,0,07,000,01,2,3,05,A01
200900042740,0,02,000,00,2,1,16,A01
200900042740,0,07,000,00,2,8,23,B01
200900042741,0,30,000,00,2,3,18,A01
200900042741,0,07,000,00,2,2,01,B01
200900042742,0,07,000,00,2,2,13,A01
200900042742,0,33,000,00,2,1,01,B01
200900042743,0,07,000,00,0,0,01,A01
200900042744,0,07,000,00,2,4,01,C01
200900042744,0,07,000,00,2,1,01,A01
200900042744,0,07,000,00,2,4,01,B01
200900042745,0,33,000,00,2,7,01,B01
200900042745,0,07,000,00,2,3,09,A01
200900042746,0,31,000,12,0,8,00,A01
200900042747,0,07,000,15,0,0,00,A01
200900042748,0,07,000,00,2,1,24,B01
200900042748,0,01,000,01,0,1,17,A01
200900042749,0,02,000,00,0,0,00,A01
200900042750,0,07,000,00,2,3,15,A01
200900042750,0,33,000,00,2,9,01,B01
200900042751,0,07,000,00,2,6,01,B01
200900042751,0,33,000,00,2,1,02,A01
200900042752,0,30,000,00,0,0,00,A01
200900042753,0,07,000,00,0,3,02,B01
200900042753,0,07,000,00,0,1,02,A01
200900042754,0,07,000,00,0,0,00,A01
200900042754,0,02,000,00,0,0,00,B01
200900042755,0,07,000,00,2,5,01,A01
200900042755,0,30,000,00,2,1,01,B01
200900042756,0,01,000,00,2,0,01,B01
200900042756,0,07,000,00,2,3,14,A01
200900042757,0,07,000,06,0,2,13,A01
200900042758,0,30,000,00,0,0,00,A01
200900042759,0,30,000,00,0,0,01,A01
200900042760,0,03,000,00,2,1,02,A01
200900042760,0,99,000,00,2,4,02,B01
200900042761,0,07,000,00,2,1,01,A01
200900042761,0,37,040,00,2,2,01,B01
200900042762,0,07,000,06,0,1,01,A01
200900042763,0,07,000,00,2,3,01,B01
200900042763,0,30,000,00,2,1,01,A01
200900042764,0,07,000,00,2,3,00,A01
200900042764,0,02,000,00,2,0,00,B01
200900042765,0,01,000,00,0,0,01,A01
200900042766,0,07,000,00,2,4,02,C01
200900042766,0,07,000,00,2,1,02,A01
200900042766,0,33,000,00,2,4,02,B01
200900042767,0,30,000,01,0,1,01,A01
200900042767,0,07,000,00,2,4,24,B01
200900042768,0,31,000,00,0,0,00,A01
200900042769,0,30,000,00,2,1,00,A01
200900042769,0,10,000,00,2,1,01,B01
200900042770,0,99,000,00,2,2,15,A01
200900042770,0,02,000,00,2,1,00,B01
200900042771,0,07,000,08,0,1,01,A01
200900042772,0,07,000,00,2,1,02,A01
200900042772,0,07,000,00,0,4,02,B01
200900042773,0,07,000,00,2,3,15,B01
200900042773,0,31,000,00,2,7,17,A01
200900042774,0,07,000,00,1,0,00,A01
200900042775,0,30,000,00,0,0,02,A01
200900042776,0,07,000,00,2,0,00,A01
200900042776,0,01,000,00,0,0,00,B01
200900042777,0,32,000,00,2,4,01,B01
200900042777,0,02,000,00,2,1,01,A01
200900042778,0,01,000,00,0,2,01,A01
200900042779,0,07,000,00,2,1,02,A01
200900042779,0,07,000,00,2,4,02,B01
200900042780,0,07,000,00,2,3,09,A01
200900042780,0,30,000,00,2,1,01,B01
200900042781,0,01,000,12,0,1,15,A01
200900042782,0,07,000,00,1,1,01,A01
200900042783,0,33,000,00,0,1,01,A01
200900042784,0,07,000,00,2,3,13,B02
200900042784,0,07,000,00,2,3,01,A01
200900042785,0,07,000,00,2,1,01,A01
200900042785,0,02,000,08,2,8,01,B02
200900042786,0,07,000,00,2,3,13,A01
200900042786,0,07,000,00,2,3,21,B02
200900042787,0,02,000,00,2,1,01,B02
200900042787,0,07,000,00,2,7,19,A01
200900042788,0,02,000,00,0,7,01,A01
200900042789,0,33,000,00,6,1,01,A01
200900042790,0,33,000,00,2,1,01,A01
200900042790,0,07,000,00,2,3,15,B02
200900042791,0,07,000,13,0,1,01,A01
200900042792,0,07,000,00,2,2,01,A01
200900042792,0,07,000,00,2,8,15,B02
200900042793,0,07,000,00,2,7,01,A01
200900042793,0,02,000,00,2,1,19,B02
200900042794,0,01,000,00,2,3,15,B02
200900042794,0,07,000,00,2,7,17,A01
200900042795,0,07,000,00,1,2,09,A01
200900042796,0,07,000,01,2,1,01,A01
200900042796,0,07,000,00,2,8,01,B01
200900042797,0,10,000,00,1,4,04,A01
200900042798,1,07,000,00,2,4,01,A01
200900042798,0,07,000,00,2,0,23,B01
200900042799,0,07,000,00,1,1,01,A01
200900042800,0,07,000,00,2,4,01,B01
200900042800,0,10,000,00,2,1,01,A01
200900042801,0,07,000,00,1,2,17,A01
200900042802,0,02,000,01,0,1,14,A01
200900042803,0,07,000,13,0,1,01,A01
200900042804,0,33,000,00,2,1,01,B01
200900042804,0,07,000,00,2,3,15,A01
200900042805,0,07,000,00,1,1,01,A01
200900042806,1,99,000,01,0,7,15,A01
200900042807,0,07,000,00,1,5,04,A01
200900042808,0,07,000,00,2,4,01,B01
200900042808,0,07,000,00,2,1,02,A01
200900042809,0,07,000,00,1,5,04,A01
200900042810,0,07,000,00,2,1,02,A01
200900042810,0,07,000,00,2,4,02,B01
200900042811,0,33,000,12,0,1,01,A01
200900042812,0,33,000,00,2,1,01,B01
200900042812,0,07,000,00,2,6,23,C01
200900042812,0,07,000,00,2,1,15,A01
200900042813,0,07,000,00,1,7,01,A01
200900042814,0,07,000,00,1,3,01,A01
200900042815,0,07,000,00,2,1,02,A01
200900042815,0,07,000,00,2,4,02,B01
200900042816,0,07,000,00,2,7,15,A01
200900042816,0,33,000,00,2,1,01,B01
200900042817,0,33,000,00,1,0,00,A01
200900042818,0,07,000,00,2,1,05,A01
200900042818,0,07,000,00,2,1,01,B01
200900042819,0,07,000,00,2,1,15,A01
200900042819,0,07,000,00,2,8,02,B01
200900042820,0,07,000,13,0,0,01,A01
200900042821,0,01,000,00,2,1,01,A01
200900042821,0,10,000,00,0,4,01,B01
200900042822,0,07,000,00,2,7,01,A01
200900042822,0,38,025,00,2,1,01,B01
200900042823,0,02,000,01,0,1,01,A01
200900042824,0,07,000,00,2,8,10,A01
200900042824,0,30,000,00,2,1,01,B01
200900042825,0,33,000,00,2,1,01,B01
200900042825,0,07,000,00,2,5,15,A01
200900042826,0,34,000,00,2,1,01,B01
200900042826,0,07,000,00,2,1,15,A01
200900042827,0,07,000,00,2,4,23,B01
200900042827,0,07,000,00,2,1,15,A01
200900042828,0,07,000,00,2,4,01,B01
200900042828,0,07,000,00,2,1,01,A01
200900042829,0,07,000,00,1,6,04,A01
200900042830,0,37,046,00,1,5,01,A01
200900042831,0,07,000,00,2,3,05,A01
200900042831,0,38,001,00,2,3,01,B01
200900042832,0,10,000,00,1,0,01,A01
200900042833,0,07,000,00,2,1,02,A01
200900042833,0,07,000,00,2,4,23,B01
200900042834,0,07,000,00,1,1,01,A01
200900042835,0,07,000,00,2,1,21,B01
200900042835,0,07,000,00,2,6,01,C01
200900042835,0,07,000,00,2,1,01,D01
200900042835,0,07,000,00,0,0,17,A01
200900042836,0,10,000,00,2,1,01,B01
200900042836,0,07,000,00,2,7,01,A01
200900042837,0,33,000,00,2,1,01,A01
200900042837,0,07,000,00,2,4,23,B01
200900042838,0,07,000,00,2,2,15,A01
200900042838,0,01,000,00,2,1,01,B01
200900042839,0,07,000,00,0,0,00,A01
200900042839,0,07,000,00,2,1,01,B01
200900042840,0,07,000,00,1,2,01,A01
200900042841,0,07,000,00,2,2,15,A01
200900042841,0,30,000,00,2,1,01,B01
200900042842,0,33,000,03,0,3,01,A01
200900042843,0,02,000,00,2,8,03,A01
200900042843,0,07,000,00,2,2,17,B01
200900042844,0,07,000,00,1,2,01,A01
200900042845,1,07,000,00,1,5,01,A01
200900042846,0,07,000,00,0,7,01,B01
200900042846,0,33,000,00,2,1,01,A01
200900042847,1,31,000,00,1,1,00,A01
200900042848,0,07,000,14,0,9,13,A01
200900042849,0,33,000,00,2,1,01,A01
200900042849,0,07,000,00,2,3,15,B01
200900042850,0,07,000,00,2,4,23,B01
200900042850,0,10,000,00,2,1,01,A01
200900042851,0,07,000,00,2,0,01,C01
200900042851,0,07,000,00,2,0,15,A01
200900042851,0,10,000,00,2,1,01,B01
200900042851,0,07,000,00,2,8,01,D01
200900042852,0,10,000,00,2,3,15,B01
200900042852,0,10,000,00,2,2,01,A01
200900042853,0,07,000,00,2,8,09,A01
200900042853,0,07,000,00,2,7,17,C01
200900042853,0,17,000,00,2,0,21,D01
200900042853,0,15,000,00,0,0,01,B01
200900042854,0,31,000,00,2,3,03,A01
200900042854,0,07,000,00,2,2,12,B01
200900042855,0,10,000,00,2,4,01,B01
200900042855,0,32,000,00,2,1,02,A01
200900042856,0,07,000,03,0,3,17,A01
200900042857,0,34,000,00,2,1,03,A01
200900042857,0,07,000,00,2,3,12,B01
200900042858,0,07,000,04,0,1,01,A01
200900042859,0,07,000,04,0,3,01,A01
200900042860,0,07,000,13,0,9,21,A01
200900042861,0,15,000,00,2,8,17,B01
200900042861,0,07,000,00,2,1,21,A01
200900042862,0,07,000,13,0,2,00,A01
200900042863,0,07,000,00,2,7,01,D01
200900042863,0,07,000,04,2,8,18,A01
200900042863,0,07,000,00,2,3,01,C01
200900042863,0,10,000,00,2,8,01,B01
200900042864,0,07,000,13,0,1,14,A01
200900042865,0,33,000,00,2,1,01,A01
200900042865,0,07,000,00,2,4,01,B01
200900042866,0,07,000,04,2,3,19,A01
200900042866,0,07,000,00,2,1,21,B01
200900042867,0,07,000,04,0,2,01,A01
200900042868,0,07,000,00,6,9,02,A01
200900042869,0,07,000,04,0,3,12,A01
200900042870,0,07,000,04,0,1,01,A01
200900042871,0,07,000,04,0,3,01,A01
200900042872,0,07,000,03,2,0,00,A01
200900042872,0,07,000,00,2,2,01,B01
200900042873,0,31,000,14,0,3,01,A01
200900042874,0,07,000,00,2,4,12,B01
200900042874,0,33,000,00,2,1,01,A01
200900042875,0,33,000,03,0,3,01,A01
200900042876,0,14,000,00,2,4,01,B01
200900042876,0,07,000,00,2,1,14,A01
200900042877,0,07,000,13,0,0,21,C03
200900042877,0,14,000,00,2,1,01,B02
200900042877,0,07,000,00,2,3,19,A01
200900042878,0,07,000,00,2,3,01,A01
200900042878,0,07,000,00,2,2,01,B02
200900042879,0,33,000,00,2,1,01,A01
200900042879,0,07,000,00,2,3,01,B01
200900042880,0,33,000,00,0,1,01,A01
200900042880,0,07,000,00,0,1,01,B02
200900042881,0,33,000,04,0,7,01,A01
200900042882,0,07,000,00,1,1,01,A01
200900042883,0,07,000,02,0,3,21,A01
200900042884,0,07,000,00,2,2,01,A01
200900042884,0,07,000,00,2,3,23,B02
200900042885,0,07,000,00,2,1,01,A01
200900042885,0,07,000,00,2,8,15,B02
200900042886,0,07,000,00,2,3,01,B02
200900042886,0,10,000,00,2,3,17,A01
200900042887,0,33,000,00,2,7,01,A01
200900042887,0,33,000,00,2,8,01,B02
200900042888,0,07,000,00,2,3,02,C03
200900042888,0,07,000,00,2,3,01,B02
200900042888,0,14,000,00,2,3,13,A01
200900042889,0,07,000,00,2,1,01,B01
200900042889,0,10,000,00,0,4,01,A01
200900042890,0,07,000,00,2,7,01,A01
200900042890,1,07,000,00,2,0,15,B01
200900042891,0,10,000,00,1,1,01,A01
200900042892,0,34,000,00,2,1,13,B01
200900042892,0,07,000,00,2,3,13,A01
200900042893,2,07,000,00,2,2,17,A01
200900042893,0,07,000,00,2,8,15,B01
200900042894,0,07,000,00,2,2,15,A01
200900042894,0,07,000,14,2,3,01,B01
200900042895,0,07,000,00,2,9,02,B01
200900042895,0,07,000,00,2,4,02,D01
200900042895,0,07,000,00,2,9,02,C01
200900042895,0,07,000,00,2,1,01,A01
200900042896,0,15,000,00,2,1,01,A01
200900042896,0,14,000,00,2,4,21,B01
200900042897,0,01,000,08,0,1,21,A01
200900042898,0,30,000,04,0,3,16,A01
200900042899,0,31,000,00,0,0,20,A01
200900042900,1,07,000,00,2,3,13,A01
200900042900,0,31,000,00,2,8,15,B01
200900042901,0,31,000,06,0,1,01,A01
200900042902,0,07,000,00,2,3,01,B01
200900042902,0,07,000,00,2,2,01,A01
200900042903,0,33,000,01,2,1,14,A01
200900042903,0,07,000,00,2,3,12,B01
200900042904,0,31,000,00,2,2,01,A01
200900042904,0,07,000,00,0,6,15,B01
200900042905,0,07,000,00,0,2,12,A01
200900042906,0,07,000,00,2,2,17,A01
200900042906,0,07,000,00,0,6,02,B02
200900042907,0,07,000,00,2,1,01,A01
200900042907,0,07,000,00,2,1,01,B02
200900042908,0,07,000,00,1,2,01,A01
200900042909,0,32,000,12,0,8,01,B01
200900042909,0,10,000,00,2,1,19,A01
200900042910,0,07,000,15,0,1,14,A01
200900042911,0,07,000,00,1,1,01,A01
200900042912,0,07,000,00,2,1,01,C03
200900042912,0,07,000,00,2,3,13,A01
200900042912,0,21,000,00,2,8,01,B02
200900042913,0,33,000,02,0,7,01,A01
200900042914,0,07,000,00,2,1,19,A01
200900042914,0,07,000,00,2,7,01,B02
200900042915,0,07,000,00,2,4,02,B01
200900042915,0,07,000,00,2,4,02,D01
200900042915,0,07,000,00,2,4,02,C01
200900042915,0,07,000,00,2,1,02,A01
200900042916,0,37,001,00,1,1,01,A01
200900042917,0,07,000,15,0,1,01,A01
200900042918,0,07,000,00,2,1,01,B01
200900042918,0,07,000,00,2,4,04,A01
200900042919,0,07,000,00,1,2,16,A01
200900042920,0,33,000,00,0,1,01,A01
200900042921,0,34,000,00,2,1,00,A01
200900042921,0,07,000,00,2,4,00,B01
200900042922,0,07,000,00,2,2,15,A01
200900042922,0,33,000,00,2,1,01,B01
200900042923,0,30,000,00,2,1,02,B01
200900042923,0,07,000,00,2,3,15,A01
200900042924,0,10,000,00,2,5,02,B01
200900042924,0,33,000,00,2,1,01,A01
200900042925,0,07,000,00,1,1,15,A01
200900042926,0,33,000,00,0,1,02,B01
200900042926,0,10,000,00,2,5,12,A01
200900042927,0,07,000,00,1,1,01,A01
200900042928,0,07,000,00,1,1,01,A01
200900042929,0,34,000,14,0,7,21,A01
200900042930,0,07,000,05,0,7,14,A01
200900042931,0,33,000,00,2,1,00,A01
200900042931,0,02,000,00,2,1,01,B01
200900042932,0,07,000,00,2,1,02,A01
200900042932,0,07,000,00,2,4,23,B01
200900042933,0,01,000,16,0,1,00,A01
200900042934,0,07,000,00,2,4,01,B01
200900042934,0,07,000,00,2,1,02,A01
200900042935,0,07,000,00,2,1,00,A01
200900042935,0,07,000,00,2,4,00,B01
200900042936,0,30,000,01,2,1,01,B01
200900042936,0,07,000,00,2,8,22,A01
200900042937,0,07,000,00,2,1,01,A01
200900042937,0,01,000,00,2,8,15,B01
200900042938,0,07,000,00,1,1,01,A01
200900042939,0,02,000,00,2,1,01,A01
200900042939,0,07,000,00,2,3,15,B01
200900042940,0,07,000,00,2,4,23,C01
200900042940,0,07,000,00,2,1,02,A01
200900042940,0,07,000,00,2,1,23,B01
200900042941,0,07,000,00,1,1,01,A01
200900042942,0,34,000,01,2,1,03,A01
200900042942,0,07,000,00,2,7,01,B01
200900042943,1,07,000,00,1,0,00,Z01
200900042944,0,32,000,00,0,8,01,B01
200900042944,0,07,000,00,0,7,03,A01
200900042945,0,07,000,00,2,1,01,A01
200900042945,0,07,000,00,2,4,01,B01
200900042946,0,07,000,00,1,2,01,A01
200900042946,0,07,000,00,2,7,01,B01
200900042947,0,07,000,00,1,1,01,A01
200900042948,0,31,000,01,0,1,00,A01
200900042949,0,07,000,00,0,1,01,A01
200900042949,0,07,000,00,0,2,15,B01
200900042950,0,07,000,00,2,2,01,A01
200900042950,0,07,000,00,2,3,01,B01
200900042951,0,33,000,00,0,1,00,A01
200900042952,0,02,000,00,2,2,17,A01
200900042952,0,07,000,00,2,8,15,B01
200900042953,0,13,000,00,2,3,01,A01
200900042953,0,02,000,00,2,1,02,B01
200900042954,0,32,000,00,2,1,01,B01
200900042954,0,07,000,00,0,8,20,A01
200900042955,0,07,000,00,0,1,00,A01
200900042955,0,07,000,00,0,4,23,B01
200900042956,0,33,000,15,2,1,12,A01
200900042956,0,10,000,00,0,5,00,B01
200900042957,0,07,000,00,2,7,01,A01
200900042957,0,07,000,00,2,1,01,B01
200900042958,0,07,000,00,1,1,01,A01
200900042959,0,07,000,00,1,3,15,A01
200900042960,0,07,000,00,1,2,01,A01
200900042961,0,07,000,00,1,2,01,A01
200900042962,0,33,000,00,1,1,01,A01
200900042963,0,02,000,00,2,1,01,A01
200900042963,0,07,000,00,2,4,01,B01
200900042964,0,07,000,00,2,1,01,B01
200900042964,0,07,000,00,2,2,15,A01
200900042965,0,07,000,00,2,4,01,C01
200900042965,0,07,000,00,2,1,01,A01
200900042965,0,10,000,00,2,4,01,B01
200900042966,0,10,000,00,2,1,02,A01
200900042966,0,07,000,00,2,4,02,B01
200900042967,0,07,000,01,2,5,19,A01
200900042967,0,33,000,00,2,1,01,B01
200900042968,0,30,000,00,2,1,01,A01
200900042968,0,07,000,00,2,1,01,B01
200900042969,0,02,000,00,2,1,05,A01
200900042969,0,07,000,00,2,2,02,B01
200900042970,0,07,000,00,1,1,09,A01
200900042971,0,07,000,00,0,4,01,B01
200900042971,0,30,000,00,2,1,02,A01
200900042972,0,01,000,00,1,1,02,A01
200900042973,0,07,000,00,2,4,02,B01
200900042973,0,07,000,00,0,1,00,A01
200900042974,0,07,000,03,0,1,02,A01
200900042975,0,33,000,00,2,1,17,A01
200900042975,0,07,000,00,2,3,15,B01
200900042976,0,07,000,12,2,1,05,A01
200900042976,0,10,000,00,2,1,01,B01
200900042977,0,34,000,00,2,1,03,A01
200900042977,0,07,000,00,2,3,00,B01
200900042977,0,07,000,00,2,1,01,C01
200900042978,0,07,000,00,1,1,00,A01
200900042979,0,07,000,00,2,4,04,A01
200900042979,0,33,000,00,2,1,01,B01
200900042980,0,33,000,00,2,1,01,B01
200900042980,0,07,000,00,2,7,15,A01
200900042981,0,07,000,00,0,1,02,A01
200900042981,0,02,000,00,0,4,23,B01
200900042982,0,07,000,00,2,2,23,A01
200900042982,0,33,000,00,2,8,09,B01
200900042983,0,07,000,00,2,2,15,A01
200900042983,0,34,000,00,2,1,01,B01
200900042984,0,07,000,00,1,2,01,A01
200900042985,0,07,000,00,0,2,01,B01
200900042985,0,33,000,00,2,2,01,A01
200900042986,0,07,000,00,2,1,01,A01
200900042986,0,07,000,00,2,4,01,B01
200900042986,0,07,000,00,2,4,01,C01
200900042987,2,07,000,00,2,2,10,A01
200900042987,0,07,000,00,0,3,01,B01
200900042988,0,07,000,00,1,1,01,A01
200900042989,0,07,000,00,0,6,02,B01
200900042989,0,02,000,00,0,1,02,A01
200900042990,0,07,000,00,2,2,01,A01
200900042990,0,07,000,00,2,1,01,B01
200900042991,0,07,000,00,2,7,01,A01
200900042991,0,34,000,00,2,1,01,B01
200900042992,0,01,000,00,2,7,19,A01
200900042992,0,07,000,00,2,1,01,B01
200900042993,0,07,000,00,2,3,13,B01
200900042993,0,07,000,00,2,2,01,C01
200900042993,0,33,000,00,2,9,17,A01
200900042994,0,34,000,14,0,0,00,A01
200900042995,0,02,000,00,2,7,17,A01
200900042995,0,07,000,00,2,3,15,B01
200900042996,0,07,000,00,2,2,19,A01
200900042996,0,07,000,00,2,3,01,B01
200900042997,0,34,000,00,1,2,02,A01
200900042998,0,07,000,00,1,2,01,A01
200900042999,0,07,000,00,2,3,01,B01
200900042999,0,07,000,00,2,1,16,A01
200900043000,0,01,000,00,2,3,15,A01
200900043000,0,07,000,00,9,7,17,B01
200900043001,0,07,000,00,1,2,15,A01
200900043002,0,07,000,01,1,3,01,A01
200900043003,0,07,000,00,0,6,01,B01
200900043003,0,30,000,00,2,2,03,A01
200900043004,0,07,000,00,1,4,20,A01
200900043005,0,30,000,00,0,2,02,A01
200900043005,0,07,000,00,0,3,09,B01
200900043006,1,07,000,00,2,1,01,A01
200900043006,0,32,000,00,2,8,15,B01
200900043007,0,07,000,00,1,1,01,A01
200900043008,0,01,000,14,0,2,15,A01
200900043008,0,07,000,00,0,5,19,B01
200900043009,0,07,000,00,1,2,01,A01
200900043010,0,07,000,00,1,0,20,A01
200900043011,0,07,000,00,2,3,09,A01
200900043011,0,07,000,00,2,1,01,B01
200900043012,0,07,000,00,2,1,01,B01
200900043012,0,07,000,00,2,7,15,A01
200900043013,0,07,000,00,9,3,15,A01
200900043013,0,01,000,00,2,2,01,B01
200900043014,0,07,000,00,1,2,00,A01
200900043015,0,07,000,00,0,5,12,A01
200900043015,0,31,000,00,0,3,01,B01
200900043016,0,07,000,00,2,8,13,B01
200900043016,0,07,000,15,2,8,01,C01
200900043016,1,07,000,00,2,1,10,A01
200900043017,0,30,000,00,2,7,17,A01
200900043017,0,07,000,00,2,3,02,B01
200900043018,0,07,000,00,2,5,01,A01
200900043018,0,30,000,00,2,1,01,B01
200900043019,0,07,000,00,2,4,01,B01
200900043019,0,02,000,00,2,1,01,A01
200900043020,0,31,000,12,0,1,01,A01