Num_Acc,senc,catv,occutc,obs,obsm,choc,manv,num_veh
200900043362,0,33,000,14,0,0,21,A01
200900043363,0,15,000,00,0,7,12,A01
200900043363,0,10,000,00,0,1,01,C01
200900043363,0,07,000,00,0,8,01,B01
200900043364,0,10,000,00,2,4,02,A01
200900043364,0,07,000,00,2,1,03,C01
200900043364,0,07,000,00,2,4,02,B01
200900043365,0,07,000,00,1,1,01,A01
200900043366,0,07,000,04,0,8,01,A01
200900043367,0,33,000,00,2,8,02,A01
200900043367,0,07,000,00,0,5,01,B01
200900043367,1,07,000,00,2,3,01,C01
200900043368,0,33,000,03,0,7,01,A01
200900043369,0,07,000,00,2,1,02,A01
200900043369,0,07,000,00,0,4,02,B01
200900043370,0,07,000,00,0,4,02,B01
200900043370,0,10,000,00,2,1,02,A01
200900043371,0,07,000,00,2,6,01,B01
200900043371,0,15,000,00,2,2,12,A01
200900043372,0,37,001,00,2,3,01,B01
200900043372,0,07,000,00,2,2,01,A01
200900043373,0,07,000,00,0,7,15,A01
200900043373,0,32,000,00,0,0,01,B01
200900043374,0,10,000,00,0,0,15,A01
200900043374,0,33,000,00,0,0,01,B01
200900043375,0,30,000,00,2,2,01,A01
200900043375,0,07,000,00,2,3,11,B01
200900043376,0,02,000,01,0,1,01,A01
200900043377,0,07,000,00,2,3,10,A01
200900043377,0,02,000,00,2,1,01,B01
200900043378,0,15,000,00,2,0,00,B01
200900043378,0,31,000,00,2,7,00,A01
200900043379,0,07,000,00,1,3,02,A01
200900043380,0,07,000,00,2,6,23,B01
200900043380,0,31,000,00,2,1,11,A01
200900043381,0,07,000,00,2,8,11,A01
200900043381,0,33,000,00,2,7,01,B01
200900043382,0,32,000,00,2,2,15,B01
200900043382,0,07,000,00,2,8,02,A01
200900043383,0,07,000,00,2,3,09,A01
200900043383,0,33,000,00,0,7,01,B01
200900043384,0,30,000,00,0,0,01,A01
200900043385,0,07,000,00,2,2,15,A01
200900043385,0,33,000,00,2,3,00,B01
200900043386,0,33,000,00,0,0,01,B01
200900043386,0,07,000,00,0,0,00,A01
200900043387,0,07,000,00,2,7,15,A01
200900043387,0,33,000,00,2,1,01,B01
200900043388,0,07,000,00,2,1,01,A01
200900043388,0,31,000,00,2,8,15,B01
200900043389,0,07,000,00,2,5,15,A01
200900043389,0,32,000,00,2,0,01,B01
200900043390,0,07,000,00,2,1,10,B01
200900043390,0,34,000,00,2,1,01,A01
200900043391,0,30,000,00,2,8,01,A01
200900043391,1,07,000,00,2,0,14,B01
200900043392,0,07,000,00,2,7,01,A01
200900043392,0,30,000,00,2,1,16,B01
200900043393,0,07,000,00,2,4,02,B01
200900043393,0,10,000,00,2,4,02,C01
200900043393,0,07,000,00,2,1,02,A01
200900043394,0,07,000,00,2,1,15,A01
200900043395,0,07,000,00,2,3,13,A01
200900043395,0,07,000,00,2,3,01,B01
200900043396,0,07,000,00,2,2,01,A01
200900043396,0,07,000,00,2,3,01,B01
200900043397,0,01,000,00,2,3,01,B01
200900043397,0,33,000,00,2,7,18,A01
200900043398,0,07,000,00,2,2,11,A01
200900043398,0,32,000,00,2,7,02,B01
200900043399,0,07,000,00,2,3,01,A01
200900043399,0,07,000,00,2,8,15,B01
200900043400,0,07,000,00,2,1,01,B01
200900043400,0,07,000,02,2,2,12,A01
200900043401,0,07,000,00,2,1,01,A01
200900043401,0,02,000,00,2,5,01,B01
200900043402,0,07,000,00,2,4,23,B01
200900043402,0,32,000,00,2,1,01,A01
200900043403,0,07,000,00,2,2,01,B01
200900043403,0,07,000,00,2,1,01,A01
200900043404,0,02,000,00,1,1,01,A01
200900043405,0,07,000,00,1,1,17,A01
200900043406,0,07,000,00,2,1,02,A01
200900043406,0,07,000,00,2,4,23,E01
200900043406,0,07,000,00,2,4,23,B01
200900043406,0,07,000,00,2,4,23,D01
200900043406,0,07,000,00,2,4,23,C01
200900043407,0,07,000,00,1,1,01,A01
200900043408,0,07,000,00,2,8,16,A01
200900043408,0,14,000,00,2,7,15,B01
200900043409,0,07,000,00,1,5,04,A01
200900043410,0,07,000,00,2,8,15,B01
200900043410,0,32,000,00,2,1,01,A01
200900043411,0,31,000,14,0,0,00,A01
200900043412,0,07,000,00,2,2,01,A01
200900043412,0,33,000,00,2,3,01,B01
200900043413,0,31,000,01,0,7,01,A01
200900043414,0,07,000,00,2,7,09,A01
200900043414,0,33,000,00,2,8,01,B01
200900043415,0,02,000,00,2,1,16,B01
200900043415,0,10,000,00,2,5,16,A01
200900043416,0,33,000,00,1,1,17,A01
200900043417,0,30,000,00,0,1,01,B01
200900043417,0,07,000,00,0,2,15,A01
200900043418,0,07,000,00,1,1,01,A01
200900043419,0,02,000,00,2,1,01,A01
200900043419,0,07,000,00,2,6,20,B01
200900043420,0,33,000,00,2,9,01,B01
200900043420,0,07,000,00,2,2,10,A01
200900043421,0,10,000,00,1,1,01,A01
200900043422,0,07,000,00,1,0,02,A01
200900043423,0,33,000,00,1,1,01,A01
200900043424,0,31,000,00,2,1,17,B01
200900043424,0,07,000,00,0,3,15,A01
200900043425,0,30,000,00,0,0,01,B01
200900043425,0,07,000,00,0,2,15,A01
200900043426,0,31,000,00,2,1,01,A01
200900043427,0,07,000,00,2,8,01,B01
200900043427,0,07,000,00,2,1,15,A01
200900043428,0,34,000,00,2,1,01,A01
200900043428,1,10,000,00,2,6,15,B01
200900043429,0,10,000,00,0,0,01,A01
200900043430,0,07,000,00,2,5,01,A01
200900043431,0,33,000,01,2,1,17,A01
200900043431,0,07,000,00,2,2,09,B01
200900043432,0,07,000,00,1,4,04,A01
200900043433,0,07,000,00,2,4,23,B01
200900043433,0,07,000,00,2,1,01,A01
200900043434,0,07,000,04,2,8,11,A01
200900043434,0,14,000,00,2,2,01,B01
200900043435,0,32,000,00,0,0,01,B01
200900043435,0,07,000,00,0,3,18,A01
200900043436,0,30,000,00,0,0,00,A01
200900043436,0,07,000,00,0,1,01,B01
200900043437,0,10,000,00,1,5,04,A01
200900043438,0,03,000,00,2,1,15,A01
200900043438,0,07,000,06,2,1,01,B01
200900043439,0,30,000,00,2,1,01,B01
200900043439,0,07,000,00,2,2,15,A01
200900043440,0,07,000,00,2,5,01,B01
200900043440,0,07,000,00,2,1,01,A01
200900043441,0,07,000,00,9,4,00,B01
200900043441,0,32,000,00,2,1,17,A01
200900043441,0,38,055,00,9,6,00,C01
200900043442,0,07,000,08,0,2,14,A01
200900043443,0,07,000,00,2,5,23,B01
200900043443,0,07,000,00,2,1,01,A01
200900043444,0,01,000,00,1,1,01,A01
200900043445,0,37,005,00,2,1,09,A01
200900043445,0,07,000,00,2,5,12,B01
200900043446,0,32,000,00,2,4,23,A01
200900043446,0,07,000,00,2,1,02,B01
200900043447,0,33,000,00,2,8,02,B01
200900043447,0,07,000,00,2,3,19,A01
200900043448,0,07,000,00,1,1,01,A01
200900043449,0,31,000,16,2,3,09,A01
200900043449,0,10,000,00,2,2,02,B01
200900043450,0,32,000,00,0,9,00,A01
200900043451,0,07,000,00,2,5,12,A01
200900043451,0,14,000,00,2,3,01,B01
200900043452,0,07,000,00,1,2,01,A01
200900043453,0,07,000,00,1,2,01,A01
200900043454,0,02,000,00,2,1,01,B01
200900043454,0,10,000,00,2,8,09,A01
200900043455,0,07,000,00,2,1,01,A01
200900043455,0,07,000,00,2,8,01,B01
200900043456,0,31,000,00,2,8,01,A01
200900043457,0,07,000,00,2,1,13,A01
200900043457,0,07,000,00,2,1,01,B01
200900043458,0,10,000,00,1,2,01,A01
200900043459,0,07,000,01,2,8,05,A01
200900043459,0,10,000,00,2,8,01,B01
200900043460,0,37,001,00,2,3,01,B01
200900043460,0,02,000,00,2,8,17,A01
200900043461,0,32,000,00,1,1,01,A01
200900043462,0,07,000,00,2,3,00,A01
200900043462,0,07,000,00,2,7,00,B01
200900043463,0,07,000,00,1,1,01,A01
200900043464,0,07,000,00,2,2,00,A01
200900043464,0,31,000,00,2,5,00,B01
200900043465,0,30,000,00,2,1,01,A01
200900043465,0,07,000,00,2,4,01,B01
200900043466,0,07,000,00,9,8,22,B01
200900043466,0,30,000,01,0,1,02,A01
200900043467,0,34,000,00,2,1,00,A01
200900043467,0,07,000,00,2,7,00,B01
200900043468,0,30,000,00,2,7,17,B01
200900043468,0,07,000,00,2,8,13,A01
200900043469,0,07,000,00,1,1,01,A01
200900043470,0,07,000,15,0,1,00,A01
200900043471,0,07,000,00,2,4,01,B01
200900043471,0,30,000,00,2,1,01,A01
200900043472,0,07,000,00,1,3,01,A01
200900043473,0,07,000,00,1,1,00,A01
200900043474,0,07,000,00,1,3,01,A01
200900043475,0,07,000,00,1,1,01,A01
200900043476,0,07,000,00,2,1,01,B01
200900043476,0,07,000,00,2,8,19,A01
200900043477,0,10,000,08,0,1,14,A01
200900043478,0,02,000,00,1,1,01,A01
200900043479,0,07,000,00,2,1,15,A01
200900043479,0,07,000,00,2,1,01,B01
200900043480,0,02,000,00,2,8,11,A01
200900043480,0,32,000,00,2,7,01,B01
200900043481,0,33,000,00,2,1,01,A01
200900043481,0,07,000,00,2,4,12,B01
200900043482,0,07,000,00,2,4,23,B01
200900043482,0,07,000,00,2,1,01,A01
200900043483,0,30,000,00,0,8,01,A01
200900043484,0,30,000,00,2,8,00,B01
200900043484,0,07,000,00,2,1,00,A01
200900043485,0,32,000,00,2,8,01,A01
200900043485,0,07,000,00,2,2,15,B01
200900043486,0,07,000,00,2,1,02,A01
200900043486,0,07,000,00,2,4,02,B01
200900043487,0,07,000,00,1,0,01,A01
200900043488,0,07,000,01,0,6,23,B01
200900043488,0,07,000,00,2,2,14,A01
200900043488,0,07,000,00,2,8,00,C01
200900043489,0,33,000,01,0,5,01,A01
200900043490,0,07,000,00,2,7,15,A01
200900043490,0,07,000,00,2,2,01,B01
200900043491,0,30,000,00,1,1,00,A01
200900043492,0,30,000,01,0,1,14,A01
200900043492,0,07,000,00,2,5,00,B01
200900043493,0,31,000,00,2,2,01,B01
200900043493,0,07,000,00,2,1,15,A01
200900043494,0,02,000,00,2,1,10,A01
200900043494,0,02,000,00,2,1,01,B01
200900043495,0,02,000,00,2,7,02,B01
200900043495,0,07,000,00,2,8,11,A01
200900043496,0,32,000,00,1,0,02,A01
200900043497,0,07,000,00,2,1,01,B01
200900043497,0,07,000,00,2,7,01,A01
200900043498,0,07,000,00,2,8,15,A01
200900043498,0,30,000,00,2,2,01,B01
200900043499,0,07,000,08,0,1,00,A01
200900043500,0,31,000,00,0,0,01,A01
200900043500,0,07,000,00,0,0,09,B01
200900043501,0,07,000,00,2,1,15,A01
200900043501,0,07,000,00,2,8,01,B01
200900043502,0,07,000,00,2,4,23,B01
200900043502,0,31,000,00,2,1,21,A01
200900043503,0,34,000,00,2,8,01,B01
200900043503,0,07,000,00,2,7,12,A01
200900043504,0,02,000,00,0,0,16,A01
200900043505,0,99,000,00,0,6,15,B01
200900043505,0,02,000,00,2,6,01,A01
200900043506,0,07,000,00,1,2,01,A01
200900043507,0,07,000,00,2,2,01,B01
200900043507,0,02,000,00,2,7,15,A01
200900043508,0,10,000,00,2,7,00,B01
200900043508,0,32,000,00,2,8,03,A01
200900043509,0,32,000,00,2,1,01,B01
200900043509,0,07,000,00,2,2,15,A01
200900043510,0,07,000,00,1,4,04,A01
200900043511,0,33,000,00,2,3,01,B01
200900043511,0,07,000,00,2,6,12,A01
200900043512,0,07,000,00,2,3,00,B01
200900043512,0,33,000,01,2,3,00,A01
200900043513,0,34,000,00,9,0,21,B01
200900043513,0,07,000,00,0,0,09,A01
200900043514,0,07,000,00,2,2,02,B01
200900043514,0,02,000,00,2,7,02,A01
200900043515,0,01,000,00,1,1,17,A01
200900043516,2,30,000,00,1,1,01,A01
200900043517,0,07,000,00,2,1,15,A01
200900043517,0,33,000,00,2,8,01,B01
200900043518,0,31,000,00,1,1,01,A01
200900043519,0,99,000,00,0,3,15,B01
200900043519,0,31,000,00,0,7,01,A01
200900043520,1,07,000,00,2,8,10,A01
200900043520,0,32,000,00,2,1,00,B01
200900043521,0,13,000,00,2,5,15,A01
200900043521,0,31,000,00,2,1,01,B01
200900043522,0,07,000,00,2,3,09,A01
200900043522,0,33,000,00,2,2,01,B01
200900043523,0,07,000,00,1,2,01,A01
200900043524,0,07,000,00,1,1,00,A01
200900043525,0,37,001,00,1,3,15,A01
200900043526,0,30,000,00,1,1,01,A01
200900043527,0,02,000,00,2,1,02,A01
200900043527,0,10,000,00,2,6,23,B01
200900043528,0,07,000,00,2,6,02,B01
200900043528,0,07,000,00,2,1,01,C01
200900043528,0,30,000,00,2,1,02,A01
200900043529,0,33,000,00,2,1,02,A01
200900043529,0,07,000,00,2,6,02,B01
200900043530,0,07,000,00,2,1,02,A01
200900043530,0,10,000,00,0,4,23,C01
200900043530,0,10,000,00,2,4,23,B01
200900043531,0,33,000,00,2,1,03,B01
200900043531,0,10,000,00,0,0,12,A01
200900043532,0,10,000,00,2,1,11,A01
200900043532,0,10,000,00,2,1,01,C01
200900043532,0,10,000,00,2,4,01,B01
200900043533,0,33,000,00,2,1,01,B01
200900043533,0,07,000,00,2,6,14,A01
200900043534,0,15,000,03,0,1,01,A01
200900043534,0,07,000,00,0,0,09,B01
200900043535,0,07,000,00,2,2,12,B01
200900043535,0,32,000,00,2,3,02,A01
200900043536,0,07,000,00,0,4,02,C01
200900043536,0,07,000,00,2,1,02,B01
200900043536,0,07,000,00,2,1,02,A01
200900043537,0,07,000,00,0,5,01,B01
200900043537,0,07,000,00,0,1,02,A01
200900043538,0,07,000,00,2,1,02,A01
200900043538,0,07,000,00,0,4,02,B01
200900043539,0,07,000,00,2,2,12,A01
200900043539,0,33,000,00,2,8,03,B01
200900043540,0,07,000,04,0,4,01,A01
200900043541,0,07,000,00,0,0,00,A01
200900043542,0,33,000,00,2,7,01,B01
200900043542,0,07,000,00,2,8,11,A01
200900043543,0,10,000,00,0,0,09,B01
200900043543,0,34,000,00,2,7,02,A01
200900043544,0,10,000,00,2,4,02,B01
200900043544,0,33,000,00,2,1,21,A01
200900043545,0,07,000,00,0,4,01,A01
200900043545,0,07,000,00,2,4,01,C01
200900043545,0,07,000,00,2,1,01,B01
200900043546,0,31,000,00,0,0,03,A01
200900043546,0,07,000,00,0,0,11,B01
200900043547,0,07,000,00,2,5,12,C01
200900043547,0,07,000,00,2,1,02,A01
200900043547,0,07,000,00,2,4,23,B01
200900043548,0,38,032,00,2,8,01,C01
200900043548,0,31,000,00,2,3,03,A01
200900043548,0,07,000,00,2,5,01,B01
200900043549,0,33,000,00,2,1,17,B01
200900043549,0,13,000,00,2,3,17,A01
200900043550,0,99,000,00,1,4,04,A01
200900043551,0,02,000,00,0,0,01,B01
200900043551,0,07,000,00,0,4,01,A01
200900043552,0,07,000,00,1,2,01,A01
200900043553,0,07,000,00,2,4,02,B01
200900043553,0,07,000,00,2,1,02,A01
200900043554,0,31,000,00,2,1,01,B01
200900043554,0,07,000,00,2,7,15,A01
200900043555,0,07,000,00,2,3,10,A01
200900043555,0,33,000,00,2,1,21,B01
200900043556,0,07,000,00,1,7,21,A01
200900043557,0,10,000,00,2,1,02,A01
200900043557,0,07,000,00,2,4,01,C01
200900043557,0,07,000,00,2,4,02,B01
200900043558,0,07,000,00,0,4,02,C01
200900043558,0,07,000,00,2,4,02,B01
200900043558,0,07,000,00,2,1,02,A01
200900043559,0,07,000,00,2,1,02,A01
200900043559,0,07,000,00,0,4,02,B01
200900043560,0,17,000,00,2,7,12,A01
200900043560,0,07,000,00,2,8,01,B01
200900043561,0,07,000,00,2,1,01,B02
200900043561,0,07,000,00,2,8,01,A01
200900043562,0,07,000,00,2,1,01,B02
200900043562,0,07,000,00,2,1,13,A01
200900043563,0,01,000,00,2,1,01,B02
200900043563,0,07,000,00,9,6,19,A01
200900043564,0,01,000,00,2,1,01,A01
200900043564,0,07,000,00,9,6,19,B02
200900043565,0,07,000,00,2,3,13,A01
200900043565,0,07,000,00,2,3,01,B02
200900043566,0,03,000,00,2,3,01,A01
200900043566,0,38,000,00,2,3,01,B02
200900043567,0,07,000,02,0,2,01,A01
200900043568,0,07,000,02,0,8,01,A01
200900043569,0,07,000,00,2,1,19,A01
200900043569,0,07,000,00,2,8,01,B02
200900043570,0,01,000,00,2,7,00,B02
200900043570,0,07,000,00,2,7,05,A01
200900043571,0,07,000,00,2,3,01,A01
200900043571,0,07,000,01,0,6,01,B02
200900043572,0,07,000,00,2,2,17,A01
200900043572,0,02,000,00,2,2,13,B02
200900043573,0,07,000,00,2,2,01,B02
200900043573,0,07,000,00,2,1,01,C03
200900043573,0,07,000,00,2,3,01,A01
200900043574,0,14,000,00,2,8,01,B02
200900043574,0,07,000,08,2,3,01,A01
200900043575,0,07,000,00,2,3,13,B02
200900043575,0,17,000,00,2,3,01,A01
200900043575,0,07,000,00,2,1,01,C03
200900043576,0,07,000,02,0,9,01,A01
200900043577,0,07,000,00,0,9,00,A01
200900043578,0,07,000,03,0,3,01,A01
200900043579,0,07,000,00,2,2,19,A01
200900043579,0,07,000,00,2,3,01,B02
200900043580,0,07,000,00,2,3,01,A01
200900043580,0,33,000,00,0,2,01,B02
200900043581,0,33,000,07,0,7,01,A01
200900043582,0,33,000,00,2,1,01,B02
200900043582,0,21,000,00,2,5,15,A01
200900043583,0,02,000,00,2,4,02,B02
200900043583,0,07,000,00,2,1,02,A01
200900043584,0,07,000,04,0,3,01,A01
200900043585,0,20,000,00,2,3,01,B02
200900043585,0,07,000,00,2,1,13,A01
200900043586,0,17,000,00,2,1,01,B02
200900043586,0,07,000,00,2,7,01,A01
200900043587,0,07,000,00,2,3,01,B02
200900043587,0,07,000,00,2,3,05,A01
200900043588,0,07,000,00,1,1,01,A01
200900043589,0,07,000,00,2,7,17,A01
200900043589,0,07,000,00,2,2,01,B02
200900043590,0,07,000,00,1,8,01,A01
200900043591,0,07,000,00,1,1,01,A01
200900043592,0,37,001,00,1,0,01,A01
200900043593,0,99,000,00,1,1,02,A01
200900043594,0,07,000,00,2,8,01,A01
200900043594,0,02,000,00,2,3,01,B01
200900043595,0,07,000,00,2,8,16,B01
200900043595,0,07,000,00,0,2,01,A01
200900043596,0,07,000,00,2,1,01,B01
200900043596,0,07,000,00,2,3,15,A01
200900043597,0,07,000,00,2,8,15,B01
200900043597,0,07,000,00,2,2,17,A01
200900043598,0,07,000,00,2,3,15,B01
200900043598,0,07,000,00,2,7,01,A01
200900043599,0,07,000,01,2,1,01,A01
200900043599,0,07,000,00,2,4,01,B01
200900043600,0,07,000,00,1,5,16,A01
200900043601,0,07,000,00,2,6,09,A01
200900043601,0,01,000,00,2,0,01,B01
200900043602,0,01,000,00,2,0,01,B01
200900043602,0,07,000,00,2,0,01,A01
200900043603,0,07,000,00,2,3,16,B01
200900043603,0,01,000,00,2,1,01,A01
200900043604,0,01,000,00,2,1,01,A01
200900043604,0,07,000,00,2,8,01,B01
200900043605,0,07,000,00,2,4,01,B01
200900043605,0,07,000,00,2,1,01,A01
200900043606,0,02,000,00,2,1,01,B01
200900043606,0,07,000,00,2,5,15,A01
200900043607,0,37,001,00,1,0,01,A01
200900043608,0,02,000,00,0,0,01,A01
200900043609,0,07,000,00,1,3,00,A01
200900043610,0,07,000,00,2,4,01,B01
200900043610,0,07,000,00,2,1,01,A01
200900043611,0,07,000,00,1,0,01,A01
200900043612,0,07,000,00,6,9,01,A01
200900043613,0,07,000,00,0,1,01,A01
200900043614,0,07,000,00,2,3,01,A01
200900043614,0,07,000,00,2,1,01,B01
200900043615,0,02,000,00,2,1,01,A01
200900043615,0,07,000,00,2,6,01,B01
200900043616,0,07,000,00,0,1,15,A01
200900043617,0,07,000,00,2,1,01,A01
200900043618,0,02,000,00,2,8,01,A01
200900043618,0,07,000,00,2,6,01,B01
200900043619,0,02,000,00,2,1,01,B01
200900043619,0,07,000,00,2,2,15,A01
200900043620,0,07,000,00,2,1,15,A01
200900043620,0,07,000,00,2,1,01,B01
200900043621,0,14,000,00,2,1,15,A01
200900043621,0,02,000,00,2,0,01,B01
200900043622,0,02,000,00,2,1,01,A01
200900043622,0,10,000,00,2,4,01,B01
200900043623,0,07,000,00,1,0,16,A01
200900043624,0,01,000,00,2,0,01,A01
200900043624,0,07,000,00,2,0,16,B01
200900043625,0,30,000,00,2,7,01,A01
200900043625,0,07,000,00,2,8,01,B01
200900043626,0,07,000,00,0,9,01,A01
200900043627,0,07,000,00,2,1,01,A01
200900043627,0,07,000,00,2,4,01,B01
200900043628,0,07,000,00,0,1,01,A01
200900043629,1,02,000,00,1,0,01,A01
200900043630,0,02,000,00,2,1,01,A01
200900043630,0,07,000,00,2,1,16,B01
200900043631,0,07,000,00,1,3,01,A01
200900043632,0,07,000,00,1,0,20,A01
200900043633,0,07,000,00,2,1,01,B01
200900043633,0,10,000,00,2,1,15,A01
200900043634,0,07,000,00,2,4,01,B01
200900043634,0,02,000,00,2,1,01,A01
200900043635,0,07,000,00,1,0,01,A01
200900043636,0,02,000,00,2,1,01,A01
200900043636,0,07,000,00,2,4,16,B01
200900043637,0,07,000,00,2,1,01,A01
200900043637,0,07,000,00,2,4,01,B01
200900043638,0,02,000,00,2,1,01,B01
200900043638,0,07,000,00,2,1,15,A01
200900043639,0,30,000,00,1,0,01,A01
200900043640,0,33,000,16,0,8,01,A01
200900043641,0,07,000,00,1,1,01,A01
200900043642,0,07,000,00,2,4,01,B01
200900043642,0,07,000,04,2,1,18,A01
200900043643,0,31,000,00,0,1,00,A01
200900043644,0,07,000,00,2,1,01,B01
200900043644,0,07,000,00,2,1,15,A01
200900043645,0,33,000,00,2,1,17,A01
200900043645,0,07,000,00,2,8,15,B02
200900043646,0,07,000,00,2,3,01,B02
200900043646,0,30,000,00,2,1,13,A01
200900043647,0,02,000,00,2,1,01,B02
200900043647,0,07,000,00,2,8,15,A01
200900043648,0,33,000,00,0,7,01,B02
200900043648,0,07,000,00,0,0,15,A01
200900043649,0,07,000,00,2,8,01,B02
200900043649,0,21,000,00,2,8,01,A01
200900043650,0,02,000,13,0,1,01,A01
200900043651,0,07,000,00,2,2,01,D04
200900043651,0,07,000,00,2,2,21,C03
200900043651,0,07,000,00,2,1,13,A01
200900043651,0,14,000,00,2,1,01,B02
200900043652,0,07,000,00,2,3,01,B02
200900043652,0,07,000,03,2,0,19,A01
200900043652,0,07,000,03,0,1,01,C03
200900043652,0,07,000,00,9,1,01,D04
200900043653,0,07,000,00,2,3,19,A01
200900043653,0,30,000,00,2,5,01,B02
200900043654,0,15,000,00,2,2,01,B02
200900043654,0,07,000,00,2,8,10,A01
200900043655,0,34,000,00,2,2,01,B02
200900043655,0,07,000,00,2,3,09,A01
200900043656,0,07,000,00,2,3,00,A01
200900043656,0,07,000,00,2,3,00,B02
200900043657,0,07,000,00,2,1,01,B02
200900043657,0,07,000,00,2,8,19,A01
200900043658,0,07,000,00,2,1,01,A01
200900043658,0,07,000,00,2,5,13,B02
200900043659,0,30,000,12,0,1,06,A01
200900043660,0,07,000,02,0,1,01,A01
200900043661,0,30,000,12,0,7,01,A01
200900043662,0,30,000,00,0,8,01,A01
200900043663,0,02,000,00,2,1,01,B02
200900043663,0,30,000,00,2,1,13,A01
200900043664,0,07,000,00,2,2,01,A01
200900043664,0,01,000,00,2,5,19,B02
200900043665,0,30,000,01,0,2,00,A01
200900043666,0,07,000,00,1,5,04,A01
200900043667,0,07,000,00,2,3,13,A01
200900043667,0,07,000,00,2,3,01,B02
200900043668,0,01,000,00,2,1,01,B02
200900043668,0,10,000,00,2,3,15,A01
200900043669,0,31,000,00,2,1,01,B01
200900043669,0,10,000,00,2,5,19,A01
200900043670,0,07,000,13,0,7,14,A01
200900043671,0,31,000,00,2,1,01,B02
200900043671,0,07,000,00,2,7,15,A01
200900043672,0,07,000,00,2,3,01,B02
200900043672,0,15,000,00,2,2,15,A01
200900043673,0,31,000,06,0,3,13,A01
200900043674,0,30,000,00,0,8,01,A01
200900043675,0,07,000,00,2,1,01,A01
200900043675,0,07,000,00,2,7,01,B02
200900043676,0,07,000,00,1,2,10,A01
200900043677,0,33,000,00,0,7,16,A01
200900043678,0,07,000,02,0,1,01,A01
200900043679,0,30,000,00,2,1,01,B01
200900043679,0,07,000,00,2,7,01,A01
200900043680,0,01,000,03,0,2,14,A01
200900043681,0,33,000,15,0,1,14,A01
200900043682,0,30,000,03,0,1,14,A01
200900043683,0,30,000,00,2,2,02,A01
200900043683,0,07,000,00,2,6,20,B01
200900043684,0,07,000,00,2,8,02,E01
200900043684,0,10,000,00,2,4,02,B01
200900043684,0,07,000,00,2,5,02,C01
200900043684,0,07,000,00,2,1,02,F02
200900043684,0,07,000,00,2,1,02,D01
200900043684,0,17,000,00,2,7,01,A01
200900043685,0,02,000,00,2,1,02,A01
200900043685,0,07,000,00,2,4,23,B01
200900043686,0,07,000,08,0,1,06,A01
200900043687,0,07,000,00,1,4,04,A01
200900043688,0,33,000,00,0,8,01,A01
200900043689,0,07,000,00,2,5,17,A01
200900043689,0,30,000,00,2,8,02,B01
200900043690,0,07,000,00,2,3,01,A01
200900043690,0,07,000,00,2,3,01,B01
200900043691,0,07,000,00,2,1,01,A01
200900043691,0,10,000,00,2,1,01,C01
200900043691,0,07,000,00,2,5,01,B01
200900043692,0,33,000,00,0,0,01,A01
200900043693,0,07,000,00,2,3,01,A01
200900043694,0,07,000,01,0,9,01,A01
200900043695,0,07,000,00,2,3,02,A01
200900043695,0,07,000,00,2,5,15,B01
200900043696,0,02,000,00,0,1,01,A01
200900043697,0,30,000,00,1,1,18,A01
200900043698,0,14,000,00,2,4,01,B01
200900043698,0,07,000,00,2,1,16,A01
200900043699,0,10,000,00,2,1,02,A01
200900043699,0,13,000,00,2,1,21,C01
200900043699,0,10,000,00,0,4,02,B01
200900043700,0,07,000,00,2,7,09,A01
200900043700,0,07,000,00,2,3,01,B01
200900043701,0,07,000,04,0,8,00,A01
200900043702,0,07,000,00,2,1,17,A01
200900043702,0,07,000,00,2,2,17,B01
200900043703,0,07,000,01,0,0,01,A01
200900043704,0,07,000,00,2,1,01,B01
200900043704,0,33,000,00,2,7,01,A01
200900043705,0,07,000,00,0,4,02,B01
200900043705,0,07,000,00,2,1,02,A01
200900043706,0,07,000,00,1,2,01,A01
200900043707,0,07,000,00,2,2,02,A01
200900043707,0,07,000,00,0,4,02,B01
200900043708,0,30,000,00,2,1,01,A01
200900043708,0,07,000,00,2,4,01,B01
200900043709,0,32,000,12,0,1,01,A01
200900043710,0,02,000,00,2,7,01,B01
200900043710,0,07,000,00,2,3,17,A01
200900043711,0,07,000,00,2,3,15,A01
200900043711,0,30,000,00,2,2,17,B01
200900043712,0,07,000,00,2,2,09,A01
200900043712,0,07,000,00,0,8,00,B01
200900043713,0,07,000,00,1,1,01,A01
200900043714,0,07,000,00,0,9,00,A01
200900043715,0,07,000,00,2,1,09,A01
200900043715,0,07,000,00,0,2,15,B01
200900043716,0,02,000,00,0,0,00,B01
200900043716,0,07,000,00,0,0,00,A01
200900043717,0,15,000,00,0,9,01,A01
200900043718,0,33,000,09,0,1,01,A01
200900043719,0,02,000,00,2,1,01,B01
200900043719,0,07,000,00,2,3,13,A01
200900043720,0,07,000,00,1,2,04,A01
200900043721,0,02,000,00,2,1,00,A01
200900043721,0,07,000,00,2,1,16,B01
200900043722,0,01,000,00,0,0,01,A01
200900043723,0,07,000,00,2,1,01,B01
200900043723,0,07,000,00,0,4,23,A01
200900043724,0,07,000,00,2,8,15,A01
200900043724,0,30,000,00,2,3,01,B01
200900043725,0,01,000,00,2,1,01,A01
200900043725,0,07,000,00,2,1,16,B01
200900043726,0,02,000,00,2,1,01,A01
200900043726,0,07,000,00,2,4,01,B01