Num_Acc,senc,catv,occutc,obs,obsm,choc,manv,num_veh
200900044081,0,33,000,00,2,3,15,B01
200900044081,0,07,000,,,2,15,A01
200900044082,0,07,000,,2,3,01,B01
200900044082,0,30,000,,2,1,01,A01
200900044083,0,07,000,00,1,3,00,A01
200900044084,0,07,000,00,2,1,02,B01
200900044084,0,07,000,00,2,4,01,A01
200900044085,0,07,000,00,2,1,09,A01
200900044085,0,07,000,00,2,1,01,B01
200900044086,0,07,000,00,2,6,15,A01
200900044086,0,32,000,00,2,1,01,B01
200900044087,0,07,000,00,0,4,01,B01
200900044087,0,07,000,00,2,1,01,A01
200900044088,0,07,000,00,2,7,15,A01
200900044088,0,07,000,00,2,1,01,B01
200900044089,0,07,000,00,2,3,15,B01
200900044089,0,30,000,00,2,1,17,A01
200900044090,0,07,000,00,1,1,01,A01
200900044091,0,07,000,00,0,6,15,B01
200900044091,0,33,000,00,2,1,01,A01
200900044092,0,30,000,00,2,1,01,A01
200900044092,0,10,000,00,2,5,23,B01
200900044093,0,33,000,00,2,3,17,B01
200900044093,0,07,000,00,0,2,09,A01
200900044094,0,34,000,00,1,1,01,A01
200900044095,0,07,000,00,2,1,02,A01
200900044095,0,07,000,00,2,4,02,B01
200900044096,0,07,000,00,1,1,01,A01
200900044097,0,02,000,00,1,1,01,A01
200900044098,0,07,000,00,2,3,02,A01
200900044098,0,33,000,00,2,1,01,B02
200900044099,0,38,000,06,0,3,01,A01
200900044100,0,07,000,11,0,1,14,A01
200900044101,0,07,000,13,0,2,01,A01
200900044102,0,33,000,08,0,2,14,A01
200900044103,0,07,000,00,1,0,01,A01
200900044104,0,34,000,00,2,1,01,B01
200900044104,0,07,000,00,2,3,09,A01
200900044105,0,07,000,00,2,6,01,B01
200900044105,0,02,000,00,2,0,02,A01
200900044106,0,07,000,00,2,1,01,B01
200900044106,0,30,000,00,2,3,09,A01
200900044107,0,07,000,00,2,1,02,A01
200900044107,0,07,000,00,2,4,02,B01
200900044108,0,07,000,00,2,2,15,A01
200900044108,0,30,000,00,2,1,01,B01
200900044109,0,34,000,00,2,1,01,B01
200900044109,0,07,000,00,2,7,01,A01
200900044110,0,07,000,00,2,4,01,B01
200900044110,0,07,000,00,2,4,01,C01
200900044110,0,07,000,00,2,1,01,A01
200900044111,0,30,000,00,2,1,02,A01
200900044111,0,07,000,00,2,4,02,B01
200900044112,1,07,000,00,2,0,00,A01
200900044112,0,01,000,00,2,8,19,B01
200900044113,0,07,000,00,2,1,05,A01
200900044113,0,02,000,00,2,2,01,B01
200900044114,0,01,000,00,2,1,01,B01
200900044114,0,07,000,00,0,5,01,A01
200900044115,0,07,000,00,2,3,19,A01
200900044115,0,30,000,00,2,1,01,B01
200900044116,0,07,000,00,0,8,05,A01
200900044116,0,07,000,00,2,2,01,B01
200900044117,0,07,000,00,0,6,01,B01
200900044117,0,02,000,00,2,1,02,A01
200900044118,0,07,000,00,2,2,01,B01
200900044118,0,07,000,00,2,1,01,A01
200900044119,0,31,000,00,2,1,01,A01
200900044119,0,07,000,00,2,1,01,B01
200900044120,0,07,000,00,1,1,00,A01
200900044121,0,07,000,00,2,1,01,A01
200900044121,0,07,000,00,2,4,23,B01
200900044122,0,07,000,00,1,1,01,A01
200900044123,0,30,000,00,2,1,01,A01
200900044123,0,10,000,00,2,3,19,B01
200900044124,0,30,000,00,2,1,01,A01
200900044124,0,07,000,00,2,1,02,B01
200900044125,0,07,000,00,2,3,15,B01
200900044125,0,30,000,00,2,1,17,A01
200900044126,0,07,000,00,1,1,01,A01
200900044127,0,07,000,00,2,1,01,B01
200900044127,0,07,000,00,2,1,13,A01
200900044128,0,01,000,00,2,1,02,A01
200900044128,0,01,000,00,2,4,02,B01
200900044129,0,07,000,00,1,1,01,A01
200900044130,0,34,000,00,2,8,01,B01
200900044130,0,07,000,00,2,1,01,A01
200900044131,0,33,000,00,2,1,01,B01
200900044131,0,07,000,00,2,7,09,A01
200900044132,0,30,000,00,2,1,01,A01
200900044132,0,01,000,00,2,7,19,B01
200900044133,0,30,000,12,0,1,14,A01
200900044134,0,07,000,02,0,9,01,A01
200900044135,0,30,000,00,2,3,09,A01
200900044135,0,07,000,00,2,1,01,B01
200900044136,0,10,000,00,1,1,01,A01
200900044137,0,07,000,00,2,8,01,B01
200900044137,0,07,000,00,2,7,22,A01
200900044138,0,07,000,00,0,6,01,A01
200900044138,0,30,000,00,2,1,01,B02
200900044139,0,07,000,00,2,0,01,B01
200900044139,0,32,000,00,2,8,01,A01
200900044140,0,07,000,00,2,0,01,A01
200900044140,0,30,000,00,2,0,01,B01
200900044141,0,07,000,00,2,1,01,A01
200900044141,0,07,000,00,2,8,01,B01
200900044142,0,07,000,00,2,3,01,B02
200900044142,0,01,000,00,2,1,01,A01
200900044143,0,10,000,00,2,1,01,C03
200900044143,0,07,000,00,2,8,01,B02
200900044143,0,07,000,00,2,1,01,A01
200900044144,0,07,000,00,2,2,15,A01
200900044144,0,07,000,00,2,3,01,B02
200900044145,0,07,000,00,2,1,01,A01
200900044145,0,07,000,00,2,4,01,C01
200900044145,0,07,000,00,2,1,01,B01
200900044146,0,07,000,00,2,3,01,A01
200900044146,0,34,000,00,2,7,01,B01
200900044147,0,07,000,05,0,1,00,A01
200900044148,0,02,000,00,2,8,01,A01
200900044148,0,07,000,00,2,7,02,B01
200900044148,0,07,000,01,2,5,00,C01
200900044149,0,07,000,00,2,1,01,B01
200900044149,0,07,000,00,2,4,01,C01
200900044149,0,07,000,00,2,1,01,A01
200900044150,0,07,000,00,2,3,01,C03
200900044150,0,07,000,00,2,1,13,A01
200900044150,0,07,000,00,2,8,01,B02
200900044151,0,07,000,00,0,0,19,A01
200900044152,0,07,000,00,2,0,01,A01
200900044152,0,33,000,00,2,0,01,B01
200900044152,0,07,000,00,2,0,01,C01
200900044153,0,33,000,13,0,7,01,A01
200900044154,0,07,000,00,1,3,01,A01
200900044155,0,10,000,00,2,3,01,B02
200900044155,0,10,000,00,2,3,01,A01
200900044156,0,07,000,00,2,3,01,C01
200900044156,0,07,000,00,2,8,01,B01
200900044156,0,07,000,00,2,3,01,A01
200900044157,0,07,000,00,2,4,00,B01
200900044157,0,07,000,00,2,1,01,A01
200900044158,0,07,000,00,1,1,02,A01
200900044159,0,07,000,00,2,2,01,C01
200900044159,0,07,000,00,2,6,00,A01
200900044159,0,07,000,00,2,2,00,B01
200900044160,0,02,000,00,0,7,01,A01
200900044161,0,07,000,00,2,4,01,B01
200900044161,0,10,000,00,2,1,15,A01
200900044162,0,07,000,00,2,1,02,B01
200900044162,0,07,000,01,2,1,02,A01
200900044163,0,31,000,16,0,1,02,A01
200900044164,0,07,000,00,1,1,02,A01
200900044165,0,01,000,00,0,0,00,A01
200900044166,0,07,000,06,0,1,01,A01
200900044167,0,07,000,00,2,5,23,B01
200900044167,0,02,000,00,2,1,02,A01
200900044168,0,30,000,00,2,1,02,B01
200900044168,0,07,000,00,2,2,15,A01
200900044169,1,07,000,00,1,2,02,Z01
200900044170,0,01,000,00,2,7,02,B01
200900044170,0,07,000,00,2,3,15,A01
200900044171,0,30,000,00,2,4,01,A01
200900044171,1,07,000,00,2,1,02,Z01
200900044172,0,07,000,00,2,1,02,A01
200900044172,0,07,000,00,2,4,01,B01
200900044173,0,02,000,00,2,1,02,A01
200900044173,0,07,000,00,2,5,23,B01
200900044174,0,01,000,00,0,0,00,A01
200900044175,0,02,000,00,0,0,01,A01
200900044176,0,07,000,01,0,1,02,A01
200900044177,0,30,000,16,0,7,01,A01
200900044178,0,07,000,00,2,3,02,B01
200900044178,0,07,000,00,2,1,15,A01
200900044179,0,07,000,00,2,3,15,A01
200900044179,0,33,000,00,2,7,01,B01
200900044180,0,07,000,00,2,4,23,B01
200900044180,0,07,000,00,2,0,00,A01
200900044181,0,07,000,00,2,1,02,A01
200900044181,0,30,000,00,2,1,02,B01
200900044182,0,31,000,00,2,1,02,B01
200900044182,0,07,000,00,2,2,02,A01
200900044183,0,07,000,03,2,1,02,A01
200900044183,0,07,000,00,2,1,02,B01
200900044184,0,07,000,00,2,3,02,B01
200900044184,0,07,000,00,2,1,15,A01
200900044185,0,07,000,00,0,9,01,A01
200900044186,0,07,000,00,0,9,01,A01
200900044187,0,07,000,08,0,3,21,A01
200900044188,0,07,000,00,2,2,16,A01
200900044188,0,07,000,00,2,8,02,B01
200900044189,0,02,000,08,0,0,00,A01
200900044190,0,07,000,00,2,1,02,A01
200900044190,0,07,000,00,2,4,02,B01
200900044191,0,07,000,00,1,1,00,A01
200900044192,0,07,000,00,2,3,02,A01
200900044192,0,33,000,00,2,1,02,B01
200900044193,0,01,000,00,2,1,02,B01
200900044193,0,01,000,00,2,1,02,A01
200900044194,0,33,000,06,0,1,17,A01
200900044195,0,07,000,00,2,2,02,A01
200900044195,0,07,000,00,2,4,01,B01
200900044196,0,07,000,00,2,4,23,B01
200900044196,0,07,000,00,2,1,02,A01
200900044197,0,07,000,08,6,1,01,A01
200900044198,0,30,000,01,0,2,00,A01
200900044199,0,07,000,00,2,1,01,B01
200900044199,0,07,000,00,2,2,15,A01
200900044200,0,33,000,00,2,0,17,A01
200900044200,0,07,000,00,2,5,15,B01
200900044201,0,07,000,00,2,7,01,A01
200900044201,0,07,000,00,2,1,01,B01
200900044202,0,10,000,01,0,1,16,A01
200900044203,0,07,000,00,2,1,15,A01
200900044203,0,07,000,00,2,1,01,B01
200900044204,0,33,000,00,1,3,01,A01
200900044205,0,30,000,00,0,7,01,A01
200900044206,0,07,000,00,2,6,01,B01
200900044206,0,30,000,00,2,1,02,A01
200900044207,0,07,000,00,0,8,01,A01
200900044208,0,07,000,02,0,1,13,A01
200900044209,0,07,000,00,2,3,01,B01
200900044209,0,07,000,12,2,7,01,C01
200900044209,0,07,000,00,2,1,15,A01
200900044210,0,02,000,00,1,1,01,A01
200900044211,0,07,000,00,2,2,02,B01
200900044211,0,30,000,00,2,1,02,A01
200900044212,0,07,000,00,2,4,02,B01
200900044212,0,07,000,00,2,1,02,A01
200900044213,0,10,000,03,0,2,02,A01
200900044214,0,10,000,00,2,5,15,A01
200900044214,0,31,000,00,2,1,02,B01
200900044215,0,07,000,00,2,1,01,A01
200900044215,0,07,000,00,0,8,01,B01
200900044216,0,07,000,00,1,1,01,A01
200900044217,0,31,000,00,2,1,01,B01
200900044217,0,31,000,02,2,5,00,A01
200900044218,0,33,000,00,2,4,02,B01
200900044218,0,07,000,00,2,2,01,A01
200900044219,0,10,000,00,2,3,09,A01
200900044219,0,07,000,00,2,1,23,C01
200900044219,0,33,000,00,2,0,01,B01
200900044220,0,07,000,00,2,6,20,B01
200900044220,0,07,000,08,2,1,01,A01
200900044221,0,07,000,00,2,0,15,A01
200900044221,0,33,000,00,2,5,17,B01
200900044222,0,07,000,00,1,4,20,A01
200900044223,0,07,000,00,2,1,01,B02
200900044223,0,07,000,00,2,1,13,A01
200900044224,0,30,000,00,2,7,01,B01
200900044224,0,07,000,00,2,8,01,A01
200900044225,0,07,000,00,2,1,01,B02
200900044225,0,07,000,00,0,8,10,A01
200900044226,0,07,000,00,2,0,01,B01
200900044226,0,07,000,00,0,0,01,A01
200900044227,0,07,000,00,2,7,01,A01
200900044227,0,07,000,00,2,7,01,B01
200900044228,0,10,000,00,0,2,00,B02
200900044228,0,14,000,00,0,2,00,A01
200900044229,0,33,000,00,2,1,01,B01
200900044229,0,07,000,00,2,5,01,A01
200900044230,0,07,000,00,2,1,01,A01
200900044230,0,07,000,00,2,4,01,B01
200900044231,0,07,000,00,0,1,01,A01
200900044231,0,07,000,00,0,1,01,B02
200900044232,0,02,000,00,2,1,01,A01
200900044232,0,07,000,00,2,4,01,B01
200900044233,0,07,000,13,0,5,01,A01
200900044234,0,07,000,00,2,2,17,A01
200900044234,0,07,000,00,2,8,15,B02
200900044235,0,07,000,00,2,3,01,B02
200900044235,0,07,000,00,2,1,15,A01
200900044236,0,07,000,00,2,3,01,B01
200900044236,0,33,000,00,2,1,17,A01
200900044237,0,07,000,00,2,1,02,A01
200900044237,0,07,000,00,2,4,01,B01
200900044238,0,07,000,16,0,9,01,A01
200900044239,0,33,000,00,2,3,01,A01
200900044239,0,07,000,00,2,1,01,B01
200900044240,0,07,000,00,2,1,01,A01
200900044240,0,07,000,00,2,4,01,B01
200900044241,0,07,000,00,1,5,20,A01
200900044242,0,07,000,00,2,1,01,A01
200900044242,0,07,000,00,2,1,01,B01
200900044243,0,07,000,00,2,1,01,A01
200900044243,0,07,000,00,2,4,01,B01
200900044244,0,07,000,13,0,9,01,A01
200900044245,0,07,000,00,2,1,01,A01
200900044245,0,02,000,00,2,8,01,B01
200900044246,0,30,000,06,0,7,01,A01
200900044247,0,17,000,00,0,8,19,A01
200900044248,0,33,000,00,2,1,01,B01
200900044248,0,07,000,00,2,1,01,A01
200900044249,0,07,000,00,2,4,00,A01
200900044249,0,07,000,00,2,1,00,B01
200900044250,0,02,000,00,2,1,01,A01
200900044250,0,07,000,00,2,8,01,B01
200900044251,0,33,000,00,2,1,01,A01
200900044252,0,07,000,00,2,3,13,A01
200900044252,0,38,001,00,2,3,01,B02
200900044253,0,07,000,00,0,6,15,B02
200900044253,0,30,000,00,2,2,17,A01
200900044254,0,10,000,00,2,7,21,C03
200900044254,0,07,000,00,2,2,01,A01
200900044254,0,07,000,00,2,2,01,B02
200900044255,0,07,000,00,2,1,13,A01
200900044255,0,07,000,00,2,1,01,B02
200900044256,0,30,000,03,0,1,14,A01
200900044257,0,07,000,00,2,1,13,A01
200900044257,0,07,000,00,2,1,01,B02
200900044258,0,07,000,13,0,1,01,A01
200900044259,0,07,000,00,2,3,09,A01
200900044259,0,33,000,00,2,1,17,B01
200900044260,0,07,000,06,0,1,00,A01
200900044261,0,31,000,00,2,1,01,B01
200900044261,0,07,000,00,2,3,09,A01
200900044261,0,37,001,00,2,1,01,C01
200900044262,0,07,000,00,2,1,15,A01
200900044262,0,02,000,00,2,6,01,B01
200900044263,0,33,000,00,2,1,01,B01
200900044263,0,07,000,00,2,1,15,A01
200900044264,0,02,000,00,2,0,09,A01
200900044264,0,02,000,00,2,1,01,B01
200900044265,0,31,000,00,2,1,01,B01
200900044265,0,10,000,00,2,2,00,A01
200900044266,0,14,000,00,2,3,01,B01
200900044266,0,31,000,00,2,1,17,A01
200900044267,0,07,000,00,1,1,01,A01
200900044268,0,07,000,00,2,3,15,B01
200900044268,0,02,000,00,2,2,17,A01
200900044269,0,07,000,00,2,3,09,A01
200900044269,0,02,000,00,2,7,01,B01
200900044270,0,07,000,00,1,1,12,A01
200900044271,0,07,000,00,2,8,15,A01
200900044271,0,31,000,00,2,1,01,B01
200900044272,0,07,000,00,2,2,01,B01
200900044272,0,07,000,00,2,3,15,A01
200900044273,0,33,000,00,2,1,01,B01
200900044273,0,07,000,00,2,3,10,A01
200900044274,0,33,000,00,0,8,01,A01
200900044275,0,33,000,00,2,8,16,A01
200900044275,0,07,000,00,2,8,01,B01
200900044276,0,31,000,00,2,5,01,B01
200900044276,0,10,000,00,0,0,16,C01
200900044276,0,07,000,00,2,3,02,A01
200900044277,0,37,004,00,2,1,01,B01
200900044277,0,31,000,00,2,1,21,A01
200900044278,0,07,000,13,0,2,01,A01
200900044279,0,10,000,00,2,2,15,A01
200900044279,0,10,000,00,2,2,00,B02
200900044280,0,14,000,00,2,1,01,B02
200900044280,0,02,000,00,2,1,13,A01
200900044281,0,07,000,02,0,1,01,A01
200900044282,0,01,000,00,2,1,01,B02
200900044282,0,10,000,00,9,2,15,A01
200900044283,0,38,000,00,0,3,15,B02
200900044283,0,33,000,11,0,7,17,A01
200900044284,0,07,000,00,2,2,01,B02
200900044284,0,07,000,04,2,3,11,A01
200900044285,0,07,000,02,0,1,14,A01
200900044286,0,01,000,00,0,4,02,B02
200900044286,0,07,000,00,0,2,02,A01
200900044287,0,07,000,00,0,2,15,A01
200900044287,0,07,000,00,0,2,02,B02
200900044288,0,07,000,00,1,4,04,A01
200900044289,0,07,000,00,2,3,15,B02
200900044289,0,02,000,00,2,1,01,A01
200900044290,0,07,000,02,0,9,01,A01
200900044291,0,07,000,08,0,3,13,A01
200900044292,0,15,000,00,0,4,02,B02
200900044292,0,10,000,00,2,1,02,A01
200900044293,0,07,000,00,2,1,01,B02
200900044293,0,07,000,14,2,1,13,A01
200900044294,0,16,000,00,0,1,01,B02
200900044294,0,16,000,00,0,2,15,A01
200900044295,0,07,000,00,2,1,00,B02
200900044295,0,02,000,00,2,1,15,A01
200900044296,0,07,000,00,2,3,15,A01
200900044296,0,07,000,00,2,2,00,B02
200900044297,0,33,000,00,9,1,01,A01
200900044298,0,07,000,03,0,7,01,A01
200900044299,0,10,000,00,2,3,01,B02
200900044299,0,07,000,00,0,1,13,A01
200900044300,0,07,000,14,0,2,01,A01
200900044301,0,07,000,02,0,2,00,A01
200900044302,1,14,000,00,1,2,01,A01
200900044303,0,07,000,00,1,3,01,A01
200900044304,0,07,000,06,0,1,13,A01
200900044305,0,10,000,00,2,2,02,A01
200900044305,0,01,000,00,0,4,02,B02
200900044306,0,07,000,00,1,4,04,A01
200900044307,0,07,000,06,0,8,01,A01
200900044308,0,07,000,00,2,2,01,C03
200900044308,0,07,000,00,2,2,13,A01
200900044308,0,07,000,00,2,1,01,B02
200900044309,0,33,000,00,2,1,01,B01
200900044309,0,07,000,00,2,6,06,A01
200900044310,0,07,000,09,0,2,14,A01
200900044311,1,07,000,00,2,0,01,A01
200900044311,0,30,000,00,2,7,01,B01
200900044312,0,07,000,00,1,1,01,A01
200900044313,0,07,000,02,0,2,01,A01
200900044314,0,07,000,00,1,1,01,A01
200900044315,0,07,000,00,1,5,20,A01
200900044316,0,07,000,00,0,0,00,B01
200900044316,0,07,000,00,2,1,00,A01
200900044317,0,07,000,00,2,1,02,A01
200900044317,0,07,000,00,2,4,02,B01
200900044317,0,07,000,00,2,4,02,C01
200900044318,0,07,000,00,1,1,01,A01
200900044319,0,07,000,00,2,1,01,B01
200900044319,0,01,000,00,2,4,15,A01
200900044320,0,07,000,00,1,8,01,A01
200900044321,0,07,000,00,2,1,01,B01
200900044321,2,07,000,00,2,2,19,A01
200900044322,0,07,000,15,0,1,14,A01
200900044323,0,07,000,00,2,4,23,B01
200900044323,0,07,000,00,2,4,23,C01
200900044323,0,07,000,00,2,1,01,A01
200900044324,0,02,000,00,2,7,17,A01
200900044324,0,07,000,00,2,8,15,B01
200900044325,0,07,000,00,2,4,04,A01
200900044325,0,07,000,00,2,3,04,B01
200900044326,0,33,000,00,2,5,01,A01
200900044327,0,07,000,00,2,2,01,B01
200900044327,0,07,000,00,2,8,09,A01
200900044328,0,07,000,00,2,1,01,B01
200900044328,0,07,000,00,2,1,05,A01
200900044329,0,07,000,00,2,0,10,A01
200900044329,0,07,000,00,2,1,01,B01
200900044329,0,07,000,00,2,8,01,C01
200900044330,0,07,000,01,0,2,14,A01
200900044331,0,07,000,03,0,1,14,A01
200900044332,0,07,000,06,0,1,13,A01
200900044333,1,07,000,00,2,1,01,B01
200900044333,0,30,000,00,2,8,09,A01
200900044334,0,07,000,02,0,1,21,A01
200900044335,0,14,000,00,1,5,04,A01
200900044336,0,07,000,00,2,5,09,A01
200900044336,0,33,000,00,2,1,01,B01
200900044337,0,02,000,00,0,8,00,A01
200900044338,0,07,000,00,6,1,01,A01
200900044339,0,07,000,08,0,1,14,A01
200900044340,0,07,000,00,1,1,01,A01
200900044341,0,07,000,00,2,4,01,B01
200900044341,0,10,000,00,2,1,01,A01
200900044341,0,07,000,00,2,4,01,C01
200900044342,0,10,000,00,2,8,01,B01
200900044342,0,07,000,00,2,7,01,A01
200900044343,0,07,000,00,6,3,01,A01
200900044344,0,07,000,06,2,3,13,A01
200900044345,0,07,000,00,1,4,04,A01
200900044346,0,07,000,00,2,3,19,B01
200900044346,0,33,000,00,2,7,01,A01
200900044347,0,07,000,00,1,4,04,A01
200900044348,0,07,000,00,1,1,01,A01
200900044349,0,07,000,00,2,5,15,A01
200900044349,0,33,000,00,2,1,01,B01
200900044350,0,07,000,00,2,3,00,B01
200900044350,0,07,000,00,2,1,01,A01
200900044351,0,07,000,00,0,4,02,C01
200900044351,0,07,000,00,2,1,02,A01
200900044351,0,07,000,00,2,4,02,B01
200900044352,0,07,000,00,2,1,02,A01
200900044352,0,07,000,00,2,4,15,B01
200900044353,0,07,000,00,1,1,01,A01
200900044354,0,07,000,08,0,1,01,A01
200900044355,0,07,000,00,2,4,01,B01
200900044355,0,10,000,00,2,1,01,A01
200900044356,0,30,000,00,2,7,13,A01
200900044356,0,07,000,00,2,8,01,B01
200900044357,0,02,000,00,2,7,01,B01
200900044357,0,07,000,00,2,3,09,A01
200900044358,0,03,000,00,1,1,01,A01
200900044359,0,07,000,13,0,1,00,A01
200900044360,0,33,000,00,2,9,01,B01
200900044360,0,07,000,00,2,8,15,A01
200900044361,0,30,000,00,2,1,16,B01
200900044361,0,07,000,00,2,1,15,A01
200900044362,0,33,000,00,2,1,01,C01
200900044362,0,07,000,00,2,5,19,A01
200900044362,0,33,000,00,2,1,01,B01
200900044363,0,07,000,13,0,9,00,A01
200900044364,0,07,000,08,0,1,14,A01
200900044365,0,07,000,00,1,3,01,A01
200900044366,0,07,000,00,1,0,01,A01
200900044367,0,07,000,00,2,1,01,B01
200900044367,0,07,000,00,2,1,13,A01
200900044368,0,36,000,00,0,0,00,A01
200900044369,0,07,000,00,2,1,01,A01
200900044369,0,07,000,00,2,4,23,B01
200900044370,0,07,000,00,2,1,09,A01
200900044370,0,30,000,00,2,0,01,B01
200900044371,0,07,000,06,0,1,01,A01
200900044372,0,07,000,08,0,1,14,A01
200900044373,0,07,000,00,2,0,15,B01
200900044373,0,07,000,00,2,0,01,A01
200900044374,0,07,000,04,0,7,14,A01
200900044375,0,07,000,00,2,1,02,A01
200900044375,0,07,000,00,2,4,02,C01
200900044375,0,07,000,00,2,4,02,B01
200900044376,0,07,000,00,1,1,01,A01
200900044377,0,30,000,13,0,1,13,A01
200900044378,0,07,000,02,0,0,00,A01
200900044379,2,07,000,00,0,0,00,A01
200900044379,0,07,000,00,2,4,01,B01
200900044380,0,07,000,00,2,1,02,A01
200900044380,0,07,000,00,2,4,02,B01
200900044381,0,33,000,00,0,8,01,A01
200900044382,0,10,000,00,0,1,02,A01
200900044382,0,07,000,00,1,4,00,B02
200900044382,0,14,000,00,0,0,00,C03
200900044383,0,07,000,00,1,2,01,A01
200900044384,0,07,000,00,2,6,01,B01
200900044384,0,31,000,00,2,7,17,A01
200900044385,0,30,000,00,2,8,01,B01
200900044385,0,07,000,00,2,3,15,A01
200900044386,0,07,000,00,2,1,01,B02
200900044386,0,10,000,00,2,1,13,A01
200900044387,0,07,000,00,2,1,13,A01
200900044387,0,07,000,00,2,3,01,B01
200900044388,0,07,000,08,0,1,01,A01
200900044389,0,07,000,00,2,1,13,A01
200900044389,0,07,000,00,2,3,01,B01
200900044390,0,07,000,16,0,8,01,A01
200900044391,0,07,000,00,0,3,13,B02
200900044391,0,32,000,00,0,3,01,A01
200900044392,0,07,000,00,2,8,09,A01
200900044393,0,07,000,00,2,1,21,C03
200900044393,0,07,000,00,2,3,01,B02
200900044393,0,07,000,00,2,1,13,A01
200900044394,0,07,000,13,0,8,01,A01
200900044395,0,07,000,00,2,7,01,B01
200900044395,0,07,000,00,2,1,15,A01
200900044396,0,33,000,00,2,1,01,B01
200900044396,0,07,000,00,2,3,09,A01
200900044397,0,02,000,09,0,1,14,A01
200900044398,0,10,000,00,1,1,21,A01
200900044399,0,07,000,00,2,5,15,A01
200900044399,0,30,000,00,2,8,01,B02
200900044400,0,07,000,00,2,4,01,C01
200900044400,0,07,000,00,2,4,01,B01
200900044400,0,07,000,00,2,1,01,A01
200900044401,0,07,000,13,0,2,01,A01
200900044402,0,07,000,00,2,3,15,B02
200900044402,0,33,000,00,2,1,01,A01
200900044403,0,33,000,00,2,0,17,A01
200900044403,0,07,000,00,2,3,15,B01
200900044404,0,01,000,00,2,1,01,A01
200900044404,1,07,000,00,2,5,16,B01
200900044405,0,07,000,00,0,3,01,A01
200900044405,0,07,000,00,0,3,01,C03
200900044405,0,07,000,00,2,3,13,B02
200900044406,0,30,000,00,0,9,01,A01
200900044407,0,07,000,00,2,4,01,B01
200900044407,0,30,000,00,2,1,02,A01
200900044408,0,07,000,00,2,7,16,A01
200900044408,0,07,000,00,2,1,07,B01
200900044409,0,07,000,00,2,8,09,A01
200900044409,0,30,000,00,2,7,01,B01
200900044410,0,32,000,12,0,7,01,A01
200900044411,0,07,000,02,0,3,01,A01
200900044412,0,30,000,00,2,1,01,B01
200900044412,0,07,000,00,2,1,15,A01
200900044413,0,10,000,00,2,1,01,B02
200900044413,0,30,000,00,2,1,13,A01
200900044414,0,07,000,00,0,1,01,A01
200900044415,0,30,000,00,2,1,01,B01
200900044415,0,07,000,00,2,8,15,A01
200900044416,0,07,000,00,2,1,01,B01
200900044416,0,07,000,00,2,1,05,A01
200900044417,0,07,000,00,2,2,15,A01
200900044417,0,33,000,00,2,1,01,B02
200900044417,0,07,000,00,2,2,01,C03
200900044418,0,07,000,00,2,2,15,A01
200900044418,0,07,000,00,2,3,01,B01
200900044419,0,01,000,00,2,8,01,B01
200900044419,0,07,000,00,2,1,15,A01
200900044420,0,07,000,00,2,1,15,A01
200900044420,0,31,000,00,2,1,01,B02
200900044421,0,07,000,00,2,4,02,B01
200900044421,0,07,000,00,2,1,02,C01
200900044421,0,07,000,00,2,1,02,A01
200900044422,0,07,000,00,2,4,02,B01
200900044422,0,30,000,00,2,1,02,A01
200900044423,0,07,000,00,2,1,02,A01
200900044423,0,33,000,00,2,1,02,B01
200900044424,0,30,000,00,0,0,01,A01
200900044425,0,13,000,00,2,1,01,B01
200900044425,0,07,000,00,2,8,15,A01
200900044426,0,07,000,00,2,3,15,B01
200900044426,0,30,000,00,2,1,17,A01
200900044427,0,33,000,00,9,0,00,B01
200900044427,0,01,000,00,2,0,00,A01
200900044428,0,07,000,13,0,1,13,A01
200900044429,0,07,000,00,2,4,02,B01
200900044429,0,07,000,00,2,1,02,A01
200900044430,0,10,000,00,2,3,01,A01
200900044430,0,30,000,00,2,1,09,B01
200900044431,0,07,000,00,1,2,01,A01
200900044432,0,07,000,00,2,2,01,A01
200900044432,0,07,000,00,2,3,01,B01
200900044433,0,07,000,00,1,1,01,A01
200900044434,0,07,000,03,2,1,01,A01
200900044434,0,07,000,00,2,1,01,B02
200900044435,0,07,000,00,2,1,01,A01
200900044436,0,10,000,00,9,3,05,C01
200900044436,0,10,000,00,9,1,01,A01
200900044436,0,07,000,00,9,3,05,B01
200900044437,0,07,000,00,2,1,01,A01
200900044437,0,07,000,00,2,4,01,B01
200900044438,0,07,000,00,1,3,15,A01
200900044439,0,07,000,00,2,2,15,A01
200900044439,0,31,000,00,2,1,01,B01
200900044440,0,31,000,13,0,1,00,A01
200900044441,0,07,000,00,9,8,04,A01
200900044441,0,40,001,00,2,2,01,B01
200900044442,0,07,000,00,2,3,15,A01
200900044442,0,30,000,00,2,7,17,B01
200900044443,0,07,000,08,0,2,01,A01
200900044444,0,07,000,00,2,3,05,A01
200900044444,0,07,000,00,2,3,01,B01
200900044445,0,07,000,00,2,3,13,A01
200900044445,0,07,000,00,2,3,01,B01
200900044446,0,33,000,00,2,8,01,B01
200900044446,0,07,000,00,2,7,17,A01
200900044447,0,33,000,00,2,8,01,B01
200900044447,0,07,000,00,2,2,09,A01
200900044448,0,07,000,08,0,1,14,A01
200900044449,2,07,000,00,2,1,13,A01
200900044449,0,07,000,00,2,3,00,B01
200900044450,0,07,000,12,0,7,00,A01
200900044451,0,07,000,00,1,3,19,A01