Num_Acc,senc,catv,occutc,obs,obsm,choc,manv,num_veh
200900044452,0,07,000,00,2,8,10,A01
200900044452,0,33,000,00,2,1,01,B01
200900044453,0,99,000,00,2,1,05,B01
200900044453,0,07,000,00,2,1,15,A01
200900044454,1,10,000,00,2,0,15,A01
200900044454,0,32,000,00,0,7,01,B01
200900044455,0,07,000,00,2,1,15,A01
200900044455,0,32,000,00,2,7,01,B01
200900044456,0,07,000,00,2,5,02,C01
200900044456,0,07,000,00,2,4,02,B01
200900044456,0,10,000,00,2,1,02,A01
200900044457,0,34,000,01,0,1,14,A01
200900044457,0,07,000,00,2,3,24,B01
200900044457,0,07,000,00,2,5,24,C01
200900044458,0,10,000,00,2,1,09,A01
200900044458,0,32,000,00,0,7,09,B01
200900044459,0,07,000,00,2,3,09,A01
200900044459,0,33,000,00,2,1,12,B01
200900044460,0,07,000,00,1,7,01,A01
200900044461,0,33,000,00,0,7,01,A01
200900044462,0,01,000,00,2,4,00,B01
200900044462,0,02,000,00,2,1,00,A01
200900044463,0,07,000,00,1,2,01,A01
200900044464,0,30,000,08,0,1,06,A01
200900044465,0,10,000,01,0,2,01,A01
200900044466,0,07,000,00,2,3,15,B01
200900044466,0,33,000,00,2,1,17,A01
200900044467,0,32,000,00,0,0,02,A01
200900044468,0,10,000,00,0,4,01,A01
200900044468,0,10,000,00,2,4,01,B01
200900044469,0,07,000,00,2,1,01,B01
200900044469,0,07,000,00,0,4,23,A01
200900044470,0,07,000,00,2,6,01,A01
200900044470,0,07,000,00,2,2,14,B01
200900044471,0,07,000,04,0,1,12,A01
200900044472,0,07,000,00,0,6,01,A01
200900044473,0,07,000,00,2,1,02,C01
200900044473,0,07,000,00,2,4,02,A01
200900044473,0,07,000,00,2,4,02,B01
200900044474,0,07,000,00,2,4,01,A01
200900044474,0,07,000,00,2,1,02,C01
200900044474,0,07,000,00,2,2,02,B01
200900044475,0,07,000,13,0,2,14,A01
200900044476,0,07,000,00,2,5,12,A01
200900044476,0,33,000,00,2,8,03,B01
200900044477,0,31,000,00,0,8,01,A01
200900044478,0,07,000,03,0,1,01,A01
200900044479,0,07,000,00,2,8,11,B01
200900044479,0,07,000,00,0,7,00,A01
200900044480,0,10,000,06,0,2,00,A01
200900044481,0,07,000,00,0,5,01,A01
200900044481,0,33,000,00,2,1,02,B01
200900044482,0,07,000,04,0,3,13,A01
200900044483,0,33,000,00,0,2,00,A01
200900044484,0,07,000,00,2,5,01,A01
200900044484,0,07,000,00,2,3,01,B01
200900044485,0,07,000,00,0,4,02,A01
200900044485,0,07,000,00,0,4,02,B01
200900044485,0,07,000,00,2,4,02,C01
200900044485,0,38,001,00,2,1,02,D01
200900044486,0,07,000,04,0,3,01,A01
200900044487,0,07,000,03,2,6,00,A01
200900044487,0,10,000,00,2,1,14,B01
200900044488,0,33,000,00,2,3,03,C01
200900044488,0,07,000,00,0,5,02,B01
200900044488,0,07,000,00,0,3,02,A01
200900044489,0,10,000,00,0,4,02,A01
200900044489,0,33,000,00,0,1,02,B01
200900044490,0,07,000,00,2,2,12,B01
200900044490,0,07,000,00,0,8,02,A01
200900044491,0,07,000,04,2,8,13,A01
200900044491,0,07,000,04,0,7,01,B01
200900044492,0,07,000,15,0,1,00,A01
200900044493,0,13,000,05,0,2,02,A01
200900044494,0,07,000,00,0,3,11,A01
200900044495,0,10,000,00,0,4,01,A01
200900044495,0,33,000,00,2,4,02,B01
200900044495,0,10,000,00,2,1,02,C01
200900044496,0,07,000,07,0,1,01,A01
200900044497,0,07,000,00,0,1,00,B01
200900044497,0,07,000,00,2,1,05,A01
200900044498,0,33,000,04,9,1,22,B01
200900044498,0,07,000,00,2,8,21,A01
200900044499,0,07,000,04,0,8,11,A01
200900044500,0,15,000,00,2,1,02,C01
200900044500,0,14,000,00,2,1,02,B01
200900044500,0,17,000,00,2,4,02,A01
200900044501,0,07,000,00,2,9,02,A01
200900044501,0,07,000,00,2,2,14,B01
200900044501,0,07,000,00,2,7,14,C01
200900044502,0,33,000,00,2,3,18,B01
200900044502,0,07,000,00,0,5,12,A01
200900044503,0,07,000,00,2,1,01,B01
200900044503,0,07,000,14,0,1,01,C01
200900044503,0,07,000,00,0,4,01,A01
200900044503,0,07,000,00,2,8,01,D01
200900044504,0,07,000,00,2,8,11,A01
200900044504,0,07,000,00,2,2,21,B01
200900044505,0,07,000,00,2,2,01,A01
200900044505,0,07,000,00,2,2,01,B01
200900044505,0,07,000,00,2,1,00,C01
200900044506,0,07,000,00,2,6,13,B01
200900044506,0,33,000,00,2,2,01,A01
200900044507,0,02,000,12,2,1,01,B01
200900044507,0,07,000,00,2,3,16,A01
200900044508,0,01,000,00,2,6,00,A01
200900044508,0,07,000,00,2,0,00,B01
200900044509,0,07,000,00,0,1,01,A01
200900044510,0,07,000,00,2,1,17,A01
200900044510,0,07,000,00,2,3,02,C03
200900044510,0,07,000,00,2,3,01,B02
200900044511,0,30,000,00,0,7,01,A01
200900044512,2,07,000,00,2,3,13,A01
200900044512,0,07,000,00,2,3,01,B01
200900044513,0,07,000,00,2,2,13,A01
200900044513,0,07,000,00,2,1,01,B02
200900044514,0,07,000,00,0,6,01,B01
200900044514,0,07,000,12,2,2,21,A01
200900044515,0,07,000,00,2,2,19,A01
200900044515,0,07,000,00,2,3,00,B01
200900044516,0,07,000,00,2,5,16,A01
200900044516,0,37,000,00,2,3,01,B01
200900044517,0,07,000,00,2,3,01,B01
200900044517,0,07,000,00,0,8,09,A01
200900044518,0,07,000,00,1,4,04,A01
200900044519,0,07,000,00,0,6,24,B01
200900044519,0,07,000,01,0,6,01,A01
200900044520,0,07,000,03,0,1,01,A01
200900044521,0,07,000,00,2,3,00,B01
200900044521,0,07,000,00,2,1,09,A01
200900044522,0,33,000,00,2,1,01,B01
200900044522,0,07,000,00,2,3,10,A01
200900044523,0,07,000,00,2,4,02,B01
200900044523,0,07,000,00,2,4,02,A01
200900044523,0,07,000,00,2,1,02,C01
200900044524,0,99,000,00,2,3,15,A01
200900044524,0,32,000,00,2,1,01,B01
200900044525,0,07,000,00,1,2,15,A01
200900044525,0,01,000,00,2,1,01,B01
200900044526,0,07,000,00,2,8,01,B01
200900044526,0,07,000,00,2,1,01,A01
200900044527,0,07,000,00,2,3,01,C01
200900044527,0,07,000,00,2,3,01,D01
200900044527,0,07,000,03,2,3,01,B01
200900044527,0,07,000,00,2,3,13,A01
200900044528,0,33,000,00,2,1,01,B01
200900044528,0,07,000,00,0,0,03,A01
200900044529,0,33,000,06,0,1,01,A01
200900044530,0,07,000,00,1,2,01,A01
200900044531,0,33,000,00,9,1,01,A01
200900044532,0,33,000,00,2,1,01,B01
200900044532,0,07,000,00,2,2,16,A01
200900044533,0,33,000,00,2,8,17,A01
200900044533,0,07,000,00,0,8,15,B01
200900044534,0,07,000,00,2,1,09,B01
200900044534,0,07,000,00,2,9,01,A01
200900044535,0,07,000,04,0,3,02,B01
200900044535,0,02,000,00,2,1,02,A01
200900044535,0,07,000,00,0,4,02,C01
200900044535,0,07,000,00,2,1,02,D01
200900044536,0,07,000,00,2,1,01,A01
200900044536,0,07,000,00,2,4,01,B01
200900044537,0,14,000,00,2,3,01,A01
200900044537,0,07,000,00,2,8,19,B02
200900044538,0,07,000,00,2,1,05,B02
200900044538,0,07,000,00,2,1,01,A01
200900044539,0,07,000,03,0,1,01,A01
200900044540,0,07,000,00,2,2,01,B02
200900044540,0,10,000,00,0,8,02,A01
200900044541,0,07,000,00,0,2,01,A01
200900044542,0,07,000,00,0,4,23,A01
200900044542,0,07,000,01,0,1,01,B02
200900044543,0,07,000,03,0,3,11,A01
200900044544,0,07,000,15,0,1,13,A01
200900044545,0,31,000,00,2,7,01,A01
200900044545,0,07,000,00,2,2,15,B02
200900044546,0,07,000,00,9,5,06,A01
200900044546,0,01,000,00,2,1,01,B02
200900044547,0,07,000,00,2,2,17,A01
200900044547,0,99,000,00,2,1,24,C03
200900044547,0,07,000,00,2,6,01,B02
200900044548,0,07,000,03,0,3,01,A01
200900044549,0,07,000,02,2,1,01,A01
200900044549,0,07,000,00,2,4,01,B02
200900044549,0,07,000,00,2,8,01,C03
200900044550,0,10,000,00,2,1,19,A01
200900044550,0,30,000,00,2,7,17,B02
200900044551,0,07,000,02,0,1,13,A01
200900044552,0,07,000,00,2,3,13,A01
200900044552,0,17,000,00,2,3,01,B02
200900044553,0,07,000,00,0,2,01,A01
200900044554,0,07,000,00,0,2,01,A01
200900044555,0,07,000,13,0,2,14,A01
200900044556,0,07,000,00,2,3,17,A01
200900044556,0,07,000,00,2,1,01,B02
200900044557,0,07,000,06,0,1,01,A01
200900044558,0,30,000,00,2,8,01,A01
200900044558,0,07,000,00,2,8,01,B02
200900044559,0,33,000,00,0,7,01,A01
200900044560,0,07,000,00,2,1,01,B02
200900044560,0,07,000,00,2,2,19,A01
200900044561,0,07,000,00,2,1,01,A01
200900044561,0,07,000,00,2,7,04,B02
200900044562,0,07,000,04,2,1,21,A01
200900044563,0,07,000,00,2,5,02,B02
200900044563,0,33,000,00,2,3,02,A01
200900044564,0,02,000,00,2,1,01,A01
200900044564,0,07,000,00,2,5,19,B02
200900044565,0,30,000,00,1,1,01,A01
200900044566,0,07,000,00,2,2,01,A01
200900044566,0,14,000,00,2,3,16,B02
200900044567,0,07,000,00,2,3,01,B02
200900044567,0,07,000,00,2,3,17,A01
200900044568,0,33,000,00,2,1,01,A01
200900044568,0,30,000,00,0,4,11,B02
200900044569,0,07,000,00,1,1,02,A01
200900044570,0,10,000,00,0,5,01,B01
200900044570,0,10,000,00,2,1,20,A01
200900044571,0,07,000,00,0,1,05,A01
200900044571,0,10,000,00,0,1,01,B01
200900044572,0,10,000,00,2,3,02,A01
200900044572,0,10,000,00,0,5,15,B01
200900044573,0,01,000,00,2,8,15,B01
200900044573,0,07,000,00,2,2,17,A01
200900044574,0,07,000,00,2,1,01,C01
200900044574,0,07,000,00,2,3,01,A01
200900044574,0,07,000,00,2,3,01,B01
200900044575,0,07,000,00,2,3,01,A01
200900044575,0,01,000,00,2,1,01,B01
200900044576,0,30,000,02,0,1,13,A01
200900044577,0,07,000,00,2,2,13,A01
200900044577,0,07,000,00,2,1,01,B01
200900044578,0,07,000,00,0,4,24,B01
200900044578,0,02,000,01,0,1,01,A01
200900044579,0,33,000,08,0,1,01,A01
200900044580,0,07,000,08,0,2,01,A01
200900044581,0,30,000,00,2,8,01,B01
200900044581,1,07,000,00,2,7,00,A01
200900044582,0,30,000,00,0,1,12,A01
200900044582,0,10,000,00,2,6,01,B01
200900044583,0,02,000,00,1,1,01,A01
200900044584,0,07,000,01,2,1,01,B01
200900044584,0,07,000,00,2,7,15,A01
200900044585,0,33,000,01,2,1,17,B01
200900044585,0,07,000,00,2,8,10,A01
200900044586,0,33,000,00,2,1,02,A01
200900044586,0,07,000,00,2,6,15,B01
200900044587,0,07,000,00,9,1,00,B01
200900044587,0,01,000,00,2,0,00,A01
200900044588,0,07,000,00,2,7,01,B01
200900044588,0,07,000,00,2,1,01,A01
200900044589,0,32,000,08,0,1,01,A01
200900044590,1,07,000,00,1,4,04,A01
200900044591,1,07,000,00,1,3,01,A01
200900044592,0,13,000,00,2,1,02,A01
200900044592,0,02,000,00,0,4,02,B01
200900044593,0,37,001,00,1,2,01,A01
200900044594,0,02,000,00,2,2,17,A01
200900044594,0,07,000,00,2,3,15,B01
200900044595,0,07,000,01,0,0,00,A01
200900044596,0,32,000,00,1,1,01,A01
200900044597,0,07,000,00,0,9,00,A01
200900044598,0,07,000,00,1,1,11,A01
200900044599,0,07,000,00,2,3,15,A01
200900044599,0,07,000,00,2,1,01,B01
200900044600,0,07,000,00,1,2,02,A01
200900044601,0,07,000,00,1,1,01,A01
200900044602,0,07,000,00,2,3,01,B01
200900044602,0,33,000,00,2,1,01,A01
200900044603,1,07,000,00,1,0,00,A01
200900044604,0,30,000,08,0,1,07,A01
200900044605,0,07,000,00,1,7,01,A01
200900044606,0,07,000,00,2,0,00,A01
200900044606,0,30,000,00,2,0,01,B01
200900044607,0,07,000,00,2,1,02,A01
200900044607,0,07,000,00,2,4,02,B01
200900044607,0,07,000,00,2,4,02,C01
200900044608,0,07,000,00,2,2,00,B01
200900044608,0,07,000,00,2,7,00,A01
200900044609,0,07,000,00,1,2,01,A01
200900044610,0,07,000,00,2,1,02,A01
200900044610,0,07,000,00,2,4,02,B01
200900044611,0,07,000,00,2,4,02,B01
200900044611,0,07,000,00,2,1,01,A01
200900044612,0,07,000,00,0,0,00,A01
200900044613,0,07,000,00,2,2,00,B01
200900044613,0,07,000,00,2,3,15,A01
200900044614,0,07,000,00,2,1,10,A01
200900044614,0,33,000,00,2,1,01,B01
200900044615,0,07,000,00,2,4,01,B01
200900044615,0,07,000,00,2,1,01,A01
200900044616,0,07,000,00,1,3,01,A01
200900044617,0,07,000,00,2,7,16,B01
200900044617,0,30,000,00,2,1,01,A01
200900044618,0,02,000,00,2,1,00,A01
200900044618,0,07,000,00,2,1,01,B01
200900044619,0,07,000,00,2,1,02,B01
200900044619,0,07,000,00,2,8,00,A01
200900044620,0,07,000,00,1,4,04,A01
200900044621,0,10,000,00,0,4,23,B01
200900044621,0,07,000,00,2,1,01,A01
200900044622,0,07,000,00,2,3,15,A01
200900044622,0,07,000,00,2,1,01,B01
200900044623,0,07,000,00,2,3,09,A01
200900044623,0,07,000,00,2,2,09,B01
200900044624,0,07,000,00,1,4,04,A01
200900044625,0,07,000,00,1,2,01,A01
200900044626,0,02,000,00,0,1,16,A01
200900044626,0,07,000,00,0,1,15,B01
200900044627,0,07,000,00,2,3,15,B01
200900044627,0,33,000,00,2,1,17,A01
200900044628,0,33,000,00,2,1,01,A01
200900044628,0,07,000,00,2,2,15,B01
200900044629,0,31,000,00,2,8,21,A01
200900044629,0,07,000,00,2,0,15,B01
200900044630,0,07,000,00,0,2,10,A01
200900044630,0,30,000,00,2,8,02,B01
200900044631,0,07,000,00,2,8,11,A01
200900044631,0,30,000,00,2,7,21,B01
200900044632,0,07,000,00,1,1,16,A01
200900044633,0,07,000,03,0,2,01,A01
200900044634,0,07,000,00,2,1,09,A01
200900044634,0,07,000,00,2,1,00,B01
200900044634,0,07,000,00,2,1,00,C01
200900044635,0,07,000,00,0,2,15,B01
200900044635,0,02,000,00,0,1,01,A01
200900044636,0,02,000,00,2,5,01,A01
200900044636,0,07,000,00,2,3,15,B01
200900044637,0,30,000,15,0,1,02,A01
200900044638,0,07,000,01,0,0,00,A01
200900044638,0,33,000,00,0,0,00,B01
200900044639,0,33,000,00,2,4,03,B01
200900044639,0,30,000,00,2,1,03,A01
200900044640,0,07,000,01,0,0,21,A01
200900044641,0,30,000,00,1,1,01,A01
200900044642,0,07,000,00,2,7,01,A01
200900044642,0,33,000,00,2,1,01,B01
200900044643,0,07,000,00,2,1,02,A01
200900044643,0,07,000,00,2,4,02,B01
200900044643,0,07,000,00,2,4,02,C01
200900044644,0,07,000,00,2,3,01,A01
200900044644,0,32,000,00,2,2,01,B01
200900044645,0,07,000,00,2,3,09,A01
200900044645,0,02,000,00,2,1,17,B01
200900044646,0,34,000,00,1,1,18,A01
200900044647,0,07,000,00,2,3,15,A01
200900044647,0,34,000,00,2,5,01,B01
200900044648,0,07,000,00,2,1,02,A01
200900044648,0,07,000,00,2,4,02,B01
200900044649,0,07,000,00,2,1,01,B01
200900044649,0,99,000,00,2,4,04,A01
200900044650,0,07,000,00,2,7,12,A01
200900044650,0,33,000,00,2,8,18,B01
200900044651,1,07,000,00,2,7,01,A01
200900044651,0,01,000,00,2,8,01,B01
200900044652,0,07,000,00,2,2,16,B01
200900044652,0,07,000,00,2,3,16,A01
200900044653,0,07,000,00,2,7,01,B01
200900044653,0,30,000,00,2,8,18,A01
200900044654,0,32,000,00,1,1,01,A01
200900044655,1,07,000,00,2,1,11,A01
200900044655,0,07,000,00,2,1,13,B01
200900044656,0,07,000,00,2,3,09,A01
200900044656,0,07,000,00,2,2,01,B01
200900044657,0,07,000,01,1,2,01,A01
200900044658,0,07,000,04,0,2,01,A01
200900044659,0,31,000,00,0,2,01,A01
200900044659,1,02,000,00,2,0,00,B01
200900044660,0,07,000,00,2,1,01,B01
200900044660,0,33,000,00,2,8,06,A01
200900044661,1,07,000,00,1,7,15,A01
200900044662,0,07,000,00,2,1,02,A01
200900044662,0,07,000,00,2,4,02,B01
200900044663,0,30,000,00,0,6,01,A01
200900044663,0,07,000,00,0,2,01,B01
200900044664,0,07,000,00,2,7,01,B01
200900044664,0,07,000,00,2,1,01,A01
200900044665,1,07,000,00,2,4,19,A01
200900044665,0,07,000,00,2,1,01,B01
200900044666,0,07,000,00,2,2,12,A01
200900044666,0,07,000,00,0,6,02,B01
200900044667,0,30,000,00,1,3,01,A01
200900044668,0,07,000,00,0,2,01,A01
200900044668,0,33,000,00,2,1,01,B01
200900044669,0,33,000,00,6,1,01,A01
200900044670,0,07,000,00,2,8,10,A01
200900044670,0,33,000,00,2,1,01,B01
200900044671,0,07,000,00,2,1,02,A01
200900044671,0,07,000,00,2,9,02,B01
200900044671,0,07,000,00,2,4,02,C01
200900044672,0,07,000,00,0,0,12,A01
200900044672,0,30,000,00,2,1,01,B01
200900044673,0,33,000,00,1,3,01,B01
200900044673,0,33,000,00,2,1,01,C01
200900044674,0,07,000,00,2,1,19,A01
200900044674,0,07,000,00,2,3,01,B01
200900044675,0,07,000,00,0,1,01,A01
200900044676,1,07,000,00,1,1,00,A01
200900044677,0,07,000,00,1,0,00,A01
200900044678,0,07,000,00,0,6,00,B01
200900044678,0,02,000,00,2,7,21,A01
200900044679,0,07,000,00,1,1,15,A01
200900044680,0,33,000,00,2,7,01,B01
200900044680,0,07,000,00,2,7,24,A01
200900044681,0,07,000,01,0,2,01,A01
200900044681,0,02,000,01,0,8,09,B01
200900044682,0,07,000,00,1,0,01,A01
200900044683,0,07,000,00,2,1,01,A01
200900044683,0,34,000,00,2,1,01,B01
200900044684,0,07,000,00,2,3,15,B01
200900044684,0,32,000,00,2,1,03,A01
200900044685,0,07,000,02,0,0,00,B01
200900044685,0,30,000,00,2,3,01,A01
200900044686,0,31,000,00,0,0,01,A01
200900044687,0,07,000,00,2,7,01,A01
200900044687,0,33,000,00,2,1,01,B01
200900044688,1,07,000,00,2,1,09,A01
200900044688,0,30,000,00,2,7,01,B01
200900044689,0,10,000,00,2,1,19,A01
200900044689,0,32,000,00,2,7,01,B01
200900044690,0,30,000,00,2,3,17,A01
200900044690,0,07,000,00,2,8,01,B01
200900044691,0,07,000,00,2,5,09,A01
200900044691,0,07,000,00,2,3,09,B01
200900044692,0,07,000,00,2,1,01,A01
200900044692,0,07,000,00,2,6,01,B01
200900044693,0,30,000,00,0,8,01,A01
200900044694,0,07,000,00,2,3,02,B01
200900044694,0,07,000,00,2,2,01,A01
200900044695,0,30,000,00,1,1,00,A01
200900044696,0,07,000,00,2,8,13,A01
200900044696,0,32,000,00,2,7,01,B01
200900044697,0,30,000,00,2,1,02,A01
200900044697,0,30,000,00,2,4,01,B01
200900044698,0,07,000,01,0,1,15,A01
200900044699,0,07,000,00,2,1,15,A01
200900044699,0,07,000,00,2,1,07,B01
200900044700,0,07,000,00,0,7,01,A01
200900044700,0,07,000,00,0,1,01,B01
200900044701,0,30,000,00,1,1,18,A01
200900044702,0,07,000,00,2,7,20,A01
200900044702,0,33,000,00,2,1,01,B01
200900044703,0,31,000,00,2,1,02,A01
200900044703,0,07,000,00,0,4,02,B01
200900044704,0,07,000,00,2,2,01,A01
200900044704,0,30,000,00,2,4,01,B01
200900044705,0,07,000,00,2,8,15,B01
200900044705,0,32,000,00,2,1,02,A01
200900044706,0,07,000,00,2,1,01,B01
200900044706,1,07,000,00,2,0,01,A01
200900044707,0,02,000,00,1,1,01,A01
200900044708,0,07,000,00,1,2,02,A01
200900044709,0,10,000,00,2,6,00,C01
200900044709,0,07,000,00,2,6,00,B01
200900044709,0,07,000,00,2,2,00,A01
200900044710,0,07,000,00,1,3,01,A01
200900044711,0,30,000,00,2,1,01,A01
200900044711,0,07,000,00,2,2,01,B01
200900044712,0,07,000,01,1,2,00,A01
200900044712,0,34,000,00,0,1,00,B01
200900044713,0,37,000,00,2,3,00,B01
200900044713,0,07,000,00,9,3,00,A01
200900044714,0,07,000,00,2,8,15,A01
200900044714,0,32,000,00,2,1,21,B01
200900044715,0,34,000,00,2,1,17,A01
200900044715,0,07,000,00,2,8,15,B01
200900044716,0,07,000,00,2,3,00,A01
200900044716,0,02,000,00,2,1,17,B01
200900044717,0,07,000,00,0,0,02,A01
200900044718,0,33,000,12,0,1,01,A01
200900044719,0,33,000,00,0,3,02,A01
200900044719,0,07,000,00,0,3,11,B01
200900044720,0,07,000,00,9,0,01,A01
200900044720,0,01,000,00,2,0,00,B01
200900044721,0,07,000,00,1,2,00,A01
200900044722,0,30,000,00,2,8,13,A01
200900044722,0,07,000,00,2,3,01,B01
200900044723,0,07,000,00,2,2,00,A01
200900044723,0,30,000,00,2,1,00,B01
200900044724,0,33,000,00,2,1,23,B01
200900044724,0,10,000,00,2,4,04,A01
200900044725,0,07,000,00,0,0,15,A01
200900044725,0,33,000,00,2,7,02,B01
200900044726,0,30,000,00,2,1,17,A01
200900044726,0,07,000,00,2,3,15,B01
200900044727,0,02,000,01,0,2,02,B01
200900044727,0,07,000,00,0,3,01,A01
200900044728,0,07,000,00,0,3,15,B01
200900044728,0,02,000,00,0,1,00,A01
200900044729,0,31,000,00,2,1,01,B01
200900044729,0,07,000,00,2,7,10,A01
200900044730,0,07,000,00,2,1,02,B01
200900044730,0,31,000,00,2,8,01,A01
200900044731,0,07,000,00,0,3,15,A01
200900044731,0,33,000,00,0,1,01,B01
200900044732,0,07,000,00,2,1,02,A01
200900044732,0,07,000,00,0,4,02,B01
200900044733,0,30,000,00,2,5,17,A01
200900044733,0,07,000,00,2,3,17,B01
200900044734,0,07,000,00,2,9,02,B01
200900044734,0,10,000,00,2,1,02,A01
200900044734,0,10,000,00,2,4,02,C01
200900044735,1,13,000,00,2,3,01,A01
200900044735,0,30,000,00,2,1,01,B01
200900044736,0,07,000,01,0,0,00,B01
200900044736,0,07,000,01,0,0,00,A01
200900044737,0,07,000,00,2,1,01,A01
200900044737,0,07,000,00,2,4,01,B01
200900044738,1,07,000,00,0,0,02,B01
200900044738,0,07,000,00,0,6,02,A01
200900044739,1,10,000,00,0,0,00,A01
200900044739,0,02,000,00,2,0,01,B01
200900044740,0,07,000,00,1,2,17,A01
200900044741,0,34,000,08,0,1,01,A01
200900044742,1,07,000,00,1,3,01,A01
200900044743,0,07,000,00,0,1,00,A01
200900044744,1,07,000,00,2,1,02,A01
200900044744,0,07,000,00,2,4,02,B01
200900044745,0,07,000,00,0,2,10,A01
200900044745,0,33,000,00,2,1,02,B01
200900044746,0,07,000,00,2,5,15,A01
200900044746,0,31,000,00,2,1,01,B01
200900044747,0,33,000,11,0,1,01,A01
200900044748,0,07,000,00,1,7,01,A01
200900044749,0,07,000,00,2,3,00,B01
200900044749,0,33,000,00,2,3,00,A01
200900044750,0,07,000,00,0,1,24,B01
200900044750,0,33,000,00,0,0,02,A01
200900044751,0,32,000,00,2,2,00,A01
200900044751,0,99,000,00,0,2,02,B01
200900044752,0,07,000,00,0,0,00,A01
200900044753,0,32,000,00,1,1,01,A01
200900044754,0,31,000,00,2,3,00,A01
200900044754,0,02,000,00,2,1,00,B01
200900044755,0,07,000,00,1,1,01,A01
200900044756,0,32,000,00,2,5,15,B01
200900044756,0,07,000,00,2,3,17,A01
200900044757,0,07,000,00,1,4,04,A01
200900044758,0,07,000,04,1,1,00,A01
200900044759,0,32,000,00,1,0,18,A01
200900044760,0,07,000,00,1,1,01,A01
200900044761,0,32,000,00,2,1,01,B01
200900044761,0,07,000,00,2,1,15,A01
200900044762,0,07,000,00,2,2,15,A01
200900044762,0,33,000,00,2,1,01,B01
200900044763,0,07,000,00,2,1,10,A01
200900044763,0,07,000,00,2,7,01,B01
200900044764,0,32,000,00,2,8,05,C01
200900044764,0,33,000,00,2,4,02,B01
200900044764,0,07,000,00,2,1,02,A01
200900044765,0,32,000,00,2,1,01,B01
200900044765,0,07,000,00,2,2,10,A01
200900044766,1,32,000,00,1,0,01,A01
200900044766,0,07,000,00,2,3,01,B01
200900044767,0,10,000,00,1,4,00,A01
200900044768,0,07,000,00,2,1,01,A01
200900044768,0,32,000,00,2,1,01,B01
200900044769,0,32,000,00,2,1,02,A01
200900044769,0,07,000,00,0,0,23,B01
200900044770,0,32,000,00,2,7,06,B01
200900044770,1,07,000,00,2,7,05,A01
200900044771,0,32,000,00,1,1,00,A01
200900044772,0,33,000,00,1,1,00,A01
200900044773,0,33,000,00,0,1,00,D01
200900044773,0,07,000,00,0,3,00,C01
200900044773,0,33,000,00,1,1,17,B01
200900044774,0,07,000,01,0,2,00,A01
200900044774,0,02,000,00,0,2,00,B01
200900044775,0,07,000,00,2,1,00,B01
200900044775,0,30,000,00,2,0,00,A01
200900044776,0,02,000,00,1,1,00,A01
200900044777,0,07,000,00,1,1,01,A01
200900044778,0,07,000,00,1,1,01,A01
200900044779,0,02,000,00,2,0,01,A01
200900044779,0,07,000,00,1,1,01,B02
200900044780,0,07,000,00,0,9,01,A01
200900044781,0,07,000,13,0,2,01,A01
200900044782,0,07,000,00,2,3,01,B02
200900044782,0,07,000,00,2,3,15,A01
200900044783,0,10,000,00,1,6,04,A01
200900044784,0,07,000,02,0,9,01,A01
200900044785,0,07,000,00,2,3,01,B02
200900044785,0,30,000,00,2,1,13,A01
200900044786,0,31,000,00,2,1,01,B01
200900044786,0,21,000,00,2,6,15,A01
200900044787,0,07,000,00,2,1,01,A01
200900044787,0,07,000,00,2,7,01,B01
200900044788,0,15,000,00,2,1,01,B01
200900044788,0,07,000,00,2,1,01,A01
200900044789,0,07,000,00,1,2,01,A01
200900044790,0,07,000,00,1,1,01,A01
200900044791,0,07,000,00,2,1,05,A01
200900044791,0,07,000,00,2,1,01,B01
200900044792,0,07,000,00,2,4,01,B01
200900044792,0,33,000,00,2,1,09,A01
200900044793,0,07,000,02,0,9,01,A01
200900044794,0,33,000,00,0,9,01,A01
200900044795,0,07,000,00,2,1,02,A01
200900044795,0,07,000,00,2,4,23,B01
200900044796,0,02,000,00,2,1,01,B01
200900044796,0,07,000,00,2,1,15,A01
200900044797,0,07,000,00,1,1,15,A01
200900044798,0,07,000,00,2,4,12,A01
200900044798,0,07,000,00,2,1,01,B01
200900044799,0,07,000,00,2,4,02,C01
200900044799,0,07,000,00,2,1,02,A01
200900044799,0,07,000,00,2,4,02,B01
200900044800,0,07,000,00,2,3,15,A01
200900044800,0,02,000,00,2,1,01,B01
200900044801,0,07,000,00,0,9,01,A01
200900044802,0,07,000,00,2,1,13,A01
200900044802,0,10,000,00,2,1,01,B02
200900044803,0,07,000,03,0,3,01,A01
200900044804,0,07,000,00,0,1,00,A01
200900044805,0,30,000,00,0,1,01,A01
200900044806,0,07,000,00,1,1,01,A01
200900044807,0,07,000,00,2,1,01,A01
200900044807,0,07,000,00,2,4,23,B01
200900044808,0,02,000,00,2,1,02,A01
200900044808,0,07,000,00,0,4,01,B01
200900044809,0,07,000,00,2,1,01,B01
200900044809,0,07,000,00,2,8,09,A01
200900044810,0,33,000,00,2,7,02,A01
200900044810,0,07,000,00,2,4,23,B01
200900044811,0,07,000,00,2,0,00,A01
200900044812,0,07,000,11,0,1,01,A01
200900044813,0,07,000,00,2,2,09,A01
200900044813,0,33,000,00,2,1,01,B01
200900044814,0,32,000,02,0,1,01,A01
200900044815,0,07,000,00,1,5,01,A01
200900044816,0,02,000,00,2,1,18,B01
200900044816,0,07,000,00,2,2,15,A01