Num_Acc,senc,catv,occutc,obs,obsm,choc,manv,num_veh
200900044817,0,07,000,00,2,1,02,A01
200900044817,0,07,000,00,2,4,23,B01
200900044818,0,15,000,00,2,3,11,A01
200900044818,0,07,000,00,2,8,01,B01
200900044819,0,07,000,00,2,3,13,A01
200900044819,0,02,000,00,2,1,01,B02
200900044820,0,10,000,00,2,0,01,B01
200900044820,0,07,000,00,2,1,01,A01
200900044821,0,17,000,03,0,3,13,A01
200900044822,0,30,000,00,2,1,02,A01
200900044822,0,07,000,00,2,4,23,B01
200900044823,0,17,000,00,0,0,00,A01
200900044824,0,07,000,00,2,3,15,A01
200900044824,0,02,000,00,2,1,01,B01
200900044825,0,07,000,02,0,8,01,A01
200900044826,0,07,000,00,0,7,01,A01
200900044827,0,07,000,00,0,3,01,B02
200900044827,0,02,000,00,0,3,19,A01
200900044828,0,07,000,00,2,4,02,B01
200900044828,0,07,000,00,2,1,02,A01
200900044828,0,07,000,00,2,4,23,C01
200900044829,0,07,000,00,2,1,21,B01
200900044829,0,07,000,00,2,7,09,A01
200900044830,0,33,000,00,2,1,01,A01
200900044830,0,07,000,00,2,0,01,B01
200900044831,0,07,000,00,2,3,01,B01
200900044831,0,07,000,00,2,2,01,A01
200900044832,0,07,000,00,2,8,01,B01
200900044832,0,07,000,00,2,1,01,A01
200900044833,0,02,000,00,2,1,17,A01
200900044833,0,07,000,00,2,8,15,B02
200900044834,0,07,000,13,0,2,01,A01
200900044835,0,07,000,00,2,1,01,A01
200900044835,0,07,000,00,2,1,01,B02
200900044835,0,10,000,00,2,7,19,C03
200900044836,0,07,000,00,2,2,02,B02
200900044836,0,07,000,00,2,3,09,A01
200900044837,0,07,000,00,1,2,01,A01
200900044838,0,07,000,00,2,1,02,A01
200900044838,0,07,000,00,0,4,01,B01
200900044839,0,07,000,08,0,1,16,A01
200900044840,0,07,000,00,2,1,01,A01
200900044840,0,07,000,00,0,4,01,B01
200900044841,0,07,000,00,2,2,02,A01
200900044841,0,07,000,00,2,6,02,B01
200900044841,0,07,000,00,0,5,02,C01
200900044842,0,10,000,00,2,2,01,B02
200900044842,0,07,000,00,2,3,13,A01
200900044843,0,07,000,00,1,2,00,A01
200900044844,0,14,000,00,2,3,01,C03
200900044844,0,33,000,00,2,3,19,A01
200900044844,0,07,000,00,2,3,17,E05
200900044844,0,07,000,00,2,3,17,B02
200900044845,0,17,000,08,0,1,21,A01
200900044846,0,10,000,00,1,2,01,A01
200900044847,0,17,000,00,2,3,01,A01
200900044847,0,07,000,00,2,3,13,B02
200900044848,0,07,000,08,0,3,01,B02
200900044848,0,07,000,00,2,2,19,A01
200900044849,0,07,000,00,2,1,13,A01
200900044849,0,10,000,00,2,1,01,B02
200900044850,0,14,000,00,2,3,01,A01
200900044850,0,38,000,00,2,3,01,B02
200900044851,0,07,000,12,2,3,19,A01
200900044851,0,10,000,00,2,1,19,B02
200900044852,0,07,000,00,2,5,19,A01
200900044852,0,01,000,00,2,1,01,B02
200900044853,1,07,000,00,1,2,01,A01
200900044854,0,10,000,00,2,8,15,B02
200900044854,0,33,000,00,2,7,17,A01
200900044855,0,07,000,00,0,0,00,A01
200900044856,0,01,000,,2,1,02,A01
200900044856,0,07,000,,2,5,23,B01
200900044857,0,07,000,06,0,3,01,A01
200900044858,0,07,000,00,2,4,23,B01
200900044858,0,07,000,00,2,1,02,A01
200900044859,0,07,000,00,1,2,01,A01
200900044860,0,07,000,01,0,1,01,A01
200900044861,0,01,000,00,2,3,01,B01
200900044861,0,07,000,00,2,2,16,A01
200900044862,0,07,000,00,2,7,15,A01
200900044862,0,32,000,00,2,1,01,B01
200900044863,0,07,000,00,1,2,01,A01
200900044864,0,07,000,00,2,1,02,A01
200900044864,0,07,000,00,2,4,23,B01
200900044865,0,07,000,00,2,3,13,A01
200900044865,0,07,000,00,2,3,01,B02
200900044866,0,02,000,14,0,1,13,A01
200900044867,0,07,000,00,1,3,01,A01
200900044868,0,30,000,00,0,0,01,A01
200900044869,0,07,000,00,2,3,01,B02
200900044869,0,30,000,00,2,2,01,A01
200900044870,0,10,000,00,2,1,01,B02
200900044870,0,30,000,00,2,1,01,A01
200900044871,0,07,000,00,1,3,01,A01
200900044872,0,07,000,02,0,1,01,A01
200900044873,0,07,000,13,0,1,00,A01
200900044874,0,07,000,00,2,4,23,A01
200900044874,0,07,000,00,2,1,01,B02
200900044875,0,17,000,00,2,1,00,B02
200900044875,0,07,000,00,2,6,19,A01
200900044876,0,39,000,00,2,1,01,B02
200900044876,0,07,000,00,4,8,01,A01
200900044877,0,17,000,00,2,4,01,B02
200900044877,0,10,000,00,0,5,01,A01
200900044877,0,10,000,00,2,9,01,D04
200900044877,0,14,000,00,2,1,01,E05
200900044878,0,07,000,00,2,1,01,A01
200900044878,0,07,000,00,2,4,15,B02
200900044879,0,33,000,14,0,1,01,A01
200900044880,0,07,000,00,1,1,01,A01
200900044881,0,33,000,03,0,1,01,A01
200900044882,0,03,000,00,0,1,01,A01
200900044883,0,30,000,00,0,2,01,A01
200900044884,0,07,000,00,2,1,03,A01
200900044884,0,07,000,00,2,1,02,B02
200900044885,0,07,000,00,2,1,21,A01
200900044885,0,20,000,00,2,4,15,B02
200900044886,0,07,000,00,1,3,19,A01
200900044887,0,07,000,00,2,3,13,A01
200900044887,0,07,000,00,2,2,01,C03
200900044887,0,07,000,00,2,3,01,B02
200900044888,0,07,000,13,0,1,01,A01
200900044889,0,07,000,00,2,1,15,A01
200900044889,0,07,000,00,2,3,01,B02
200900044890,0,10,000,00,9,0,01,B02
200900044890,0,15,000,00,9,0,01,A01
200900044891,0,14,000,06,2,3,01,A01
200900044891,0,17,000,00,2,8,01,B02
200900044892,0,30,000,00,1,1,21,A01
200900044893,0,07,000,00,1,1,01,A01
200900044894,0,07,000,01,2,4,15,B01
200900044894,0,15,000,00,2,1,01,A01
200900044895,0,07,000,00,2,1,01,A01
200900044895,0,15,000,00,2,6,01,B01
200900044896,0,07,000,00,1,2,01,A01
200900044897,0,30,000,00,2,1,11,B01
200900044897,0,07,000,00,2,4,11,A01
200900044898,0,02,000,00,2,0,00,A01
200900044898,1,07,000,00,2,0,00,B01
200900044899,0,07,000,00,2,1,15,A01
200900044899,0,01,000,00,2,1,01,B01
200900044900,0,07,000,00,2,8,19,A01
200900044900,0,33,000,00,2,1,01,B01
200900044901,0,07,000,01,2,2,09,B01
200900044901,0,07,000,00,2,1,01,A01
200900044902,0,07,000,00,2,8,09,A01
200900044902,0,02,000,00,2,1,01,B01
200900044903,0,01,000,00,2,4,13,A01
200900044903,0,07,000,00,2,1,01,B01
200900044904,0,07,000,00,2,1,02,A01
200900044904,0,07,000,00,2,4,02,C01
200900044904,0,07,000,00,2,1,02,B01
200900044904,0,07,000,00,2,4,02,D01
200900044905,0,07,000,00,2,8,01,B01
200900044905,0,02,000,00,2,7,16,A01
200900044906,0,01,000,00,2,4,01,A01
200900044906,0,07,000,00,2,2,15,B01
200900044907,0,07,000,00,2,2,15,A01
200900044907,0,33,000,00,2,3,01,B01
200900044908,0,07,000,00,1,1,15,A01
200900044909,0,07,000,00,2,1,01,A01
200900044909,0,01,000,00,2,1,15,B01
200900044910,0,14,000,01,0,4,24,B01
200900044910,0,03,000,01,0,3,13,A01
200900044911,0,07,000,00,2,1,15,A01
200900044911,0,02,000,01,2,1,01,B01
200900044912,0,07,000,00,2,2,02,A01
200900044912,0,07,000,00,2,6,02,B01
200900044913,0,33,000,00,2,1,01,B01
200900044913,0,07,000,00,2,2,15,A01
200900044913,0,10,000,00,9,1,23,C01
200900044914,0,33,000,00,0,7,01,B01
200900044914,0,07,000,00,0,3,09,A01
200900044915,0,01,000,00,2,0,01,B01
200900044915,0,07,000,00,2,2,02,A01
200900044916,0,01,000,00,2,1,01,B01
200900044916,0,07,000,00,2,3,16,A01
200900044917,0,07,000,00,1,1,01,A01
200900044918,0,01,000,00,2,1,01,B01
200900044918,0,07,000,00,2,3,01,A01
200900044919,0,07,000,00,2,1,15,A01
200900044919,0,01,000,00,2,1,01,B01
200900044920,0,07,000,02,0,1,01,A01
200900044921,0,02,000,00,0,3,01,A01
200900044922,0,07,000,01,2,1,01,B01
200900044922,0,07,000,00,2,1,15,A01
200900044923,0,30,000,00,2,1,01,B01
200900044923,0,07,000,00,2,3,15,A01
200900044924,0,07,000,00,2,7,15,B01
200900044924,0,14,000,00,2,3,01,A01
200900044925,0,07,000,00,2,5,01,B01
200900044925,0,07,000,00,2,1,02,A01
200900044926,0,30,000,00,0,7,01,A01
200900044927,0,30,000,14,0,8,01,A01
200900044928,0,02,000,00,0,3,01,A01
200900044929,0,30,000,00,2,1,01,B01
200900044929,0,07,000,00,2,8,09,A01
200900044930,0,07,000,00,1,6,20,A01
200900044931,0,07,000,00,1,1,01,A01
200900044932,0,07,000,00,2,5,01,A01
200900044932,0,30,000,01,2,1,01,B01
200900044933,0,07,000,00,2,4,01,B01
200900044933,0,07,000,00,2,1,01,A01
200900044934,0,07,000,00,1,1,15,A01
200900044935,0,02,000,12,0,8,01,A01
200900044936,0,31,000,00,2,1,01,A01
200900044936,0,07,000,00,2,1,09,B01
200900044937,0,07,000,03,0,4,16,A01
200900044938,0,02,000,01,0,1,00,A01
200900044939,0,30,000,00,1,1,01,A01
200900044940,0,02,000,01,0,1,01,A01
200900044941,0,07,000,00,2,2,15,A01
200900044941,0,07,000,00,2,1,01,B01
200900044942,0,07,000,00,2,1,01,A01
200900044942,0,01,000,00,2,8,15,B01
200900044943,0,02,000,00,0,0,02,A01
200900044944,0,07,000,01,1,1,01,A01
200900044945,0,02,000,00,2,1,01,B01
200900044945,0,07,000,00,2,3,19,A01
200900044946,0,07,000,03,0,9,01,A01
200900044947,0,02,000,00,2,1,01,B01
200900044947,1,07,000,00,2,1,01,A01
200900044948,0,33,000,00,0,3,01,A01
200900044949,0,07,000,02,0,3,01,A01
200900044950,0,07,000,13,0,6,09,B01
200900044950,0,07,000,00,2,2,09,A01
200900044950,0,07,000,00,2,1,13,C01
200900044950,0,07,000,14,0,2,01,D01
200900044951,0,07,000,00,2,1,01,B02
200900044951,0,07,000,00,2,1,13,A01
200900044952,0,07,000,00,1,4,04,A01
200900044953,0,07,000,00,2,1,01,A01
200900044953,0,07,000,00,2,4,01,B01
200900044954,0,07,000,00,2,1,02,A01
200900044954,0,07,000,00,2,4,02,B01
200900044954,0,07,000,00,2,4,02,C01
200900044955,0,33,000,00,2,7,01,B01
200900044955,0,07,000,00,2,2,15,A01
200900044956,0,32,000,00,2,7,17,A01
200900044956,0,07,000,00,2,8,15,B01
200900044957,0,33,000,00,2,1,00,B01
200900044957,0,10,000,00,2,3,17,A01
200900044958,0,07,000,00,2,8,15,A01
200900044958,0,32,000,00,2,7,01,B01
200900044959,0,30,000,00,2,1,01,A01
200900044959,0,07,000,09,2,5,01,B01
200900044960,0,02,000,00,2,2,17,A01
200900044960,0,07,000,00,2,6,15,B01
200900044961,0,07,000,00,2,4,01,C01
200900044961,0,07,000,00,2,4,01,B01
200900044961,0,34,000,00,2,1,01,A01
200900044962,0,07,000,00,2,2,01,A01
200900044962,0,01,000,00,2,4,15,B01
200900044963,0,07,000,01,0,8,01,A01
200900044964,0,31,000,00,2,1,01,A01
200900044964,0,07,000,00,2,2,09,B01
200900044965,0,07,000,00,2,5,01,A01
200900044965,0,07,000,00,2,3,01,B01
200900044966,0,07,000,00,2,8,01,A01
200900044966,0,31,000,00,2,8,01,B01
200900044967,0,07,000,00,0,5,23,B01
200900044967,0,31,000,00,2,8,02,A01
200900044967,0,10,000,00,0,3,23,C01
200900044968,0,33,000,00,0,4,01,B01
200900044968,0,10,000,00,0,0,15,A01
200900044969,0,07,000,00,2,8,22,A01
200900044969,0,01,000,00,2,1,01,B01
200900044970,0,07,000,00,1,8,01,A01
200900044971,0,01,000,00,1,1,15,A01
200900044972,0,30,000,00,2,1,01,B01
200900044972,1,07,000,00,2,5,15,A01
200900044973,0,10,000,00,2,5,16,A01
200900044973,0,33,000,00,2,3,02,B01
200900044974,0,01,000,00,1,1,01,A01
200900044975,0,10,000,00,2,2,01,A01
200900044975,0,30,000,00,2,3,00,B01
200900044976,0,02,000,00,1,1,00,A01
200900044977,0,32,000,09,2,7,16,A01
200900044977,0,10,000,00,2,3,02,B01
200900044978,0,07,000,00,0,4,04,A01
200900044978,0,33,000,00,0,1,01,B01
200900044979,0,01,000,00,1,1,00,A01
200900044980,0,10,000,00,2,3,01,B01
200900044980,0,10,000,09,2,7,01,A01
200900044981,0,07,000,00,2,4,23,B01
200900044981,0,07,000,00,2,1,02,A01
200900044982,0,30,000,00,1,1,01,A01
200900044983,0,14,000,00,0,2,00,B01
200900044983,0,07,000,00,2,8,00,A01
200900044984,0,07,000,00,1,1,01,A01
200900044985,0,07,000,00,1,6,00,A01
200900044986,0,07,000,00,1,3,01,A01
200900044987,0,07,000,00,2,8,15,B01
200900044987,0,33,000,00,2,1,17,A01
200900044988,0,01,000,01,0,1,16,A01
200900044989,0,07,000,00,1,1,15,A01
200900044990,0,07,000,00,2,8,00,B01
200900044990,0,30,000,00,2,7,00,A01
200900044991,0,07,000,00,2,8,01,B01
200900044991,0,33,000,00,2,1,00,A01
200900044992,0,30,000,00,2,0,02,A01
200900044992,0,02,000,00,0,0,02,B01
200900044993,0,07,000,00,2,7,01,A01
200900044993,0,33,000,00,2,8,01,B01
200900044994,0,31,000,00,2,7,01,B01
200900044994,0,07,000,00,2,3,15,A01
200900044995,0,07,000,00,1,2,01,A01
200900044996,0,07,000,00,1,1,01,A01
200900044997,0,30,000,00,0,7,00,A01
200900044998,0,17,000,00,2,7,01,B01
200900044998,0,99,000,00,2,3,13,A01
200900044999,0,07,000,00,2,7,00,A01
200900044999,0,07,000,00,2,8,00,B01
200900045000,0,02,000,00,0,0,00,A01
200900045001,0,07,000,00,0,1,01,B01
200900045001,0,02,000,00,0,0,05,A01
200900045002,0,33,000,01,2,3,01,B01
200900045002,0,07,000,00,2,7,09,A01
200900045003,0,07,000,00,2,6,23,B01
200900045003,0,31,000,00,2,1,02,A01
200900045004,0,07,000,00,1,2,01,A01
200900045005,0,34,000,00,2,1,02,A01
200900045005,0,07,000,01,2,4,10,B01
200900045005,0,07,000,00,2,3,24,C01
200900045006,0,33,000,00,2,1,18,B01
200900045006,0,07,000,00,2,4,16,A01
200900045007,0,01,000,00,2,1,01,A01
200900045007,0,10,000,00,2,6,15,B01
200900045008,0,07,000,00,1,8,01,A01
200900045009,0,33,000,00,1,1,01,A01
200900045010,0,33,000,00,2,2,17,A01
200900045010,0,07,000,00,2,8,15,B01
200900045011,0,07,000,00,0,1,00,A01
200900045012,2,02,000,00,1,1,00,A01
200900045013,0,02,000,00,2,7,13,A01
200900045013,0,02,000,00,2,1,01,B01
200900045014,0,07,000,00,1,1,01,A01
200900045015,0,01,000,00,2,1,01,B01
200900045015,0,01,000,00,9,2,10,A01
200900045016,0,30,000,00,0,0,00,B01
200900045016,0,07,000,00,2,3,00,A01
200900045017,0,34,000,06,0,1,01,A01
200900045018,0,07,000,00,2,1,15,A01
200900045018,0,07,000,00,2,3,02,B01
200900045019,0,14,000,00,2,1,02,A01
200900045019,0,07,000,00,2,4,02,B01
200900045020,0,07,000,00,1,4,04,A01
200900045021,0,01,000,00,0,0,00,A01
200900045022,0,07,000,00,2,7,16,B01
200900045022,0,02,000,00,2,1,01,A01
200900045023,0,02,000,00,2,1,02,B01
200900045023,0,07,000,00,2,4,04,A01
200900045024,0,07,000,00,1,3,01,A01
200900045025,0,07,000,00,2,1,02,B01
200900045025,0,07,000,00,2,1,02,A01
200900045025,0,07,000,00,2,4,02,C01
200900045026,0,07,000,00,2,1,00,A01
200900045026,0,32,000,00,2,1,00,B01
200900045027,0,01,000,01,0,7,01,B01
200900045027,0,07,000,00,2,8,22,A01
200900045028,0,07,000,00,2,2,16,B01
200900045028,0,32,000,01,2,3,07,A01
200900045029,0,07,000,00,2,7,15,A01
200900045029,0,07,000,00,2,1,01,B01
200900045030,1,07,000,00,1,0,04,A01
200900045031,0,02,000,00,2,0,01,B01
200900045031,1,07,000,00,2,0,09,A01
200900045032,0,34,000,00,2,7,17,A01
200900045032,0,07,000,00,2,3,15,B01
200900045033,0,01,000,00,0,0,00,A01
200900045033,0,10,000,00,0,6,00,B01
200900045034,0,07,000,00,0,0,01,A01
200900045035,0,34,000,00,2,1,17,A01
200900045035,0,07,000,00,2,8,15,B01
200900045036,0,07,000,00,1,0,00,A01
200900045037,0,14,000,00,0,0,10,A01
200900045037,0,33,000,12,0,1,21,B01
200900045038,0,07,000,01,0,1,01,A01
200900045039,0,07,000,01,2,4,23,B01
200900045039,0,32,000,00,2,1,02,A01
200900045040,0,37,005,00,0,0,01,B01
200900045040,0,07,000,00,0,4,00,A01
200900045041,0,10,000,00,0,0,15,A01
200900045042,0,07,000,00,2,4,02,B01
200900045042,0,33,000,00,2,1,02,A01
200900045043,0,33,000,00,2,0,16,B01
200900045043,0,31,000,00,2,1,01,A01
200900045044,0,33,000,12,0,8,16,A01
200900045045,0,07,000,00,0,0,09,A01
200900045045,0,37,030,00,2,0,01,B01
200900045046,0,07,000,00,2,4,23,B01
200900045046,0,07,000,00,2,1,02,A01
200900045047,0,07,000,00,1,3,00,A01
200900045048,0,07,000,00,1,4,04,A01
200900045049,0,02,000,00,2,3,01,A01
200900045050,1,07,000,00,2,0,09,A01
200900045050,0,02,000,00,2,7,01,B01
200900045051,0,02,000,00,0,9,01,A01
200900045052,0,07,000,00,2,1,01,A01
200900045052,0,32,000,00,2,4,23,B01
200900045053,0,07,000,00,2,2,10,A01
200900045053,0,07,000,00,2,1,05,B01
200900045054,0,07,000,00,2,2,12,A01
200900045054,0,32,000,00,2,3,01,B01
200900045055,0,07,000,00,2,6,15,B01
200900045055,0,33,000,00,2,1,17,A01
200900045056,0,01,000,00,0,0,00,B01
200900045056,0,07,000,00,0,2,01,A01
200900045057,0,01,000,00,0,0,19,B01
200900045057,0,07,000,00,2,3,01,A01
200900045058,0,32,000,00,1,1,01,A01
200900045059,0,17,000,00,2,7,16,A01
200900045059,0,33,000,00,2,8,18,B01
200900045060,0,33,000,00,2,2,01,B01
200900045060,0,07,000,00,2,6,11,A01
200900045061,0,07,000,00,1,1,15,A01
200900045062,0,07,000,00,0,4,23,B01
200900045062,0,10,000,00,0,1,01,A01
200900045063,0,07,000,00,2,4,01,B01
200900045063,0,07,000,00,2,2,01,A01
200900045064,0,01,000,00,9,1,01,B01
200900045064,0,99,000,00,9,1,01,A01
200900045065,0,07,000,00,2,8,01,B01
200900045065,0,30,000,00,2,1,16,A01
200900045066,0,33,000,00,2,4,23,B01
200900045066,0,07,000,00,2,1,02,A01
200900045067,0,30,000,00,1,1,18,A01
200900045068,0,07,000,00,0,9,01,A01
200900045069,0,07,000,00,0,4,23,B01
200900045069,0,07,000,00,2,1,02,A01
200900045070,0,07,000,00,2,1,01,A01
200900045070,0,07,000,00,2,4,02,B01
200900045071,0,07,000,00,0,9,02,A01
200900045072,0,34,000,14,0,1,21,A01
200900045073,0,07,000,00,2,4,02,B01
200900045073,0,07,000,00,0,4,02,A01
200900045073,0,07,000,00,2,1,02,C01
200900045074,0,32,000,00,2,8,01,A01
200900045074,0,10,000,00,2,6,11,B01
200900045075,0,07,000,00,2,1,01,A01
200900045075,0,07,000,00,2,6,01,B01
200900045076,0,33,000,00,2,1,12,A01
200900045076,0,07,000,00,2,5,01,B01
200900045077,0,15,000,00,0,4,02,B01
200900045077,0,07,000,00,2,4,02,A01
200900045078,0,07,000,00,2,3,11,A01
200900045078,0,07,000,00,2,4,02,C01
200900045078,0,33,000,00,2,7,01,B01
200900045079,0,07,000,00,0,4,02,B01
200900045079,0,10,000,00,2,1,02,A01
200900045080,0,33,000,00,2,8,01,B01
200900045080,0,07,000,00,2,7,12,A01
200900045081,0,07,000,00,0,4,02,F02
200900045081,0,07,000,00,0,4,02,B01
200900045081,0,07,000,00,0,4,02,E01
200900045081,0,07,000,00,0,4,02,C01
200900045081,0,07,000,00,2,1,02,A01
200900045081,0,07,000,00,0,0,02,D01
200900045082,0,33,000,00,2,2,01,B01
200900045082,0,07,000,00,2,6,11,A01
200900045083,0,34,000,00,2,1,03,B01
200900045083,0,07,000,00,0,5,12,A01
200900045084,0,02,000,00,2,1,17,A01
200900045084,0,07,000,00,2,3,15,B01
200900045085,0,07,000,00,2,1,15,A01
200900045085,0,07,000,00,2,1,01,B01
200900045086,0,07,000,00,1,1,01,A01
200900045087,0,33,000,00,1,1,18,A01
200900045088,0,07,000,00,2,7,15,A01
200900045088,0,07,000,00,2,2,01,B01
200900045089,0,07,000,00,1,3,15,A01
200900045090,0,07,000,00,1,0,00,A01
200900045091,0,07,000,00,1,1,02,A01
200900045092,0,07,000,00,0,4,00,B01
200900045092,0,30,000,00,2,1,00,A01
200900045093,0,30,000,00,0,7,12,A01
200900045093,0,07,000,00,0,3,01,B01
200900045094,0,33,000,00,1,1,03,A01
200900045095,0,07,000,00,2,1,02,A01
200900045095,0,07,000,00,2,8,06,B01
200900045096,0,07,000,00,9,2,02,A01
200900045096,0,30,000,00,0,1,02,B01
200900045097,0,31,000,00,2,3,03,A01
200900045097,0,07,000,00,0,0,03,B01
200900045098,0,02,000,00,0,0,00,A01
200900045099,0,31,000,00,2,6,01,B01
200900045099,0,07,000,00,2,5,14,A01
200900045100,0,07,000,00,0,4,00,B01
200900045100,0,30,000,01,0,5,00,A01
200900045101,0,07,000,00,2,3,15,A01
200900045101,0,02,000,00,2,1,01,B01
200900045102,0,31,000,00,2,3,18,A01
200900045102,0,07,000,00,2,5,16,B01
200900045103,0,07,000,00,0,0,09,B01
200900045103,0,33,000,00,2,0,01,A01
200900045104,0,07,000,00,1,2,01,A01
200900045105,0,07,000,00,2,8,10,A01
200900045105,0,02,000,00,2,1,17,B01
200900045106,0,02,000,00,2,7,01,A01
200900045106,0,07,000,00,2,3,15,B01
200900045107,0,07,000,00,2,3,01,B01
200900045107,2,07,000,00,2,2,11,A01
200900045108,0,02,000,00,1,1,19,A01
200900045109,0,07,000,00,0,1,15,A01
200900045110,0,33,000,00,0,0,00,A01
200900045111,0,01,000,00,1,1,00,A01
200900045112,0,33,000,00,2,5,02,A01
200900045112,0,07,000,00,2,0,11,B01
200900045113,0,01,000,14,0,0,16,A01
200900045114,0,07,000,00,2,4,01,C01
200900045114,0,07,000,00,2,1,01,A01
200900045114,0,07,000,00,2,4,01,B01
200900045115,0,07,000,00,2,2,01,A01
200900045115,0,07,000,00,2,6,01,B01
200900045116,0,30,000,14,0,7,00,B01
200900045116,0,14,000,00,0,0,00,A01
200900045117,0,07,000,00,2,3,09,A01
200900045117,0,30,000,00,2,1,01,B01
200900045118,0,21,000,00,2,3,01,B01
200900045118,0,07,000,00,2,3,01,A01
200900045119,0,07,000,02,0,8,02,A01
200900045120,0,07,000,00,2,2,01,B01
200900045120,0,02,000,00,2,2,01,A01
200900045121,0,07,000,00,2,1,00,B01
200900045121,0,07,000,00,2,5,13,A01
200900045122,0,07,000,00,2,3,13,A01
200900045122,0,10,000,00,2,2,21,B01
200900045123,0,01,000,00,0,8,00,A01
200900045124,0,07,000,00,2,1,01,B01
200900045124,0,07,000,00,2,2,13,C01
200900045124,0,07,000,00,2,1,13,A01
200900045125,0,07,000,13,0,0,01,C01
200900045125,0,07,000,00,2,9,17,A01
200900045125,0,07,000,00,2,8,01,B01
200900045126,0,07,000,00,2,3,01,B01
200900045126,0,07,000,00,2,3,01,A01
200900045127,0,07,000,00,2,6,15,B01
200900045127,0,33,000,00,2,1,17,A01
200900045128,0,07,000,02,0,2,01,A01
200900045129,0,36,000,02,0,3,01,A01
200900045130,0,02,000,08,0,1,01,A01
200900045131,0,07,000,14,0,9,21,A01
200900045132,0,07,000,13,0,1,01,A01
200900045133,0,07,000,00,2,1,02,A01
200900045133,0,07,000,00,2,4,02,B01
200900045134,0,07,000,09,0,1,01,A01
200900045135,0,07,000,00,2,2,01,B01
200900045135,0,07,000,07,2,3,11,A01
200900045136,0,07,000,00,1,2,01,A01
200900045137,0,07,000,00,1,1,02,A01
200900045137,0,33,000,00,2,1,02,B01
200900045138,0,07,000,00,0,9,02,A01
200900045139,0,07,000,00,2,3,02,A01
200900045139,0,07,000,00,2,2,02,B01
200900045140,0,07,000,00,1,1,02,A01
200900045141,0,07,000,00,2,1,02,B01
200900045141,0,07,000,00,2,1,13,A01
200900045142,0,33,000,00,2,1,02,B01
200900045142,0,07,000,00,2,3,15,A01
200900045143,0,02,000,00,0,3,01,A01
200900045144,0,07,000,04,0,1,01,A01
200900045145,0,30,000,13,0,8,02,A01
200900045146,0,07,000,00,1,1,02,A01
200900045147,0,02,000,00,2,7,02,A01
200900045147,0,07,000,00,2,3,02,B01
200900045148,0,33,000,07,0,0,00,A01
200900045149,0,07,000,00,1,1,15,A01
200900045150,0,07,000,00,1,3,01,A01
200900045151,0,10,000,07,2,1,02,A01
200900045151,0,37,001,00,2,5,01,B01
200900045152,0,07,000,09,0,1,01,A01
200900045153,0,07,000,03,0,1,02,A01
200900045154,0,07,000,00,1,1,02,A01
200900045155,0,02,000,00,0,7,16,A01
200900045156,0,07,000,01,0,1,02,A01
200900045157,0,33,000,13,0,1,02,A01
200900045158,0,07,000,00,2,7,02,B01
200900045158,0,01,000,00,2,1,02,A01
200900045159,0,07,000,04,0,1,02,A01
200900045160,0,07,000,00,2,0,01,C01
200900045160,0,07,000,00,1,3,02,A01
200900045160,0,07,000,00,2,5,02,B01
200900045161,0,07,000,00,2,2,15,A01
200900045161,0,02,000,00,2,1,02,B01
200900045162,0,07,000,00,2,3,01,B01
200900045162,0,07,000,00,2,1,01,A01
200900045163,0,07,000,00,2,2,15,A01
200900045163,0,33,000,00,2,1,17,B01
200900045164,0,07,000,00,2,1,02,A01
200900045164,0,07,000,00,2,8,02,B01
200900045165,0,30,000,16,0,1,02,A01
200900045166,0,07,000,16,0,1,02,A01
200900045167,0,31,000,16,0,1,02,A01
200900045168,0,07,000,00,2,1,16,A01
200900045169,0,10,000,00,1,4,04,A01
200900045170,0,10,000,00,2,2,01,B01
200900045170,0,10,000,00,2,7,13,A01
200900045171,0,07,000,13,0,1,02,A01
200900045172,0,07,000,16,0,8,03,A01
200900045173,0,07,000,00,1,8,01,A01
200900045174,0,07,000,00,2,4,02,B01
200900045174,0,07,000,00,2,1,02,A01
200900045175,0,10,000,00,2,1,02,A01
200900045175,0,07,000,00,0,4,23,B01
200900045176,0,07,000,00,2,1,02,D01
200900045176,0,17,000,03,0,8,01,A01
200900045176,0,37,004,00,2,4,01,B01
200900045176,0,07,000,00,2,1,02,C01
200900045177,0,07,000,00,1,1,02,A01
200900045178,0,07,000,13,0,1,02,A01
200900045179,0,07,000,00,2,1,15,A01
200900045179,0,07,000,00,2,1,02,B01
200900045180,0,07,000,00,1,1,15,A01
200900045181,0,01,000,00,2,1,01,B01
200900045181,0,17,000,00,2,1,01,A01
200900045182,0,30,000,00,2,4,01,B01
200900045182,1,07,000,00,2,2,17,Z01
200900045183,0,34,000,00,2,1,01,B01
200900045183,0,07,000,00,2,2,15,A01
200900045184,0,07,000,00,2,0,00,B01
200900045184,0,02,000,00,0,0,00,A01
200900045185,0,01,000,00,2,0,19,A01
200900045185,0,07,000,00,2,1,01,B01
200900045186,0,02,000,00,2,1,13,A01
200900045186,0,07,000,00,2,1,05,B01
200900045187,0,07,000,00,2,1,01,A01
200900045187,0,07,000,00,2,4,01,B01
200900045188,0,07,000,00,2,4,01,B01
200900045188,0,07,000,00,2,2,12,A01
200900045189,0,07,000,00,2,2,13,A01