Num_Acc,senc,catv,occutc,obs,obsm,choc,manv,num_veh
200900045189,0,07,000,00,2,1,01,B01
200900045190,0,07,000,00,1,2,01,A01
200900045191,0,02,000,00,0,1,00,A01
200900045192,0,37,021,00,1,0,23,A01
200900045193,0,07,000,00,0,2,00,B01
200900045193,0,13,000,00,2,2,00,A01
200900045194,0,02,000,00,2,3,09,A01
200900045194,0,02,000,00,2,1,17,B01
200900045195,0,07,000,00,1,1,01,A01
200900045196,0,07,000,00,1,4,00,A01
200900045197,0,33,000,00,0,1,01,A01
200900045198,0,07,000,00,2,1,01,A01
200900045198,0,02,000,00,2,1,01,B01
200900045199,0,31,000,00,2,4,02,A01
200900045199,0,10,000,00,2,1,02,B01
200900045200,0,07,000,05,0,9,00,A01
200900045201,0,07,000,00,2,1,13,A01
200900045202,0,31,000,00,2,8,01,A01
200900045202,0,15,000,00,2,0,01,B01
200900045203,0,07,000,00,1,2,16,A01
200900045204,0,33,000,00,2,7,01,B01
200900045204,0,07,000,00,2,1,15,A01
200900045205,0,07,000,00,2,1,01,B01
200900045205,0,07,000,00,2,1,00,A01
200900045206,0,07,000,00,2,8,15,A01
200900045206,0,33,000,00,2,1,01,B01
200900045207,0,07,000,00,2,3,13,A01
200900045207,0,07,000,00,2,2,14,B01
200900045208,0,10,000,00,2,8,15,A01
200900045208,0,31,000,00,0,1,17,B02
200900045209,0,07,000,00,2,3,15,B02
200900045209,0,33,000,00,2,3,01,A01
200900045210,0,07,000,02,0,3,13,A01
200900045211,0,07,000,02,0,2,14,A01
200900045212,0,07,000,13,0,9,12,A01
200900045213,0,07,000,00,2,1,01,B02
200900045213,0,07,000,00,2,1,13,A01
200900045214,0,33,000,13,0,1,01,A01
200900045214,0,33,000,13,0,1,01,B02
200900045215,0,33,000,08,0,0,01,A01
200900045216,0,33,000,13,0,1,01,A01
200900045217,0,07,000,00,4,8,00,A01
200900045218,0,10,000,00,1,1,01,A01
200900045219,0,07,000,00,1,1,15,A01
200900045220,0,07,000,00,0,2,01,A01
200900045221,0,07,000,00,2,1,13,A01
200900045221,0,07,000,00,2,1,01,B02
200900045222,0,07,000,02,0,1,02,A01
200900045223,0,33,000,00,2,1,17,A01
200900045223,0,07,000,00,2,1,01,B02
200900045224,0,07,000,00,2,6,15,A01
200900045224,0,33,000,00,2,1,01,B02
200900045225,0,15,000,02,0,1,01,A01
200900045226,0,33,000,13,0,7,01,A01
200900045227,0,07,000,00,2,1,01,A01
200900045227,0,07,000,00,2,4,23,B02
200900045227,0,07,000,00,0,4,01,C03
200900045228,0,07,000,00,2,1,13,A01
200900045228,0,07,000,00,2,1,01,B02
200900045229,0,07,000,00,2,1,01,B02
200900045229,0,07,000,00,2,1,17,A01
200900045230,0,07,000,00,2,3,06,A01
200900045230,0,33,000,00,2,1,01,B02
200900045231,0,07,000,00,2,7,19,B02
200900045231,0,33,000,00,2,1,01,A01
200900045232,0,33,000,00,2,1,17,B02
200900045232,0,07,000,00,2,3,15,A01
200900045233,0,07,000,00,0,4,01,B02
200900045233,0,10,000,00,2,1,01,A01
200900045234,0,33,000,00,2,8,17,A01
200900045234,1,07,000,00,2,8,01,B02
200900045235,0,07,000,02,0,7,01,A01
200900045236,0,07,000,00,2,3,13,A01
200900045236,0,07,000,00,2,1,01,B02
200900045237,0,07,000,00,2,6,15,A01
200900045237,0,02,000,00,2,1,01,B01
200900045238,0,07,000,00,2,1,16,A01
200900045238,0,30,000,00,2,1,03,B01
200900045239,0,07,000,00,1,0,00,A01
200900045240,0,31,000,00,2,3,01,B01
200900045240,0,07,000,00,2,1,01,A01
200900045241,0,07,000,00,2,7,15,A01
200900045241,0,02,000,00,2,1,01,B01
200900045242,0,07,000,00,2,3,01,C01
200900045242,0,07,000,00,2,3,02,A01
200900045242,0,31,000,00,2,1,00,B01
200900045243,0,30,000,00,1,2,01,A01
200900045244,0,07,000,00,2,4,00,B01
200900045244,0,07,000,00,2,1,00,A01
200900045245,0,07,000,00,1,1,01,A01
200900045246,0,30,000,00,2,1,02,A01
200900045246,0,07,000,00,2,4,01,B01
200900045247,0,30,000,00,2,2,01,B01
200900045247,0,01,000,00,2,1,05,A01
200900045248,0,07,000,00,1,2,01,A01
200900045249,0,07,000,00,2,1,15,B01
200900045249,0,33,000,00,2,1,03,A01
200900045250,0,07,000,00,1,1,01,A01
200900045251,0,30,000,00,2,4,02,B01
200900045251,0,30,000,00,2,1,02,A01
200900045252,0,07,000,00,2,1,01,B01
200900045252,0,07,000,00,2,8,15,A01
200900045253,0,30,000,00,2,1,00,A01
200900045253,0,07,000,00,2,6,00,B01
200900045254,0,07,000,00,1,3,01,A01
200900045255,0,31,000,00,2,1,01,B01
200900045255,0,07,000,00,2,1,15,A01
200900045256,0,32,000,00,2,8,07,A01
200900045256,0,07,000,00,2,7,16,B01
200900045257,0,07,000,00,1,2,01,A01
200900045258,0,32,000,00,2,1,01,B01
200900045258,0,07,000,00,0,8,10,A01
200900045259,0,07,000,00,1,1,01,A01
200900045260,0,30,000,00,2,1,01,A01
200900045260,0,07,000,00,2,2,15,B01
200900045261,0,30,000,00,2,8,01,B01
200900045261,0,07,000,00,2,2,16,A01
200900045262,0,07,000,00,2,2,15,A01
200900045262,0,33,000,00,2,1,01,B01
200900045263,0,01,000,00,2,1,01,B01
200900045263,0,07,000,00,2,2,14,A01
200900045264,0,14,000,00,2,1,01,B01
200900045264,0,07,000,00,2,5,12,A01
200900045265,0,32,000,00,1,1,01,A01
200900045266,0,07,000,10,0,8,00,A01
200900045267,0,01,000,00,2,8,01,B01
200900045267,0,07,000,00,2,3,15,A01
200900045268,0,33,000,04,0,1,01,A01
200900045269,0,02,000,00,1,0,00,A01
200900045270,0,07,000,00,2,5,11,A01
200900045270,0,07,000,00,2,1,01,B01
200900045271,0,32,000,00,0,0,00,A01
200900045272,0,07,000,00,2,4,23,B01
200900045272,0,07,000,00,2,1,01,A01
200900045273,0,07,000,00,2,4,02,C01
200900045273,0,07,000,00,2,1,01,A01
200900045273,0,07,000,00,2,4,02,B01
200900045274,0,07,000,00,2,1,02,C01
200900045274,0,07,000,00,2,9,01,A01
200900045274,0,07,000,00,2,6,02,B01
200900045275,0,07,000,00,2,1,09,B01
200900045275,0,07,000,00,1,1,09,A01
200900045276,0,07,000,00,0,9,00,A01
200900045277,1,07,000,00,0,0,00,C01
200900045277,0,07,000,00,2,1,00,A01
200900045277,0,07,000,00,2,1,00,B01
200900045278,0,07,000,00,2,2,09,A01
200900045278,0,07,000,00,2,1,01,B01
200900045278,0,33,000,00,2,1,02,C01
200900045279,0,07,000,00,0,3,00,A01
200900045280,0,07,000,00,1,2,01,A01
200900045281,0,10,000,00,2,1,13,A01
200900045281,0,10,000,00,2,1,01,B02
200900045282,0,07,000,00,2,1,02,A01
200900045282,0,07,000,00,2,4,23,B01
200900045283,0,07,000,00,0,2,01,A01
200900045283,0,01,000,00,2,8,19,B01
200900045284,0,07,000,00,2,3,15,A01
200900045284,0,33,000,00,2,1,17,B01
200900045285,0,07,000,02,0,1,13,A01
200900045286,0,07,000,00,0,4,01,B01
200900045286,0,07,000,00,2,1,02,A01
200900045287,0,02,000,00,2,1,01,B01
200900045287,0,07,000,00,2,3,09,A01
200900045288,0,07,000,02,0,3,01,A01
200900045289,0,07,000,00,2,2,16,A01
200900045289,0,38,005,00,2,7,01,B02
200900045290,0,37,005,00,2,2,01,B01
200900045290,0,02,000,00,2,8,01,A01
200900045291,0,30,000,00,2,2,05,A01
200900045291,0,07,000,00,2,2,21,B01
200900045292,0,07,000,08,0,2,14,A01
200900045293,0,07,000,00,2,3,01,B01
200900045293,0,07,000,00,2,1,01,A01
200900045294,0,01,000,00,2,1,01,B01
200900045294,0,07,000,00,2,8,01,A01
200900045295,0,07,000,00,2,1,02,A01
200900045295,0,07,000,00,2,4,02,B01
200900045296,0,07,000,00,2,3,01,B01
200900045296,0,07,000,00,2,3,00,A01
200900045297,0,10,000,00,1,1,02,A01
200900045298,0,02,000,00,0,8,15,B01
200900045298,0,33,000,00,2,0,17,A01
200900045299,0,02,000,00,2,8,01,A01
200900045299,1,07,000,00,2,2,12,B01
200900045300,0,32,000,00,2,7,01,B01
200900045300,0,17,000,00,2,3,15,A01
200900045301,0,07,000,00,2,8,01,A01
200900045301,0,30,000,00,2,1,01,B01
200900045302,0,07,000,00,1,5,16,A01
200900045303,0,07,000,00,1,1,01,A01
200900045304,0,07,000,00,2,2,01,A01
200900045304,0,01,000,00,2,4,01,B01
200900045305,0,07,000,00,2,2,01,B01
200900045305,0,07,000,00,2,5,01,A01
200900045306,0,07,000,00,1,1,01,A01
200900045307,0,30,000,00,0,1,01,B01
200900045308,0,07,000,00,1,2,01,A01
200900045309,0,07,000,00,2,6,15,A01
200900045309,0,02,000,00,2,1,17,B01
200900045310,0,07,000,13,0,9,00,A01
200900045311,0,03,000,08,0,3,01,A01
200900045312,0,07,000,00,2,2,16,B01
200900045312,0,30,000,00,2,3,18,A01
200900045313,0,01,000,00,2,4,01,B01
200900045313,1,07,000,00,0,0,01,A01
200900045314,1,07,000,00,1,8,01,A01
200900045315,0,34,000,00,1,1,01,A01
200900045316,0,02,000,00,2,1,01,A01
200900045316,0,31,000,00,1,1,01,B01
200900045317,0,34,000,00,1,1,01,A01
200900045318,0,31,000,00,2,1,01,A01
200900045318,0,07,000,00,2,3,16,B01
200900045319,0,02,000,00,2,1,01,B01
200900045319,0,15,000,00,1,0,15,A01
200900045320,0,37,020,00,1,1,01,A01
200900045321,0,07,000,00,2,2,00,A01
200900045321,0,33,000,00,2,1,00,B01
200900045322,0,30,000,00,2,1,01,A01
200900045322,0,07,000,00,9,6,02,B01
200900045323,0,07,000,00,1,0,00,A01
200900045324,0,30,000,01,0,0,00,A01
200900045325,0,33,000,00,2,3,01,B01
200900045325,0,07,000,00,9,7,00,A01
200900045326,0,33,000,00,1,1,00,A01
200900045327,0,07,000,01,1,1,00,A01
200900045328,0,32,000,00,2,1,00,A01
200900045328,0,37,001,00,0,8,00,B01
200900045329,0,07,000,00,2,3,00,A01
200900045329,0,07,000,05,2,9,00,B01
200900045330,0,10,000,00,0,5,00,A01
200900045331,0,30,000,00,1,0,00,A01
200900045332,0,33,000,00,2,3,00,B01
200900045332,0,07,000,00,0,0,00,A01
200900045333,0,01,000,00,0,1,02,A01
200900045334,0,07,000,00,0,1,00,A01
200900045334,0,07,000,00,0,8,00,B01
200900045335,0,07,000,00,0,0,00,B01
200900045335,0,32,000,00,1,2,00,A01
200900045336,0,07,000,00,2,3,01,A01
200900045336,0,07,000,00,0,0,00,D04
200900045336,0,07,000,00,0,0,00,B02
200900045336,0,07,000,00,0,0,00,C03
200900045336,0,07,000,00,0,0,00,E05
200900045337,0,07,000,08,5,7,01,A01
200900045338,0,30,000,01,0,1,01,B02
200900045338,0,07,000,00,2,6,24,A01
200900045339,0,07,000,00,0,3,01,B02
200900045339,0,07,000,00,0,3,13,A01
200900045340,0,07,000,00,2,1,00,B01
200900045340,0,07,000,00,2,1,13,A01
200900045341,0,07,000,00,2,1,09,A01
200900045341,0,07,000,00,0,3,01,C01
200900045341,0,10,000,00,0,7,01,B01
200900045342,0,07,000,00,0,3,01,B01
200900045342,0,07,000,00,2,1,13,A01
200900045343,0,14,000,00,2,6,04,A01
200900045343,0,30,000,00,2,1,02,B01
200900045344,0,14,000,00,1,1,01,A01
200900045345,0,07,000,00,1,1,01,A01
200900045346,0,07,000,00,2,3,13,A01
200900045346,0,07,000,00,0,8,01,B01
200900045347,0,07,000,00,0,7,01,A01
200900045347,0,02,000,00,2,1,01,B01
200900045348,0,02,000,00,2,1,01,B01
200900045348,0,07,000,00,0,3,15,A01
200900045349,0,33,000,00,2,1,01,B01
200900045349,0,07,000,00,0,7,15,A01
200900045350,0,33,000,00,2,1,01,B01
200900045350,0,07,000,00,2,2,15,A01
200900045351,0,07,000,00,2,1,01,A01
200900045351,0,02,000,00,2,7,01,B02
200900045352,0,07,000,00,2,4,01,B01
200900045352,0,10,000,00,2,4,00,C01
200900045352,0,07,000,00,2,1,01,A01
200900045353,0,07,000,00,2,1,00,A01
200900045353,0,07,000,00,2,6,01,B01
200900045354,0,10,000,00,2,2,00,B01
200900045354,0,33,000,00,2,7,00,A01
200900045354,0,10,000,00,2,8,00,C01
200900045355,0,07,000,03,0,1,01,A01
200900045355,0,17,000,14,0,2,21,B01
200900045356,0,07,000,00,2,5,02,B01
200900045356,0,07,000,00,2,3,01,A01
200900045357,0,07,000,00,2,1,01,B01
200900045357,0,07,000,04,0,8,01,A01
200900045358,0,07,000,00,2,1,01,B01
200900045358,0,07,000,00,1,1,01,A01
200900045358,0,01,000,00,2,0,19,C01
200900045359,0,07,000,00,2,1,13,A01
200900045359,0,07,000,00,2,1,21,C01
200900045359,0,07,000,00,2,6,21,B01
200900045360,0,14,000,00,2,2,01,A01
200900045360,0,01,000,00,2,4,01,B01
200900045361,0,07,000,00,1,2,01,A01
200900045362,0,07,000,00,2,8,01,B01
200900045362,0,07,000,00,2,1,01,A01
200900045363,0,07,000,00,1,3,01,A01
200900045364,0,07,000,13,0,1,14,A01
200900045365,0,07,000,13,0,1,13,A01
200900045366,0,07,000,06,0,1,01,A01
200900045367,0,07,000,10,0,2,01,A01
200900045368,0,14,000,00,2,3,02,A01
200900045368,0,07,000,00,0,1,01,C01
200900045368,0,07,000,00,2,5,15,B01
200900045369,0,07,000,00,2,1,01,B01
200900045369,0,07,000,00,2,4,15,A01
200900045370,0,07,000,00,0,3,01,A01
200900045371,0,10,000,00,2,1,02,A01
200900045371,0,02,000,00,2,6,02,B01
200900045372,0,07,000,13,0,9,00,A01
200900045373,0,01,000,16,0,1,02,A01
200900045374,0,07,000,00,2,3,01,B01
200900045374,0,07,000,00,0,3,02,A01
200900045375,0,07,000,00,1,2,15,A01
200900045376,0,15,000,00,2,5,02,A01
200900045376,0,07,000,00,2,8,02,B01
200900045377,0,07,000,00,2,1,23,C01
200900045377,0,30,000,00,2,3,01,A01
200900045377,0,07,000,00,2,7,16,B01
200900045378,0,07,000,00,1,0,01,A01
200900045379,0,02,000,00,2,1,01,B01
200900045379,0,15,000,00,2,2,15,A01
200900045380,0,07,000,08,0,1,01,A01
200900045381,0,07,000,13,0,0,01,A01
200900045382,0,07,000,00,1,1,16,A01
200900045383,0,07,000,00,2,9,01,B01
200900045383,0,07,000,03,2,8,01,C01
200900045383,0,07,000,00,2,7,09,A01
200900045384,0,07,000,00,1,5,04,A01
200900045385,0,07,000,03,0,8,01,A01
200900045386,0,07,000,00,2,5,02,B01
200900045386,0,07,000,00,2,1,02,A01
200900045387,0,30,000,00,0,8,15,A01
200900045388,0,07,000,00,2,1,14,A01
200900045388,0,03,000,00,2,8,02,B01
200900045389,0,07,000,03,0,9,01,A01
200900045390,0,02,000,00,2,1,02,A01
200900045390,0,07,000,00,2,6,01,B01
200900045391,0,30,000,00,0,0,01,A01
200900045392,0,02,000,00,0,0,16,A01
200900045393,0,02,000,16,0,7,02,A01
200900045394,0,02,000,16,0,7,01,A01
200900045395,0,07,000,00,2,1,01,C01
200900045395,0,02,000,00,2,1,02,B01
200900045395,0,10,000,00,2,3,16,A01
200900045396,0,07,000,13,0,1,02,A01
200900045397,0,07,000,00,2,8,02,B01
200900045397,0,17,000,00,2,7,14,A01
200900045398,0,31,000,00,2,1,02,B01
200900045398,0,07,000,00,2,1,02,A01
200900045399,0,13,000,00,2,2,14,A01
200900045399,0,07,000,00,2,8,02,B01
200900045400,0,32,000,00,1,1,01,A01
200900045401,0,33,000,00,2,7,17,A01
200900045401,1,07,000,00,0,0,13,Z01
200900045402,0,07,000,08,0,7,01,A01
200900045403,0,01,000,00,5,0,01,A01
200900045404,0,07,000,00,1,1,02,A01
200900045405,0,30,000,00,2,1,01,B01
200900045405,0,07,000,00,2,1,10,A01
200900045406,0,30,000,00,0,8,01,A01
200900045407,0,07,000,00,2,1,02,A01
200900045407,0,07,000,00,2,4,16,B01
200900045408,0,07,000,00,2,7,15,A01
200900045408,0,07,000,00,2,1,02,B01
200900045409,0,07,000,00,2,8,01,B01
200900045409,0,07,000,00,2,2,00,A01
200900045410,0,07,000,06,6,1,01,A01
200900045411,0,10,000,00,2,2,01,B01
200900045411,0,07,000,06,2,9,00,A01
200900045412,0,31,000,00,2,1,01,B01
200900045412,0,07,000,00,2,3,15,A01
200900045413,0,07,000,00,0,0,15,A01
200900045413,0,31,000,00,0,7,01,B01
200900045414,0,07,000,00,2,8,09,A01
200900045414,0,07,000,00,2,1,01,B01
200900045415,0,07,000,00,2,3,01,A01
200900045415,0,01,000,00,2,0,19,B01
200900045416,0,07,000,00,2,2,09,A01
200900045416,0,37,015,00,2,3,01,B01
200900045417,0,33,000,16,0,8,01,A01
200900045418,0,02,000,00,2,7,17,A01
200900045418,0,07,000,00,2,3,15,B01
200900045419,0,07,000,00,1,6,04,A01
200900045420,0,30,000,16,0,7,02,A01
200900045421,0,07,000,00,2,4,02,B01
200900045421,0,07,000,00,2,1,02,A01
200900045422,0,07,000,00,2,1,15,A01
200900045422,0,01,000,00,2,1,01,B01
200900045423,0,07,000,00,2,5,01,B01
200900045423,0,07,000,00,2,2,09,A01
200900045424,0,07,000,00,2,3,15,B01
200900045424,0,33,000,00,2,2,17,A01
200900045425,0,07,000,00,2,7,15,A01
200900045425,0,32,000,00,2,1,01,B01
200900045426,0,31,000,00,2,1,01,B01
200900045426,0,07,000,00,2,6,09,A01
200900045427,0,07,000,00,2,2,16,A01
200900045427,0,01,000,00,2,1,01,B01
200900045428,0,01,000,00,2,1,01,B01
200900045428,0,30,000,00,2,8,11,A01
200900045429,0,07,000,00,2,1,15,B01
200900045429,0,07,000,00,2,3,01,A01
200900045430,0,07,000,06,0,9,01,A01
200900045431,0,07,000,00,2,1,02,A01
200900045431,0,07,000,00,2,4,01,B01
200900045432,0,33,000,00,2,1,05,B01
200900045432,0,07,000,00,2,3,15,A01
200900045433,0,07,000,00,2,1,09,A01
200900045433,0,01,000,00,2,1,01,B01
200900045434,0,07,000,00,2,4,01,B01
200900045434,0,07,000,00,2,1,02,A01
200900045435,0,07,000,00,1,5,01,A01
200900045436,0,37,004,00,2,2,07,B01
200900045436,0,07,000,00,2,3,09,A01
200900045437,0,32,000,00,2,2,01,B01
200900045437,0,07,000,00,2,0,15,A01
200900045438,0,10,000,00,2,4,02,B01
200900045438,0,10,000,00,2,1,02,A01
200900045439,0,07,000,00,2,3,01,B01
200900045439,0,07,000,00,2,1,15,A01
200900045440,0,07,000,00,2,5,15,A01
200900045440,0,07,000,00,2,2,01,B01
200900045441,0,30,000,00,2,1,01,A01
200900045441,0,07,000,00,2,5,16,B01
200900045442,0,07,000,12,0,1,01,A01
200900045443,0,30,000,00,1,1,01,A01
200900045444,0,07,000,00,0,2,01,A01
200900045445,0,30,000,00,0,0,00,A01
200900045446,0,07,000,00,0,1,01,B02
200900045446,0,07,000,00,0,8,16,A01
200900045447,0,01,000,00,2,1,05,B02
200900045447,0,07,000,00,2,1,01,A01
200900045448,0,33,000,16,2,1,01,A01
200900045448,0,33,000,06,2,1,01,B02
200900045449,0,07,000,00,2,1,20,B02
200900045449,0,33,000,00,2,1,01,A01
200900045450,0,07,000,04,0,3,13,A01
200900045451,0,02,000,01,0,2,01,A01
200900045452,0,32,000,00,2,1,01,A01
200900045452,1,07,000,00,0,8,16,B01
200900045453,0,07,000,00,2,8,17,A01
200900045453,0,02,000,00,2,7,17,B01
200900045454,0,07,000,00,1,1,01,A01
200900045455,0,07,000,00,9,7,01,A01
200900045455,0,01,000,00,2,8,02,B01
200900045456,0,02,000,00,2,1,01,B01
200900045456,0,07,000,00,2,1,09,A01
200900045457,0,07,000,00,2,2,09,A01
200900045457,0,07,000,01,2,1,01,B01
200900045458,0,13,000,00,2,1,02,A01
200900045458,0,07,000,00,2,4,02,B01
200900045459,0,07,000,00,0,7,01,B01
200900045459,0,07,000,00,2,1,09,A01
200900045460,0,07,000,14,0,1,01,A01
200900045461,0,07,000,00,2,1,01,B01
200900045461,0,07,000,00,2,9,01,A01
200900045462,0,07,000,00,2,1,01,A01
200900045462,0,07,000,00,2,4,02,B01
200900045463,0,07,000,11,0,2,14,A01
200900045464,0,07,000,00,2,4,01,B01
200900045464,0,02,000,00,2,1,02,A01
200900045465,0,07,000,00,2,2,15,A01
200900045465,0,33,000,00,2,1,01,B01
200900045466,0,07,000,00,2,1,01,B01
200900045466,0,07,000,00,2,9,06,A01
200900045467,0,07,000,01,0,2,01,A01
200900045468,0,07,000,00,1,1,13,A01
200900045469,0,07,000,12,0,1,01,A01
200900045470,0,07,000,04,0,0,00,A01
200900045471,0,07,000,00,2,3,15,B01
200900045471,0,31,000,01,2,9,17,A01
200900045472,0,01,000,00,2,1,13,B01
200900045472,0,07,000,00,2,2,01,A01
200900045473,0,02,000,00,2,1,01,B01
200900045473,0,07,000,00,0,3,16,A01
200900045474,0,07,000,00,0,9,01,A01
200900045475,0,07,000,00,2,4,23,B01
200900045475,0,07,000,00,2,1,02,A01
200900045476,0,17,000,00,0,4,02,A01
200900045476,0,15,000,00,2,1,02,B01
200900045477,0,33,000,00,0,8,00,A01
200900045478,0,07,000,00,0,0,00,A01
200900045479,0,07,000,00,0,4,24,B01
200900045479,0,17,000,01,0,1,00,A01
200900045480,0,07,000,00,2,1,02,A01
200900045480,0,07,000,00,2,4,01,B01
200900045481,0,07,000,00,2,2,01,A01
200900045481,0,07,000,00,0,8,01,B01
200900045482,0,07,000,16,0,9,00,A01
200900045483,0,07,000,00,2,1,02,A01
200900045483,0,07,000,00,2,4,23,B01
200900045484,0,07,000,00,0,3,15,B01
200900045484,0,30,000,00,0,6,05,A01
200900045485,0,01,000,00,0,0,00,A01
200900045486,0,30,000,00,2,4,01,B01
200900045486,0,07,000,00,2,2,01,A01
200900045487,0,07,000,00,0,4,01,B01
200900045487,0,31,000,00,2,1,02,A01
200900045488,0,07,000,00,2,8,15,A01
200900045488,0,33,000,00,2,2,17,B01
200900045489,0,30,000,00,2,1,01,A01
200900045489,0,10,000,00,2,8,01,B01
200900045490,0,10,000,13,0,7,14,A01
200900045491,0,07,000,00,2,3,14,A01
200900045491,0,33,000,00,2,8,01,B01
200900045492,0,02,000,12,0,2,01,A01
200900045493,0,10,000,01,0,8,01,B01
200900045493,0,07,000,00,2,1,01,A01
200900045494,0,07,000,15,2,1,01,B01
200900045494,0,07,000,00,2,1,13,A01
200900045495,0,01,000,00,0,8,01,B01
200900045495,0,07,000,00,9,7,17,A01
200900045496,0,07,000,00,2,1,00,A01
200900045496,0,07,000,00,0,4,00,B01
200900045497,0,07,000,16,0,7,13,A01
200900045498,0,14,000,03,2,2,01,B01
200900045498,0,14,000,03,2,6,24,A01
200900045499,0,07,000,00,0,6,11,B01
200900045499,0,33,000,00,2,2,01,A01
200900045500,0,33,000,00,2,2,21,B01
200900045500,0,33,000,00,2,4,01,A01
200900045501,0,07,000,00,2,4,01,B01
200900045501,0,07,000,00,2,1,01,A01
200900045502,0,07,000,01,0,1,05,A01
200900045503,0,15,000,00,2,1,02,C01
200900045503,0,07,000,00,2,4,02,B01
200900045503,0,07,000,00,2,4,01,A01
200900045504,0,07,000,02,0,1,00,A01
200900045505,0,07,000,00,2,6,11,A01
200900045505,0,33,000,00,2,2,17,B01
200900045506,0,33,000,00,0,0,21,A01
200900045507,0,07,000,00,2,2,12,B01
200900045507,0,33,000,00,2,8,03,A01
200900045508,0,07,000,03,0,1,00,A01
200900045509,0,07,000,00,2,4,02,C01
200900045509,0,33,000,00,2,8,01,B01
200900045509,0,07,000,00,2,7,00,A01
200900045510,0,07,000,03,0,3,14,B01
200900045510,0,14,000,00,2,2,02,A01
200900045511,0,15,000,00,2,2,03,A01
200900045511,0,07,000,00,2,6,01,B01
200900045512,0,07,000,00,0,0,21,A01
200900045513,0,17,000,00,2,1,02,A01
200900045513,0,07,000,00,2,4,02,B01
200900045514,0,10,000,04,2,8,11,A01
200900045514,0,10,000,00,2,1,02,B01
200900045515,0,31,000,00,0,7,00,A01
200900045516,0,07,000,03,0,7,01,A01
200900045517,0,10,000,00,2,8,00,C01
200900045517,0,07,000,00,2,2,00,B01
200900045517,0,33,000,00,2,8,03,A01
200900045518,0,07,000,00,2,4,01,A01
200900045518,0,10,000,00,2,3,02,B01
200900045519,0,31,000,00,2,1,11,A01
200900045519,0,07,000,00,2,3,00,B01
200900045519,0,07,000,00,2,1,00,C01
200900045520,0,33,000,00,0,3,01,B01
200900045520,0,10,000,00,2,7,09,A01
200900045521,0,99,000,00,0,5,01,B01
200900045521,0,33,000,00,2,1,03,A01
200900045522,0,07,000,00,0,5,11,A01
200900045522,0,33,000,00,2,1,03,B01
200900045523,2,07,000,00,2,2,12,B01
200900045523,0,10,000,00,2,6,01,A01
200900045524,0,07,000,07,0,3,14,A01
200900045525,0,33,000,00,0,0,00,A01
200900045526,0,10,000,00,2,6,11,A01
200900045526,0,31,000,00,2,1,03,B01
200900045527,0,32,000,00,0,0,01,A01
200900045528,0,07,000,00,1,1,01,A01
200900045529,0,07,000,00,2,3,10,A01
200900045529,0,07,000,00,2,2,01,B01
200900045530,0,07,000,00,2,1,14,B01
200900045530,0,07,000,00,2,1,05,A01
200900045531,0,07,000,00,1,1,01,A01
200900045532,0,07,000,00,1,8,01,A01
200900045533,0,07,000,00,2,2,01,B01
200900045533,0,07,000,00,2,1,09,A01
200900045534,0,07,000,00,2,1,01,A01
200900045534,0,07,000,00,2,4,23,B01
200900045535,0,07,000,06,0,1,01,A01
200900045536,0,30,000,00,0,4,23,B01
200900045536,0,07,000,00,0,1,17,A01
200900045537,0,07,000,00,2,1,01,A01
200900045537,0,01,000,00,2,8,15,B01
200900045538,0,07,000,00,2,1,05,A01
200900045538,0,07,000,00,2,3,01,B01
200900045538,0,07,000,08,0,1,21,C01
200900045538,0,07,000,00,2,1,01,D01
200900045539,0,33,000,00,2,7,15,A01
200900045539,0,17,000,00,2,8,15,B01
200900045540,0,07,000,00,1,4,04,A01
200900045541,0,07,000,00,1,1,01,A01
200900045542,0,10,000,00,1,1,00,A01
200900045543,0,07,000,00,0,9,01,A01
200900045544,0,33,000,11,0,1,17,A01
200900045545,0,01,000,00,2,1,01,B02
200900045545,0,07,000,00,9,1,15,A01
200900045546,0,33,000,13,0,1,01,A01
200900045547,0,02,000,00,2,1,19,A01
200900045547,0,07,000,00,2,8,01,B02
200900045548,0,33,000,00,0,0,01,A01
200900045549,0,07,000,13,0,1,01,A01
200900045550,0,07,000,00,1,8,01,A01
200900045551,0,33,000,03,0,1,01,A01
200900045552,0,07,000,00,2,3,13,A01
200900045552,0,07,000,00,2,3,01,B02
200900045553,0,01,000,00,0,1,01,B02
200900045553,0,07,000,00,0,1,13,A01
200900045554,0,07,000,16,0,1,01,A01
200900045555,0,07,000,00,1,1,01,A01
200900045556,0,31,000,00,0,1,01,A01
200900045556,0,07,000,00,0,2,01,B02
200900045557,0,07,000,00,2,1,02,A01
200900045557,0,14,000,00,0,4,02,B02
200900045558,0,07,000,00,2,2,15,A01
200900045558,0,33,000,00,2,1,01,B02
200900045559,0,07,000,00,2,2,01,B01
200900045559,0,07,000,00,2,2,01,A01
200900045560,0,07,000,12,0,2,01,A01
200900045561,0,07,000,00,2,6,00,B01
200900045561,0,30,000,00,2,1,00,A01
200900045562,0,07,000,00,2,4,01,B01
200900045562,0,07,000,00,2,1,01,A01
200900045563,0,07,000,00,1,1,01,A01
200900045564,0,07,000,00,9,6,01,B01
200900045564,0,32,000,00,0,1,01,A01
200900045565,0,07,000,00,1,1,15,A01
200900045566,0,07,000,00,1,2,01,A01
200900045567,0,07,000,00,1,3,01,A01