Num_Acc,senc,catv,occutc,obs,obsm,choc,manv,num_veh
200900045936,0,07,000,00,2,4,01,C01
200900045936,0,07,000,00,2,4,01,B01
200900045937,0,07,000,00,2,3,01,B02
200900045937,0,31,000,00,2,3,00,A01
200900045938,0,07,000,00,2,2,15,A01
200900045938,0,01,000,00,2,1,01,B01
200900045939,0,07,000,00,0,1,01,A01
200900045940,0,07,000,00,1,1,01,A01
200900045941,0,07,000,00,1,4,04,A01
200900045942,0,07,000,00,2,3,15,A01
200900045942,0,33,000,00,2,1,01,B01
200900045943,0,03,000,01,0,2,01,A01
200900045944,0,07,000,00,2,6,09,A01
200900045944,0,07,000,00,1,3,01,B01
200900045945,0,01,000,12,0,1,14,A01
200900045946,0,33,000,00,1,1,17,A01
200900045947,0,07,000,00,2,2,00,A01
200900045947,0,02,000,00,2,1,01,B01
200900045948,0,03,000,01,0,1,14,A01
200900045949,0,10,000,00,1,1,15,A01
200900045950,0,03,000,00,1,1,01,A01
200900045951,0,07,000,13,0,3,13,A01
200900045952,0,07,000,00,2,1,01,A01
200900045952,0,30,000,00,2,8,01,B02
200900045953,0,15,000,00,0,4,24,C03
200900045953,0,15,000,00,0,4,24,B02
200900045953,0,15,000,01,0,1,14,A01
200900045954,0,07,000,04,0,1,01,A01
200900045955,0,07,000,13,2,2,15,A01
200900045955,0,07,000,13,2,3,01,B02
200900045956,0,01,000,00,0,0,21,B02
200900045956,0,07,000,06,0,0,04,A01
200900045957,0,07,000,06,0,8,01,A01
200900045958,0,07,000,06,0,3,01,A01
200900045959,0,17,000,00,2,1,01,C03
200900045960,0,02,000,14,0,1,01,A01
200900045961,0,33,000,13,0,1,01,A01
200900045962,0,07,000,02,0,8,00,A01
200900045963,0,36,000,00,1,1,01,A01
200900045964,0,07,000,00,1,2,19,A01
200900045965,0,03,000,00,2,8,15,A01
200900045965,0,07,000,00,2,3,01,B02
200900045966,0,01,000,00,2,1,13,A01
200900045966,0,07,000,00,2,2,01,B02
200900045967,0,32,000,00,2,1,02,A01
200900045967,0,14,000,00,2,8,05,C03
200900045967,0,07,000,00,2,6,02,B02
200900045968,0,07,000,00,1,1,01,A01
200900045969,0,30,000,00,2,8,01,B01
200900045969,0,07,000,00,2,1,15,A01
200900045970,0,30,000,00,2,1,01,A01
200900045970,0,07,000,00,2,4,11,B01
200900045971,0,07,000,00,1,1,01,A01
200900045972,0,07,000,00,2,8,09,A01
200900045972,0,32,000,00,2,1,01,B01
200900045973,0,07,000,00,1,1,01,A01
200900045974,0,07,000,13,0,2,14,A01
200900045975,0,07,000,12,2,1,13,A01
200900045975,0,99,000,00,0,1,23,B01
200900045975,0,02,000,00,0,3,23,C01
200900045976,0,07,000,00,1,1,01,A01
200900045977,0,07,000,01,2,1,01,B02
200900045977,0,07,000,00,2,4,23,A01
200900045978,0,10,000,00,2,5,17,A01
200900045978,0,10,000,00,2,8,09,C03
200900045978,0,10,000,00,2,3,09,B02
200900045978,0,14,000,00,2,5,09,D04
200900045979,0,07,000,13,0,1,01,A01
200900045980,0,10,000,01,0,4,23,B02
200900045980,0,02,000,01,0,1,02,A01
200900045981,0,33,000,00,2,1,21,A01
200900045981,0,07,000,00,2,8,19,B02
200900045982,0,07,000,00,9,2,01,A01
200900045982,0,30,000,00,2,1,01,B02
200900045983,0,07,000,00,2,3,01,B02
200900045983,0,07,000,00,2,3,01,A01
200900045984,0,07,000,13,0,1,01,A01
200900045985,0,02,000,13,2,8,09,B02
200900045985,0,07,000,13,2,1,01,A01
200900045986,0,33,000,00,2,9,01,C03
200900045986,0,07,000,00,2,1,15,A01
200900045986,0,10,000,00,2,1,01,B02
200900045987,0,07,000,00,2,2,01,B01
200900045987,0,01,000,00,2,1,09,A01
200900045988,0,07,000,00,2,4,23,A01
200900045988,0,02,000,14,0,1,01,B01
200900045989,0,07,000,00,2,1,20,A01
200900045989,0,33,000,00,2,1,01,B01
200900045990,0,07,000,00,0,4,23,C01
200900045990,0,07,000,00,2,1,02,A01
200900045990,0,07,000,14,0,4,02,B01
200900045991,0,07,000,14,0,1,02,A01
200900045991,0,03,000,00,0,4,23,B01
200900045992,0,33,000,00,2,1,01,B01
200900045992,0,07,000,00,2,7,15,A01
200900045993,0,07,000,00,2,7,16,A01
200900045993,0,13,000,00,2,1,02,B01
200900045994,0,07,000,00,2,1,13,A01
200900045994,0,17,000,00,2,3,01,B01
200900045995,0,07,000,00,2,3,01,B02
200900045995,0,07,000,00,2,8,00,C03
200900045995,0,32,000,00,2,1,17,A01
200900045996,0,07,000,00,2,1,01,A01
200900045996,0,07,000,00,5,1,01,B02
200900045997,0,14,000,00,0,9,14,A01
200900045998,0,30,000,00,0,0,01,A01
200900045999,0,07,000,00,0,0,01,A01
200900046000,0,07,000,09,0,1,01,A01
200900046001,0,07,000,15,2,2,17,A01
200900046001,0,07,000,00,2,3,15,B02
200900046002,0,07,000,00,2,1,01,B02
200900046002,0,14,000,00,2,8,15,A01
200900046003,0,07,000,13,0,2,14,A01
200900046004,0,07,000,00,2,4,17,B01
200900046004,0,33,000,00,2,1,17,A01
200900046005,0,07,000,00,0,7,01,A01
200900046006,0,07,000,10,0,1,13,A01
200900046007,0,07,000,02,0,3,13,A01
200900046008,0,10,000,00,9,2,21,B01
200900046008,0,33,000,16,0,7,21,A01
200900046009,0,07,000,00,2,3,19,B01
200900046009,0,10,000,00,2,2,01,A01
200900046010,0,07,000,13,0,1,14,A01
200900046011,0,10,000,00,2,1,13,A01
200900046011,0,07,000,00,2,1,01,B01
200900046012,0,07,000,00,2,3,09,A01
200900046012,0,33,000,00,2,1,01,B01
200900046013,0,07,000,08,0,7,01,A01
200900046014,0,07,000,00,2,3,01,B01
200900046014,0,31,000,00,2,8,15,A01
200900046015,0,07,000,00,1,4,04,A01
200900046016,0,07,000,00,0,2,14,A01
200900046017,0,07,000,00,2,3,01,B01
200900046017,0,07,000,00,2,7,05,A01
200900046018,0,07,000,06,0,1,01,A01
200900046019,0,07,000,00,1,1,01,A01
200900046020,0,07,000,00,2,6,21,A01
200900046020,0,01,000,00,2,2,01,B01
200900046021,0,32,000,00,0,7,01,A01
200900046022,0,38,000,09,0,7,14,A01
200900046023,0,30,000,00,2,1,02,B01
200900046023,0,07,000,00,2,3,17,A01
200900046024,0,07,000,00,0,3,13,A01
200900046025,0,07,000,07,0,1,01,A01
200900046026,0,02,000,00,2,3,17,A01
200900046026,0,02,000,00,2,7,17,B01
200900046027,0,02,000,00,0,1,01,A01
200900046028,0,07,000,00,2,3,10,A01
200900046028,0,31,000,00,2,1,01,B01
200900046029,0,07,000,00,2,4,00,C01
200900046029,0,07,000,00,2,4,00,B01
200900046029,0,07,000,00,2,1,00,A01
200900046030,0,07,000,00,0,0,00,A01
200900046031,0,10,000,00,2,3,01,B01
200900046031,0,31,000,00,2,1,05,A01
200900046032,0,07,000,00,2,8,15,A01
200900046032,0,07,000,00,2,1,00,B01
200900046033,0,07,000,00,1,4,04,A01
200900046034,0,07,000,00,2,3,02,A01
200900046034,0,07,000,00,0,4,02,B01
200900046035,0,07,000,00,0,5,02,B01
200900046035,0,07,000,00,2,3,09,A01
200900046036,0,07,000,00,1,1,00,A01
200900046037,0,07,000,06,0,1,01,A01
200900046038,0,07,000,00,2,8,17,A01
200900046038,0,15,000,00,2,3,01,B01
200900046039,0,07,000,00,2,7,00,A01
200900046039,0,07,000,00,0,1,00,B01
200900046040,0,01,000,00,2,1,01,B01
200900046040,0,07,000,00,2,1,01,A01
200900046041,0,07,000,00,1,1,01,A01
200900046042,0,07,000,00,2,2,17,A01
200900046042,0,10,000,00,2,1,09,B01
200900046043,0,33,000,00,2,1,17,B02
200900046043,0,07,000,00,0,6,15,A01
200900046044,0,07,000,16,0,7,01,A01
200900046045,0,07,000,04,0,2,01,A01
200900046045,0,07,000,00,2,1,01,B02
200900046046,0,07,000,00,0,6,01,B02
200900046046,0,07,000,00,2,3,01,A01
200900046047,0,07,000,00,2,3,01,A01
200900046047,0,02,000,00,2,8,15,B02
200900046048,0,07,000,06,2,9,01,A01
200900046048,0,07,000,00,2,8,01,C03
200900046048,0,07,000,00,2,1,01,B02
200900046049,0,07,000,02,0,7,00,A01
200900046050,0,07,000,00,2,1,19,C01
200900046050,0,07,000,00,2,1,19,B01
200900046050,0,07,000,00,2,1,19,A01
200900046051,0,07,000,00,0,4,02,E01
200900046051,0,07,000,14,0,1,02,A01
200900046051,0,07,000,00,0,4,23,D01
200900046051,0,07,000,00,0,4,02,C01
200900046051,0,02,000,14,0,0,02,B01
200900046052,0,07,000,03,0,2,01,A01
200900046053,0,10,000,13,0,2,14,A01
200900046054,0,07,000,03,0,2,14,A01
200900046055,0,07,000,00,2,7,15,B02
200900046055,0,31,000,03,2,1,01,A01
200900046056,0,07,000,12,0,1,01,A01
200900046057,0,33,000,00,2,1,01,B02
200900046057,0,07,000,06,2,7,13,A01
200900046058,0,07,000,00,2,3,13,A01
200900046058,0,10,000,00,2,3,05,B02
200900046059,0,02,000,00,0,1,01,A01
200900046060,0,07,000,00,0,6,15,B02
200900046060,0,33,000,00,2,1,17,A01
200900046061,0,07,000,00,2,8,01,C03
200900046061,0,30,000,00,2,1,21,A01
200900046061,0,07,000,00,2,3,01,B02
200900046062,0,02,000,00,2,1,05,B02
200900046062,0,07,000,00,2,1,01,A01
200900046063,0,33,000,00,2,1,13,B02
200900046063,0,10,000,00,2,2,01,A01
200900046064,0,07,000,13,0,3,13,A01
200900046065,0,38,000,00,2,1,01,B02
200900046065,0,07,000,00,2,1,13,A01
200900046066,1,07,000,00,1,2,01,A01
200900046067,0,07,000,00,2,1,01,A01
200900046067,0,07,000,15,2,3,01,B02
200900046068,0,07,000,00,2,3,13,A01
200900046068,0,07,000,00,2,1,01,C03
200900046068,0,07,000,00,2,3,01,B02
200900046069,0,01,000,00,2,7,19,A01
200900046069,0,30,000,00,2,1,01,B02
200900046070,0,07,000,00,2,1,01,A01
200900046070,0,21,000,00,2,4,01,B02
200900046071,0,07,000,00,0,7,16,B01
200900046071,0,30,000,00,2,1,02,A01
200900046072,0,33,000,00,2,1,01,B01
200900046072,0,07,000,00,2,2,09,A01
200900046073,0,30,000,12,2,1,01,A01
200900046073,0,07,000,00,2,1,01,B01
200900046074,0,33,000,00,2,1,01,B01
200900046074,0,07,000,00,2,5,15,A01
200900046075,0,38,001,00,2,1,01,B01
200900046075,0,07,000,00,2,1,01,A01
200900046076,0,07,000,02,0,1,15,A01
200900046077,0,07,000,00,0,2,01,A01
200900046077,0,07,000,00,0,3,16,B02
200900046078,0,01,000,00,2,1,02,C01
200900046078,0,01,000,00,2,1,01,A01
200900046078,0,01,000,00,2,1,02,B01
200900046079,0,07,000,00,2,3,15,A01
200900046079,0,33,000,00,2,1,01,B01
200900046080,0,07,000,02,0,3,01,A01
200900046081,0,10,000,00,0,6,02,B01
200900046081,0,30,000,00,2,1,17,A01
200900046082,0,10,000,00,2,4,23,B01
200900046082,0,10,000,00,2,4,23,C01
200900046082,0,07,000,00,2,1,01,A01
200900046083,0,02,000,00,2,8,01,B01
200900046083,0,07,000,00,9,1,15,A01
200900046084,0,07,000,00,2,1,13,A01
200900046084,0,07,000,00,2,3,01,B02
200900046085,0,07,000,02,0,7,01,A01
200900046086,0,07,000,00,2,3,01,A01
200900046086,0,02,000,00,2,1,19,B02
200900046087,0,17,000,03,0,0,01,A01
200900046088,0,07,000,00,2,3,01,A01
200900046088,0,07,000,00,2,3,01,B02
200900046089,0,33,000,00,2,1,02,A01
200900046089,0,07,000,00,2,8,15,B02
200900046090,0,17,000,00,2,3,01,B02
200900046090,0,07,000,00,2,3,01,A01
200900046091,0,31,000,07,0,1,14,A01
200900046092,0,14,000,03,0,3,13,A01
200900046093,0,07,000,00,2,0,00,A01
200900046093,0,07,000,00,2,3,01,B02
200900046094,0,15,000,00,2,1,01,B02
200900046094,0,07,000,00,2,7,13,A01
200900046095,0,15,000,00,2,1,01,A01
200900046095,0,15,000,00,0,4,00,B02
200900046096,0,07,000,00,2,1,01,B02
200900046096,0,07,000,00,2,6,01,A01
200900046097,0,30,000,08,0,1,14,A01
200900046098,0,07,000,00,2,1,01,B02
200900046098,0,33,000,00,2,1,12,A01
200900046099,0,07,000,08,0,8,01,A01
200900046100,0,17,000,00,0,7,00,A01
200900046101,0,07,000,00,0,3,15,A01
200900046101,0,07,000,00,0,3,01,B02
200900046102,0,30,000,00,0,2,01,A01
200900046103,0,07,000,08,0,8,01,A01
200900046104,0,07,000,00,2,3,01,B02
200900046104,0,31,000,00,2,1,01,A01
200900046105,0,02,000,00,2,1,01,B02
200900046105,0,07,000,00,2,1,01,A01
200900046106,0,07,000,00,9,3,15,A01
200900046107,0,07,000,02,0,1,01,A01
200900046108,0,07,000,13,0,3,13,A01
200900046109,0,07,000,00,2,1,00,A01
200900046109,0,07,000,00,2,1,00,B02
200900046110,0,07,000,00,2,1,13,A01
200900046110,0,07,000,00,2,2,21,C03
200900046110,0,07,000,00,2,1,01,B02
200900046111,0,07,000,00,2,1,13,A01
200900046111,0,21,000,00,2,1,01,B02
200900046112,0,07,000,00,2,3,01,A01
200900046112,0,07,000,00,2,1,01,B02
200900046113,0,07,000,02,0,8,01,A01
200900046114,0,07,000,13,0,3,13,A01
200900046115,0,02,000,00,2,1,01,B02
200900046115,0,07,000,00,2,3,13,A01
200900046116,0,07,000,13,0,9,01,A01
200900046117,0,07,000,00,2,2,01,A01
200900046117,0,02,000,00,2,4,01,B02
200900046118,0,07,000,00,1,3,01,A01
200900046119,0,07,000,02,0,9,01,A01
200900046120,0,10,000,02,0,1,14,A01
200900046121,0,07,000,13,0,3,13,A01
200900046122,0,10,000,00,0,3,01,B02
200900046122,0,07,000,00,0,3,13,A01
200900046123,0,17,000,02,0,2,14,A01
200900046124,0,07,000,00,2,1,13,A01
200900046124,0,07,000,00,2,1,01,B02
200900046125,0,07,000,08,0,2,01,A01
200900046126,0,30,000,01,0,1,01,A01
200900046127,0,07,000,00,2,2,02,A01
200900046127,0,07,000,00,2,8,19,B02
200900046128,0,10,000,08,0,2,01,A01
200900046129,0,07,000,00,2,3,01,A01
200900046129,0,10,000,00,2,3,01,B02
200900046130,0,07,000,00,2,3,01,A01
200900046130,0,31,000,00,2,1,01,B02
200900046131,0,02,000,09,0,1,00,A01
200900046132,0,07,000,00,0,1,00,A01
200900046133,0,07,000,15,0,1,01,A01
200900046134,0,07,000,00,0,6,02,A01
200900046135,0,02,000,00,0,0,00,A01
200900046136,0,07,000,00,0,0,02,A01
200900046136,0,07,000,00,2,1,02,B01
200900046136,0,07,000,00,2,1,02,C01
200900046137,0,07,000,00,2,6,02,B01
200900046137,0,02,000,00,2,2,02,A01
200900046138,0,07,000,00,1,0,00,A01
200900046139,0,07,000,00,0,4,02,A01
200900046139,0,02,000,00,0,4,02,B01
200900046140,0,01,000,00,2,7,15,B01
200900046140,0,07,000,00,2,1,01,A01
200900046141,0,07,000,00,2,3,01,A01
200900046141,0,01,000,00,2,7,01,B01
200900046142,0,07,000,00,2,8,15,A01
200900046142,0,02,000,00,2,1,17,B01
200900046143,0,01,000,00,2,7,19,B01
200900046143,0,07,000,00,2,1,01,A01
200900046144,0,07,000,00,2,2,01,B01
200900046144,0,02,000,00,2,1,01,A01
200900046145,0,02,000,00,2,1,02,A01
200900046145,0,07,000,00,2,4,23,B01
200900046146,1,07,000,00,2,8,10,A01
200900046146,0,31,000,00,2,2,01,B01
200900046147,0,07,000,00,2,3,01,B01
200900046147,0,07,000,00,2,3,05,A01
200900046148,0,01,000,00,0,0,01,A01
200900046149,0,07,000,00,2,2,01,B01
200900046149,0,35,000,00,2,8,13,A01
200900046150,0,07,000,00,1,1,01,A01
200900046151,0,07,000,00,2,8,15,B01
200900046151,0,33,000,00,2,2,17,A01
200900046152,0,01,000,00,0,0,01,A01
200900046153,0,30,000,12,0,0,00,A01
200900046154,0,02,000,00,0,8,00,A01
200900046155,0,07,000,00,2,5,00,A01
200900046155,0,01,000,00,2,3,01,B01
200900046156,0,02,000,00,2,1,01,A01
200900046156,0,07,000,00,2,4,01,B01
200900046157,0,30,000,00,0,0,01,A01
200900046158,0,07,000,00,2,3,01,B01
200900046158,0,07,000,00,2,2,15,A01
200900046159,0,01,000,00,1,1,01,A01
200900046160,0,01,000,00,1,1,01,A01
200900046161,0,32,000,00,2,3,01,B01
200900046161,0,07,000,00,2,2,15,A01
200900046162,0,33,000,00,2,1,01,A01
200900046162,1,07,000,00,2,6,01,B01
200900046163,0,07,000,00,2,1,01,A01
200900046163,0,34,000,00,2,4,01,B01
200900046164,0,30,000,00,1,1,01,A01
200900046165,0,07,000,00,2,3,01,A01
200900046165,0,01,000,00,2,7,01,B01
200900046166,0,07,000,00,2,3,13,A01
200900046166,0,10,000,00,2,3,01,B01
200900046167,0,02,000,00,2,7,17,A01
200900046167,0,01,000,00,2,8,13,B01
200900046168,0,01,000,00,2,1,01,A01
200900046168,0,07,000,00,2,3,09,B01
200900046169,0,07,000,00,2,8,13,A01
200900046169,0,31,000,00,2,2,01,B01
200900046170,0,33,000,00,2,3,01,B01
200900046170,0,07,000,00,2,3,15,A01
200900046171,0,07,000,00,2,3,09,A01
200900046171,0,33,000,00,2,1,01,B01
200900046172,0,07,000,00,2,7,17,B01
200900046172,0,30,000,00,2,8,11,A01
200900046173,0,03,000,01,0,1,13,A01
200900046174,0,01,000,00,2,6,01,B01
200900046174,0,07,000,00,2,2,16,A01
200900046175,0,07,000,01,0,1,20,A01
200900046176,0,30,000,00,0,7,01,A01
200900046177,0,07,000,00,2,1,21,A01
200900046177,0,07,000,00,2,4,23,B01
200900046178,0,30,000,00,2,1,17,A01
200900046178,0,07,000,00,2,4,15,B01
200900046179,0,07,000,00,1,2,01,A01
200900046180,0,07,000,00,2,1,17,B02
200900046180,0,01,000,00,2,8,15,A01
200900046181,0,07,000,00,1,2,01,A01
200900046182,0,07,000,00,2,1,01,A01
200900046182,0,10,000,00,2,6,19,B02
200900046183,0,07,000,00,2,2,09,A01
200900046183,0,07,000,00,2,1,01,B02
200900046184,1,14,000,00,0,0,00,A01
200900046185,0,07,000,00,2,3,15,A01
200900046185,0,30,000,00,2,1,01,B02
200900046186,0,33,000,00,2,1,17,A01
200900046186,0,07,000,00,0,4,15,B02
200900046187,0,17,000,00,2,1,15,A01
200900046187,0,07,000,00,2,8,15,B02
200900046188,0,10,000,00,2,1,01,A01
200900046188,0,15,000,00,2,2,19,B02
200900046189,0,33,000,00,2,2,17,B02
200900046189,0,07,000,00,0,8,15,A01
200900046190,0,31,000,00,0,3,01,A01
200900046191,0,37,000,00,2,1,01,A01
200900046191,0,07,000,00,2,7,19,B02
200900046192,0,07,000,00,2,3,15,B02
200900046192,0,33,000,00,2,1,17,A01
200900046193,0,07,000,00,2,1,05,C03
200900046193,0,07,000,00,2,4,01,B02
200900046193,0,07,000,00,2,1,01,A01
200900046194,0,07,000,00,2,2,15,A01
200900046194,0,07,000,00,2,1,01,B02
200900046195,0,07,000,04,0,1,01,A01
200900046196,0,31,000,12,0,1,01,A01
200900046197,0,02,000,00,2,1,13,A01
200900046197,0,07,000,00,2,2,01,B02
200900046198,0,30,000,00,2,8,01,B02
200900046198,0,07,000,00,2,1,19,A01
200900046199,0,33,000,16,0,9,01,A01
200900046200,0,33,000,13,0,1,01,A01
200900046201,0,33,000,00,2,1,02,A01
200900046201,0,33,000,00,0,7,02,B02
200900046202,0,07,000,00,1,1,01,A01
200900046203,0,07,000,00,2,8,13,A01
200900046203,0,07,000,00,2,7,01,B01
200900046204,0,07,000,00,2,1,01,A01
200900046204,0,07,000,00,2,4,01,B01
200900046205,0,07,000,13,0,0,00,A01
200900046206,0,07,000,00,2,0,17,A01
200900046206,0,01,000,00,2,0,00,B01
200900046207,0,02,000,00,2,1,01,B01
200900046207,0,07,000,00,2,1,15,A01
200900046208,0,07,000,00,2,2,01,A01
200900046208,0,07,000,00,2,1,01,B01
200900046209,0,30,000,00,0,7,01,A01
200900046210,0,07,000,00,2,7,01,A01
200900046210,0,01,000,00,2,1,01,B01
200900046211,0,07,000,00,2,1,01,B01
200900046211,0,07,000,00,2,4,01,A01
200900046211,0,07,000,00,2,1,01,C01
200900046212,0,01,000,00,2,7,01,B01
200900046212,0,07,000,00,2,8,17,A01
200900046213,0,07,000,00,2,2,01,A01
200900046213,0,02,000,00,2,1,01,B01
200900046214,0,37,000,00,2,8,01,C01
200900046214,0,33,000,00,2,7,01,B01
200900046214,0,07,000,00,2,2,15,A01
200900046215,0,07,000,00,2,8,01,A01
200900046215,0,07,000,00,2,1,01,B01
200900046216,0,07,000,00,2,7,17,B01
200900046216,0,07,000,00,2,8,15,A01
200900046217,0,07,000,00,2,1,01,B01
200900046217,0,02,000,00,2,0,01,A01
200900046218,0,31,000,00,0,7,01,A01
200900046219,0,07,000,00,2,1,15,B02
200900046219,0,30,000,00,2,1,01,A01
200900046220,0,07,000,00,2,3,01,A01
200900046220,0,02,000,00,2,1,05,B02
200900046221,0,10,000,00,2,3,01,B02
200900046221,0,10,000,00,2,3,13,A01
200900046222,0,07,000,00,2,2,01,B02
200900046222,0,31,000,00,2,1,01,A01
200900046223,0,07,000,02,0,8,01,A01
200900046224,0,07,000,00,2,2,01,A01
200900046224,0,31,000,00,2,8,01,B02
200900046225,0,07,000,00,2,3,01,B02
200900046225,0,07,000,00,2,3,13,A01
200900046226,0,07,000,01,2,3,15,B02
200900046226,0,33,000,00,2,1,01,A01
200900046227,0,07,000,04,0,3,13,A01
200900046228,0,07,000,06,0,1,01,A01
200900046229,0,10,000,00,0,9,00,A01
200900046230,0,07,000,00,2,1,17,A01
200900046230,0,21,000,00,2,3,15,B02
200900046231,0,10,000,00,2,2,01,A01
200900046231,0,17,000,00,2,6,13,B02
200900046232,0,07,000,00,9,8,15,A01
200900046232,0,02,000,00,2,1,01,B02
200900046233,0,07,000,00,1,2,02,A01
200900046234,0,07,000,02,0,6,21,A01
200900046235,0,07,000,00,1,1,09,A01
200900046236,0,30,000,00,2,1,17,A01
200900046236,0,07,000,00,2,6,02,B01
200900046237,1,31,000,00,1,2,13,A01
200900046238,0,07,000,00,2,4,02,C01
200900046238,0,07,000,00,2,4,02,B01
200900046238,0,07,000,00,2,3,02,E01
200900046238,0,10,000,00,2,1,02,A01
200900046238,0,07,000,00,2,4,00,D01
200900046239,0,30,000,00,9,1,09,A01
200900046240,0,07,000,00,2,1,15,A01
200900046240,0,07,000,00,2,2,01,B01
200900046241,0,07,000,00,2,4,02,B01
200900046241,0,07,000,00,2,1,02,A01
200900046242,0,07,000,00,2,1,15,A01
200900046242,0,02,000,00,2,1,01,B01
200900046243,0,07,000,00,2,1,02,C01
200900046243,0,07,000,00,2,1,02,A01
200900046243,0,07,000,00,2,4,02,D01
200900046243,0,07,000,00,2,4,01,B01
200900046244,0,02,000,00,2,1,02,A01
200900046244,0,07,000,00,2,4,01,B01
200900046245,0,07,000,00,2,1,15,A01
200900046245,0,07,000,00,2,3,01,B01
200900046246,0,30,000,00,2,1,21,B01
200900046246,0,07,000,00,2,3,09,A01
200900046247,0,07,000,00,1,1,01,A01
200900046248,0,07,000,00,2,3,20,A01
200900046248,0,02,000,00,2,1,01,B01
200900046249,0,07,000,00,2,1,01,B01
200900046249,0,10,000,00,2,1,01,A01
200900046250,0,13,000,00,2,6,04,A01
200900046250,0,10,000,00,2,1,01,C01
200900046250,0,07,000,00,2,1,01,B01
200900046251,0,33,000,00,2,1,01,B01
200900046251,1,07,000,00,2,1,13,A01
200900046252,0,07,000,00,2,1,20,A01
200900046252,0,02,000,00,2,1,01,B01
200900046253,0,07,000,00,2,4,02,B01
200900046253,0,07,000,00,2,1,02,A01
200900046254,0,07,000,00,2,1,05,A01
200900046254,0,10,000,00,1,1,01,B01
200900046255,0,07,000,00,1,1,01,A01
200900046255,0,07,000,00,2,4,01,B01
200900046256,0,01,000,00,2,7,01,B01
200900046256,0,07,000,00,2,1,01,A01
200900046257,0,07,000,00,2,1,02,A01
200900046257,0,07,000,00,2,4,02,C01
200900046257,0,07,000,00,2,4,02,B01
200900046258,0,02,000,12,0,1,14,A01
200900046259,0,30,000,00,2,1,02,A01
200900046259,0,07,000,00,2,4,02,B01
200900046260,0,07,000,00,2,7,16,A01
200900046260,0,30,000,00,2,1,01,B01
200900046261,0,30,000,00,2,7,02,A01
200900046261,0,07,000,00,2,3,16,B01
200900046262,0,07,000,00,2,7,12,A01
200900046262,0,30,000,00,2,1,01,B01
200900046263,0,30,000,00,2,1,01,B01
200900046263,0,07,000,00,2,1,01,A01
200900046264,0,02,000,00,2,1,02,A01
200900046264,0,07,000,00,2,4,02,B01
200900046265,0,30,000,00,2,0,00,A01
200900046265,0,07,000,00,9,0,00,B01
200900046266,0,33,000,00,9,0,01,A01
200900046267,0,30,000,00,2,8,01,B01
200900046267,0,07,000,00,2,1,01,A01
200900046268,0,30,000,00,2,2,17,B01
200900046268,0,07,000,00,2,3,15,A01
200900046269,0,01,000,00,2,1,02,B01
200900046269,0,07,000,00,2,1,09,A01
200900046270,0,07,000,00,2,3,15,A01
200900046270,0,30,000,00,2,1,02,B01
200900046271,0,07,000,00,2,3,01,A01
200900046271,0,30,000,00,2,1,01,B02
200900046272,0,10,000,00,2,3,13,A01
200900046272,0,07,000,00,2,3,01,B02
200900046273,0,07,000,06,0,3,01,A01
200900046274,0,07,000,00,2,7,15,A01
200900046274,0,02,000,00,2,1,01,B01
200900046275,0,10,000,00,2,3,01,B02
200900046275,0,07,000,00,2,1,01,A01
200900046276,0,07,000,00,1,2,07,A01
200900046277,0,07,000,00,1,2,01,A01
200900046278,0,10,000,00,2,4,00,C01
200900046278,0,07,000,00,2,1,01,A01
200900046278,0,07,000,00,2,4,01,B01
200900046279,0,03,000,00,1,1,15,A01
200900046280,0,32,000,00,0,0,15,A01
200900046281,0,10,000,00,1,4,04,A01
200900046282,0,07,000,00,1,3,02,A01
200900046283,0,33,000,00,1,8,13,A01
200900046284,0,07,000,00,1,3,01,A01
200900046285,0,07,000,00,1,2,02,A01
200900046286,0,37,001,00,1,2,00,A01
200900046287,0,10,000,00,0,0,02,B01
200900046287,0,07,000,08,2,1,00,A01
200900046288,0,33,000,00,2,1,02,B01
200900046288,0,07,000,00,2,6,02,A01
200900046289,0,07,000,00,1,5,04,A01
200900046290,0,07,000,00,1,1,02,A01
200900046291,0,07,000,00,0,0,00,A01
200900046292,0,07,000,00,2,2,02,A01
200900046292,0,07,000,00,2,1,15,B01
200900046293,0,37,000,00,0,0,00,B01
200900046294,0,10,000,00,2,8,15,A01
200900046294,0,30,000,00,2,1,17,B01
200900046295,0,07,000,00,0,4,04,A01
200900046296,0,07,000,00,1,4,01,A01
200900046297,0,07,000,00,2,3,11,B01
200900046297,0,34,000,00,2,2,11,A01
200900046298,0,07,000,00,2,2,15,A01
200900046298,0,33,000,00,2,1,02,B01
200900046299,0,07,000,00,1,1,09,A01
200900046300,0,33,000,00,2,1,01,B01
200900046300,0,10,000,00,2,2,15,A01
200900046301,0,07,000,00,2,1,15,A01
200900046301,0,32,000,00,2,1,01,B01
200900046302,0,32,000,00,0,9,02,A01
200900046303,0,07,000,06,0,1,02,A01
200900046304,1,07,000,00,0,0,00,Z01
200900046304,0,07,000,00,2,1,02,A01
200900046304,0,07,000,00,0,4,02,B01
200900046305,0,10,000,00,2,1,15,B01
200900046305,0,30,000,00,2,1,02,A01
200900046306,0,07,000,00,1,3,01,A01
200900046307,0,07,000,00,2,3,01,B01
200900046307,0,07,000,00,2,3,13,A01
200900046308,0,10,000,00,0,1,02,A01
200900046308,0,07,000,00,0,4,02,B01