Num_Acc,senc,catv,occutc,obs,obsm,choc,manv,num_veh
200900047444,0,32,000,00,1,1,01,A01
200900047445,0,31,000,00,2,1,01,B01
200900047445,0,14,000,00,2,2,01,A01
200900047446,0,33,000,00,1,0,01,A01
200900047447,0,07,000,09,0,0,01,A01
200900047448,0,32,000,00,1,1,01,A01
200900047449,0,32,000,00,0,7,01,A01
200900047450,0,33,000,00,2,7,01,A01
200900047451,0,31,000,00,2,8,02,B01
200900047451,0,07,000,00,2,7,12,A01
200900047452,0,02,000,00,0,0,01,A01
200900047452,0,07,000,00,0,0,01,B01
200900047453,0,31,000,00,0,0,01,A01
200900047454,0,07,000,00,1,3,01,A01
200900047455,0,33,000,00,1,1,01,A01
200900047456,0,07,000,00,0,3,11,A01
200900047456,0,33,000,00,2,1,01,B01
200900047457,1,10,000,00,1,2,01,A01
200900047458,0,30,000,00,2,0,03,A01
200900047458,0,07,000,00,2,3,23,C01
200900047458,0,07,000,00,2,5,23,B01
200900047459,0,07,000,00,2,6,24,B01
200900047459,0,02,000,01,0,1,21,A01
200900047460,0,07,000,00,2,2,00,B01
200900047460,0,10,000,00,2,6,00,A01
200900047461,0,07,000,00,2,2,02,B01
200900047461,0,07,000,00,2,1,02,A01
200900047462,0,32,000,00,0,1,01,A01
200900047463,0,14,000,00,2,4,01,B01
200900047463,0,07,000,00,2,1,01,A01
200900047464,0,32,000,00,0,1,01,A01
200900047465,0,07,000,00,2,5,02,B01
200900047465,0,02,000,00,2,5,02,A01
200900047466,0,33,000,00,0,7,00,A01
200900047467,0,32,000,00,0,0,01,B01
200900047467,0,14,000,00,0,0,15,A01
200900047468,0,10,000,00,2,1,01,A01
200900047468,0,07,000,00,0,4,21,B01
200900047469,0,01,000,00,2,2,01,A01
200900047469,0,07,000,00,2,3,15,B01
200900047470,0,10,000,00,0,0,01,A01
200900047471,0,07,000,00,2,2,02,A01
200900047471,0,01,000,00,2,6,02,B01
200900047472,0,07,000,00,1,8,01,A01
200900047473,0,07,000,00,2,3,01,B01
200900047473,0,07,000,00,2,1,15,A01
200900047474,0,07,000,00,2,3,15,A01
200900047475,0,07,000,00,2,1,06,A01
200900047475,0,34,000,00,0,0,01,B01
200900047476,0,03,000,00,2,6,02,B01
200900047476,0,33,000,00,2,7,02,A01
200900047476,0,07,000,00,2,6,01,C01
200900047476,0,07,000,00,2,6,02,D01
200900047477,0,30,000,00,2,8,20,B01
200900047477,1,33,000,00,2,1,01,A01
200900047478,0,33,000,00,2,2,01,A01
200900047478,0,07,000,00,2,1,15,B01
200900047479,0,01,000,00,2,8,01,B01
200900047479,0,07,000,00,2,1,01,A01
200900047480,0,31,000,00,2,3,01,B01
200900047480,0,07,000,00,2,5,16,A01
200900047481,0,07,000,00,1,1,01,A01
200900047482,0,07,000,00,2,7,10,A01
200900047482,0,33,000,00,2,1,01,B01
200900047483,0,01,000,00,2,1,17,B01
200900047483,0,07,000,00,2,3,09,A01
200900047484,0,07,000,00,2,7,01,A01
200900047484,0,31,000,00,2,8,15,B01
200900047485,1,02,000,00,2,1,05,A01
200900047485,0,20,000,00,2,8,01,B01
200900047486,0,07,000,00,2,2,01,B01
200900047486,0,01,000,00,2,3,19,A01
200900047487,0,07,000,00,2,5,01,A01
200900047487,0,30,000,00,2,8,02,B01
200900047488,0,07,000,00,2,1,01,A01
200900047488,0,10,000,01,0,4,23,B01
200900047489,0,07,000,00,2,3,20,A01
200900047489,0,32,000,00,2,1,01,B01
200900047490,0,07,000,00,2,1,02,A01
200900047490,0,07,000,00,2,4,15,B01
200900047491,0,30,000,00,1,2,01,A01
200900047492,0,10,000,00,2,2,01,A01
200900047492,0,07,000,00,0,3,16,B01
200900047493,0,07,000,00,1,3,01,A01
200900047494,0,07,000,00,2,1,02,A01
200900047494,0,07,000,00,2,4,02,B01
200900047495,0,07,000,00,2,2,17,A01
200900047495,0,07,000,00,0,6,00,B01
200900047496,0,07,000,00,1,3,01,A01
200900047497,0,99,000,00,2,2,15,A01
200900047497,0,32,000,00,2,1,01,B01
200900047498,0,13,000,00,0,6,02,B01
200900047498,0,13,000,00,2,4,00,A01
200900047499,0,07,000,00,0,2,01,B01
200900047499,0,02,000,00,0,3,01,A01
200900047499,0,07,000,00,0,0,01,C01
200900047500,0,07,000,00,2,2,12,B01
200900047500,0,10,000,00,0,6,01,C01
200900047500,0,32,000,00,2,8,21,A01
200900047501,0,07,000,00,1,2,00,A01
200900047502,0,07,000,00,2,2,02,A01
200900047502,0,07,000,00,2,3,02,B01
200900047503,0,07,000,00,9,8,02,A01
200900047503,0,30,000,00,2,1,02,B01
200900047504,0,07,000,00,0,2,00,B01
200900047504,0,30,000,00,0,1,00,A01
200900047505,0,07,000,00,1,3,00,A01
200900047506,0,07,000,00,1,2,02,A01
200900047507,0,07,000,00,2,0,15,A01
200900047507,0,07,000,00,2,2,01,B01
200900047508,0,33,000,00,2,1,02,A01
200900047508,0,10,000,00,2,4,01,B01
200900047509,0,07,000,00,2,3,20,A01
200900047509,0,30,000,00,2,1,01,B01
200900047510,0,33,000,00,0,0,00,A01
200900047511,0,07,000,00,2,4,04,A01
200900047511,0,02,000,00,2,1,02,B01
200900047512,0,33,000,00,2,0,01,A01
200900047512,1,10,000,00,2,5,00,B01
200900047513,2,30,000,00,1,1,00,A01
200900047514,0,30,000,00,0,0,00,A01
200900047515,0,07,000,00,2,3,01,A01
200900047515,0,07,000,00,2,2,01,B01
200900047516,0,33,000,00,2,1,01,A01
200900047516,0,07,000,00,2,8,01,B01
200900047517,0,34,000,00,2,1,01,A01
200900047517,0,07,000,00,2,6,23,B01
200900047518,0,07,000,00,2,5,17,B01
200900047518,0,01,000,00,2,3,17,A01
200900047519,0,10,000,00,2,2,01,A01
200900047519,0,07,000,00,2,4,23,B01
200900047520,0,07,000,00,2,2,01,A01
200900047521,0,07,000,00,2,4,23,B01
200900047521,0,07,000,00,2,1,01,A01
200900047522,0,32,000,00,2,1,00,B01
200900047522,0,20,000,00,2,8,00,A01
200900047523,0,02,000,00,2,8,01,A01
200900047523,0,13,000,00,2,3,01,B01
200900047524,0,10,000,00,2,0,15,B01
200900047524,0,32,000,00,2,7,01,A01
200900047525,0,07,000,00,1,1,15,A01
200900047526,0,07,000,00,2,7,00,A01
200900047526,0,07,000,00,2,1,00,B01
200900047527,0,02,000,00,2,2,00,A01
200900047527,0,33,000,00,2,8,00,B01
200900047528,0,07,000,00,1,1,00,A01
200900047529,0,07,000,00,1,3,00,A01
200900047530,0,30,000,00,2,2,15,A01
200900047530,0,07,000,00,2,3,00,B01
200900047531,0,33,000,00,2,8,01,B01
200900047531,0,07,000,00,2,2,15,A01
200900047532,0,34,000,00,2,8,00,A01
200900047532,0,15,000,00,2,7,00,B01
200900047533,0,07,000,00,2,8,02,A01
200900047533,0,02,000,00,2,7,00,B01
200900047534,0,30,000,00,1,1,01,B01
200900047534,0,31,000,00,2,1,15,A01
200900047535,0,33,000,00,2,3,01,B01
200900047535,0,07,000,00,2,7,19,A01
200900047536,0,33,000,00,1,0,02,A01
200900047537,0,10,000,00,1,3,02,A01
200900047538,0,32,000,00,2,1,01,B01
200900047538,0,30,000,00,2,1,15,A01
200900047539,0,01,000,00,1,1,17,A01
200900047540,0,07,000,00,2,3,15,A01
200900047540,0,33,000,00,2,1,01,B01
200900047541,0,01,000,00,2,9,00,B01
200900047541,0,14,000,00,9,7,16,A01
200900047542,0,33,000,00,2,1,02,A01
200900047542,0,10,000,00,2,4,16,B01
200900047543,0,07,000,00,1,1,01,A01
200900047544,1,07,000,00,0,0,00,A01
200900047545,0,33,000,00,2,3,18,A01
200900047545,0,07,000,00,2,7,16,B01
200900047546,0,37,000,00,1,2,16,A01
200900047547,0,32,000,00,2,8,02,A01
200900047547,0,07,000,00,2,1,15,B01
200900047548,0,07,000,15,0,0,00,A01
200900047549,0,07,000,09,1,3,02,A01
200900047550,0,07,000,00,2,8,01,A01
200900047551,0,07,000,00,2,1,01,A01
200900047551,0,13,000,00,2,4,02,B01
200900047552,0,07,000,00,2,4,01,B01
200900047552,0,07,000,00,2,1,01,C01
200900047552,0,07,000,00,1,4,01,A01
200900047553,0,07,000,00,2,1,01,A01
200900047553,0,07,000,00,2,5,01,B01
200900047554,0,07,000,00,2,3,01,B01
200900047554,0,07,000,00,2,8,19,A01
200900047555,0,38,001,00,2,1,01,A01
200900047555,0,07,000,00,0,4,01,B01
200900047556,0,07,000,00,1,1,00,A01
200900047557,0,07,000,00,0,3,19,A01
200900047557,0,30,000,00,0,1,01,B01
200900047558,0,07,000,00,2,3,15,A01
200900047558,0,30,000,00,2,7,17,B01
200900047559,0,07,000,00,2,1,01,B01
200900047559,0,07,000,00,2,2,15,A01
200900047560,0,10,000,05,0,1,01,A01
200900047561,0,07,000,00,0,0,00,A01
200900047562,0,07,000,00,1,2,02,A01
200900047563,0,07,000,00,2,1,01,B01
200900047563,0,07,000,01,2,3,02,A01
200900047564,0,07,000,00,0,0,00,A01
200900047564,0,07,000,00,0,0,00,B01
200900047565,0,32,000,00,2,2,17,B01
200900047565,0,07,000,00,2,3,15,A01
200900047566,0,07,000,00,1,1,01,A01
200900047567,0,07,000,00,1,3,01,A01
200900047568,0,07,000,09,2,2,02,B01
200900047568,0,07,000,09,2,4,10,A01
200900047569,0,07,000,00,2,3,24,A01
200900047569,0,01,000,01,0,0,01,B01
200900047570,0,07,000,01,0,1,02,B01
200900047570,0,07,000,02,0,4,00,A01
200900047571,0,07,000,00,0,0,00,A01
200900047571,0,33,000,00,0,0,00,B01
200900047572,0,07,000,00,2,1,02,A01
200900047572,0,07,000,00,2,6,02,B01
200900047573,0,07,000,00,1,1,00,A01
200900047574,0,07,000,00,0,7,15,B01
200900047574,0,07,000,00,0,3,01,A01
200900047575,0,07,000,15,0,1,15,A01
200900047576,0,30,000,00,2,7,17,A01
200900047576,0,07,000,00,2,3,15,B01
200900047577,0,07,000,00,0,4,00,A01
200900047577,0,31,000,03,0,1,12,B01
200900047578,0,07,000,00,2,3,02,B01
200900047578,0,07,000,00,0,6,23,A01
200900047578,0,07,000,00,0,5,23,C01
200900047579,0,07,000,00,1,3,01,A01
200900047580,0,15,000,00,2,1,21,C01
200900047580,0,15,000,00,0,5,01,B01
200900047580,0,07,000,00,2,1,11,A01
200900047580,0,07,000,00,2,1,01,D01
200900047581,0,07,000,00,2,8,01,A01
200900047581,0,15,000,00,2,2,12,B01
200900047582,0,07,000,00,1,1,01,A01
200900047583,0,38,082,00,2,4,02,D01
200900047583,0,07,000,00,2,1,02,F01
200900047583,0,07,000,00,2,4,02,C01
200900047583,0,07,000,00,2,1,02,B01
200900047583,0,38,054,00,2,1,02,E01
200900047583,0,07,000,00,0,4,02,A02
200900047584,0,07,000,00,1,1,01,A01
200900047585,0,07,000,00,0,1,01,C01
200900047585,0,15,000,00,0,3,12,A01
200900047585,0,07,000,00,0,5,01,B01
200900047586,0,07,000,00,1,3,00,A01
200900047587,0,07,000,00,2,2,05,A01
200900047587,0,30,000,00,2,1,01,B01
200900047588,0,30,000,02,0,1,01,A01
200900047589,0,07,000,00,1,2,01,A01
200900047590,0,07,000,01,0,1,02,A01
200900047590,0,07,000,00,1,4,00,B01
200900047591,0,07,000,00,1,4,04,A01
200900047592,0,07,000,15,0,2,14,A01
200900047593,0,07,000,00,2,1,02,A01
200900047593,0,07,000,00,0,4,13,B01
200900047594,0,07,000,00,1,3,01,A01
200900047595,0,07,000,00,2,4,01,A01
200900047595,0,07,000,00,2,1,01,B01
200900047596,0,02,000,00,2,1,17,A01
200900047596,0,10,000,00,2,8,09,B01
200900047597,0,07,000,00,1,4,00,B01
200900047597,0,07,000,00,0,1,02,A01
200900047598,0,07,000,00,1,1,02,A01
200900047599,1,07,000,00,1,1,00,A01
200900047600,0,07,000,00,2,1,02,B01
200900047600,0,07,000,00,2,4,15,A01
200900047601,0,34,000,00,0,3,01,B01
200900047601,0,07,000,00,0,7,12,A01
200900047602,0,07,000,00,1,3,00,A01
200900047603,0,07,000,00,2,1,01,A01
200900047603,0,07,000,00,2,8,16,B01
200900047604,0,07,000,00,1,2,09,A01
200900047605,0,33,000,00,2,1,01,B01
200900047605,0,07,000,00,2,7,19,A01
200900047606,0,30,000,01,0,3,01,A01
200900047607,0,32,000,00,1,7,03,A01
200900047608,0,33,000,00,0,3,02,A01
200900047609,0,30,000,00,2,8,18,A01
200900047609,0,10,000,00,2,7,14,B01
200900047610,0,07,000,00,0,3,01,B01
200900047610,0,07,000,00,2,1,00,A01
200900047611,0,07,000,00,1,2,01,A01
200900047612,0,07,000,02,0,9,01,A01
200900047613,0,02,000,00,0,2,02,A01
200900047613,0,07,000,00,0,3,02,B01
200900047614,0,07,000,14,0,9,02,A01
200900047615,0,34,000,00,2,1,03,A01
200900047615,0,10,000,00,2,6,01,B01
200900047616,0,07,000,00,2,3,15,B01
200900047616,0,30,000,00,2,1,02,A01
200900047617,0,37,000,00,0,4,02,B01
200900047617,0,30,000,00,2,1,02,A01
200900047618,0,02,000,15,0,1,02,A01
200900047619,0,07,000,00,2,5,00,A01
200900047619,0,07,000,00,2,2,00,B01
200900047620,2,07,000,02,0,1,01,A01
200900047621,0,07,000,00,1,1,01,A01
200900047622,0,07,000,08,0,1,00,A01
200900047623,0,07,000,00,2,7,00,A01
200900047623,0,34,000,00,2,1,00,B01
200900047624,0,17,000,00,0,0,02,B01
200900047624,0,07,000,00,1,7,02,A01
200900047625,0,07,000,00,2,1,02,A01
200900047625,0,07,000,00,2,3,15,B01
200900047626,0,07,000,00,2,1,01,A01
200900047626,0,01,000,00,2,7,01,B01
200900047627,0,02,000,00,2,1,00,B01
200900047627,0,10,000,00,2,2,15,A01
200900047628,0,32,000,00,2,3,00,B01
200900047628,0,07,000,00,2,7,01,C01
200900047629,0,07,000,00,2,3,09,A01
200900047629,0,33,000,00,2,2,01,B01
200900047630,0,07,000,00,9,6,10,A01
200900047630,0,01,000,00,2,1,02,B01
200900047631,0,07,000,00,1,1,01,A01
200900047632,0,07,000,00,2,3,01,A01
200900047632,0,07,000,00,2,2,16,B01
200900047633,0,07,000,00,2,3,09,A01
200900047633,0,07,000,00,2,5,21,C01
200900047633,0,33,000,00,2,1,02,B01
200900047633,0,07,000,00,2,3,02,D01
200900047634,0,07,000,14,0,9,06,A01
200900047635,0,99,000,00,2,3,01,A01
200900047635,0,37,002,00,2,2,00,B01
200900047636,0,33,000,00,2,1,01,B01
200900047636,0,07,000,00,2,3,09,A01
200900047637,0,07,000,00,2,0,02,A01
200900047638,0,07,000,00,2,2,00,A01
200900047638,0,07,000,00,2,3,00,B01
200900047639,1,30,000,00,1,1,10,A01
200900047640,0,02,000,00,2,7,02,B01
200900047640,0,07,000,00,2,3,15,A01
200900047641,0,37,001,00,2,1,02,A01
200900047641,0,10,000,00,2,4,02,B01
200900047642,0,37,000,00,0,3,19,B01
200900047642,0,07,000,00,0,2,15,A01
200900047643,0,07,000,00,2,6,00,B01
200900047643,0,37,000,00,2,3,02,A01
200900047644,0,07,000,00,0,1,01,B01
200900047644,0,07,000,00,0,1,15,A01
200900047645,0,07,000,00,0,5,15,B01
200900047645,0,07,000,00,2,1,01,A01
200900047646,0,07,000,00,0,3,02,A01
200900047647,0,07,000,00,0,4,01,B01
200900047647,0,07,000,00,2,1,12,A01
200900047648,0,07,000,00,0,6,23,C01
200900047648,0,07,000,00,0,8,01,B01
200900047648,0,07,000,01,2,2,03,A01
200900047649,2,07,000,00,2,1,05,A01
200900047649,0,07,000,00,2,1,01,B01
200900047650,0,07,000,00,1,3,01,A01
200900047651,0,07,000,01,0,3,06,A01
200900047652,0,07,000,00,2,3,15,A01
200900047652,0,30,000,00,2,1,17,B01
200900047653,0,07,000,00,2,1,01,A01
200900047653,0,01,000,00,2,8,11,B01
200900047654,0,10,000,00,1,4,04,A01
200900047655,0,10,000,00,1,4,04,A01
200900047656,0,07,000,00,0,6,13,A01
200900047656,0,10,000,00,2,2,01,B01
200900047657,0,07,000,00,0,3,16,B01
200900047657,0,31,000,01,0,3,15,A01
200900047658,0,32,000,00,2,1,01,B01
200900047658,0,10,000,00,2,2,15,A01
200900047659,0,07,000,00,2,1,02,A01
200900047659,0,37,002,00,0,4,02,B01
200900047660,1,02,000,00,0,0,00,A01
200900047661,0,07,000,00,1,3,15,A01
200900047662,0,07,000,09,2,2,01,A01
200900047662,0,07,000,00,2,1,01,B01
200900047663,0,33,000,00,2,8,01,B01
200900047663,0,07,000,00,0,0,00,A01
200900047664,0,10,000,00,2,1,01,A01
200900047664,0,07,000,00,2,3,16,B01
200900047665,0,07,000,12,2,8,01,B01
200900047665,0,07,000,00,2,1,19,A01
200900047666,0,07,000,00,2,2,15,A01
200900047666,0,07,000,00,2,1,01,B01
200900047667,0,33,000,00,0,1,02,B01
200900047667,0,07,000,00,0,3,05,A01
200900047668,0,07,000,00,0,8,01,A01
200900047669,0,30,000,00,2,1,15,B01
200900047669,1,07,000,00,2,7,01,A01
200900047670,0,30,000,00,2,1,01,A01
200900047670,0,07,000,00,2,3,01,B01
200900047671,0,01,000,00,0,1,01,B01
200900047671,0,07,000,00,0,8,15,A01
200900047672,0,07,000,00,2,3,10,A01
200900047672,0,02,000,00,2,1,01,B01
200900047673,0,07,000,00,2,1,19,A01
200900047673,0,13,000,00,2,7,19,B01
200900047674,0,07,000,00,2,3,01,B01
200900047674,0,07,000,00,2,7,01,A01
200900047675,0,07,000,01,0,1,02,A01
200900047675,0,07,000,01,0,4,02,B01
200900047675,0,07,000,00,0,4,02,C01
200900047676,0,07,000,00,1,7,15,A01
200900047676,0,07,000,00,2,1,01,B01
200900047677,0,07,000,00,2,1,15,A01
200900047677,0,07,000,00,2,3,02,B01
200900047678,0,10,000,00,0,4,04,A01
200900047678,0,34,000,00,0,1,00,B01
200900047679,0,07,000,01,1,2,02,A01
200900047680,0,34,000,00,1,1,01,A01
200900047681,0,33,000,00,0,0,02,B01
200900047681,0,07,000,00,0,2,00,A01
200900047682,0,07,000,00,2,7,01,A01
200900047682,0,07,000,00,2,3,16,B01
200900047683,0,07,000,03,0,9,12,A01
200900047684,0,10,000,00,0,4,04,A01
200900047685,0,07,000,00,2,2,02,B01
200900047685,0,30,000,00,2,3,11,A01
200900047686,0,30,000,00,0,0,01,B01
200900047686,0,10,000,00,0,0,15,A01
200900047687,0,07,000,00,2,3,15,B01
200900047687,0,30,000,00,2,1,05,A01
200900047688,1,10,000,00,1,1,15,A01
200900047689,0,33,000,00,0,1,00,A01
200900047689,1,07,000,00,2,0,00,B01
200900047690,0,07,000,00,1,1,16,A01
200900047691,0,07,000,00,2,3,01,A01
200900047691,0,07,000,00,2,2,09,B01
200900047692,0,07,000,00,0,8,00,A01
200900047693,0,07,000,00,0,2,00,B01
200900047693,0,02,000,00,0,1,05,A01
200900047694,0,07,000,03,0,1,21,A01
200900047694,0,02,000,03,0,4,02,B01
200900047695,0,31,000,00,2,1,01,A01
200900047695,0,07,000,00,0,7,15,B01
200900047696,0,07,000,00,0,3,00,A01
200900047697,0,01,000,01,0,7,02,B01
200900047697,0,07,000,00,0,8,02,A01
200900047698,0,07,000,00,2,3,02,A01
200900047698,0,07,000,00,0,6,02,B01
200900047699,0,07,000,00,1,4,04,A01
200900047700,0,07,000,00,1,1,01,A01
200900047701,0,07,000,00,0,0,00,A01
200900047702,0,30,000,00,2,8,09,B01
200900047702,0,07,000,00,2,1,02,A01
200900047703,0,33,000,00,1,1,01,A01
200900047704,0,07,000,01,0,3,00,A01
200900047704,0,32,000,00,0,1,00,B01
200900047705,0,07,000,00,2,1,01,A01
200900047705,0,07,000,00,2,7,01,B01
200900047706,0,07,000,00,2,3,02,A01
200900047706,0,10,000,00,2,2,02,B01
200900047707,0,07,000,00,2,1,01,B01
200900047707,0,07,000,00,2,3,01,A01
200900047708,0,01,000,00,0,8,02,B01
200900047708,0,07,000,00,0,7,01,A01
200900047709,0,07,000,00,1,2,01,A01
200900047710,0,32,000,00,0,3,00,A01
200900047711,0,07,000,00,1,2,01,A01
200900047712,0,07,000,00,2,5,02,B01
200900047712,0,33,000,00,2,1,02,A01
200900047713,0,07,000,00,2,2,12,A01
200900047713,0,30,000,00,2,8,01,B01
200900047714,0,07,000,00,2,3,01,B01
200900047714,0,07,000,01,2,2,09,A01
200900047715,0,07,000,00,1,3,01,A01
200900047716,0,07,000,00,2,3,09,A01
200900047716,0,33,000,00,2,1,02,B01
200900047717,0,07,000,00,0,0,00,A01
200900047718,0,07,000,00,2,2,12,A01
200900047718,0,33,000,00,2,1,21,B01
200900047719,0,07,000,00,2,7,15,A01
200900047719,0,02,000,00,2,1,01,B01
200900047720,0,07,000,00,2,3,23,B01
200900047720,0,33,000,00,2,0,01,A01
200900047721,0,07,000,00,2,7,15,A01
200900047721,0,30,000,00,2,1,01,B01
200900047722,0,07,000,00,2,4,01,B01
200900047722,0,07,000,00,2,1,02,A01
200900047723,0,07,000,06,0,8,00,A01
200900047724,0,07,000,00,1,4,04,A01
200900047725,0,02,000,00,0,4,01,B02
200900047725,1,07,000,00,2,2,01,A01
200900047726,0,10,000,02,2,3,01,B02
200900047726,0,10,000,00,2,2,19,A01
200900047727,0,07,000,02,0,1,01,A01
200900047728,0,07,000,08,0,1,14,A01
200900047729,0,07,000,00,2,3,01,B02
200900047729,0,02,000,00,2,1,01,A01
200900047730,0,07,000,00,2,6,15,A01
200900047730,0,02,000,00,2,1,01,B02
200900047731,0,07,000,00,2,8,19,B02
200900047731,0,17,000,00,2,2,01,A01
200900047732,0,07,000,13,0,1,14,A01
200900047733,0,07,000,00,2,3,05,A01
200900047733,0,07,000,00,2,6,14,B02
200900047734,0,15,000,00,0,4,02,A01
200900047734,0,15,000,00,2,1,02,B02
200900047735,0,30,000,00,2,2,01,A01
200900047735,0,07,000,00,2,3,01,B02
200900047736,0,02,000,00,2,2,17,A01
200900047736,0,10,000,00,2,8,15,B02
200900047737,0,02,000,00,2,4,00,B02
200900047737,0,07,000,00,2,1,00,A01
200900047738,0,07,000,00,2,2,17,A01
200900047738,0,07,000,00,2,2,01,B02
200900047739,0,31,000,00,2,0,01,A01
200900047739,0,10,000,00,0,0,23,B02
200900047740,0,07,000,00,2,3,01,C03
200900047740,0,07,000,00,2,3,01,B02
200900047740,0,07,000,00,2,3,13,A01
200900047741,0,01,000,00,0,1,01,B02
200900047741,0,07,000,00,0,8,15,A01
200900047742,0,07,000,00,2,3,13,A01
200900047742,0,07,000,00,2,3,01,B02
200900047743,0,07,000,13,0,3,01,A01
200900047744,0,07,000,00,2,0,00,A01
200900047744,0,07,000,00,2,8,01,B02
200900047745,0,07,000,00,1,2,01,A01
200900047746,0,07,000,00,2,1,01,A01
200900047746,0,31,000,00,2,4,01,B01
200900047747,0,07,000,13,0,3,00,A01
200900047748,0,07,000,00,2,2,01,A01
200900047748,0,02,000,00,2,8,09,B01
200900047749,0,07,000,00,2,1,01,B01
200900047749,0,33,000,00,0,1,01,A01
200900047750,0,07,000,00,1,2,01,A01
200900047751,0,07,000,00,2,4,01,C01
200900047751,0,10,000,00,2,1,01,A01
200900047751,0,07,000,00,2,4,01,B01
200900047752,0,01,000,00,2,8,19,A01
200900047752,1,01,000,00,2,0,01,B01
200900047753,0,07,000,00,1,1,01,A01
200900047754,0,07,000,00,2,3,01,A01
200900047754,0,01,000,00,2,6,01,B01
200900047755,0,07,000,00,0,9,00,A01
200900047756,0,34,000,00,2,6,01,B01
200900047756,0,07,000,00,2,7,16,A01
200900047757,0,02,000,00,2,1,09,A01
200900047757,0,33,000,00,2,1,01,B01
200900047758,0,07,000,00,2,3,01,B01
200900047758,0,07,000,00,2,1,01,A01
200900047759,0,07,000,00,2,1,15,A01
200900047759,0,30,000,00,2,7,01,B01
200900047760,0,07,000,00,2,3,01,A01
200900047760,0,07,000,00,0,1,01,B01
200900047761,0,33,000,00,2,1,01,B01
200900047761,0,07,000,00,2,3,15,A01
200900047762,0,07,000,00,2,1,01,A01
200900047762,0,10,000,00,2,1,01,B01
200900047763,0,07,000,00,2,8,10,A01
200900047763,0,02,000,00,2,1,01,B01
200900047764,0,07,000,00,2,1,01,B01
200900047764,0,07,000,00,2,2,01,A01
200900047765,0,07,000,00,0,4,02,B01
200900047765,0,07,000,00,2,1,02,A01
200900047766,0,07,000,00,1,1,01,A01
200900047767,0,07,000,00,2,1,01,B01
200900047767,0,07,000,00,2,1,01,A01
200900047768,0,07,000,06,0,9,00,A01
200900047769,0,07,000,08,0,1,00,A01
200900047770,0,07,000,00,9,4,04,A01
200900047770,0,01,000,00,2,1,00,B01
200900047771,0,30,000,00,0,8,00,A01
200900047772,0,30,000,00,0,7,01,A01
200900047773,0,03,000,01,2,1,01,A01
200900047774,0,07,000,02,0,1,00,A01
200900047775,0,02,000,00,2,0,01,A01
200900047775,1,07,000,00,0,0,00,Z01
200900047776,0,07,000,00,2,7,00,A01
200900047776,0,07,000,00,2,1,00,B01
200900047776,0,07,000,00,2,1,00,C01
200900047777,0,07,000,00,2,1,01,B01
200900047777,0,07,000,00,2,4,01,A01
200900047778,0,07,000,00,0,9,00,A01
200900047779,0,07,000,00,2,2,09,B01
200900047779,0,07,000,00,2,6,01,A01
200900047780,0,07,000,00,1,1,01,A01
200900047781,0,33,000,00,0,1,01,A01
200900047782,0,07,000,00,1,1,01,A01
200900047783,0,07,000,00,2,2,15,A01
200900047783,0,30,000,00,2,1,01,B01
200900047784,0,02,000,00,2,1,01,B01
200900047784,0,07,000,00,2,2,01,A01
200900047785,0,03,000,00,2,1,16,A01
200900047785,0,07,000,00,2,1,01,B01
200900047786,0,01,000,00,1,1,01,A01
200900047787,0,07,000,00,1,1,01,A01
200900047788,0,07,000,00,2,3,01,B01
200900047788,0,07,000,00,2,4,01,C01
200900047788,0,33,000,00,2,3,01,A01
200900047789,0,07,000,00,1,1,01,A01
200900047790,0,07,000,04,0,0,00,A01
200900047791,0,07,000,00,1,1,01,A01
200900047792,0,07,000,02,0,7,21,A01
200900047793,0,07,000,00,2,1,02,A01
200900047793,0,07,000,00,0,4,01,B02
200900047794,0,07,000,03,2,6,01,B02
200900047794,0,07,000,00,2,2,14,A01
200900047795,0,33,000,00,0,0,01,A01
200900047796,0,07,000,02,0,2,01,A01
200900047797,0,07,000,00,2,3,01,A01
200900047797,0,02,000,00,2,1,00,B02
200900047798,0,07,000,00,2,3,17,A01
200900047798,0,02,000,00,2,1,01,B02
200900047799,0,07,000,13,0,2,14,A01
200900047800,0,07,000,00,1,2,01,A01
200900047801,0,10,000,00,2,6,01,B02
200900047801,0,07,000,13,0,1,17,A01
200900047802,0,07,000,00,2,8,01,A01
200900047802,0,07,000,00,2,8,01,B02
200900047803,0,10,000,00,1,8,01,A01
200900047804,0,10,000,00,1,2,01,A01
200900047805,0,07,000,00,2,3,15,A01
200900047805,0,33,000,00,2,1,01,B02
200900047806,0,02,000,00,2,1,01,B01
200900047806,0,37,000,00,2,2,19,A01
200900047807,0,30,000,00,2,1,08,A01
200900047807,0,07,000,00,2,7,15,B01
200900047808,0,07,000,00,1,1,01,A01
200900047809,0,02,000,00,1,1,17,A01
200900047810,0,07,000,00,2,1,01,B01
200900047810,0,30,000,00,2,1,19,A01
200900047811,0,07,000,00,1,1,01,A01
200900047812,0,07,000,00,2,1,01,A01
200900047812,0,07,000,00,2,4,01,B01
200900047812,0,02,000,00,2,1,01,C01
200900047813,0,02,000,00,2,1,01,B01
200900047813,0,07,000,00,2,3,15,A01
200900047814,0,07,000,00,2,4,02,B01
200900047814,0,10,000,00,2,1,01,A01
200900047815,0,07,000,01,0,1,13,A01
200900047816,0,14,000,00,2,1,01,B01
200900047816,0,02,000,00,2,5,19,A01