Num_Acc,senc,catv,occutc,obs,obsm,choc,manv,num_veh
200900047817,0,31,000,02,0,1,01,A01
200900047818,0,02,000,16,0,7,01,A01
200900047819,0,07,000,00,1,1,01,A01
200900047820,0,07,000,00,1,1,16,A01
200900047821,0,07,000,00,2,1,15,A01
200900047821,0,07,000,00,2,3,01,B01
200900047822,0,33,000,00,2,1,02,A01
200900047822,0,07,000,00,2,4,02,B01
200900047823,0,07,000,00,0,6,01,B01
200900047823,0,07,000,06,2,1,01,A01
200900047824,0,07,000,08,2,5,01,B01
200900047824,0,07,000,00,2,1,01,A01
200900047825,0,07,000,00,1,7,20,A01
200900047826,0,07,000,00,2,3,15,A01
200900047826,0,01,000,00,2,1,01,B01
200900047827,0,07,000,03,0,1,13,A01
200900047828,0,07,000,00,1,2,01,A01
200900047829,0,02,000,00,2,4,19,B01
200900047829,0,07,000,00,2,3,19,A01
200900047830,0,07,000,00,1,1,19,A01
200900047831,0,07,000,00,2,1,15,A01
200900047831,0,34,000,00,2,1,17,B01
200900047832,0,07,000,00,2,3,15,A01
200900047832,0,07,000,00,2,2,01,B01
200900047833,0,02,000,00,0,0,01,A01
200900047834,0,07,000,13,0,1,14,A01
200900047835,0,07,000,00,1,4,04,A01
200900047836,0,10,000,00,2,3,13,A01
200900047836,0,07,000,00,2,3,01,B02
200900047837,0,07,000,00,2,8,01,A01
200900047837,0,07,000,00,0,1,01,B02
200900047838,0,07,000,02,0,3,01,A01
200900047839,0,07,000,01,1,2,01,A01
200900047839,0,07,000,00,2,2,24,B02
200900047840,0,07,000,00,1,3,01,A01
200900047841,0,07,000,00,1,7,01,A01
200900047842,0,07,000,10,0,1,01,A01
200900047843,0,30,000,00,2,4,01,B02
200900047843,0,07,000,00,2,3,01,A01
200900047844,0,13,000,00,2,7,01,A01
200900047844,0,31,000,00,2,8,01,B02
200900047845,0,02,000,01,0,1,14,A01
200900047846,0,07,000,03,0,1,00,A01
200900047847,0,01,000,00,1,1,01,A01
200900047848,1,07,000,00,1,1,10,A01
200900047849,0,07,000,06,0,9,14,A01
200900047850,0,10,000,00,1,4,04,A01
200900047851,0,07,000,00,2,2,16,A01
200900047851,0,01,000,00,2,1,18,B01
200900047852,0,07,000,00,2,4,02,B01
200900047852,0,07,000,00,2,1,02,A01
200900047853,0,07,000,00,2,1,01,C01
200900047853,0,10,000,00,2,2,01,D01
200900047853,0,17,000,00,2,2,01,B01
200900047853,0,07,000,00,2,6,09,A01
200900047854,0,07,000,05,0,2,14,A01
200900047855,0,07,000,00,2,4,02,D01
200900047855,0,07,000,00,2,1,02,A01
200900047855,0,07,000,00,2,4,02,B01
200900047855,0,07,000,00,2,4,02,C01
200900047856,0,07,000,00,2,1,01,A01
200900047856,0,02,000,00,2,7,01,B01
200900047857,0,33,000,00,2,1,01,A01
200900047857,0,07,000,00,2,7,15,B01
200900047858,0,01,000,00,2,4,01,B01
200900047858,0,10,000,00,2,1,01,A01
200900047859,0,30,000,00,2,1,17,A01
200900047859,0,07,000,00,2,8,15,B01
200900047860,0,02,000,00,2,4,01,A01
200900047860,1,07,000,00,2,0,00,B01
200900047861,0,07,000,00,2,4,02,B01
200900047861,0,07,000,00,2,1,02,A01
200900047862,0,07,000,00,1,3,01,A01
200900047863,0,37,001,00,2,3,23,C01
200900047863,0,30,000,00,2,7,01,A01
200900047863,0,07,000,00,2,3,09,B01
200900047864,0,07,000,00,9,7,00,A01
200900047864,0,01,000,00,2,8,00,B01
200900047865,0,02,000,00,2,7,01,B01
200900047865,0,07,000,00,2,1,01,A01
200900047866,0,07,000,08,0,1,00,A01
200900047867,0,07,000,00,2,6,02,B01
200900047867,0,07,000,00,2,1,02,A01
200900047868,0,31,000,00,2,1,01,B01
200900047868,0,07,000,00,2,7,15,A01
200900047869,0,07,000,00,2,3,09,A01
200900047869,0,02,000,00,2,0,01,B01
200900047870,0,02,000,00,2,8,00,B01
200900047870,0,07,000,00,9,1,00,A01
200900047871,0,16,000,00,2,1,01,A01
200900047871,0,07,000,00,2,4,01,B01
200900047872,0,30,000,00,2,7,01,B01
200900047872,1,07,000,00,0,0,00,A01
200900047873,0,33,000,00,2,1,01,B01
200900047873,0,07,000,00,2,5,00,A01
200900047874,0,07,000,00,2,1,01,B01
200900047874,0,07,000,00,2,5,01,A01
200900047875,0,07,000,01,0,4,04,A01
200900047876,0,07,000,00,2,6,15,B01
200900047876,0,02,000,00,2,1,01,A01
200900047877,0,07,000,00,1,1,01,A01
200900047878,0,02,000,00,2,1,00,A01
200900047878,0,07,000,00,9,8,00,B01
200900047879,0,30,000,00,2,3,18,A01
200900047879,0,07,000,00,2,2,16,B01
200900047880,0,02,000,00,2,0,00,B01
200900047880,0,07,000,00,2,7,00,A01
200900047881,0,07,000,06,0,1,01,A01
200900047882,0,07,000,00,2,7,00,B01
200900047882,0,07,000,00,2,8,00,A01
200900047883,0,07,000,00,1,8,02,A01
200900047884,0,07,000,00,1,3,01,A01
200900047885,0,07,000,00,2,7,15,B02
200900047885,0,07,000,00,2,2,01,A01
200900047886,0,07,000,00,2,5,15,A01
200900047886,0,07,000,00,2,1,01,B02
200900047887,0,07,000,14,0,1,21,C03
200900047887,0,07,000,13,0,9,01,A01
200900047887,0,17,000,14,0,8,21,B02
200900047888,0,07,000,00,2,8,19,A01
200900047888,0,07,000,00,2,1,01,B02
200900047889,0,07,000,00,2,3,05,B02
200900047889,0,07,000,00,2,3,01,A01
200900047890,0,07,000,15,0,1,01,A01
200900047891,0,07,000,00,2,2,02,A01
200900047891,0,01,000,00,0,4,02,B02
200900047892,0,07,000,00,2,2,15,A01
200900047892,0,07,000,00,2,1,01,B02
200900047893,0,33,000,16,0,0,01,A01
200900047894,0,32,000,00,2,8,01,B01
200900047894,0,07,000,00,2,7,00,A01
200900047895,0,30,000,00,2,2,01,B01
200900047895,0,07,000,00,2,3,15,A01
200900047896,0,07,000,03,0,1,01,A01
200900047897,0,07,000,00,2,1,00,A01
200900047897,0,02,000,00,2,4,00,B01
200900047898,0,07,000,00,1,1,15,A01
200900047899,0,07,000,00,2,1,00,B01
200900047899,0,07,000,00,2,1,00,C01
200900047899,0,02,000,00,2,1,00,A01
200900047900,0,01,000,00,2,7,01,A01
200900047900,0,07,000,00,2,3,09,B01
200900047901,0,07,000,00,1,1,15,A01
200900047902,0,07,000,00,2,1,01,B01
200900047902,0,07,000,00,2,2,01,A01
200900047903,0,07,000,08,0,1,14,A01
200900047904,0,33,000,00,2,1,18,A01
200900047904,0,21,000,00,2,8,15,B01
200900047905,0,07,000,00,0,1,00,A01
200900047906,0,07,000,00,0,0,00,A01
200900047907,0,07,000,00,2,0,01,A01
200900047907,0,30,000,00,2,0,01,B01
200900047908,0,07,000,05,0,9,01,A01
200900047909,0,07,000,00,2,0,01,A01
200900047909,1,07,000,00,2,0,00,B01
200900047910,0,30,000,00,2,7,00,A01
200900047910,1,07,000,00,2,0,02,B01
200900047911,0,07,000,00,2,1,00,A01
200900047911,0,07,000,00,0,4,00,C01
200900047911,0,07,000,00,2,1,00,B01
200900047912,0,01,000,00,2,1,01,B01
200900047912,0,07,000,00,2,2,09,A01
200900047913,0,07,000,00,2,3,15,A01
200900047913,0,31,000,00,2,3,01,B01
200900047914,0,07,000,00,2,1,00,A01
200900047914,0,33,000,00,2,1,00,B01
200900047915,1,07,000,00,2,0,00,A01
200900047915,0,02,000,00,2,0,00,B01
200900047916,0,07,000,00,2,1,01,B01
200900047916,0,07,000,00,2,7,01,A01
200900047917,0,02,000,00,2,1,02,A01
200900047917,0,07,000,00,2,4,02,B01
200900047918,0,07,000,00,2,1,05,A01
200900047918,0,07,000,00,2,1,05,B01
200900047919,0,07,000,00,2,3,01,A01
200900047919,0,01,000,00,2,1,01,B01
200900047920,0,03,000,00,0,4,02,A01
200900047920,0,07,000,00,2,1,02,B01
200900047921,0,02,000,00,0,7,01,A01
200900047922,0,07,000,00,2,5,00,B01
200900047922,0,02,000,00,2,1,01,A01
200900047923,0,07,000,13,0,1,14,A01
200900047924,0,07,000,00,0,4,02,B01
200900047924,0,07,000,00,2,1,02,C01
200900047924,0,07,000,00,2,1,02,A01
200900047925,0,07,000,00,0,9,00,A01
200900047926,0,10,000,01,0,2,01,B01
200900047926,0,02,000,01,0,2,01,A01
200900047927,0,07,000,00,2,9,15,A01
200900047927,0,10,000,00,2,3,01,B01
200900047928,0,07,000,00,0,2,01,A01
200900047928,0,31,000,00,0,1,00,B01
200900047929,0,07,000,00,1,4,01,B01
200900047929,0,07,000,00,2,1,01,A01
200900047930,0,07,000,00,1,1,01,A01
200900047931,0,07,000,00,2,3,00,A01
200900047931,0,07,000,00,2,3,00,B01
200900047932,0,07,000,00,2,1,01,A01
200900047933,0,07,000,06,0,1,01,A01
200900047934,0,07,000,00,2,4,02,B01
200900047934,0,07,000,00,2,1,02,A01
200900047935,0,07,000,00,2,5,01,B01
200900047935,0,01,000,00,2,1,01,A01
200900047936,0,07,000,00,2,1,01,A01
200900047936,0,15,000,00,2,8,01,B01
200900047937,0,30,000,00,0,8,01,A01
200900047938,0,07,000,00,2,1,15,A01
200900047938,0,07,000,00,2,1,01,B01
200900047939,0,07,000,03,0,7,01,A01
200900047940,0,07,000,00,1,2,01,A01
200900047941,0,07,000,00,0,1,13,A01
200900047942,0,01,000,00,0,0,11,A01
200900047943,0,02,000,00,0,1,21,A01
200900047944,0,02,000,00,2,3,18,A01
200900047944,0,07,000,00,2,2,16,B01
200900047945,0,17,000,00,0,1,13,A01
200900047945,0,07,000,00,2,9,01,B02
200900047945,0,07,000,00,2,1,01,C03
200900047946,0,07,000,00,2,1,01,B02
200900047946,0,07,000,00,2,1,01,A01
200900047947,0,07,000,00,1,1,01,A01
200900047948,0,07,000,00,2,2,01,B02
200900047948,0,07,000,00,0,0,00,A01
200900047949,0,07,000,13,0,8,01,A01
200900047950,0,99,000,00,0,1,01,A01
200900047951,0,07,000,00,5,1,01,A01
200900047952,0,07,000,10,2,7,01,B02
200900047952,0,07,000,00,2,1,01,A01
200900047953,0,01,000,00,0,0,01,A01
200900047954,0,07,000,03,1,2,14,A01
200900047955,0,21,000,13,0,9,01,A01
200900047956,0,07,000,00,2,3,01,A01
200900047956,0,07,000,00,2,1,13,B02
200900047957,0,07,000,00,0,2,01,A01
200900047958,0,07,000,00,2,8,01,B02
200900047958,0,07,000,00,2,8,13,A01
200900047959,0,38,008,00,2,3,01,B02
200900047959,0,07,000,00,2,3,13,A01
200900047959,0,07,000,00,9,1,01,C03
200900047960,0,07,000,00,1,4,04,A01
200900047961,0,07,000,13,0,8,13,A01
200900047962,0,33,000,00,2,1,01,A01
200900047962,0,07,000,00,2,3,19,B02
200900047963,0,07,000,00,2,1,02,A01
200900047963,0,07,000,00,2,4,02,B02
200900047963,0,07,000,00,2,4,15,C03
200900047964,0,07,000,00,1,2,01,A01
200900047965,0,07,000,00,1,1,16,A01
200900047966,0,10,000,08,0,1,21,A01
200900047967,0,07,000,00,2,2,01,B02
200900047967,0,07,000,00,2,1,13,A01
200900047968,0,07,000,13,0,1,21,A01
200900047969,0,07,000,00,0,6,15,B02
200900047969,0,30,000,00,2,1,17,A01
200900047970,0,14,000,00,1,1,15,A01
200900047971,0,30,000,00,2,3,01,B02
200900047971,0,07,000,00,2,3,11,A01
200900047972,0,07,000,00,2,8,15,B02
200900047972,0,07,000,00,2,1,17,A01
200900047973,0,07,000,00,2,1,01,B02
200900047973,0,07,000,00,2,7,13,A01
200900047974,0,07,000,15,0,1,01,A01
200900047975,0,07,000,02,0,7,01,A01
200900047976,0,07,000,13,0,2,21,A01
200900047977,0,07,000,00,1,2,01,A01
200900047978,0,07,000,00,2,6,13,A01
200900047978,0,07,000,00,2,1,01,B02
200900047979,0,10,000,00,2,3,13,B02
200900047979,0,10,000,00,2,3,01,A01
200900047980,0,07,000,00,2,1,01,B01
200900047980,0,31,000,00,2,1,13,A01
200900047981,0,07,000,00,,3,01,B02
200900047981,0,10,000,00,,3,01,C03
200900047981,0,07,000,00,2,3,13,A01
200900047982,0,31,000,00,2,4,01,A01
200900047982,0,07,000,00,,3,15,B01
200900047983,0,07,000,12,0,3,01,A01
200900047984,0,30,000,00,2,8,01,B01
200900047984,0,07,000,00,0,2,01,A01
200900047985,0,31,000,00,2,7,21,C03
200900047985,0,07,000,00,,5,02,A01
200900047985,0,21,000,00,,,01,B02
200900047986,0,07,000,00,2,2,01,A01
200900047986,0,07,000,00,2,3,15,B01
200900047987,0,02,000,00,2,1,01,A01
200900047987,0,07,000,00,2,1,01,B01
200900047988,0,01,000,00,2,1,01,B01
200900047988,0,07,000,00,2,8,24,A01
200900047989,0,01,000,00,2,1,01,B01
200900047989,0,07,000,00,2,2,23,A01
200900047990,0,07,000,00,2,1,15,A01
200900047990,0,07,000,00,2,8,01,B01
200900047991,0,07,000,00,2,3,01,B01
200900047991,0,07,000,00,2,3,13,A01
200900047992,1,07,000,00,1,1,01,A01
200900047993,1,07,000,00,2,8,16,B01
200900047993,0,30,000,00,2,7,01,A01
200900047994,0,31,000,00,5,3,01,A01
200900047995,0,07,000,00,9,1,01,A01
200900047995,0,30,000,00,2,9,17,B01
200900047996,1,07,000,00,1,3,01,A01
200900047997,0,30,000,00,2,0,09,A01
200900047997,0,10,000,00,9,2,01,B01
200900047998,1,07,000,00,2,1,05,A01
200900047998,0,30,000,02,2,1,01,B01
200900047999,0,02,000,00,2,1,17,A01
200900047999,0,10,000,00,2,4,15,B01
200900048000,0,32,000,15,0,1,00,A01
200900048001,0,31,000,00,0,0,00,A01
200900048002,0,07,000,00,2,1,01,A01
200900048002,0,07,000,00,2,1,01,B01
200900048003,0,07,000,06,0,1,13,A01
200900048004,0,07,000,00,2,4,01,C01
200900048004,0,07,000,00,2,1,01,A01
200900048004,0,07,000,14,0,4,01,B01
200900048005,1,07,000,00,1,1,20,A01
200900048006,0,02,000,00,2,8,01,A01
200900048006,0,07,000,00,2,2,16,B01
200900048007,0,31,000,00,2,0,01,A01
200900048007,0,07,000,00,2,1,01,B01
200900048007,0,07,000,00,2,1,01,C01
200900048008,0,10,000,00,1,8,15,A01
200900048009,0,07,000,00,2,3,14,A01
200900048009,0,01,000,00,2,1,01,B01
200900048010,0,15,000,00,2,2,01,B01
200900048010,0,07,000,00,2,8,11,A01
200900048011,0,33,000,00,2,1,15,B01
200900048011,0,07,000,00,2,3,01,A01
200900048012,0,07,000,16,0,9,01,A01
200900048013,0,33,000,09,2,8,01,A01
200900048013,0,07,000,00,2,2,15,B01
200900048014,0,07,000,01,0,0,01,A01
200900048014,0,07,000,00,2,0,23,B01
200900048015,0,07,000,00,2,1,01,A01
200900048015,0,07,000,00,2,1,01,B01
200900048016,0,33,000,00,2,1,01,B01
200900048016,0,07,000,00,2,1,15,A01
200900048017,0,07,000,00,2,8,09,A01
200900048017,0,33,000,00,2,1,09,B01
200900048018,0,07,000,06,0,1,00,A01
200900048019,0,07,000,00,2,2,16,A01
200900048019,0,30,000,00,2,1,01,B01
200900048020,0,07,000,00,2,3,01,A01
200900048020,0,07,000,00,2,1,01,B01
200900048021,0,30,000,00,2,1,01,B01
200900048021,0,07,000,00,9,3,01,A01
200900048022,0,33,000,00,2,7,01,B01
200900048022,0,07,000,00,2,6,01,A01
200900048023,0,07,000,00,2,1,01,B01
200900048023,0,07,000,00,2,1,01,C01
200900048023,0,07,000,00,1,1,00,A01
200900048024,0,07,000,00,1,1,24,A01
200900048025,0,30,000,00,2,1,01,A01
200900048025,0,07,000,00,2,7,16,B01
200900048026,0,01,000,00,2,1,01,B01
200900048026,0,07,000,00,2,3,16,A01
200900048027,0,07,000,00,2,1,13,A01
200900048027,0,30,000,00,2,1,01,B02
200900048028,0,07,000,00,2,8,19,A01
200900048028,0,07,000,00,2,1,01,B02
200900048029,0,07,000,00,2,1,01,A01
200900048029,0,20,000,00,2,3,00,B02
200900048030,0,07,000,00,0,4,23,A01
200900048030,0,07,000,00,0,4,23,B02
200900048030,0,10,000,00,2,1,01,C03
200900048031,0,14,000,00,2,1,01,A01
200900048031,0,07,000,00,2,6,23,C03
200900048031,0,07,000,00,0,8,23,D04
200900048031,0,07,000,00,0,4,15,B02
200900048032,0,02,000,00,2,8,19,A01
200900048032,0,07,000,00,2,2,01,B02
200900048033,0,07,000,06,0,1,01,A01
200900048034,0,07,000,00,2,3,01,A01
200900048034,0,07,000,00,2,3,01,B02
200900048035,0,07,000,00,2,3,01,B02
200900048035,0,33,000,00,2,1,13,A01
200900048036,0,10,000,00,2,3,13,A01
200900048036,0,10,000,00,2,3,01,B02
200900048037,0,33,000,08,0,1,01,A01
200900048038,0,02,000,00,0,7,01,A01
200900048039,0,33,000,00,2,1,01,B02
200900048039,0,07,000,00,2,6,04,A01
200900048040,0,07,000,00,2,1,15,A01
200900048040,0,33,000,00,2,1,01,B02
200900048041,0,32,000,00,2,0,21,A01
200900048041,0,07,000,00,0,0,16,B02
200900048042,0,07,000,13,0,2,14,A01
200900048043,0,01,000,00,2,1,19,A01
200900048043,0,07,000,00,2,7,01,B02
200900048044,0,07,000,00,2,8,01,A01
200900048044,0,07,000,00,2,1,01,B02
200900048045,0,07,000,00,2,8,15,B02
200900048045,0,07,000,00,2,2,17,A01
200900048046,0,07,000,13,0,1,19,A01
200900048047,0,07,000,00,2,3,01,A01
200900048047,0,07,000,00,2,3,01,B02
200900048048,0,33,000,00,2,1,02,A01
200900048048,0,07,000,00,9,3,01,C03
200900048048,0,15,000,00,2,6,02,B02
200900048049,0,07,000,00,1,2,01,A01
200900048050,0,07,000,00,2,4,02,A01
200900048050,0,30,000,00,0,1,02,B01
200900048051,0,07,000,00,1,1,01,A01
200900048052,0,07,000,00,2,1,01,A01
200900048052,0,07,000,00,2,5,01,B01
200900048053,0,07,000,00,2,1,01,B01
200900048053,0,07,000,00,2,7,15,A01
200900048054,0,07,000,00,9,3,11,A01
200900048054,0,33,000,00,2,7,01,B01
200900048055,0,13,000,03,0,1,01,A01
200900048056,0,30,000,00,2,1,15,A01
200900048056,0,10,000,00,9,2,01,B01
200900048057,0,33,000,00,2,0,00,B01
200900048057,0,07,000,00,2,3,10,A01
200900048058,0,33,000,00,2,1,01,A01
200900048058,0,07,000,00,2,1,15,B01
200900048059,0,32,000,00,2,3,01,B01
200900048059,0,07,000,00,2,3,15,A01
200900048060,0,31,000,01,0,1,01,A01
200900048061,0,07,000,00,1,3,01,A01
200900048062,0,07,000,03,0,1,14,A01
200900048063,0,07,000,13,0,9,01,A01
200900048064,0,01,000,00,0,0,01,A01
200900048065,1,07,000,00,1,2,01,A01
200900048066,0,07,000,00,2,1,01,A01
200900048066,0,02,000,00,2,8,01,B01
200900048067,0,33,000,00,2,4,01,B01
200900048067,1,07,000,00,0,2,01,A01
200900048068,0,07,000,00,2,1,01,A01
200900048068,0,02,000,00,2,7,01,B01
200900048069,0,07,000,00,1,2,01,A01
200900048070,0,07,000,00,2,1,01,B01
200900048070,0,07,000,00,2,1,01,A01
200900048071,0,17,000,00,0,6,00,A01
200900048072,0,07,000,00,1,1,01,A01
200900048073,0,30,000,00,2,1,01,B01
200900048073,0,07,000,00,2,3,01,A01
200900048074,0,07,000,00,2,8,01,A01
200900048074,0,30,000,00,2,2,01,B01
200900048075,0,01,000,00,1,1,01,A01
200900048076,0,30,000,00,2,1,01,B01
200900048076,0,07,000,00,2,7,01,A01
200900048077,0,07,000,00,2,3,01,A01
200900048077,0,32,000,00,2,2,02,B01
200900048078,0,07,000,00,1,1,01,A01
200900048079,0,07,000,00,1,3,01,A01
200900048080,0,10,000,00,1,3,01,A01
200900048081,0,33,000,00,2,1,01,A01
200900048081,0,07,000,00,0,4,01,B01
200900048082,0,07,000,00,2,3,13,A01
200900048082,0,07,000,00,2,3,01,B01
200900048083,0,07,000,08,2,3,13,A01
200900048083,0,07,000,02,2,3,01,B01
200900048084,0,07,000,00,2,6,20,B01
200900048084,0,30,000,00,2,1,17,A01
200900048085,0,31,000,00,2,1,11,A01
200900048085,0,10,000,00,2,8,15,B01
200900048086,0,33,000,00,2,2,00,B01
200900048086,0,07,000,00,2,5,00,A01
200900048087,0,07,000,00,9,3,15,A01
200900048087,0,40,000,00,2,2,00,B01
200900048088,0,01,000,00,2,1,15,A01
200900048088,0,07,000,00,2,3,01,B01
200900048089,0,07,000,00,2,1,01,A01
200900048089,0,07,000,00,2,4,01,B01
200900048090,0,07,000,00,2,1,01,A01
200900048090,0,07,000,00,0,4,01,B01
200900048091,0,07,000,00,1,2,01,A01
200900048092,0,33,000,00,2,1,02,A01
200900048092,0,01,000,00,2,4,15,B01
200900048093,0,07,000,00,2,6,23,D01
200900048093,0,02,000,00,2,1,03,A01
200900048093,0,07,000,00,2,6,23,B01
200900048093,0,10,000,00,2,5,23,C01
200900048094,0,07,000,00,2,2,20,A01
200900048094,0,33,000,00,2,1,01,B01
200900048095,0,07,000,00,2,8,09,A01
200900048095,0,02,000,00,2,1,01,B01
200900048096,0,02,000,00,2,1,01,B01
200900048096,0,07,000,00,2,3,16,A01
200900048097,0,40,000,00,2,1,01,B01
200900048097,0,07,000,00,4,1,00,A01
200900048098,0,07,000,00,9,2,01,B01
200900048098,0,01,000,00,2,0,09,A01
200900048099,0,10,000,00,2,7,00,A01
200900048099,0,30,000,00,2,2,00,B01
200900048100,0,10,000,00,2,5,04,A01
200900048100,0,30,000,00,2,1,01,B01
200900048101,0,07,000,00,2,8,02,B01
200900048101,0,02,000,00,2,1,01,A01
200900048102,0,30,000,14,0,1,01,A01
200900048103,0,07,000,00,1,3,01,A01
200900048104,0,33,000,00,2,2,13,A01
200900048104,0,07,000,00,2,1,01,B01
200900048105,0,30,000,00,2,3,16,A01
200900048105,0,07,000,00,0,7,01,B01
200900048106,0,34,000,00,2,1,02,A01
200900048106,0,07,000,00,2,6,23,B01
200900048107,0,30,000,00,2,2,01,A01
200900048107,0,07,000,00,2,3,15,B01
200900048108,0,07,000,13,0,9,01,A01
200900048109,0,07,000,00,1,3,01,A01
200900048110,0,07,000,00,2,8,01,A01
200900048110,0,01,000,00,2,8,19,B01
200900048111,0,07,000,09,0,3,13,A01
200900048112,0,03,000,01,0,3,01,A01
200900048113,0,33,000,00,1,1,01,A01
200900048114,0,07,000,00,2,6,15,B01
200900048114,0,30,000,00,2,1,01,A01
200900048115,0,07,000,00,2,1,00,A01
200900048115,0,02,000,00,2,8,00,B01
200900048116,0,07,000,00,9,6,09,A01
200900048116,0,02,000,00,2,1,01,B01
200900048117,0,32,000,00,2,3,16,A01
200900048118,0,33,000,00,2,1,02,A01
200900048118,0,07,000,00,2,5,02,B01
200900048119,0,02,000,00,2,8,01,B01
200900048119,0,07,000,00,2,3,09,A01
200900048120,0,07,000,00,2,7,23,B01
200900048120,0,30,000,00,2,8,18,A01
200900048121,0,07,000,00,1,3,00,A01
200900048122,1,07,000,00,2,5,00,B01
200900048122,0,01,000,00,2,8,01,A01
200900048123,0,40,000,00,2,1,01,B01
200900048123,0,07,000,00,4,8,01,A01
200900048124,0,07,000,00,2,2,15,A01
200900048124,0,02,000,00,2,1,01,B01
200900048125,0,30,000,00,1,1,01,A01
200900048126,0,10,000,00,2,7,12,A01
200900048126,0,33,000,06,2,8,18,B01
200900048127,0,07,000,13,0,3,13,A01
200900048128,0,07,000,00,1,3,01,A01
200900048129,0,13,000,13,0,1,01,A01
200900048130,0,07,000,00,0,1,01,A01
200900048131,0,07,000,00,2,3,13,A01
200900048131,0,07,000,00,2,8,01,B02
200900048132,0,02,000,00,2,1,14,A01
200900048132,0,07,000,00,2,2,16,B02
200900048133,0,33,000,02,0,0,01,A01
200900048134,0,07,000,00,1,4,04,A01
200900048135,0,21,000,00,2,3,01,B02
200900048135,0,30,000,00,2,1,13,A01
200900048136,0,33,000,00,0,0,00,A01
200900048137,0,07,000,08,0,8,13,A01
200900048138,0,07,000,00,0,4,01,B02
200900048138,0,07,000,00,2,1,01,A01
200900048139,0,07,000,00,2,3,13,A01
200900048139,0,10,000,00,2,3,21,B02
200900048140,0,30,000,00,2,2,13,A01
200900048140,0,10,000,00,2,3,01,B02
200900048141,0,07,000,13,0,2,01,A01
200900048142,0,33,000,00,2,1,01,B02
200900048142,0,38,000,00,2,3,13,A01
200900048143,0,07,000,00,2,8,09,B02
200900048143,0,02,000,00,2,1,09,A01
200900048144,0,38,000,00,1,5,23,B02
200900048144,0,38,000,00,1,2,23,A01
200900048145,0,07,000,00,2,7,13,A01
200900048145,0,07,000,00,2,1,01,B02
200900048146,0,02,000,00,0,8,15,B02
200900048146,0,07,000,00,2,2,17,A01
200900048147,0,17,000,00,2,6,02,B02
200900048147,0,07,000,00,2,2,02,A01
200900048148,0,07,000,00,2,7,13,A01
200900048148,0,07,000,00,2,1,01,B02
200900048149,0,30,000,00,2,1,01,A01
200900048149,0,07,000,00,0,5,15,B02
200900048150,0,07,000,00,2,3,01,B02
200900048150,0,33,000,00,2,8,13,A01
200900048151,0,07,000,08,0,8,17,A01
200900048152,0,07,000,13,0,1,01,A01
200900048153,0,07,000,00,1,3,01,A01
200900048154,0,33,000,16,0,9,17,A01
200900048155,0,30,000,00,2,4,01,B02
200900048155,0,33,000,00,2,1,01,A01
200900048156,0,34,000,00,2,1,01,A01
200900048156,0,36,000,00,0,4,01,B01
200900048157,0,30,000,00,1,3,17,A01
200900048158,0,07,000,00,2,6,00,B01
200900048158,0,02,000,15,2,2,00,A01
200900048159,0,07,000,00,2,6,19,A01
200900048159,0,01,000,00,2,1,01,B01
200900048160,0,02,000,00,2,1,17,B01
200900048160,0,07,000,00,2,4,01,A01
200900048161,0,07,000,00,2,8,09,A01
200900048161,0,33,000,01,2,1,01,B01
200900048162,0,33,000,00,2,7,00,A01
200900048162,0,07,000,00,2,8,00,B01
200900048163,0,33,000,16,0,0,01,A01
200900048164,0,07,000,00,2,1,15,A01
200900048164,0,30,000,00,2,2,17,B01
200900048164,0,07,000,00,0,8,01,C01
200900048165,0,07,000,00,2,3,09,B01
200900048165,0,17,000,00,2,2,12,A01
200900048166,0,21,000,00,2,6,01,A01
200900048166,0,07,000,00,2,3,01,B02
200900048167,0,07,000,00,1,1,01,A01
200900048168,0,01,000,00,2,0,05,B01
200900048168,0,07,000,00,2,1,01,A01
200900048169,0,07,000,00,2,8,01,B01
200900048169,0,02,000,00,2,1,13,A01
200900048170,0,07,000,00,1,0,00,A01
200900048171,0,10,000,00,1,3,01,A01
200900048172,0,07,000,00,0,0,01,A01
200900048173,0,02,000,00,2,1,01,A01
200900048173,0,07,000,00,2,5,01,B01
200900048174,0,07,000,00,2,1,00,B01
200900048174,0,07,000,00,2,1,00,A01
200900048175,1,07,000,00,0,1,00,A01
200900048176,0,33,000,00,2,1,01,B01
200900048176,0,07,000,00,2,2,10,A01
200900048177,0,02,000,00,2,1,01,A01
200900048177,0,07,000,00,2,3,15,B01
200900048178,0,07,000,00,2,4,23,B01
200900048178,1,07,000,00,2,1,01,A01
200900048179,0,02,000,01,0,1,01,A01
200900048180,0,07,000,00,2,1,01,A01
200900048180,0,07,000,00,0,4,01,B01
200900048181,1,02,000,00,1,1,01,A01
200900048182,0,31,000,08,0,8,14,A01
200900048183,0,07,000,00,1,2,01,A01
200900048184,0,02,000,00,2,1,05,A01
200900048184,0,07,000,00,2,1,01,B01
200900048185,0,07,000,09,0,1,00,A01
200900048186,0,07,000,00,2,3,15,A01
200900048186,0,01,000,00,2,1,00,B01
200900048187,0,07,000,00,2,3,15,A01
200900048187,0,31,000,00,2,8,01,B01
200900048188,0,01,000,00,2,3,19,B01
200900048188,0,07,000,00,2,1,15,A01
200900048189,0,07,000,00,2,1,15,A01
200900048189,0,07,000,00,2,1,01,B01