Num_Acc,senc,catv,occutc,obs,obsm,choc,manv,num_veh
200900048190,0,07,000,00,1,2,01,A01
200900048191,0,32,000,01,0,1,15,A01
200900048192,0,10,000,00,1,0,01,A01
200900048193,0,07,000,02,0,6,13,A01
200900048194,0,01,000,00,2,7,01,B01
200900048194,0,10,000,00,2,3,09,A01
200900048195,0,07,000,00,0,0,24,B01
200900048195,0,07,000,00,1,2,01,A01
200900048196,0,10,000,00,1,7,16,A01
200900048196,0,07,000,00,1,8,23,B01
200900048197,0,07,000,00,2,3,09,A01
200900048197,0,31,000,00,2,7,01,B01
200900048198,0,07,000,15,1,1,10,A01
200900048199,0,07,000,08,2,3,09,A01
200900048199,0,10,000,00,2,2,01,B01
200900048200,0,07,000,00,2,2,16,A01
200900048200,0,33,000,00,0,0,01,B01
200900048201,1,07,000,00,1,1,01,A01
200900048202,1,07,000,00,1,1,00,A01
200900048203,0,33,000,01,1,3,01,A01
200900048204,0,10,000,00,2,8,22,A01
200900048204,0,01,000,01,0,0,01,B01
200900048205,0,07,000,00,1,2,01,A01
200900048206,0,30,000,00,1,1,01,A01
200900048207,1,33,000,00,1,1,00,A01
200900048207,0,30,000,00,2,8,01,B01
200900048208,0,07,000,00,2,3,13,A01
200900048208,0,07,000,00,2,8,01,B01
200900048209,0,30,000,00,2,1,01,B01
200900048209,0,07,000,00,2,3,09,A01
200900048210,0,07,000,00,1,1,01,A01
200900048211,0,07,000,00,0,4,23,C01
200900048211,0,07,000,00,2,1,01,A01
200900048211,0,07,000,00,2,4,01,B01
200900048212,0,02,000,00,2,7,15,A01
200900048212,0,07,000,00,2,1,01,B01
200900048213,0,07,000,00,2,3,09,A01
200900048213,0,07,000,00,2,0,01,B01
200900048214,0,33,000,00,2,1,00,A01
200900048214,0,30,000,00,2,6,15,B01
200900048215,0,07,000,00,1,2,01,A01
200900048216,0,33,000,15,0,3,01,A01
200900048217,0,07,000,00,1,0,01,A01
200900048218,0,07,000,00,2,3,01,A01
200900048218,0,07,000,00,2,3,01,B02
200900048219,0,07,000,16,0,1,13,A01
200900048220,0,07,000,00,2,1,05,A01
200900048220,0,07,000,00,2,3,01,B02
200900048221,0,33,000,00,2,3,01,B02
200900048221,0,33,000,00,2,5,17,A01
200900048222,0,01,000,00,2,7,16,A01
200900048222,0,07,000,00,2,3,01,B02
200900048223,0,07,000,00,9,1,01,B02
200900048223,0,01,000,00,2,8,19,A01
200900048224,0,07,000,00,2,7,01,A01
200900048224,0,02,000,00,2,1,01,B02
200900048225,0,07,000,00,2,6,01,A01
200900048225,0,07,000,00,2,1,19,B02
200900048226,0,38,000,00,0,5,00,A01
200900048227,0,07,000,00,2,8,13,A01
200900048227,0,07,000,00,2,1,00,B02
200900048228,0,31,000,00,0,0,01,A01
200900048229,0,10,000,00,0,1,01,A01
200900048230,0,07,000,00,2,3,19,A01
200900048230,0,07,000,00,2,2,01,B02
200900048231,0,33,000,00,0,1,01,A01
200900048232,0,07,000,00,2,2,09,A01
200900048232,0,30,000,00,2,8,01,B02
200900048233,0,21,000,00,0,3,15,A01
200900048233,0,01,000,00,2,1,01,B02
200900048234,0,07,000,00,1,2,06,A01
200900048235,0,02,000,00,2,1,01,B02
200900048235,0,07,000,00,0,8,01,A01
200900048236,0,07,000,00,2,3,01,B02
200900048236,0,07,000,00,2,3,13,A01
200900048237,0,07,000,10,0,1,01,A01
200900048238,0,30,000,00,2,1,00,A01
200900048238,0,07,000,00,2,2,01,B02
200900048239,0,07,000,00,2,1,01,A01
200900048239,0,01,000,00,2,8,19,B02
200900048240,0,07,000,00,2,8,19,B02
200900048240,0,07,000,00,2,1,01,A01
200900048241,0,07,000,00,2,3,15,A01
200900048241,0,33,000,00,2,5,17,B02
200900048242,0,07,000,00,2,8,19,A01
200900048242,0,17,000,00,2,2,01,B02
200900048243,0,07,000,00,1,3,01,A01
200900048244,0,07,000,00,2,2,01,A01
200900048244,0,02,000,00,2,1,19,B02
200900048245,0,33,000,12,0,1,01,A01
200900048246,0,07,000,06,0,1,02,A01
200900048247,0,07,000,00,1,2,02,A01
200900048248,0,02,000,00,2,7,17,A01
200900048248,0,01,000,00,2,1,14,B01
200900048249,0,33,000,00,2,1,00,A01
200900048249,0,07,000,00,2,3,15,B01
200900048250,0,07,000,00,1,8,00,A01
200900048251,0,07,000,00,1,2,09,A01
200900048251,0,32,000,00,2,1,01,B01
200900048252,0,07,000,00,2,8,13,A01
200900048252,0,07,000,00,2,7,00,B01
200900048253,0,07,000,00,2,2,01,B01
200900048253,0,07,000,00,2,1,01,A01
200900048254,0,17,000,00,0,6,16,A01
200900048254,0,07,000,00,2,8,01,B01
200900048255,0,02,000,00,1,0,02,A01
200900048256,0,02,000,01,0,1,00,A01
200900048256,0,10,000,00,0,4,00,B02
200900048257,0,07,000,00,2,7,12,A01
200900048257,0,07,000,00,2,1,01,B01
200900048258,0,07,000,01,2,1,02,A01
200900048259,0,33,000,14,0,7,00,A01
200900048260,0,07,000,13,0,3,01,A01
200900048261,0,07,000,00,2,0,11,A01
200900048261,0,33,000,00,2,8,01,B01
200900048262,0,07,000,07,0,2,01,A01
200900048263,0,07,000,00,2,4,23,C01
200900048263,0,07,000,00,2,4,00,B01
200900048263,0,07,000,00,2,1,01,A01
200900048264,0,07,000,00,2,3,11,B02
200900048264,0,31,000,00,2,7,01,A01
200900048265,0,10,000,00,2,3,17,A01
200900048265,0,07,000,00,2,3,01,B02
200900048266,0,14,000,00,2,3,09,A01
200900048266,0,07,000,00,2,1,01,B01
200900048267,0,02,000,00,1,7,01,A01
200900048268,0,07,000,00,9,1,15,A01
200900048268,0,01,000,00,2,1,01,B01
200900048269,0,10,000,06,0,1,01,A01
200900048270,0,30,000,01,0,1,01,A01
200900048271,0,07,000,00,2,1,01,B01
200900048271,0,07,000,00,2,7,19,A01
200900048272,0,07,000,00,9,1,01,B01
200900048272,0,02,000,00,2,1,01,A01
200900048273,0,07,000,00,2,2,16,B01
200900048273,0,02,000,00,2,1,18,A01
200900048274,0,02,000,00,2,1,09,A01
200900048274,0,07,000,00,2,7,01,B01
200900048275,1,99,000,00,2,0,01,D01
200900048275,0,07,000,00,2,4,01,B01
200900048275,0,07,000,00,2,1,01,A01
200900048275,0,10,000,00,2,9,01,C01
200900048276,0,33,000,00,2,9,01,B01
200900048276,0,07,000,00,9,1,09,A01
200900048277,0,07,000,00,2,1,01,C03
200900048277,0,07,000,14,0,1,01,A01
200900048277,0,07,000,00,0,4,01,B02
200900048278,0,07,000,00,2,2,05,A01
200900048278,0,10,000,00,2,3,01,B02
200900048279,1,07,000,00,9,1,01,A01
200900048279,0,01,000,00,2,8,19,B02
200900048280,0,07,000,00,2,7,00,B02
200900048280,0,01,000,00,2,8,15,A01
200900048281,0,07,000,00,2,7,02,A01
200900048281,0,30,000,00,2,8,01,B02
200900048282,0,07,000,00,2,2,10,A01
200900048282,0,33,000,00,2,1,01,B02
200900048283,0,07,000,00,1,1,01,B02
200900048283,0,07,000,00,1,3,01,A01
200900048284,0,07,000,00,0,2,01,A01
200900048285,0,10,000,00,1,1,01,A01
200900048286,0,14,000,08,0,1,01,A01
200900048287,0,33,000,00,0,8,16,A01
200900048288,0,01,000,00,2,8,13,B02
200900048288,0,07,000,00,9,7,17,A01
200900048289,0,07,000,07,2,1,01,A01
200900048289,0,07,000,00,2,3,19,B02
200900048290,0,07,000,00,2,1,01,B02
200900048290,0,02,000,00,2,6,19,A01
200900048291,0,30,000,00,2,1,05,A01
200900048291,0,07,000,00,2,1,01,B02
200900048292,0,33,000,03,0,1,13,A01
200900048293,0,10,000,00,2,0,01,B02
200900048293,0,07,000,00,2,3,13,A01
200900048294,0,07,000,02,0,1,01,A01
200900048295,0,07,000,00,2,1,00,B02
200900048295,0,17,000,00,2,3,01,A01
200900048296,0,10,000,12,0,2,17,A01
200900048297,0,07,000,00,1,1,21,A01
200900048298,0,10,000,02,0,1,01,A01
200900048299,0,07,000,00,2,2,19,A01
200900048299,0,07,000,00,2,1,01,B02
200900048300,0,07,000,00,2,3,01,B02
200900048300,0,30,000,00,2,3,16,A01
200900048301,0,14,000,00,1,1,01,A01
200900048302,0,30,000,00,0,8,01,A01
200900048303,0,07,000,00,2,1,01,B02
200900048303,0,03,000,00,2,2,11,A01
200900048304,0,21,000,00,2,3,19,A01
200900048304,0,07,000,00,2,1,00,B02
200900048305,0,33,000,00,0,0,00,A01
200900048306,0,07,000,00,9,8,10,A01
200900048306,0,33,000,00,2,1,01,B01
200900048307,1,07,000,00,2,5,16,A01
200900048307,0,01,000,00,2,3,01,B01
200900048308,0,07,000,00,1,3,11,A01
200900048308,0,33,000,00,2,1,01,B01
200900048309,0,07,000,00,2,3,01,A01
200900048309,0,07,000,00,2,6,09,B01
200900048310,0,02,000,00,2,4,01,A01
200900048310,0,07,000,00,2,0,15,B01
200900048311,0,31,000,00,2,1,01,B01
200900048311,0,07,000,00,2,1,15,A01
200900048312,0,07,000,00,2,3,01,B01
200900048312,0,33,000,00,2,1,15,A01
200900048313,1,07,000,00,2,0,00,A01
200900048313,0,31,000,00,2,3,01,B01
200900048314,0,14,000,00,9,7,01,A01
200900048314,0,01,000,00,2,8,02,B01
200900048315,0,07,000,00,1,1,01,A01
200900048316,0,07,000,00,1,0,20,A01
200900048317,0,30,000,00,2,2,17,A01
200900048317,0,10,000,00,0,6,01,B01
200900048318,0,02,000,00,2,2,17,B01
200900048318,0,07,000,00,2,8,21,A01
200900048319,0,07,000,00,2,3,09,A01
200900048319,0,33,000,00,2,1,01,B01
200900048320,0,07,000,00,0,3,09,A01
200900048320,0,01,000,00,2,1,01,B01
200900048321,0,07,000,00,1,1,01,A01
200900048322,0,07,000,00,1,2,01,A01
200900048323,0,07,000,00,1,1,01,A01
200900048324,0,07,000,00,2,3,01,B01
200900048324,0,01,000,00,2,1,01,A01
200900048325,0,01,000,00,2,0,15,B01
200900048325,0,07,000,00,2,2,01,A01
200900048326,0,07,000,00,1,1,01,A01
200900048327,0,07,000,00,2,9,09,A01
200900048327,0,07,000,00,2,1,01,B01
200900048328,0,10,000,00,2,1,01,A01
200900048328,0,07,000,00,2,1,01,B01
200900048329,0,30,000,00,1,1,05,A01
200900048330,0,33,000,00,2,1,01,B01
200900048330,0,07,000,00,2,3,01,A01
200900048331,0,07,000,00,1,1,01,A01
200900048332,0,07,000,00,2,1,01,A01
200900048332,0,32,000,00,2,7,01,B01
200900048333,0,07,000,00,2,1,01,B01
200900048333,0,01,000,00,2,7,19,A01
200900048334,0,07,000,00,2,1,01,B01
200900048334,0,33,000,00,2,1,13,A01
200900048335,0,31,000,00,0,1,01,B01
200900048335,0,07,000,00,2,7,15,A01
200900048336,0,02,000,00,2,1,02,B01
200900048336,0,02,000,00,2,1,00,A01
200900048337,0,07,000,00,2,1,02,A01
200900048337,0,07,000,00,2,4,02,B01
200900048338,0,07,000,00,1,1,01,A01
200900048339,0,07,000,00,2,1,01,A01
200900048339,0,30,000,00,2,2,01,B01
200900048340,0,01,000,00,2,0,09,A01
200900048340,0,07,000,00,9,1,01,B01
200900048341,0,30,000,00,2,5,15,A01
200900048341,0,07,000,00,2,2,01,B01
200900048342,0,10,000,00,1,4,04,A01
200900048343,0,30,000,00,2,3,13,A01
200900048343,0,07,000,00,2,3,01,B01
200900048344,0,02,000,00,2,1,15,A01
200900048344,0,07,000,00,0,6,23,B01
200900048345,0,33,000,16,0,1,00,A01
200900048346,0,01,000,00,2,0,01,B01
200900048346,0,07,000,00,9,2,01,A01
200900048347,0,02,000,00,1,1,01,A01
200900048348,0,07,000,00,2,2,01,B01
200900048348,0,10,000,00,2,3,01,C01
200900048348,0,07,000,00,2,3,01,A01
200900048349,0,07,000,00,2,9,02,B01
200900048349,0,07,000,00,2,1,02,A01
200900048350,0,30,000,01,0,1,01,A01
200900048351,0,02,000,00,2,1,00,A01
200900048351,0,07,000,00,2,5,00,B01
200900048352,0,07,000,00,2,2,01,A01
200900048352,0,31,000,00,2,1,01,B01
200900048353,0,07,000,00,2,7,15,A01
200900048353,0,02,000,00,2,1,01,B01
200900048354,0,07,000,00,2,1,01,A01
200900048354,0,07,000,00,2,4,01,B01
200900048355,0,07,000,00,2,1,01,A01
200900048355,0,07,000,00,2,4,01,B01
200900048356,0,07,000,13,0,3,01,A01
200900048357,0,07,000,04,0,1,14,A01
200900048358,0,07,000,00,2,8,13,A01
200900048358,0,07,000,00,2,8,01,B02
200900048358,0,07,000,00,2,1,01,C03
200900048359,0,14,000,00,2,3,11,A01
200900048359,0,07,000,03,2,5,01,B01
200900048360,0,32,000,00,0,0,01,A01
200900048361,0,07,000,01,0,1,01,A01
200900048362,0,33,000,06,0,1,01,A01
200900048363,0,99,000,00,2,6,02,C01
200900048363,0,14,000,00,2,1,02,A01
200900048363,0,07,000,00,2,4,02,B01
200900048364,0,07,000,00,2,0,01,A01
200900048364,0,32,000,00,2,0,01,B01
200900048365,0,07,000,00,0,9,14,A01
200900048366,0,07,000,00,2,1,02,A01
200900048366,0,07,000,00,2,4,02,C01
200900048366,0,07,000,00,2,4,02,B01
200900048367,0,07,000,00,9,1,01,A01
200900048367,0,30,000,00,2,9,01,B01
200900048368,0,07,000,00,2,2,15,A01
200900048368,0,07,000,00,2,3,01,B01
200900048369,0,01,000,00,2,1,01,B01
200900048369,0,07,000,00,9,7,15,A01
200900048370,0,07,000,00,9,7,16,A01
200900048370,0,31,000,00,2,1,01,B01
200900048371,0,30,000,00,2,1,01,A01
200900048371,0,07,000,00,2,5,01,B01
200900048372,0,07,000,00,9,1,15,A01
200900048372,0,33,000,00,2,8,01,B01
200900048373,0,07,000,00,1,1,01,A01
200900048374,0,33,000,00,2,1,01,B01
200900048374,0,07,000,00,2,3,15,A01
200900048375,0,07,000,00,1,1,01,A01
200900048376,0,07,000,00,2,1,15,A01
200900048376,0,02,000,00,2,1,01,B01
200900048377,0,30,000,00,2,2,01,A01
200900048377,0,07,000,00,2,2,19,B02
200900048378,0,07,000,00,9,5,01,A01
200900048378,0,01,000,00,2,1,13,B02
200900048379,0,07,000,00,0,6,11,A01
200900048379,0,02,000,00,2,1,02,B02
200900048380,0,30,000,03,0,1,01,A01
200900048381,0,07,000,08,0,1,19,A01
200900048382,0,07,000,06,0,1,01,A01
200900048383,0,07,000,00,2,2,01,A01
200900048383,0,01,000,00,2,3,01,B02
200900048384,0,07,000,03,0,3,01,A01
200900048385,0,07,000,13,0,3,01,A01
200900048386,0,07,000,00,0,3,01,A01
200900048387,0,07,000,00,2,8,19,B02
200900048387,0,33,000,00,2,1,01,A01
200900048388,0,07,000,13,0,1,13,A01
200900048389,0,33,000,00,2,5,02,B02
200900048389,0,07,000,00,2,3,02,A01
200900048390,0,07,000,13,0,1,17,A01
200900048391,0,33,000,00,0,8,16,A01
200900048392,0,07,000,06,0,3,00,A01
200900048393,0,07,000,00,2,3,01,B02
200900048393,0,07,000,00,2,3,17,A01
200900048394,0,33,000,00,2,1,17,B02
200900048394,0,07,000,00,2,3,15,A01
200900048395,0,07,000,00,0,3,01,A01
200900048396,0,30,000,08,0,1,01,A01
200900048397,0,33,000,00,0,8,15,A01
200900048397,0,07,000,00,2,2,01,B02
200900048398,0,07,000,00,2,5,15,A01
200900048398,0,33,000,00,2,1,01,B02
200900048399,0,03,000,13,0,1,01,A01
200900048400,0,07,000,00,2,3,01,B02
200900048400,0,10,000,00,2,3,15,A01
200900048401,0,30,000,00,2,8,15,B02
200900048401,0,33,000,00,2,1,01,A01
200900048402,0,33,000,00,2,6,01,B02
200900048402,0,07,000,00,2,1,01,A01
200900048403,0,07,000,00,2,1,13,A01
200900048403,0,07,000,00,2,1,01,B02
200900048404,0,30,000,13,0,1,01,A01
200900048405,0,02,000,00,2,1,01,A01
200900048405,0,07,000,00,2,7,16,B01
200900048406,0,02,000,00,1,1,01,A01
200900048407,0,10,000,00,2,6,15,A01
200900048407,0,33,000,00,2,1,01,B01
200900048408,0,31,000,06,0,1,00,A01
200900048409,0,02,000,00,2,2,01,B01
200900048409,0,07,000,00,2,3,01,A01
200900048410,0,01,000,01,0,1,01,A01
200900048411,0,33,000,00,0,7,01,A01
200900048412,0,07,000,00,1,2,00,A01
200900048413,0,02,000,00,2,1,01,B01
200900048413,0,07,000,00,2,2,15,A01
200900048414,0,07,000,00,2,9,01,B01
200900048414,0,07,000,00,2,1,15,A01
200900048415,0,13,000,00,2,1,14,A01
200900048415,0,07,000,00,2,5,13,B01
200900048416,0,07,000,00,2,2,01,B01
200900048416,0,30,000,00,2,1,05,A01
200900048417,0,07,000,00,2,4,01,B01
200900048417,0,30,000,00,2,1,01,A01
200900048418,0,07,000,00,2,6,15,A01
200900048418,0,30,000,00,2,1,01,B01
200900048419,0,02,000,01,0,0,01,B01
200900048419,0,07,000,00,2,1,01,A01
200900048420,0,07,000,06,2,1,01,B01
200900048420,0,07,000,06,2,1,01,A01
200900048421,0,07,000,00,2,4,01,A01
200900048421,1,07,000,00,2,1,02,B01
200900048422,0,07,000,00,2,2,15,B01
200900048422,0,31,000,00,2,1,01,A01
200900048423,0,02,000,00,2,1,01,C01
200900048423,0,02,000,00,2,1,01,B01
200900048423,0,07,000,00,2,3,01,A01
200900048424,0,07,000,00,2,3,01,B01
200900048424,0,01,000,00,2,0,01,A01
200900048425,0,07,000,00,2,1,01,B01
200900048425,0,07,000,00,2,7,01,A01
200900048426,0,07,000,00,2,1,01,B01
200900048426,0,07,000,00,2,3,15,A01
200900048427,0,07,000,06,2,2,05,A01
200900048427,0,07,000,00,2,1,01,B01
200900048428,1,07,000,00,2,1,02,A01
200900048428,0,30,000,00,0,4,00,B01
200900048429,0,07,000,00,2,4,02,D01
200900048429,0,07,000,00,2,1,02,A01
200900048429,0,07,000,00,2,4,02,C01
200900048429,0,07,000,00,2,4,02,B01
200900048430,0,01,000,00,1,7,01,A01
200900048431,0,07,000,00,2,4,02,B01
200900048431,0,02,000,00,2,1,02,A01
200900048432,0,07,000,00,2,5,16,B01
200900048432,0,02,000,00,9,1,01,A01
200900048433,0,01,000,00,2,7,18,A01
200900048433,0,07,000,00,2,8,01,B01
200900048434,0,07,000,00,2,6,10,A01
200900048434,0,32,000,00,2,1,01,B01
200900048435,0,07,000,00,9,2,01,B01
200900048435,0,07,000,00,2,1,01,A01
200900048436,1,10,000,00,2,1,01,A01
200900048436,0,01,000,07,0,0,01,B01
200900048437,0,30,000,00,2,2,17,B02
200900048437,0,17,000,00,0,8,01,A01
200900048438,0,15,000,00,0,1,02,B02
200900048438,0,07,000,00,0,4,02,A01
200900048439,0,07,000,00,2,1,15,A01
200900048439,0,33,000,00,2,1,01,B01
200900048440,0,01,000,01,0,1,21,B01
200900048440,0,07,000,00,9,8,23,A01
200900048441,0,07,000,00,0,1,00,A01
200900048442,0,07,000,00,2,4,01,B01
200900048442,0,32,000,00,2,1,02,A01
200900048443,0,02,000,00,2,1,01,B01
200900048443,0,07,000,00,2,2,01,A01
200900048444,0,07,000,00,2,8,10,B01
200900048444,0,33,000,00,2,1,01,A01
200900048445,0,07,000,00,2,8,15,A01
200900048445,0,32,000,00,2,1,17,B01
200900048446,0,07,000,16,0,1,01,A01
200900048447,0,07,000,16,0,9,14,A01
200900048448,0,37,001,00,0,1,01,B01
200900048448,0,07,000,00,2,1,13,A01
200900048449,0,07,000,00,2,2,01,A01
200900048449,0,07,000,00,1,3,01,B01
200900048450,0,07,000,00,2,8,09,A01
200900048450,0,02,000,00,2,1,01,B01
200900048451,0,07,000,00,2,4,01,B01
200900048451,0,07,000,00,2,1,01,A01
200900048452,0,07,000,00,1,1,01,A01
200900048453,0,07,000,00,2,4,01,B01
200900048453,0,07,000,00,2,1,01,A01
200900048454,0,07,000,00,1,1,16,A01
200900048455,0,07,000,00,9,9,01,B01
200900048455,0,33,000,00,2,9,01,A01
200900048456,0,07,000,00,1,4,04,A01
200900048457,0,01,000,00,0,0,00,A01
200900048458,0,07,000,00,1,1,01,A01
200900048459,0,07,000,06,0,1,01,A01
200900048460,0,01,000,00,2,2,01,B01
200900048460,0,07,000,00,2,3,01,A01
200900048461,0,02,000,09,0,1,00,A01
200900048462,0,30,000,00,2,3,19,B01
200900048462,0,07,000,00,2,3,01,A01
200900048463,0,07,000,00,0,0,00,A01
200900048464,0,07,000,00,2,8,01,A01
200900048464,0,07,000,00,2,1,01,B01
200900048465,1,07,000,00,2,3,10,A01
200900048465,0,30,000,00,2,1,02,B01
200900048466,0,33,000,00,0,8,00,A01
200900048467,0,33,000,00,2,4,01,B01
200900048467,0,07,000,00,2,1,01,A01
200900048468,0,30,000,00,1,1,01,A01
200900048469,0,01,000,00,2,1,01,A01
200900048469,0,07,000,00,2,2,01,B01
200900048470,0,07,000,00,2,1,02,A01
200900048470,0,07,000,00,2,4,01,B01
200900048471,0,07,000,00,2,1,01,A01
200900048471,0,01,000,00,2,5,15,B01
200900048472,0,02,000,00,2,1,01,B01
200900048472,0,07,000,00,2,1,09,A01
200900048473,0,02,000,00,2,1,01,A01
200900048473,0,07,000,00,2,4,23,B01
200900048474,0,07,000,01,0,1,01,A01
200900048475,0,07,000,00,2,1,02,A01
200900048476,0,07,000,00,0,0,20,A01
200900048476,0,01,000,00,0,2,01,B01
200900048477,0,07,000,00,1,1,01,A01
200900048477,0,33,000,00,0,0,01,B01
200900048477,0,10,000,03,0,6,01,D01
200900048477,0,10,000,03,0,2,01,C01
200900048478,0,07,000,00,0,5,23,B01
200900048478,0,31,000,00,2,1,01,A01
200900048479,0,02,000,00,2,1,01,B01
200900048479,0,07,000,00,2,2,01,A01
200900048480,0,01,000,01,0,1,01,B01
200900048480,0,07,000,00,2,3,22,A01
200900048481,0,10,000,00,2,1,01,A01
200900048481,0,01,000,00,2,1,00,B01
200900048482,1,07,000,00,2,1,15,A01
200900048482,0,32,000,00,2,2,01,B01
200900048483,0,01,000,00,1,1,01,A01
200900048484,1,07,000,00,0,0,00,A01
200900048484,0,30,000,00,2,0,00,B01
200900048485,0,02,000,00,1,1,01,A01
200900048486,0,07,000,00,2,3,01,B01
200900048486,0,30,000,00,2,3,01,A01
200900048487,0,10,000,00,1,4,04,A01
200900048488,0,07,000,00,1,3,01,A01
200900048489,0,07,000,00,1,1,00,A01
200900048490,0,07,000,00,1,1,01,A01
200900048491,0,07,000,10,2,8,01,A01
200900048491,0,07,000,00,2,8,01,B01
200900048492,0,02,000,00,2,7,01,B01
200900048492,0,07,000,00,2,3,16,A01
200900048493,0,07,000,00,2,1,01,A01
200900048493,0,32,000,00,2,8,01,B01
200900048494,0,07,000,00,0,0,16,A01
200900048494,0,01,000,00,0,0,01,B01
200900048495,0,33,000,00,2,7,01,B01
200900048495,1,10,000,00,2,1,16,A01
200900048496,0,07,000,00,2,3,01,B01
200900048496,0,10,000,00,2,2,01,A01
200900048497,0,07,000,00,1,1,01,A01
200900048498,0,07,000,00,2,2,15,B01
200900048498,0,01,000,00,2,1,01,A01
200900048499,0,10,000,00,0,0,24,A01
200900048500,0,07,000,00,2,1,01,A01
200900048500,0,30,000,00,2,5,01,B01
200900048501,0,01,000,00,2,1,01,A01
200900048501,0,01,000,00,2,1,01,B01
200900048502,0,07,000,00,2,1,09,A01
200900048502,0,30,000,00,2,2,01,B01
200900048503,0,07,000,00,2,8,01,A01
200900048503,0,07,000,00,2,1,01,B01
200900048504,0,07,000,00,2,3,00,A01
200900048504,0,30,000,00,2,2,11,B01
200900048505,0,07,000,00,1,2,01,A01
200900048506,0,07,000,14,0,1,14,A01
200900048507,0,01,000,00,2,8,19,B01
200900048507,0,07,000,00,2,2,01,A01
200900048508,0,07,000,00,2,1,17,A01
200900048508,0,07,000,00,2,2,01,B01
200900048509,0,07,000,00,2,3,01,B02
200900048509,0,07,000,00,2,2,15,A01
200900048510,0,33,000,00,2,1,02,A01
200900048510,0,07,000,00,2,4,01,B02
200900048511,0,07,000,02,0,1,01,A01
200900048512,0,07,000,00,2,8,01,B02
200900048512,0,33,000,00,2,8,17,A01
200900048513,0,07,000,00,2,2,13,A01
200900048513,0,07,000,00,2,3,01,B02
200900048514,0,07,000,00,2,2,02,A01
200900048514,0,01,000,00,2,4,15,B02
200900048515,0,07,000,00,0,3,19,A01
200900048515,0,02,000,00,2,1,00,B02
200900048516,0,33,000,00,2,1,01,B02
200900048516,0,07,000,00,2,2,16,A01
200900048517,0,07,000,00,2,2,01,B02
200900048517,0,01,000,00,2,1,05,A01
200900048518,0,33,000,16,0,7,01,A01
200900048519,0,07,000,00,2,2,21,B02
200900048519,0,01,000,00,0,0,01,A01
200900048520,0,07,000,06,0,1,01,A01
200900048521,0,07,000,00,2,5,16,A01
200900048521,0,30,000,00,2,1,01,B02
200900048522,0,33,000,00,2,3,17,A01
200900048522,0,07,000,00,2,8,01,B02
200900048523,0,07,000,00,2,1,01,B02
200900048523,0,30,000,00,2,1,01,A01
200900048524,0,07,000,00,2,3,13,A01
200900048524,0,07,000,00,2,1,01,B02
200900048525,0,33,000,13,2,1,01,A01
200900048525,0,07,000,00,2,2,01,B02
200900048526,0,30,000,00,0,0,01,A01
200900048527,0,36,000,06,0,1,01,A01
200900048528,0,07,000,00,1,2,17,A01
200900048529,0,07,000,00,1,2,01,A01
200900048530,0,10,000,00,2,5,01,A01
200900048530,0,30,000,00,2,1,01,B02
200900048531,0,10,000,02,0,3,01,A01
200900048532,0,02,000,00,2,3,01,B01
200900048532,0,99,000,00,2,7,17,A01
200900048533,0,07,000,15,2,1,10,A01
200900048533,0,07,000,00,2,1,01,B01
200900048534,0,01,000,00,2,0,05,A01
200900048534,1,02,000,00,2,0,00,B01
200900048535,0,01,000,01,0,1,01,B01
200900048535,0,07,000,00,0,4,23,A01
200900048536,0,07,000,00,2,1,01,A01
200900048537,0,30,000,00,2,0,01,B01
200900048537,0,07,000,00,2,3,01,A01
200900048538,0,07,000,00,2,1,01,A01
200900048538,0,07,000,00,2,1,01,B01
200900048538,0,07,000,00,2,3,01,C01
200900048539,2,07,000,00,2,1,02,A01
200900048539,0,07,000,00,0,5,02,B01
200900048540,0,07,000,00,2,1,01,A01
200900048540,0,32,000,00,0,4,23,B01
200900048541,0,07,000,00,1,5,04,A01
200900048542,0,07,000,00,1,1,01,A01
200900048543,0,14,000,00,1,4,04,A01
200900048544,0,07,000,00,2,8,01,A01
200900048544,0,02,000,00,2,1,01,B01
200900048545,0,01,000,00,2,0,13,A01
200900048545,0,37,020,00,2,2,17,B01
200900048546,0,07,000,00,2,3,01,A01
200900048546,0,02,000,00,2,1,01,B01
200900048547,0,33,000,00,2,1,17,B01
200900048547,0,07,000,00,2,8,10,A01
200900048548,0,07,000,00,2,2,01,B01
200900048548,0,30,000,00,2,1,15,A01
200900048549,0,02,000,00,2,1,01,B01
200900048549,0,07,000,00,2,5,01,A01
200900048550,0,07,000,00,0,0,14,A01
200900048550,0,32,000,00,0,7,21,B01
200900048551,0,07,000,00,2,7,20,A01
200900048551,0,30,000,00,2,3,01,B01
200900048552,0,07,000,00,2,3,01,B01
200900048552,0,02,000,00,2,1,16,A01
200900048553,0,02,000,00,2,1,01,A01
200900048553,0,07,000,00,2,7,15,B01
200900048554,0,02,000,00,2,1,01,B01
200900048554,0,07,000,00,2,2,15,A01
200900048555,0,07,000,00,1,4,04,A01
200900048556,0,14,000,03,0,0,01,A01
200900048557,0,07,000,00,2,2,01,A01
200900048557,0,07,000,00,2,1,01,B01
200900048558,0,07,000,03,0,1,01,A01
200900048559,0,07,000,00,1,3,00,A01
200900048560,0,02,000,00,2,1,01,B01
200900048560,0,07,000,00,2,3,09,A01
200900048561,0,07,000,00,1,1,00,A01
200900048562,0,33,000,00,2,1,02,A01