Num_Acc,senc,catv,occutc,obs,obsm,choc,manv,num_veh
200900048562,0,07,000,00,0,5,02,B01
200900048563,1,07,000,00,2,1,01,A01
200900048563,0,07,000,00,2,4,01,B01
200900048563,0,07,000,00,0,4,01,C01
200900048564,1,02,000,00,1,0,00,A01
200900048565,0,07,000,00,1,4,20,A01
200900048566,0,07,000,00,2,1,00,B01
200900048566,0,07,000,00,2,1,02,C01
200900048566,0,07,000,00,2,8,02,A01
200900048567,0,14,000,00,1,2,09,A01
200900048568,0,07,000,00,0,0,15,B01
200900048568,0,02,000,00,2,1,01,A01
200900048569,0,34,000,00,2,1,17,A01
200900048569,0,10,000,00,2,1,01,B01
200900048570,0,07,000,00,2,2,15,A01
200900048570,0,33,000,00,2,8,01,B01
200900048571,0,14,000,00,2,7,16,A01
200900048571,0,01,000,00,2,9,00,B01
200900048572,0,07,000,00,1,3,01,A01
200900048573,0,30,000,00,0,0,00,A01
200900048574,0,07,000,00,1,1,16,A01
200900048575,0,07,000,00,2,3,01,B01
200900048575,0,30,000,00,2,2,01,A01
200900048576,0,07,000,00,1,1,01,A01
200900048577,0,07,000,00,2,1,15,B01
200900048577,0,01,000,00,2,1,15,A01
200900048578,0,01,000,00,2,1,01,B01
200900048578,0,07,000,00,2,1,01,A01
200900048579,0,07,000,00,2,2,15,A01
200900048579,0,07,000,00,2,1,01,B01
200900048580,0,07,000,00,2,3,01,B01
200900048580,0,07,000,00,2,7,05,A01
200900048581,0,07,000,13,0,8,13,A01
200900048582,0,02,000,00,1,1,01,A01
200900048583,0,07,000,13,0,1,13,A01
200900048584,0,07,000,00,2,1,01,B02
200900048584,0,07,000,00,2,3,15,A01
200900048585,0,07,000,00,2,1,21,C03
200900048585,0,10,000,00,2,2,20,B02
200900048585,0,02,000,00,2,1,01,A01
200900048586,0,07,000,00,1,2,01,A01
200900048587,0,07,000,02,0,3,00,A01
200900048588,0,30,000,00,2,1,01,B02
200900048588,0,10,000,00,2,4,01,A01
200900048589,0,10,000,00,2,3,16,A01
200900048589,0,01,000,00,2,2,01,B02
200900048590,0,07,000,00,2,3,13,A01
200900048590,0,07,000,00,2,3,01,B02
200900048591,0,07,000,02,0,2,17,A01
200900048592,0,15,000,00,2,3,01,B02
200900048592,0,03,000,00,2,3,01,A01
200900048593,0,07,000,02,0,3,01,A01
200900048594,0,07,000,02,0,7,01,A01
200900048595,0,21,000,00,2,3,19,B02
200900048595,0,30,000,00,2,2,01,A01
200900048596,0,07,000,06,1,1,19,A01
200900048597,0,31,000,00,2,1,01,A01
200900048597,0,01,000,00,0,4,01,B02
200900048598,0,07,000,00,2,3,01,B02
200900048598,0,01,000,00,2,2,19,A01
200900048599,0,14,000,00,2,1,01,B02
200900048599,0,07,000,00,2,8,19,A01
200900048600,0,07,000,00,2,1,01,A01
200900048600,0,02,000,00,1,7,01,B02
200900048601,0,02,000,00,0,4,02,B02
200900048601,0,07,000,00,2,2,02,A01
200900048602,0,10,000,00,2,7,15,A01
200900048602,0,33,000,00,2,1,01,B02
200900048603,0,07,000,13,0,1,01,A01
200900048604,0,31,000,00,2,6,15,B02
200900048604,0,07,000,00,2,1,17,A01
200900048605,0,33,000,00,2,1,01,A01
200900048605,0,07,000,00,2,3,09,B02
200900048606,0,07,000,00,2,1,17,B02
200900048606,0,21,000,00,2,4,01,D04
200900048606,0,07,000,00,2,1,02,A01
200900048606,0,07,000,00,9,1,17,C03
200900048607,0,07,000,00,0,1,01,A01
200900048608,0,30,000,00,0,3,01,A01
200900048609,0,07,000,00,2,2,15,B02
200900048609,0,33,000,00,2,2,01,A01
200900048610,0,07,000,00,2,1,01,B02
200900048610,0,07,000,00,2,7,13,A01
200900048611,0,01,000,00,2,2,01,A01
200900048611,0,07,000,00,2,1,01,B01
200900048612,0,07,000,00,2,1,01,B01
200900048612,0,07,000,00,2,9,01,A01
200900048613,0,07,000,00,2,3,10,A01
200900048613,0,07,000,00,2,1,01,B01
200900048614,0,07,000,01,0,1,01,A01
200900048615,0,07,000,00,2,3,15,A01
200900048615,0,02,000,00,2,1,01,B01
200900048616,0,07,000,00,2,1,01,B01
200900048616,0,07,000,00,2,1,01,A01
200900048617,0,07,000,00,1,1,01,A01
200900048618,0,07,000,00,2,0,01,A01
200900048618,0,30,000,00,2,1,15,B01
200900048619,0,07,000,00,9,2,01,A01
200900048619,0,01,000,00,2,1,15,B01
200900048620,0,01,000,00,2,0,01,B01
200900048620,0,07,000,00,9,0,01,A01
200900048621,0,07,000,00,2,4,01,B01
200900048621,0,07,000,00,2,1,01,A01
200900048622,0,07,000,08,0,1,01,A01
200900048623,0,07,000,00,2,1,01,A01
200900048623,0,07,000,00,2,4,23,B01
200900048624,0,02,000,00,2,1,01,B01
200900048624,0,07,000,00,2,3,09,A01
200900048625,0,07,000,00,0,4,23,B01
200900048625,0,07,000,00,2,1,02,A01
200900048626,0,07,000,06,0,1,13,A01
200900048627,0,37,000,00,1,0,01,A01
200900048628,0,07,000,00,2,3,01,B01
200900048628,0,30,000,00,2,1,01,A01
200900048629,0,30,000,00,2,1,02,B01
200900048629,0,07,000,00,2,4,23,A01
200900048630,0,07,000,00,2,2,01,B01
200900048630,0,30,000,00,2,1,01,A01
200900048631,0,32,000,00,0,1,01,A01
200900048632,0,07,000,16,0,9,16,A01
200900048633,0,07,000,00,0,0,12,A01
200900048633,0,34,000,00,0,0,01,B01
200900048634,0,07,000,00,2,7,15,B01
200900048634,0,02,000,00,2,1,01,A01
200900048635,0,07,000,00,2,3,01,B01
200900048635,0,01,000,00,2,7,19,A01
200900048636,0,02,000,00,1,1,01,A01
200900048637,0,10,000,00,2,3,15,A01
200900048637,0,33,000,00,2,7,01,B01
200900048638,0,07,000,00,2,9,01,B01
200900048638,0,07,000,00,2,1,09,A01
200900048639,0,02,000,12,0,1,14,A01
200900048640,0,07,000,14,0,1,01,A01
200900048640,0,30,000,00,2,4,23,B01
200900048641,0,07,000,00,2,1,15,B01
200900048641,0,07,000,00,2,1,16,A01
200900048642,0,33,000,14,0,1,01,A01
200900048642,0,07,000,00,2,1,15,B01
200900048642,0,07,000,00,2,3,23,C01
200900048643,0,07,000,00,2,3,13,A01
200900048643,0,15,000,00,2,8,01,B02
200900048644,0,01,000,00,0,3,01,B02
200900048644,0,07,000,00,0,3,17,A01
200900048645,0,07,000,00,2,3,16,A01
200900048645,0,02,000,00,2,8,15,B02
200900048646,0,10,000,00,2,3,13,A01
200900048646,0,15,000,00,2,8,01,B02
200900048647,0,07,000,00,2,2,01,A01
200900048647,0,07,000,00,2,1,01,B02
200900048648,0,02,000,00,0,2,02,A01
200900048648,0,07,000,00,0,6,15,B02
200900048649,0,33,000,00,2,1,01,A01
200900048649,0,10,000,00,9,8,15,B02
200900048650,0,30,000,03,0,7,01,A01
200900048651,0,07,000,00,1,1,01,A01
200900048652,0,07,000,00,2,3,15,A01
200900048652,0,30,000,00,2,1,01,B02
200900048653,0,10,000,13,0,2,01,A01
200900048654,0,07,000,00,1,2,01,A01
200900048655,0,07,000,00,2,1,01,B02
200900048655,0,07,000,00,2,3,10,A01
200900048656,0,07,000,00,2,7,01,A01
200900048656,0,21,000,00,2,1,01,B02
200900048657,0,33,000,00,2,1,01,A01
200900048657,0,07,000,00,2,3,15,B02
200900048658,0,07,000,00,0,3,01,A01
200900048658,0,14,000,00,0,1,09,B02
200900048659,0,07,000,00,2,3,15,A01
200900048659,0,07,000,00,2,2,01,B02
200900048660,0,07,000,03,0,6,01,B02
200900048660,0,07,000,00,2,2,01,A01
200900048661,0,07,000,00,2,3,13,A01
200900048661,0,07,000,00,2,3,01,B02
200900048662,0,07,000,00,2,1,00,B02
200900048662,0,07,000,00,2,1,01,A01
200900048663,0,07,000,02,0,3,01,A01
200900048664,0,33,000,13,0,7,01,A01
200900048665,0,07,000,00,1,2,13,A01
200900048666,0,07,000,00,2,3,13,A01
200900048666,0,07,000,00,2,7,01,B02
200900048667,0,07,000,13,0,1,13,A01
200900048668,0,07,000,00,2,2,01,B02
200900048668,0,33,000,00,2,1,13,A01
200900048669,0,07,000,00,1,1,01,A01
200900048670,0,07,000,00,2,4,01,B01
200900048670,0,30,000,00,2,1,01,A01
200900048671,0,02,000,11,0,1,13,A01
200900048672,0,33,000,00,2,7,01,A01
200900048672,0,07,000,00,2,1,01,B01
200900048673,0,33,000,00,2,1,17,B01
200900048673,0,07,000,00,2,1,15,A01
200900048674,0,30,000,00,2,1,01,A01
200900048674,0,07,000,00,2,4,01,B01
200900048675,0,07,000,00,1,1,15,A01
200900048676,0,07,000,00,2,4,01,B01
200900048676,0,07,000,00,2,1,01,A01
200900048676,0,07,000,00,2,4,01,C01
200900048677,0,07,000,00,2,1,01,B01
200900048677,0,07,000,00,2,7,15,A01
200900048678,0,07,000,00,9,5,01,A01
200900048678,0,01,000,00,2,1,09,B02
200900048679,0,14,000,00,2,3,01,B02
200900048679,0,14,000,00,2,3,01,A01
200900048680,0,07,000,00,2,3,01,A01
200900048680,0,32,000,00,2,0,13,B02
200900048681,0,14,000,00,2,6,01,B01
200900048681,0,07,000,00,2,1,19,A01
200900048682,0,07,000,00,0,9,00,A01
200900048683,0,30,000,00,2,1,01,B01
200900048683,0,07,000,00,2,1,15,A01
200900048684,0,07,000,00,2,3,02,A01
200900048684,0,07,000,00,0,5,02,C03
200900048684,0,07,000,00,0,6,02,B02
200900048685,0,21,000,00,0,4,02,B02
200900048685,0,07,000,00,2,1,02,A01
200900048686,0,10,000,00,0,5,24,B02
200900048686,0,30,000,00,2,1,01,A01
200900048687,0,07,000,04,0,1,00,A01
200900048688,0,07,000,00,2,8,01,C03
200900048688,0,07,000,00,2,3,17,A01
200900048688,0,07,000,00,2,3,01,B02
200900048689,0,07,000,13,0,2,01,A01
200900048690,0,07,000,00,2,1,01,B01
200900048690,0,16,000,00,2,6,15,A01
200900048691,0,03,000,00,1,4,04,A01
200900048692,0,07,000,00,2,3,01,A01
200900048692,0,07,000,00,2,1,01,B01
200900048693,0,07,000,00,2,1,01,A01
200900048693,0,07,000,00,2,8,15,B01
200900048694,0,32,000,00,2,0,01,B01
200900048694,0,07,000,01,2,0,16,A01
200900048695,0,07,000,00,2,3,15,A01
200900048695,0,33,000,00,2,1,17,B01
200900048696,0,33,000,12,0,3,01,A01
200900048697,0,07,000,00,2,1,01,B01
200900048697,0,07,000,00,2,2,15,A01
200900048698,0,30,000,00,2,4,01,B02
200900048698,0,07,000,00,2,1,01,A01
200900048699,0,30,000,00,0,8,01,A01
200900048700,0,07,000,08,0,2,01,A01
200900048701,0,07,000,00,0,2,01,A01
200900048702,0,07,000,10,0,3,01,A01
200900048703,0,07,000,00,2,1,01,A01
200900048703,0,01,000,00,2,4,23,B02
200900048704,0,07,000,00,2,8,01,B02
200900048704,0,07,000,00,2,8,13,A01
200900048704,0,07,000,00,2,2,01,C03
200900048705,0,07,000,00,0,1,01,A01
200900048706,0,33,000,00,2,2,01,B01
200900048706,0,07,000,00,0,0,00,A01
200900048707,0,07,000,00,1,3,01,A01
200900048708,0,02,000,00,0,0,13,A01
200900048709,0,07,000,00,2,1,01,A01
200900048709,0,02,000,00,2,4,01,B01
200900048710,0,07,000,00,1,7,01,A01
200900048711,0,07,000,13,0,3,01,A01
200900048712,0,07,000,08,0,7,01,A01
200900048713,0,30,000,00,2,1,13,A01
200900048713,0,07,000,00,2,3,01,B02
200900048714,0,07,000,00,2,1,01,A01
200900048714,0,07,000,00,2,8,01,B02
200900048715,0,07,000,02,0,2,01,A01
200900048716,0,07,000,06,9,3,01,A01
200900048716,0,01,000,00,2,1,01,B02
200900048717,0,02,000,00,2,1,13,A01
200900048717,0,10,000,00,2,3,01,B02
200900048718,0,07,000,00,2,6,13,A01
200900048718,0,07,000,00,2,3,01,B02
200900048719,0,07,000,00,2,7,15,A01
200900048719,0,33,000,00,2,1,01,B02
200900048720,0,07,000,13,0,1,17,A01
200900048721,0,07,000,00,9,1,01,A01
200900048722,0,01,000,00,0,1,01,A01
200900048723,0,07,000,02,0,2,14,A01
200900048724,0,07,000,00,2,2,15,A01
200900048724,0,02,000,00,2,1,01,B02
200900048725,0,07,000,00,1,7,19,A01
200900048725,0,07,000,00,2,1,01,B02
200900048725,0,07,000,00,2,3,23,C03
200900048726,0,07,000,00,2,1,01,B02
200900048726,0,10,000,00,2,2,15,A01
200900048727,0,07,000,13,0,3,13,A01
200900048728,0,10,000,00,2,1,01,C03
200900048728,0,07,000,00,2,2,01,B02
200900048728,0,07,000,00,2,1,19,A01
200900048729,0,30,000,13,0,8,01,A01
200900048730,0,02,000,00,0,4,01,B02
200900048730,0,31,000,00,2,1,02,A01
200900048731,0,07,000,00,2,2,01,B02
200900048731,0,07,000,00,2,3,13,A01
200900048732,0,07,000,13,0,3,13,A01
200900048733,0,07,000,00,2,1,19,A01
200900048733,0,07,000,00,2,8,01,B02
200900048733,0,10,000,00,2,3,23,C03
200900048734,0,07,000,00,2,8,10,A01
200900048734,0,33,000,00,2,1,01,B02
200900048735,0,07,000,00,1,2,01,A01
200900048736,0,07,000,13,0,1,01,A01
200900048737,0,07,000,08,0,1,01,A01
200900048738,0,07,000,02,0,3,01,A01
200900048739,0,07,000,08,0,9,01,A01
200900048740,0,07,000,00,2,2,01,A01
200900048740,0,01,000,00,2,1,15,B02
200900048741,0,01,000,00,2,1,01,B02
200900048741,0,07,000,00,2,8,01,A01
200900048742,0,14,000,00,2,3,01,A01
200900048742,0,31,000,00,2,1,05,B02
200900048743,0,07,000,16,0,9,14,A01
200900048744,0,07,000,13,0,4,01,A01
200900048745,0,07,000,03,0,2,01,A01
200900048746,0,07,000,13,0,9,14,A01
200900048747,0,07,000,00,2,2,17,A01
200900048747,0,07,000,00,2,8,15,B01
200900048748,0,07,000,00,2,1,15,A01
200900048748,0,30,000,00,2,1,01,B01
200900048749,0,07,000,08,0,1,01,A01
200900048750,0,07,000,00,2,6,01,A01
200900048750,0,02,000,00,2,1,01,B01
200900048751,0,07,000,00,2,5,15,A01
200900048751,0,31,000,00,2,5,01,B01
200900048752,0,02,000,00,2,7,01,A01
200900048752,0,07,000,00,2,2,01,B01
200900048753,0,07,000,00,2,1,09,A01
200900048753,0,01,000,00,2,7,01,B01
200900048754,0,30,000,00,2,7,01,B01
200900048754,0,07,000,00,2,2,01,A01
200900048755,0,07,000,00,1,1,01,A01
200900048756,0,31,000,00,2,1,01,B01
200900048756,0,01,000,00,2,8,19,A01
200900048757,0,07,000,00,2,2,01,B01
200900048757,0,01,000,00,2,1,01,A01
200900048758,0,07,000,00,2,1,01,B01
200900048758,0,07,000,00,2,2,15,A01
200900048759,0,02,000,06,0,0,14,A01
200900048760,0,07,000,00,1,1,15,A01
200900048761,0,07,000,00,2,2,01,B01
200900048761,0,07,000,08,2,1,01,A01
200900048762,0,07,000,00,2,8,01,B01
200900048762,0,02,000,00,2,1,01,A01
200900048763,0,02,000,00,0,1,01,A01
200900048764,0,07,000,00,1,1,01,A01
200900048765,0,07,000,00,2,1,01,A01
200900048765,0,07,000,00,2,4,02,B01
200900048766,0,07,000,00,2,4,01,B01
200900048766,0,07,000,00,2,1,02,A01
200900048767,1,07,000,00,1,2,01,A01
200900048768,0,02,000,00,2,1,01,A01
200900048768,0,07,000,00,2,6,01,B01
200900048769,0,07,000,00,2,1,01,B01
200900048769,0,31,000,07,2,3,01,A01
200900048770,0,33,000,00,2,1,01,A01
200900048770,0,07,000,00,2,4,23,B01
200900048771,0,37,000,00,2,2,15,A01
200900048771,0,02,000,00,2,1,01,B01
200900048772,0,33,000,11,0,1,17,A01
200900048773,0,07,000,08,0,1,01,A01
200900048774,0,07,000,00,2,4,01,B01
200900048774,0,07,000,00,2,1,01,A01
200900048775,0,30,000,00,2,1,01,B01
200900048775,0,07,000,00,2,1,01,A01
200900048776,0,07,000,00,2,8,01,B01
200900048776,0,07,000,01,2,1,01,A01
200900048777,0,01,000,00,2,1,16,B01
200900048777,0,07,000,00,2,0,01,A01
200900048778,0,37,000,01,1,0,17,A01
200900048779,0,07,000,00,2,4,23,B01
200900048779,0,30,000,00,2,1,01,A01
200900048780,0,07,000,14,2,2,15,A01
200900048780,0,33,000,00,2,7,01,B01
200900048781,0,07,000,00,2,4,01,B01
200900048781,0,10,000,00,2,1,01,A01
200900048782,0,07,000,00,2,1,01,A01
200900048782,0,02,000,00,2,7,01,B01
200900048783,0,07,000,00,1,2,01,A01
200900048784,0,01,000,01,0,1,01,A01
200900048785,0,07,000,00,2,3,01,B01
200900048785,0,07,000,00,2,9,01,A01
200900048786,0,33,000,15,0,9,01,A01
200900048787,1,07,000,00,2,0,07,A01
200900048787,0,30,000,00,2,0,00,B01
200900048788,0,07,000,01,0,2,14,A01
200900048789,0,30,000,00,0,0,01,A01
200900048790,0,07,000,00,1,0,04,A01
200900048791,0,02,000,00,2,7,15,A01
200900048791,0,07,000,00,2,8,18,B01
200900048792,0,07,000,00,9,8,01,A01
200900048793,0,07,000,00,2,3,01,B01
200900048793,0,07,000,01,2,1,01,A01
200900048794,0,30,000,00,2,1,02,A01
200900048795,0,02,000,00,2,1,01,B01
200900048795,0,07,000,00,2,8,09,A01
200900048796,0,07,000,01,0,1,01,A01
200900048797,0,30,000,00,2,5,01,A01
200900048797,0,07,000,00,2,5,01,B01
200900048798,0,34,000,00,2,8,01,B01
200900048798,0,07,000,00,2,8,09,A01
200900048799,1,07,000,00,0,6,09,A01
200900048799,0,02,000,00,2,1,00,B01
200900048800,0,15,000,00,2,3,21,B01
200900048800,0,07,000,13,2,1,05,A01
200900048801,0,07,000,05,0,2,21,A01
200900048802,0,10,000,00,2,5,15,A01
200900048802,0,33,000,00,2,1,01,B02
200900048803,0,07,000,00,0,9,14,A01
200900048804,0,07,000,00,2,3,09,A01
200900048804,0,33,000,00,2,7,01,B02
200900048805,0,07,000,00,0,5,15,A01
200900048805,0,33,000,00,0,1,00,B02
200900048806,0,07,000,00,2,9,01,A01
200900048807,0,07,000,00,2,2,19,B02
200900048807,0,07,000,00,2,1,01,A01
200900048808,0,07,000,00,2,4,02,B02
200900048808,0,07,000,00,2,1,02,A01
200900048809,0,33,000,00,2,1,05,A01
200900048809,0,07,000,00,2,3,10,B02
200900048810,0,07,000,00,2,3,01,B02
200900048810,0,07,000,00,2,3,13,A01
200900048811,0,33,000,00,2,3,01,B02
200900048811,0,07,000,00,2,7,15,A01
200900048812,0,07,000,00,2,8,01,B02
200900048812,0,07,000,00,2,1,00,C03
200900048812,0,07,000,00,2,1,05,A01
200900048813,0,07,000,00,2,1,01,B02
200900048813,0,07,000,00,2,1,01,A01
200900048814,0,33,000,00,0,1,01,A01
200900048815,0,07,000,00,0,1,01,C03
200900048815,0,07,000,00,0,4,01,B02
200900048815,0,07,000,00,9,1,01,A01
200900048816,0,35,000,00,0,1,01,A01
200900048817,0,33,000,13,0,1,13,A01
200900048818,0,30,000,00,0,0,00,A01
200900048819,0,07,000,00,2,3,23,C03
200900048819,0,07,000,01,2,2,15,B02
200900048819,0,07,000,00,2,3,01,A01
200900048820,0,14,000,00,1,0,15,A01
200900048821,0,07,000,00,1,2,01,A01
200900048822,0,07,000,04,0,3,01,A01
200900048823,0,01,000,00,2,1,02,B02
200900048823,0,07,000,00,9,5,23,A01
200900048824,0,36,000,00,2,1,01,A01
200900048824,0,07,000,00,2,3,01,B02
200900048825,0,07,000,13,0,3,14,A01
200900048826,0,30,000,01,0,1,13,A01
200900048826,0,07,000,00,0,7,00,B02
200900048826,0,07,000,00,0,4,00,C03
200900048827,0,33,000,00,2,1,13,A01
200900048827,0,21,000,00,0,8,19,B02
200900048828,1,33,000,00,0,0,01,B02
200900048829,0,07,000,00,2,2,12,A01
200900048829,0,07,000,03,2,6,01,B01
200900048830,0,07,000,13,0,9,00,A01
200900048831,0,07,000,00,2,4,02,B01
200900048831,0,33,000,00,2,1,03,A01
200900048832,0,07,000,00,2,1,02,A01
200900048832,0,07,000,00,2,4,02,B01
200900048833,0,17,000,00,2,0,01,B01
200900048833,0,07,000,00,2,0,11,A01
200900048834,0,17,000,00,2,0,00,A01
200900048834,0,07,000,00,2,0,01,B01
200900048835,0,07,000,00,2,0,01,C01
200900048835,0,07,000,00,2,1,02,A01
200900048835,0,07,000,00,2,4,02,B01
200900048836,0,07,000,04,5,0,21,A01
200900048837,0,07,000,00,2,6,02,C01
200900048837,0,10,000,03,2,4,02,B01
200900048837,0,07,000,00,2,1,02,A01
200900048838,0,07,000,00,2,1,02,B01
200900048838,0,07,000,00,2,4,04,A01
200900048839,0,07,000,00,2,1,02,A01
200900048839,0,07,000,00,2,4,02,B01
200900048840,0,33,000,00,2,7,01,B01
200900048840,0,07,000,03,2,8,11,A01
200900048841,0,07,000,00,2,4,02,B01
200900048841,0,07,000,00,2,4,02,E01
200900048841,0,07,000,00,2,1,02,A01
200900048841,0,10,000,00,2,4,02,C01
200900048841,0,07,000,00,2,4,02,D01
200900048842,0,10,000,00,2,0,00,C01
200900048842,0,07,000,00,2,0,00,A01
200900048842,0,33,000,00,2,0,00,B01
200900048843,0,07,000,04,2,0,01,B01
200900048843,0,17,000,00,2,0,00,A01
200900048844,0,07,000,00,2,4,01,A01
200900048844,0,17,000,00,2,2,12,B01
200900048845,0,07,000,13,0,0,00,A01
200900048846,0,07,000,03,0,0,00,A01
200900048847,0,17,000,03,0,3,13,A01
200900048848,0,33,000,00,2,0,00,A01
200900048848,0,10,000,00,2,0,00,B01
200900048849,1,07,000,00,2,8,11,A01
200900048849,0,07,000,04,2,7,01,B01
200900048850,0,07,000,00,2,0,00,C01
200900048850,0,07,000,00,2,0,00,A01
200900048850,0,07,000,00,2,0,00,B01
200900048851,0,07,000,03,0,0,00,A01
200900048852,0,07,000,00,2,3,01,B01
200900048852,0,33,000,09,2,7,12,A01
200900048853,0,07,000,03,0,0,00,A01
200900048854,0,07,000,03,0,0,00,A01
200900048855,0,07,000,03,0,0,21,A01
200900048856,0,07,000,00,2,0,01,C01
200900048856,0,07,000,00,2,0,01,B01
200900048856,0,07,000,14,2,0,21,A01
200900048857,0,33,000,00,2,8,00,B01
200900048857,0,33,000,03,2,7,13,A01
200900048858,0,33,000,00,2,0,12,A01
200900048858,0,10,000,00,2,0,01,B01
200900048859,0,38,060,00,1,2,01,A01
200900048860,0,07,000,00,9,1,02,C01
200900048860,0,07,000,00,2,1,02,A01
200900048860,0,07,000,00,2,4,02,B01
200900048861,1,10,000,00,1,0,00,A01
200900048862,0,07,000,01,0,1,00,A01
200900048863,0,07,000,00,1,7,01,A01
200900048864,0,01,000,00,2,7,00,A01
200900048864,0,07,000,00,2,1,01,B01
200900048865,0,01,000,00,2,8,19,B01
200900048865,0,07,000,00,2,1,15,A01
200900048866,0,07,000,00,2,1,01,B01
200900048866,0,07,000,00,2,8,01,A01
200900048867,0,07,000,00,1,2,01,A01
200900048868,0,07,000,00,2,1,01,B01
200900048868,0,07,000,00,2,8,09,A01
200900048869,0,07,000,00,2,1,01,A01
200900048869,0,07,000,00,2,3,01,B01
200900048870,0,10,000,00,2,8,02,B01
200900048870,0,07,000,00,2,1,15,A01
200900048871,1,07,000,00,1,0,00,A01
200900048872,0,07,000,00,2,7,15,A01
200900048872,0,07,000,00,2,2,01,B01
200900048873,0,10,000,00,2,2,10,A01
200900048873,0,02,000,00,2,1,02,B01
200900048874,0,07,000,00,2,1,15,A01
200900048874,0,07,000,00,2,8,01,B01
200900048875,0,30,000,00,2,0,01,B01
200900048875,0,16,000,00,2,7,16,A01
200900048876,1,32,000,00,0,0,01,A01
200900048877,0,07,000,13,0,1,01,A01
200900048878,0,10,000,00,1,3,05,C01
200900048878,0,30,000,01,0,2,02,A01
200900048878,0,07,000,00,0,8,00,B01
200900048879,0,07,000,00,1,3,02,A01
200900048880,0,07,000,00,1,3,01,A01
200900048881,0,10,000,08,2,9,16,A01
200900048881,0,07,000,00,2,6,01,B01
200900048882,0,07,000,00,2,8,15,B01
200900048882,0,02,000,00,2,1,01,A01
200900048883,0,07,000,00,2,6,10,A01
200900048883,0,33,000,00,2,1,01,B01
200900048884,0,07,000,00,2,3,15,A01
200900048884,0,33,000,00,2,1,01,B01
200900048885,0,07,000,00,1,2,01,A01
200900048886,0,07,000,01,0,2,01,A01
200900048887,0,07,000,00,1,1,01,A01
200900048888,0,07,000,00,2,3,15,A01
200900048888,0,01,000,00,2,1,01,B01
200900048889,0,07,000,00,2,8,01,A01
200900048889,0,01,000,00,2,1,00,B01
200900048890,0,02,000,12,0,1,01,A01
200900048891,0,37,027,00,1,2,01,A01
200900048892,0,07,000,00,2,5,15,A01
200900048892,0,31,000,00,2,1,17,B01
200900048893,0,07,000,00,2,5,01,B01
200900048893,0,02,000,00,2,1,01,A01
200900048894,0,10,000,00,1,3,01,A01
200900048895,0,07,000,00,1,3,01,A01
200900048896,0,07,000,00,1,2,02,A01
200900048897,0,07,000,00,1,2,02,A01
200900048898,0,15,000,00,2,1,01,A01
200900048898,0,07,000,00,2,3,01,B01
200900048899,0,07,000,01,0,2,15,A01
200900048900,0,30,000,00,2,7,01,B01
200900048900,0,10,000,00,2,1,01,A01
200900048901,0,07,000,00,0,1,01,A01
200900048902,0,07,000,00,1,4,01,A01
200900048903,0,07,000,00,1,2,01,A01
200900048904,0,07,000,15,2,1,15,B01
200900048904,0,33,000,00,2,1,17,A01
200900048905,0,07,000,00,2,4,15,A01
200900048905,0,31,000,00,2,1,01,B01
200900048906,0,33,000,00,2,1,01,B01
200900048906,0,07,000,00,2,3,15,A01
200900048907,0,02,000,00,2,1,14,B01
200900048907,0,01,000,00,0,4,01,A01
200900048908,0,07,000,00,2,2,01,B01
200900048908,0,01,000,00,2,1,19,A01
200900048909,0,07,000,00,1,2,01,A01
200900048910,0,99,000,00,2,1,01,B01
200900048910,0,99,000,01,2,7,01,A01
200900048911,0,02,000,01,0,1,01,A01
200900048912,0,33,000,01,0,1,14,B01
200900048912,0,14,000,00,2,0,15,A01
200900048913,0,33,000,00,2,1,01,B01
200900048913,0,07,000,00,2,3,09,A01
200900048914,0,31,000,00,0,0,01,B01
200900048914,0,07,000,00,0,0,11,A01
200900048915,0,02,000,00,1,0,15,A01
200900048916,0,07,000,00,2,1,01,A01
200900048916,0,01,000,00,2,4,01,B01
200900048917,0,02,000,00,1,1,01,A01
200900048918,0,07,000,00,2,1,01,B01
200900048918,0,07,000,00,2,2,02,A01
200900048919,0,07,000,00,1,6,04,A01
200900048920,0,07,000,00,2,1,01,B01
200900048920,0,34,000,00,2,1,13,A01
200900048921,0,07,000,00,2,4,01,B01
200900048921,0,07,000,00,2,1,01,A01
200900048922,0,07,000,00,2,3,15,A01
200900048922,0,31,000,00,2,3,01,B01
200900048923,0,07,000,00,2,8,01,A01
200900048923,0,07,000,00,2,7,09,B01
200900048924,0,31,000,00,2,0,01,A01
200900048924,0,07,000,00,2,0,01,B01
200900048925,0,07,000,00,2,2,15,A01
200900048925,0,07,000,00,2,1,01,B01
200900048926,0,07,000,00,1,1,01,A01
200900048927,0,07,000,00,2,3,15,A01
200900048927,0,07,000,00,2,1,01,B01
200900048928,0,07,000,00,2,1,01,A01
200900048928,0,07,000,00,2,4,01,B01
200900048929,0,07,000,01,1,0,01,A01
200900048930,0,07,000,00,1,3,01,A01
200900048931,0,07,000,01,0,9,01,A01
200900048932,0,07,000,00,1,5,20,A01
200900048933,0,02,000,08,2,1,13,A01
200900048933,0,07,000,00,2,7,01,B01
200900048934,0,07,000,00,1,2,20,A01
200900048935,0,07,000,07,2,1,01,A01
200900048935,0,07,000,00,2,2,01,B01
200900048936,0,07,000,00,2,2,01,B01
200900048936,0,01,000,00,2,0,01,A01
200900048937,0,07,000,00,1,3,01,A01