Num_Acc,senc,catv,occutc,obs,obsm,choc,manv,num_veh
200900049323,0,07,000,00,2,5,15,A01
200900049324,0,31,000,00,2,0,05,A01
200900049324,0,07,000,00,2,2,01,B01
200900049325,0,07,000,00,2,7,15,A01
200900049325,0,33,000,00,0,7,01,B01
200900049326,0,07,000,00,2,3,15,A01
200900049326,0,30,000,00,2,1,01,B01
200900049327,0,07,000,00,2,1,15,A01
200900049327,0,30,000,00,2,1,01,B01
200900049328,0,07,000,14,0,4,04,A01
200900049329,0,10,000,00,2,7,16,A01
200900049329,0,30,000,00,2,1,01,B01
200900049330,0,01,000,00,2,8,01,A01
200900049330,0,07,000,00,2,2,01,B01
200900049331,0,07,000,06,2,3,01,B01
200900049331,0,07,000,00,2,1,19,A01
200900049332,0,30,000,12,0,1,01,A01
200900049333,0,02,000,00,2,1,02,B01
200900049333,0,07,000,00,2,5,16,A01
200900049334,0,07,000,00,2,2,01,A01
200900049335,0,14,000,01,0,7,01,A01
200900049335,0,10,000,00,2,7,01,B01
200900049336,0,33,000,00,9,1,01,A01
200900049337,0,07,000,00,2,1,01,A01
200900049337,0,01,000,00,2,8,19,B01
200900049338,0,07,000,00,2,2,16,B01
200900049338,0,02,000,00,2,1,18,A01
200900049339,0,07,000,00,1,1,01,A01
200900049340,0,14,000,00,0,2,16,A01
200900049340,0,01,000,00,2,9,01,B01
200900049341,0,07,000,00,2,2,01,B01
200900049341,0,07,000,00,2,4,09,A01
200900049342,0,07,000,00,2,3,01,B01
200900049342,0,07,000,00,2,1,01,A01
200900049343,0,07,000,00,2,2,01,A01
200900049343,0,02,000,00,2,0,01,B01
200900049344,0,07,000,00,2,5,16,A01
200900049344,0,01,000,00,2,2,01,B01
200900049345,0,07,000,00,1,2,01,A01
200900049346,0,33,000,00,2,7,17,B01
200900049346,0,07,000,00,2,0,01,C01
200900049346,0,07,000,00,2,1,17,A01
200900049347,0,07,000,00,2,3,01,B01
200900049347,0,30,000,00,2,1,01,A01
200900049348,0,07,000,00,1,1,01,A01
200900049349,0,07,000,00,2,5,23,B01
200900049349,0,33,000,03,2,2,01,A01
200900049350,0,07,000,00,1,1,01,A01
200900049351,0,07,000,00,1,1,02,A01
200900049352,0,02,000,00,2,1,17,A01
200900049352,0,33,000,00,2,1,09,B01
200900049353,0,07,000,00,1,5,01,A01
200900049354,0,36,000,00,1,0,00,A01
200900049355,0,02,000,00,2,1,01,A01
200900049355,0,07,000,00,2,3,01,B01
200900049356,0,07,000,00,1,0,01,A01
200900049357,0,07,000,00,2,8,15,A01
200900049357,0,31,000,00,2,1,01,B01
200900049358,0,07,000,00,2,1,02,B01
200900049358,0,07,000,00,2,1,02,C01
200900049358,0,07,000,00,2,4,20,D01
200900049358,0,07,000,01,2,1,01,A01
200900049359,0,10,000,00,1,2,01,A01
200900049360,0,07,000,00,1,3,00,A01
200900049361,0,37,002,00,0,0,02,B01
200900049361,0,07,000,00,0,0,12,A01
200900049362,0,07,000,00,2,3,15,A01
200900049362,0,30,000,00,2,1,01,B01
200900049363,0,07,000,00,2,3,01,B01
200900049363,0,07,000,00,2,1,15,A01
200900049364,0,33,000,10,0,1,21,B01
200900049364,0,07,000,00,0,0,12,A01
200900049365,0,13,000,00,1,1,01,A01
200900049366,0,02,000,00,2,0,01,B01
200900049366,0,10,000,00,0,0,16,A01
200900049367,0,33,000,03,0,4,01,A01
200900049368,0,10,000,00,2,1,15,B01
200900049368,0,30,000,00,2,1,01,A01
200900049369,0,02,000,00,2,1,01,A01
200900049369,0,07,000,00,2,3,15,B01
200900049370,0,07,000,00,2,3,00,A01
200900049370,0,02,000,00,2,1,05,B01
200900049371,0,34,000,00,2,1,01,B01
200900049371,0,07,000,00,2,8,09,A01
200900049372,0,07,000,00,0,5,02,A01
200900049372,0,33,000,00,2,1,02,B02
200900049373,0,07,000,00,1,6,01,A01
200900049374,0,31,000,00,2,2,01,B02
200900049374,0,07,000,00,2,1,17,A01
200900049375,0,01,000,00,0,7,01,A01
200900049375,0,01,000,00,0,7,01,B02
200900049375,0,07,000,00,2,1,19,C03
200900049376,0,30,000,00,2,1,01,A01
200900049376,0,07,000,00,2,1,15,B02
200900049377,0,37,000,00,1,3,01,A01
200900049378,0,33,000,00,2,1,01,B02
200900049378,0,10,000,00,0,5,15,A01
200900049379,0,36,000,00,1,3,10,A01
200900049380,0,07,000,00,2,3,01,B02
200900049380,0,07,000,00,2,3,01,C03
200900049380,0,07,000,00,2,6,19,A01
200900049381,0,30,000,01,0,2,24,A01
200900049381,0,38,000,00,2,6,01,B02
200900049382,0,07,000,00,1,6,01,A01
200900049383,0,07,000,00,1,3,15,A01
200900049384,0,30,000,08,0,1,01,A01
200900049385,0,07,000,00,1,1,01,A01
200900049386,0,07,000,13,0,3,13,A01
200900049387,0,07,000,00,2,1,13,A01
200900049387,0,07,000,00,2,1,01,B02
200900049388,0,07,000,00,2,3,01,B02
200900049388,0,33,000,00,2,1,13,A01
200900049389,0,07,000,00,2,7,01,A01
200900049389,0,30,000,00,2,1,01,B02
200900049390,0,07,000,13,0,3,01,A01
200900049391,0,07,000,00,1,5,01,A01
200900049392,0,07,000,00,9,2,18,A01
200900049392,0,30,000,00,2,1,01,B02
200900049393,0,33,000,01,0,0,01,A01
200900049394,0,33,000,00,1,1,02,A01
200900049395,0,30,000,00,2,1,01,B01
200900049395,0,07,000,00,2,3,15,A01
200900049396,0,30,000,00,1,1,17,A01
200900049397,1,99,000,00,1,0,00,A01
200900049398,1,07,000,00,2,1,01,A01
200900049399,0,07,000,00,2,3,15,B01
200900049399,0,07,000,01,2,1,17,A01
200900049400,0,07,000,00,1,2,01,A01
200900049401,0,07,000,00,2,1,15,A01
200900049401,0,07,000,00,2,1,01,B01
200900049402,0,07,000,00,1,3,01,A01
200900049403,0,33,000,01,2,1,01,B01
200900049403,0,07,000,01,2,7,19,A01
200900049404,0,07,000,00,2,5,04,A01
200900049404,0,01,000,00,2,1,00,B01
200900049405,0,02,000,00,2,1,01,B01
200900049405,0,07,000,01,2,3,17,A01
200900049406,0,07,000,00,2,1,01,A01
200900049406,0,07,000,00,2,6,01,B01
200900049406,0,07,000,00,2,4,01,C01
200900049407,0,07,000,00,2,1,15,A01
200900049407,0,30,000,00,2,8,01,B01
200900049407,0,07,000,00,2,3,23,C01
200900049408,0,01,000,00,2,1,01,A01
200900049408,0,07,000,00,2,5,23,B01
200900049409,0,07,000,00,1,1,01,A01
200900049410,0,30,000,00,0,4,02,B01
200900049410,0,07,000,00,2,1,02,A01
200900049411,0,02,000,00,2,1,01,B01
200900049411,0,07,000,00,2,2,15,A01
200900049412,0,14,000,00,2,0,01,A01
200900049412,0,07,000,00,9,1,01,B01
200900049413,1,07,000,00,2,0,15,A01
200900049413,0,02,000,00,2,1,02,B01
200900049414,0,07,000,00,1,5,01,A01
200900049415,0,33,000,00,0,1,01,A01
200900049416,0,07,000,00,1,3,00,A01
200900049417,0,07,000,00,2,7,01,B01
200900049417,0,07,000,00,2,1,06,A01
200900049418,0,07,000,00,2,4,02,C01
200900049418,0,07,000,00,2,1,02,A01
200900049418,0,07,000,00,2,1,02,B01
200900049419,0,07,000,00,2,1,13,A01
200900049419,0,10,000,00,2,3,01,B01
200900049420,0,07,000,00,1,1,01,A01
200900049421,0,07,000,00,1,1,01,A01
200900049422,0,30,000,00,2,1,01,B01
200900049422,0,07,000,00,2,3,09,A01
200900049423,0,31,000,08,0,1,01,A01
200900049424,0,07,000,00,2,3,23,C01
200900049424,0,07,000,00,2,1,02,B01
200900049424,0,07,000,00,2,2,19,A01
200900049425,0,02,000,06,0,1,14,A01
200900049426,0,01,000,00,2,1,13,C03
200900049426,0,07,000,00,2,8,15,A01
200900049426,0,01,000,00,2,1,13,B02
200900049427,0,07,000,08,0,1,13,A01
200900049428,0,07,000,00,2,2,15,A01
200900049428,0,33,000,00,2,1,01,B02
200900049429,0,07,000,00,2,3,13,A01
200900049429,0,07,000,00,2,3,01,B02
200900049430,0,07,000,00,2,3,01,B02
200900049430,0,07,000,00,2,1,13,A01
200900049431,0,02,000,01,0,1,01,A01
200900049432,0,10,000,14,4,1,01,A01
200900049432,0,39,000,00,2,7,01,B02
200900049433,0,07,000,13,0,9,14,A01
200900049433,0,07,000,00,2,5,21,B02
200900049434,0,03,000,13,0,2,00,A01
200900049435,0,07,000,00,2,0,02,A01
200900049435,0,07,000,00,2,1,02,C03
200900049435,0,07,000,00,2,4,02,B02
200900049436,0,10,000,00,2,1,01,B02
200900049436,0,07,000,00,2,1,13,A01
200900049437,0,07,000,00,1,5,01,A01
200900049438,0,07,000,00,2,1,05,A01
200900049438,0,07,000,00,2,1,01,B02
200900049439,0,02,000,00,0,8,15,B02
200900049439,0,07,000,00,0,1,01,A01
200900049440,0,30,000,14,0,1,01,A01
200900049441,0,33,000,00,6,1,01,A01
200900049442,1,15,000,00,2,5,02,A01
200900049442,0,01,000,00,2,6,02,B02
200900049443,0,01,000,00,2,1,01,B02
200900049443,0,07,000,00,2,3,01,A01
200900049444,0,07,000,06,0,3,01,A01
200900049445,0,07,000,00,2,6,04,A01
200900049445,0,02,000,00,2,1,01,B02
200900049446,0,07,000,00,1,1,01,A01
200900049447,0,02,000,06,0,3,00,A01
200900049448,0,07,000,00,2,1,01,B01
200900049448,0,07,000,00,2,2,15,A01
200900049449,0,07,000,00,2,6,00,A01
200900049449,0,07,000,00,2,1,01,B01
200900049450,0,30,000,00,2,0,01,B01
200900049450,0,07,000,00,2,7,16,A01
200900049451,0,33,000,00,2,1,17,B01
200900049451,0,07,000,00,2,6,20,A01
200900049452,0,07,000,00,2,8,09,A01
200900049452,0,30,000,00,2,1,01,B01
200900049453,0,07,000,00,1,1,01,A01
200900049454,0,07,000,00,1,2,00,A01
200900049455,0,07,000,00,2,1,15,A01
200900049455,0,07,000,00,2,1,01,B01
200900049456,0,07,000,00,2,1,01,B01
200900049456,0,07,000,00,2,8,15,A01
200900049457,0,07,000,00,2,1,15,A01
200900049457,0,07,000,00,2,1,01,B01
200900049458,0,07,000,00,2,5,15,A01
200900049458,0,02,000,00,2,1,01,B01
200900049459,0,07,000,00,1,3,01,A01
200900049460,0,07,000,00,2,1,01,A01
200900049460,0,07,000,00,2,4,01,B01
200900049460,0,07,000,00,2,4,01,D01
200900049460,0,07,000,00,2,4,01,C01
200900049461,0,07,000,00,2,1,15,A01
200900049461,0,37,001,00,2,8,01,C01
200900049461,0,14,000,00,2,8,21,B01
200900049462,0,07,000,00,1,2,00,A01
200900049463,0,33,000,00,2,1,01,A01
200900049463,0,07,000,00,2,4,15,B01
200900049464,0,20,000,00,1,4,04,A01
200900049465,0,07,000,00,2,3,01,B01
200900049465,0,02,000,00,2,1,11,A01
200900049466,0,30,000,00,2,1,17,B01
200900049466,0,07,000,00,2,3,15,A01
200900049467,0,40,000,00,2,3,01,A01
200900049467,0,02,000,00,4,2,01,B01
200900049468,2,07,000,00,2,7,00,B01
200900049468,0,07,000,00,2,1,15,A01
200900049469,0,07,000,00,1,3,01,A01
200900049470,0,07,000,00,1,1,01,A01
200900049471,0,07,000,00,2,1,00,B01
200900049471,0,02,000,00,2,4,00,A01
200900049472,0,07,000,00,0,0,00,A01
200900049473,0,07,000,08,0,9,01,A01
200900049474,0,33,000,00,2,1,01,A01
200900049474,0,07,000,00,0,5,01,B01
200900049475,0,07,000,00,2,1,20,A01
200900049475,0,02,000,00,2,7,01,B01
200900049476,0,07,000,00,2,4,02,C01
200900049476,0,07,000,00,2,4,02,B01
200900049476,0,07,000,00,2,1,01,A01
200900049477,0,07,000,00,2,8,15,A01
200900049477,0,07,000,00,2,1,01,B01
200900049478,0,07,000,00,1,0,15,A01
200900049479,0,07,000,14,1,1,14,A01
200900049480,0,31,000,00,0,9,01,A01
200900049481,0,07,000,00,2,2,01,A01
200900049481,0,02,000,00,2,1,15,B01
200900049482,0,33,000,00,2,1,01,A01
200900049482,0,07,000,00,2,3,01,B01
200900049483,0,07,000,00,0,0,15,C01
200900049483,0,33,000,00,2,1,01,A01
200900049483,0,07,000,00,2,3,01,B01
200900049484,0,07,000,00,2,5,15,A01
200900049484,0,33,000,00,2,1,01,B01
200900049485,2,30,000,00,2,1,01,A01
200900049485,0,07,000,00,2,3,01,B01
200900049486,0,02,000,00,2,0,01,B01
200900049486,0,07,000,14,2,1,01,A01
200900049487,0,07,000,07,2,9,01,B01
200900049487,0,07,000,00,2,1,23,C01
200900049487,0,07,000,00,2,1,01,A01
200900049488,0,07,000,00,2,9,01,B01
200900049488,0,07,000,14,2,1,01,A01
200900049489,0,07,000,00,1,0,01,A01
200900049490,0,07,000,00,2,1,15,A01
200900049490,0,02,000,00,2,8,01,B01
200900049491,0,02,000,00,1,0,01,A01
200900049492,0,15,000,00,2,4,01,B01
200900049492,0,07,000,03,2,1,01,A01
200900049493,0,07,000,00,1,0,01,A01
200900049494,0,32,000,00,2,9,13,A01
200900049494,0,07,000,00,2,1,01,B01
200900049495,0,07,000,00,2,0,00,C01
200900049495,0,07,000,00,2,0,00,B01
200900049495,0,07,000,00,2,0,00,A01
200900049495,0,07,000,00,2,0,00,E01
200900049495,0,07,000,00,2,0,00,D01
200900049496,0,15,000,00,0,0,01,A01
200900049496,0,07,000,00,2,1,01,B01
200900049497,1,07,000,00,2,1,02,A01
200900049497,0,07,000,00,2,4,02,B01
200900049498,0,07,000,03,0,0,14,A01
200900049499,0,07,000,08,0,0,00,A01
200900049500,0,33,000,00,2,0,01,B01
200900049500,0,07,000,04,2,0,00,A01
200900049501,0,07,000,03,0,0,00,A01
200900049501,0,10,000,03,0,0,00,C01
200900049501,0,07,000,03,0,0,00,B01
200900049502,0,33,000,00,2,1,01,B01
200900049502,0,07,000,00,2,4,01,A01
200900049503,0,17,000,00,2,4,24,B01
200900049503,0,10,000,01,0,1,14,A01
200900049504,0,07,000,02,0,0,00,A01
200900049505,0,07,000,00,2,0,00,C01
200900049505,0,07,000,00,2,0,01,B01
200900049505,0,07,000,00,2,0,00,D01
200900049505,0,07,000,00,2,0,00,A01
200900049506,0,07,000,00,2,5,16,A01
200900049506,0,02,000,00,2,3,01,B01
200900049507,0,07,000,00,1,1,01,A01
200900049508,0,07,000,11,0,3,01,A01
200900049509,0,07,000,00,2,3,15,B01
200900049509,0,32,000,00,2,2,01,A01
200900049510,0,07,000,00,2,1,01,A01
200900049510,0,33,000,00,2,1,01,B01
200900049511,0,07,000,00,2,2,15,A01
200900049511,0,07,000,00,2,1,01,B01
200900049512,0,02,000,00,2,0,01,B01
200900049512,1,07,000,00,2,0,00,A01
200900049513,0,01,000,00,2,8,01,B01
200900049513,0,14,000,00,2,5,16,A01
200900049514,0,01,000,00,2,7,01,B01
200900049514,0,07,000,00,2,1,09,A01
200900049515,0,07,000,03,0,1,01,A01
200900049516,0,07,000,00,2,3,01,A01
200900049516,0,01,000,00,2,1,19,B01
200900049517,0,07,000,00,1,1,00,A01
200900049518,0,07,000,03,0,3,01,A01
200900049519,0,07,000,00,1,1,15,A01
200900049520,0,02,000,00,2,1,01,A01
200900049520,0,07,000,00,2,2,15,B01
200900049521,0,37,002,00,2,5,01,B01
200900049521,0,30,000,00,2,8,01,A01
200900049522,0,07,000,04,0,2,01,A01
200900049523,0,07,000,00,2,2,15,B01
200900049523,0,32,000,00,2,1,01,A01
200900049524,0,07,000,00,2,1,15,A01
200900049524,0,01,000,00,2,1,01,B01
200900049525,1,07,000,00,2,0,15,A01
200900049525,0,30,000,00,2,8,01,B01
200900049526,0,10,000,00,2,2,01,A01
200900049526,0,07,000,00,2,3,01,B01
200900049527,0,07,000,00,2,1,01,A01
200900049527,0,01,000,00,2,4,01,B01
200900049528,0,30,000,00,2,1,01,A01
200900049528,0,10,000,00,2,3,15,B01
200900049529,0,07,000,00,2,5,15,A01
200900049529,0,33,000,00,2,1,01,B01
200900049530,0,07,000,00,2,4,23,B01
200900049530,2,07,000,00,2,1,01,A01
200900049531,0,07,000,01,0,9,04,A01
200900049531,0,07,000,00,2,8,24,B01
200900049532,0,07,000,00,2,4,23,C01
200900049532,0,07,000,00,2,9,23,B01
200900049532,0,13,000,00,2,1,01,A01
200900049533,0,07,000,00,2,4,23,C01
200900049533,0,07,000,00,2,1,01,A01
200900049533,0,10,000,00,2,1,23,B01
200900049534,0,33,000,00,0,8,17,A01
200900049535,1,07,000,00,1,0,00,A01
200900049536,0,07,000,00,2,3,09,A01
200900049536,0,30,000,00,2,1,17,B01
200900049537,0,30,000,00,2,2,18,A01
200900049537,0,15,000,00,2,0,01,B01
200900049538,0,07,000,00,2,1,01,A01
200900049538,0,07,000,00,2,1,01,B01
200900049539,0,30,000,00,0,9,01,A01
200900049540,0,07,000,00,1,1,01,B01
200900049541,0,33,000,00,0,8,01,B01
200900049542,0,07,000,00,2,2,01,B01
200900049542,0,07,000,00,2,3,09,A01
200900049543,0,07,000,00,2,4,23,B01
200900049543,0,07,000,00,2,1,01,A01
200900049544,0,07,000,00,2,6,01,B01
200900049544,0,33,000,00,2,1,01,A01
200900049545,0,07,000,00,1,3,15,A01
200900049545,0,01,000,00,2,1,01,B01
200900049546,0,07,000,00,2,1,01,A01
200900049546,0,01,000,00,2,5,19,B01
200900049547,0,10,000,00,2,3,01,B01
200900049547,0,07,000,00,2,1,01,A01
200900049548,1,07,000,00,1,1,01,A01
200900049549,0,07,000,00,2,3,09,A01
200900049549,0,31,000,00,2,2,01,B01
200900049550,0,07,000,00,2,2,15,B01
200900049550,0,30,000,00,2,8,01,A01
200900049551,0,07,000,00,2,4,02,B01
200900049551,0,07,000,00,2,1,02,A01
200900049552,0,01,000,00,2,8,01,B01
200900049552,0,37,000,00,2,5,01,A01
200900049553,0,07,000,00,1,1,16,A01
200900049554,0,10,000,08,0,9,01,A01
200900049555,0,07,000,00,2,2,01,A01
200900049555,0,07,000,00,2,3,01,B01
200900049556,0,10,000,00,2,4,23,B01
200900049556,0,30,000,00,2,1,01,A01
200900049557,0,34,000,00,2,7,17,A01
200900049557,0,07,000,00,2,3,15,B01
200900049558,0,33,000,00,2,1,02,B01
200900049558,0,07,000,00,2,8,01,A01
200900049559,0,07,000,00,2,1,01,A01
200900049559,0,07,000,00,2,4,02,B01
200900049560,0,07,000,01,0,1,01,A01
200900049561,0,07,000,00,2,1,23,B01
200900049561,0,07,000,00,2,1,01,A01
200900049561,0,07,000,00,2,4,23,C01
200900049562,1,07,000,00,1,1,01,A01
200900049563,0,07,000,00,1,3,02,A01
200900049564,0,02,000,00,2,1,02,B01
200900049564,0,07,000,00,2,1,15,A01
200900049565,0,03,000,11,0,1,13,A01
200900049566,0,07,000,00,1,1,15,A01
200900049567,0,30,000,00,2,7,02,B01
200900049567,0,10,000,00,2,3,11,A01
200900049568,0,31,000,00,2,1,02,A01
200900049568,0,07,000,00,0,8,11,B01
200900049569,0,07,000,00,2,1,17,A01
200900049569,0,07,000,00,2,1,01,B01
200900049570,0,07,000,00,1,7,01,A01
200900049571,1,07,000,00,1,1,01,A01
200900049572,0,02,000,00,1,1,01,A01
200900049573,0,33,000,10,0,1,13,A01
200900049574,0,07,000,00,2,1,15,B01
200900049574,0,02,000,01,2,1,17,A01
200900049575,0,07,000,00,2,2,01,B01
200900049575,0,02,000,00,2,1,05,A01
200900049576,0,07,000,00,1,2,01,A01
200900049577,0,10,000,13,0,7,21,B01
200900049577,0,10,000,08,2,4,03,A01
200900049578,0,07,000,00,4,1,01,A01
200900049578,0,40,000,00,2,1,01,B01
200900049579,0,07,000,08,0,1,14,A01
200900049580,0,07,000,03,0,3,01,A01
200900049581,0,07,000,00,2,2,01,A01
200900049581,0,01,000,00,2,1,01,B01
200900049582,0,07,000,00,2,1,15,A01
200900049582,0,30,000,00,2,1,01,B01
200900049583,0,07,000,02,0,3,02,A01
200900049584,0,30,000,00,0,0,01,A01
200900049585,0,07,000,00,2,2,05,A01
200900049585,0,31,000,00,2,1,05,B01
200900049586,0,35,000,02,0,1,01,A01
200900049587,0,07,000,00,2,1,01,A01
200900049587,0,01,000,00,2,1,01,B01
200900049588,0,07,000,00,2,1,01,B01
200900049588,0,31,000,00,2,1,01,A01
200900049589,0,07,000,00,0,4,02,B01
200900049589,0,01,000,00,2,1,02,A01
200900049590,0,33,000,01,2,2,01,B01
200900049590,0,07,000,00,2,1,09,A01
200900049590,0,07,000,00,2,2,24,C01
200900049591,0,07,000,00,0,0,14,A01
200900049592,0,01,000,00,2,1,19,B02
200900049592,0,07,000,00,0,0,01,A01
200900049593,0,07,000,08,0,8,13,A01
200900049594,0,07,000,00,0,0,00,A01
200900049594,0,07,000,00,2,1,01,B02
200900049595,0,01,000,01,0,1,01,B02
200900049595,0,07,000,00,0,8,24,A01
200900049596,0,07,000,13,9,1,01,A01
200900049597,0,07,000,08,0,1,00,A01
200900049598,0,07,000,00,1,2,01,A01
200900049599,0,07,000,00,2,1,15,A01
200900049599,0,30,000,00,2,1,01,B02
200900049600,0,30,000,00,0,0,19,A01
200900049601,0,01,000,00,2,4,01,B02
200900049601,0,07,000,00,2,8,01,A01
200900049602,0,02,000,00,2,1,01,A01
200900049603,0,33,000,00,0,4,01,B02
200900049603,0,07,000,00,2,2,02,A01
200900049604,0,07,000,00,1,1,01,A01
200900049605,0,07,000,00,2,2,19,A01
200900049605,0,37,003,00,2,1,01,B01
200900049606,0,03,000,00,1,1,01,A01
200900049607,0,07,000,00,2,3,10,A01
200900049607,0,33,000,00,2,1,01,B01
200900049608,0,10,000,00,9,3,17,A01
200900049608,0,30,000,00,2,1,17,B01
200900049609,0,07,000,00,0,3,00,B01
200900049609,0,30,000,00,2,1,01,A01
200900049610,0,07,000,00,2,5,15,A01
200900049610,0,30,000,00,2,1,01,B01
200900049611,0,07,000,00,2,1,00,A01
200900049611,0,07,000,01,1,2,01,B01
200900049612,0,07,000,00,1,7,01,A01
200900049613,0,07,000,00,2,8,16,A01
200900049613,0,30,000,00,2,1,01,B01
200900049614,0,30,000,00,0,7,01,A01
200900049615,0,07,000,00,1,0,00,A01
200900049616,0,38,015,00,1,1,02,A01
200900049617,0,07,000,00,2,3,10,A01
200900049617,0,31,000,00,2,1,01,B01
200900049618,0,30,000,00,0,0,01,A01
200900049619,0,07,000,00,2,1,02,A01
200900049619,0,30,000,00,0,1,02,B01
200900049620,0,10,000,00,2,1,02,C01
200900049620,0,07,000,00,2,1,02,A01
200900049620,0,07,000,00,0,4,15,B01
200900049621,1,07,000,00,1,8,01,A01
200900049622,0,07,000,00,1,7,06,A01
200900049623,0,07,000,00,2,2,20,A01
200900049623,0,33,000,00,2,1,01,B01
200900049624,0,07,000,00,1,1,01,A01
200900049625,0,07,000,00,2,1,01,A01
200900049625,0,10,000,00,2,8,16,B01
200900049626,0,07,000,06,0,7,01,A01
200900049627,0,02,000,00,2,1,01,A01
200900049627,0,07,000,00,2,3,15,B01
200900049628,0,07,000,00,2,1,05,A01
200900049628,0,07,000,00,2,1,01,B01
200900049629,1,07,000,00,1,0,00,A01
200900049630,0,07,000,00,2,7,15,A01
200900049630,0,33,000,00,2,1,01,B01
200900049631,0,10,000,00,1,2,01,A01
200900049632,0,07,000,00,2,1,09,A01
200900049632,0,33,000,00,2,7,01,B01
200900049633,0,07,000,00,0,0,00,A01
200900049634,0,07,000,00,2,1,01,A01
200900049634,0,07,000,00,2,4,23,B01
200900049635,0,07,000,00,2,3,13,A01
200900049635,0,07,000,00,2,3,01,B01
200900049636,0,10,000,00,2,3,16,A01
200900049636,0,30,000,00,2,6,01,B01
200900049637,0,07,000,00,1,3,01,A01
200900049638,0,31,000,16,0,0,01,A01
200900049639,0,07,000,00,1,3,17,A01
200900049640,0,07,000,00,2,1,01,B01
200900049640,0,01,000,00,2,1,05,A01
200900049641,0,32,000,00,2,1,01,B01
200900049641,0,07,000,00,2,3,17,A01
200900049642,0,07,000,00,1,0,15,A01
200900049643,0,07,000,00,2,2,01,B01
200900049643,0,07,000,00,2,2,15,A01
200900049644,0,30,000,00,2,1,01,B01
200900049644,0,07,000,00,2,2,16,A01
200900049645,0,07,000,00,2,0,11,B01
200900049645,0,33,000,00,2,0,01,A01
200900049646,0,07,000,02,0,0,00,A01
200900049647,0,07,000,03,2,0,00,A01
200900049647,0,07,000,00,2,0,01,B01
200900049648,0,07,000,00,2,1,05,A01
200900049648,0,07,000,00,2,1,02,B01
200900049649,0,07,000,02,0,8,14,A01
200900049650,0,07,000,03,0,0,14,A01
200900049651,0,07,000,03,0,1,01,A01
200900049652,1,07,000,00,2,1,02,A01
200900049652,0,07,000,00,2,4,02,B01
200900049653,0,07,000,04,0,0,00,A01
200900049654,0,10,000,00,2,0,00,A01
200900049654,0,33,000,00,2,0,00,B01
200900049655,1,07,000,00,0,0,11,A01
200900049655,0,33,000,00,0,0,03,B01
200900049656,0,31,000,00,2,1,01,B01
200900049656,0,07,000,00,2,4,11,A01
200900049657,0,07,000,00,2,8,11,B01
200900049657,0,33,000,00,2,7,03,A01
200900049658,0,07,000,03,0,1,00,A01
200900049659,0,07,000,00,2,0,00,C01
200900049659,0,07,000,00,2,0,00,A01
200900049659,0,07,000,00,2,0,00,B01
200900049660,0,33,000,00,2,9,15,A01
200900049660,0,07,000,00,2,3,15,B01
200900049661,0,07,000,00,2,1,01,A01
200900049661,0,07,000,00,2,2,01,B01
200900049662,0,07,000,00,2,3,01,B01
200900049662,0,07,000,00,2,8,10,A01
200900049663,0,02,000,00,1,0,01,A01
200900049664,0,31,000,00,2,8,17,A01
200900049664,0,07,000,00,2,3,15,B01
200900049665,0,07,000,00,2,7,01,B01
200900049665,0,07,000,00,2,1,01,A01
200900049666,0,07,000,00,1,1,01,A01
200900049667,0,07,000,00,1,0,01,A01
200900049668,0,07,000,00,5,1,02,A01
200900049669,0,07,000,07,2,1,01,A01
200900049669,0,07,000,07,2,2,01,B01
200900049670,0,07,000,00,2,5,14,A01
200900049670,0,32,000,00,2,0,01,B01
200900049671,0,32,000,00,0,9,01,A01
200900049672,0,07,000,00,2,0,15,A01
200900049672,0,32,000,00,2,3,01,B01
200900049673,0,02,000,00,2,1,01,A01
200900049673,0,07,000,00,2,4,01,B01
200900049674,0,01,000,00,2,1,15,B01
200900049674,0,07,000,00,2,1,15,A01
200900049675,0,33,000,00,2,8,15,A01
200900049675,0,32,000,00,2,1,01,B01
200900049676,0,40,000,00,2,0,01,B01
200900049676,0,07,000,00,2,1,01,A01
200900049677,0,07,000,00,1,0,01,A01
200900049678,0,30,000,00,2,1,01,B01
200900049678,0,07,000,00,2,7,15,A01
200900049679,0,07,000,00,1,1,17,A01
200900049680,0,07,000,00,1,8,01,A01
200900049681,0,07,000,03,0,1,01,A01
200900049682,0,07,000,00,1,2,16,A01
200900049683,0,07,000,00,2,1,01,B01
200900049683,0,07,000,00,2,1,15,A01
200900049684,0,02,000,00,0,0,02,A01
200900049685,0,07,000,14,2,8,16,A01
200900049685,0,30,000,00,2,1,01,B01
200900049686,0,07,000,00,2,5,15,A01
200900049686,0,31,000,00,2,1,02,B01
200900049687,0,07,000,11,0,1,02,A01
200900049688,0,07,000,00,1,3,01,A01
200900049688,0,07,000,00,2,1,01,B01
200900049689,0,07,000,00,0,4,23,A01
200900049689,0,07,000,00,2,1,02,B01
200900049690,1,07,000,00,1,0,00,A01
200900049690,0,01,000,00,2,1,15,B01
200900049691,0,07,000,00,2,3,15,A01
200900049691,0,31,000,00,2,1,01,B01
200900049692,0,07,000,00,2,1,09,A01
200900049692,0,07,000,00,2,5,01,B01
200900049693,0,07,000,00,2,1,01,A01
200900049693,0,07,000,00,2,4,23,C01
200900049693,0,07,000,00,2,9,23,B01
200900049694,0,07,000,00,1,0,04,A01
200900049695,0,37,001,00,1,1,15,A01