Num_Acc,senc,catv,occutc,obs,obsm,choc,manv,num_veh
200900049696,0,07,000,01,2,1,01,B01
200900049696,0,07,000,14,2,1,01,A01
200900049697,0,01,000,00,2,1,19,A01
200900049697,0,07,000,00,2,3,01,B01
200900049698,0,07,000,00,2,8,01,B01
200900049698,0,07,000,00,2,1,01,A01
200900049699,0,07,000,00,2,3,01,C01
200900049699,0,02,000,00,2,1,01,A01
200900049699,0,07,000,00,2,2,15,B01
200900049700,0,07,000,00,1,1,01,A01
200900049701,0,02,000,00,2,8,17,B01
200900049701,1,07,000,00,2,4,15,A01
200900049702,0,01,000,00,2,4,01,B01
200900049702,1,07,000,00,2,1,01,A01
200900049703,1,07,000,00,1,0,16,A01
200900049704,0,07,000,06,0,1,15,A01
200900049705,0,07,000,08,0,1,01,A01
200900049706,0,01,000,00,2,0,05,D01
200900049706,0,10,000,00,2,3,15,A01
200900049706,0,10,000,01,2,2,14,B01
200900049707,0,07,000,00,1,1,01,A01
200900049708,0,07,000,00,2,7,01,B01
200900049708,2,07,000,07,2,1,01,A01
200900049709,0,07,000,00,1,0,01,A01
200900049710,0,07,000,00,2,1,01,A01
200900049710,0,02,000,00,2,1,01,B01
200900049711,0,31,000,14,2,1,15,A01
200900049711,0,32,000,00,2,1,01,B01
200900049712,0,37,000,00,1,0,01,A01
200900049713,0,07,000,07,2,4,23,B01
200900049713,0,07,000,00,2,1,02,A01
200900049714,0,31,000,00,2,0,05,A01
200900049714,0,01,000,00,2,1,01,B01
200900049715,0,33,000,00,0,1,11,B01
200900049715,0,07,000,00,0,7,23,A01
200900049716,0,07,000,00,2,1,15,A01
200900049716,0,02,000,00,2,1,01,B01
200900049717,0,07,000,00,2,2,01,B01
200900049717,0,07,000,00,2,3,01,A01
200900049718,0,01,000,00,2,8,01,B01
200900049718,0,07,000,00,2,1,15,A01
200900049719,0,07,000,00,1,1,01,A01
200900049720,0,07,000,00,2,4,23,B01
200900049720,0,07,000,00,2,1,01,A01
200900049720,0,07,000,00,2,4,23,C01
200900049721,0,07,000,00,1,1,01,A01
200900049722,0,07,000,00,1,1,01,A01
200900049723,0,07,000,00,2,3,09,B01
200900049723,0,02,000,00,2,1,13,A01
200900049724,0,14,000,00,2,4,04,A01
200900049724,0,07,000,00,2,1,01,B01
200900049725,0,07,000,00,2,3,01,A01
200900049725,0,01,000,00,2,5,01,B01
200900049726,0,07,000,00,1,1,01,A01
200900049727,0,07,000,08,0,1,01,A01
200900049728,0,07,000,10,0,1,02,A01
200900049729,0,07,000,00,1,3,01,A01
200900049730,0,07,000,12,0,8,00,A01
200900049731,0,07,000,03,0,9,01,A01
200900049732,0,07,000,00,1,3,01,A01
200900049733,0,99,000,00,2,1,01,A01
200900049733,0,07,000,00,2,8,15,B01
200900049734,0,30,000,00,1,1,01,A01
200900049735,0,07,000,00,2,2,12,A01
200900049735,0,02,000,00,2,0,01,B01
200900049736,0,07,000,00,1,1,01,A01
200900049737,0,07,000,00,2,3,09,A01
200900049737,0,07,000,00,2,3,21,B01
200900049738,0,02,000,00,0,3,01,B01
200900049738,0,07,000,00,0,1,15,A01
200900049739,0,02,000,00,0,0,00,A01
200900049740,0,07,000,00,1,8,01,A01
200900049741,0,07,000,00,1,1,01,A01
200900049742,0,07,000,00,2,1,15,B01
200900049742,0,33,000,00,2,2,17,A01
200900049743,2,07,000,00,2,4,23,A01
200900049743,0,07,000,00,2,1,01,B01
200900049744,0,07,000,00,2,5,15,A01
200900049744,0,30,000,00,2,1,01,B01
200900049745,0,07,000,00,1,1,00,A01
200900049746,0,31,000,00,2,4,23,B01
200900049746,0,07,000,00,2,1,01,A01
200900049747,0,33,000,00,2,7,01,B01
200900049747,0,07,000,00,2,8,00,A01
200900049748,0,03,000,06,0,1,01,A01
200900049749,0,07,000,00,1,7,01,A01
200900049750,0,07,000,00,2,1,02,A01
200900049750,0,07,000,00,0,4,01,B01
200900049751,0,02,000,00,2,1,07,A01
200900049751,0,07,000,00,2,3,13,B01
200900049752,0,07,000,00,1,1,01,A01
200900049753,0,10,000,00,2,1,02,B01
200900049753,0,07,000,00,0,0,02,C01
200900049753,0,10,000,00,2,1,02,A01
200900049754,0,07,000,00,1,1,01,A01
200900049755,0,07,000,00,2,1,11,A01
200900049755,0,01,000,00,2,4,11,B01
200900049756,0,07,000,00,2,3,01,B01
200900049756,0,07,000,00,2,1,00,A01
200900049757,0,02,000,00,2,2,02,A01
200900049757,0,07,000,00,2,0,02,B01
200900049758,0,07,000,03,0,1,01,A01
200900049759,0,07,000,04,0,4,01,A01
200900049760,0,07,000,00,2,1,01,A01
200900049760,0,07,000,00,2,1,01,B01
200900049761,0,07,000,00,1,1,01,A01
200900049762,0,07,000,00,1,1,01,A01
200900049763,0,07,000,00,1,3,01,A01
200900049764,0,07,000,00,1,1,01,A01
200900049765,0,07,000,00,1,2,01,A01
200900049766,0,33,000,11,0,1,01,A01
200900049767,0,07,000,00,1,2,01,A01
200900049768,0,07,000,04,0,3,01,A01
200900049769,0,07,000,01,0,1,01,A01
200900049770,0,01,000,00,2,1,02,A01
200900049771,0,07,000,00,2,3,13,A01
200900049771,0,07,000,00,2,3,01,B01
200900049772,0,07,000,00,2,3,01,B01
200900049772,0,07,000,00,2,1,13,A01
200900049773,0,07,000,03,2,9,01,A01
200900049773,0,07,000,00,2,2,01,B01
200900049774,0,32,000,00,1,1,01,A01
200900049775,0,07,000,00,2,1,01,B01
200900049775,0,07,000,00,2,1,11,A01
200900049776,0,32,000,01,0,1,01,A01
200900049777,0,07,000,00,2,3,02,B01
200900049777,0,07,000,00,2,1,02,A01
200900049778,0,07,000,00,1,2,02,A01
200900049779,0,07,000,02,0,8,01,A01
200900049780,0,07,000,00,1,2,01,A01
200900049781,0,07,000,00,2,3,01,C03
200900049781,0,07,000,00,2,7,13,A01
200900049781,0,07,000,00,2,6,01,B02
200900049782,0,07,000,00,1,1,01,A01
200900049783,0,33,000,12,0,0,01,A01
200900049784,0,31,000,00,5,8,01,A01
200900049785,0,07,000,00,2,6,13,A01
200900049785,0,07,000,00,2,1,01,B02
200900049786,0,07,000,02,0,7,01,A01
200900049787,0,07,000,00,2,1,01,B02
200900049787,0,14,000,00,0,1,01,A01
200900049788,0,10,000,13,0,3,01,A01
200900049789,0,33,000,13,0,2,01,A01
200900049790,0,07,000,11,1,1,13,A01
200900049791,0,07,000,07,0,9,01,A01
200900049792,0,07,000,00,2,2,01,A01
200900049792,0,07,000,00,2,1,01,B01
200900049793,0,07,000,00,2,3,01,B01
200900049793,0,07,000,00,2,3,01,C01
200900049793,0,07,000,00,2,1,01,A01
200900049794,0,07,000,00,0,7,01,A01
200900049795,0,01,000,00,2,0,01,B01
200900049795,0,07,000,00,2,3,01,A01
200900049796,0,07,000,00,1,1,01,A01
200900049797,0,07,000,00,1,1,01,A01
200900049798,0,17,000,00,1,1,01,A01
200900049799,0,07,000,09,0,1,01,A01
200900049800,0,07,000,03,0,1,01,A01
200900049801,0,07,000,00,1,0,15,A01
200900049802,0,30,000,00,2,1,01,B01
200900049802,1,07,000,00,2,5,15,A01
200900049803,0,07,000,00,1,1,01,A01
200900049804,0,10,000,00,1,1,01,A01
200900049805,0,07,000,00,1,0,20,A01
200900049806,0,07,000,00,1,1,01,A01
200900049807,0,33,000,16,0,0,00,A01
200900049808,0,01,000,01,0,1,01,B01
200900049808,0,07,000,00,2,3,24,A01
200900049809,0,07,000,00,2,2,01,B01
200900049809,0,01,000,00,2,1,01,A01
200900049810,0,07,000,00,2,3,15,B01
200900049810,0,31,000,00,2,1,17,A01
200900049811,0,07,000,00,1,0,01,A01
200900049812,0,07,000,00,2,3,10,A01
200900049812,0,30,000,00,2,1,01,B01
200900049813,0,07,000,00,1,2,01,A01
200900049814,0,07,000,00,2,4,01,C01
200900049814,0,07,000,00,2,4,01,B01
200900049814,0,07,000,00,2,1,01,A01
200900049815,0,07,000,00,2,3,09,A01
200900049815,0,07,000,00,2,1,01,B01
200900049816,0,07,000,00,2,3,01,B01
200900049816,0,07,000,00,2,3,13,A01
200900049817,0,07,000,00,2,3,24,A01
200900049817,0,01,000,01,2,1,01,B01
200900049817,0,07,000,00,2,2,01,C01
200900049818,0,07,000,00,1,1,01,A01
200900049819,0,07,000,00,1,3,01,A01
200900049820,0,07,000,01,0,9,01,A01
200900049821,0,07,000,00,2,1,01,B01
200900049821,0,07,000,00,2,1,15,A01
200900049822,0,07,000,00,1,0,01,A01
200900049823,0,07,000,00,2,1,01,B01
200900049823,0,07,000,07,2,8,16,A01
200900049824,0,07,000,00,1,8,02,A01
200900049825,0,07,000,00,1,7,01,A01
200900049826,0,07,000,08,0,3,01,A01
200900049827,0,07,000,00,2,5,02,B01
200900049827,0,02,000,00,2,1,02,A01
200900049828,0,07,000,00,2,1,01,B01
200900049828,0,07,000,00,2,7,01,A01
200900049829,0,07,000,00,2,4,11,A01
200900049829,0,07,000,00,2,2,11,B01
200900049830,0,07,000,03,0,2,01,A01
200900049831,0,10,000,00,1,1,01,A01
200900049832,0,07,000,00,1,1,16,A01
200900049833,0,07,000,00,2,1,01,B01
200900049833,0,07,000,14,2,8,01,A01
200900049834,0,07,000,00,2,4,01,B01
200900049834,0,07,000,00,2,1,00,A01
200900049835,0,07,000,00,2,1,01,B01
200900049835,0,07,000,00,2,1,01,A01
200900049836,0,10,000,00,2,1,01,A01
200900049836,0,07,000,00,2,2,01,B01
200900049837,0,07,000,08,0,2,01,A01
200900049838,0,07,000,00,2,3,01,A01
200900049838,0,02,000,00,2,1,01,B01
200900049839,0,07,000,00,2,3,01,C01
200900049839,0,37,004,00,2,1,01,A01
200900049839,0,07,000,00,2,4,15,B01
200900049840,0,07,000,00,2,2,17,A01
200900049840,0,07,000,00,2,8,15,B01
200900049841,0,07,000,00,1,3,15,A01
200900049842,0,07,000,00,2,6,00,B01
200900049842,0,10,000,00,2,1,00,A01
200900049843,0,37,000,00,1,3,01,A01
200900049844,1,07,000,00,1,2,01,A01
200900049845,0,07,000,00,2,1,01,B01
200900049845,0,07,000,00,2,3,15,A01
200900049846,0,31,000,01,0,1,01,A01
200900049847,0,07,000,00,1,1,01,A01
200900049848,0,07,000,00,1,1,01,A01
200900049849,0,01,000,00,2,3,19,A01
200900049849,0,07,000,00,2,1,01,B01
200900049850,0,02,000,00,2,3,02,B02
200900049850,0,17,000,00,2,7,17,A01
200900049851,0,07,000,03,2,1,13,A01
200900049851,0,07,000,00,2,1,01,B02
200900049852,0,07,000,03,0,1,01,A01
200900049853,0,07,000,00,2,1,01,B02
200900049853,0,17,000,00,2,8,02,C03
200900049853,0,07,000,00,2,1,17,A01
200900049854,0,07,000,00,2,2,15,A01
200900049854,0,30,000,00,2,1,01,B01
200900049855,0,07,000,13,0,9,01,A01
200900049856,0,07,000,00,2,3,01,A01
200900049856,0,07,000,00,2,3,19,B02
200900049857,0,07,000,00,2,3,00,A01
200900049857,0,07,000,00,2,3,00,B02
200900049858,0,07,000,00,1,2,01,A01
200900049859,0,07,000,13,0,1,01,A01
200900049860,0,07,000,00,1,1,01,A01
200900049861,0,07,000,00,2,3,17,A01
200900049861,0,07,000,00,2,3,01,B02
200900049862,0,33,000,00,2,1,05,A01
200900049862,0,02,000,00,2,1,05,B01
200900049863,0,02,000,00,2,6,01,A01
200900049863,0,07,000,00,2,1,01,B01
200900049864,0,30,000,00,2,1,21,A01
200900049864,0,07,000,00,0,7,15,B01
200900049865,0,07,000,06,0,1,13,A01
200900049866,0,07,000,13,0,1,13,A01
200900049867,0,07,000,10,0,7,01,A01
200900049868,0,10,000,06,0,1,01,A01
200900049869,0,07,000,03,2,1,01,A01
200900049869,0,07,000,03,0,7,13,B02
200900049870,0,10,000,00,2,3,00,A01
200900049870,0,07,000,00,2,3,00,B02
200900049871,0,13,000,00,9,8,15,B02
200900049871,0,01,000,00,2,1,13,A01
200900049872,0,07,000,00,2,2,19,A01
200900049872,0,07,000,00,2,2,01,B02
200900049873,0,07,000,02,0,4,01,A01
200900049874,0,07,000,00,0,3,01,B02
200900049874,0,07,000,00,0,3,05,A01
200900049875,0,07,000,00,0,9,01,A01
200900049876,0,07,000,00,1,0,01,A01
200900049877,0,07,000,00,1,2,01,A01
200900049878,0,10,000,00,2,2,14,A01
200900049878,0,32,000,00,2,1,01,B01
200900049879,0,07,000,00,2,4,02,A01
200900049879,0,30,000,00,2,1,02,B01
200900049880,0,37,001,00,2,6,01,C01
200900049880,0,02,000,00,2,1,01,B01
200900049880,0,07,000,00,2,3,09,A01
200900049881,0,07,000,00,2,3,15,A01
200900049881,0,07,000,00,2,1,01,B01
200900049882,0,07,000,15,0,1,01,A01
200900049883,0,01,000,00,5,1,21,A01
200900049884,0,07,000,00,1,1,01,A01
200900049885,0,07,000,00,0,1,15,A01
200900049885,0,07,000,00,0,1,01,B01
200900049886,0,07,000,00,1,1,01,A01
200900049887,0,07,000,00,2,2,15,A01
200900049887,0,10,000,00,2,2,01,B01
200900049888,0,02,000,00,2,1,17,B01
200900049888,0,07,000,00,2,6,15,A01
200900049889,0,33,000,00,0,5,01,A01
200900049889,0,07,000,00,2,3,09,B01
200900049890,0,07,000,00,2,3,09,A01
200900049890,0,30,000,00,2,2,01,B01
200900049891,0,33,000,00,2,7,01,A01
200900049891,1,07,000,00,0,0,15,B01
200900049892,0,07,000,00,2,2,01,B01
200900049892,0,07,000,00,2,1,19,A01
200900049893,0,17,000,00,0,0,01,A01
200900049894,0,07,000,00,0,1,01,B01
200900049894,0,10,000,13,0,2,14,A01
200900049895,0,07,000,00,2,3,01,B01
200900049895,0,07,000,00,2,8,15,A01
200900049896,0,02,000,00,0,1,00,B01
200900049896,0,02,000,00,0,1,00,A01
200900049897,0,07,000,13,0,1,01,A01
200900049898,0,33,000,04,0,3,01,A01
200900049899,0,33,000,00,2,1,01,B01
200900049899,0,07,000,00,2,3,15,A01
200900049900,0,07,000,00,0,4,23,A01
200900049900,0,07,000,00,0,3,02,B01
200900049901,0,07,000,13,0,1,17,A01
200900049902,0,33,000,15,0,2,01,A01
200900049903,0,07,000,08,0,1,01,A01
200900049904,0,07,000,00,2,8,01,A01
200900049904,0,02,000,00,2,7,17,B01
200900049905,0,07,000,06,0,1,16,A01
200900049906,0,02,000,00,2,1,01,A01
200900049906,0,10,000,00,0,4,01,B01
200900049907,0,02,000,00,2,1,01,B01
200900049907,0,07,000,00,2,2,15,A01
200900049908,0,07,000,00,1,3,15,A01
200900049909,0,07,000,00,2,1,15,A01
200900049909,0,33,000,00,2,1,17,B01
200900049910,0,07,000,00,2,4,01,C01
200900049910,0,07,000,00,2,1,01,A01
200900049910,0,07,000,00,2,4,01,B01
200900049911,0,07,000,00,2,6,01,B01
200900049911,0,07,000,00,2,1,08,A01
200900049912,0,07,000,00,2,1,01,B01
200900049912,0,07,000,00,2,5,01,A01
200900049913,1,07,000,00,2,0,15,A01
200900049913,0,30,000,00,2,2,01,B01
200900049914,0,33,000,00,2,1,01,B01
200900049914,0,13,000,00,2,3,10,A01
200900049915,0,07,000,00,1,1,01,A01
200900049916,0,07,000,00,2,3,09,A01
200900049916,0,31,000,00,2,1,01,B01
200900049917,0,07,000,00,2,2,00,B01
200900049917,0,30,000,00,2,2,00,A01
200900049918,0,01,000,00,2,1,19,A01
200900049918,0,07,000,00,2,7,01,B01
200900049919,0,33,000,00,2,3,01,B01
200900049919,0,07,000,00,2,1,01,A01
200900049920,0,07,000,00,2,2,16,B01
200900049920,0,33,000,00,2,3,01,A01
200900049921,0,07,000,00,1,4,04,A01
200900049922,0,07,000,00,1,1,15,A01
200900049923,0,33,000,03,2,6,00,A01
200900049923,0,14,000,00,2,1,00,B01
200900049924,0,07,000,04,2,6,01,B01
200900049924,0,07,000,00,2,1,01,A01
200900049925,0,07,000,00,2,3,15,A01
200900049925,0,33,000,00,2,7,01,B01
200900049926,2,07,000,00,2,3,13,A01
200900049926,0,33,000,00,2,3,01,B01
200900049927,0,33,000,00,2,7,02,A01
200900049927,0,10,000,00,2,4,01,B01
200900049928,0,07,000,00,2,8,01,B01
200900049928,0,33,000,00,2,2,01,A01
200900049929,0,07,000,00,1,2,01,A01
200900049930,0,01,000,00,2,7,15,B01
200900049930,0,07,000,00,2,1,06,A01
200900049931,0,07,000,00,2,3,00,B01
200900049931,0,30,000,00,2,1,00,A01
200900049932,0,07,000,00,2,6,12,E01
200900049932,0,07,000,00,2,9,12,B01
200900049932,0,07,000,03,2,9,01,A01
200900049932,0,07,000,00,2,2,12,C01
200900049932,1,07,000,00,2,0,11,F02
200900049932,0,07,000,00,2,2,01,D01
200900049933,0,10,000,00,2,1,02,A01
200900049933,0,07,000,00,2,4,02,B01
200900049934,0,33,000,00,2,2,00,A01
200900049934,0,07,000,00,2,8,00,B01
200900049935,0,07,000,00,2,8,15,A01
200900049935,0,33,000,00,2,1,01,B01
200900049936,0,10,000,00,1,4,04,B01
200900049937,0,07,000,00,2,7,15,A01
200900049937,0,33,000,00,2,1,01,B01
200900049938,0,07,000,00,2,1,01,A01
200900049938,0,07,000,00,2,1,15,B01
200900049939,0,07,000,00,2,1,01,B01
200900049939,0,33,000,00,2,8,01,A01
200900049940,0,10,000,14,0,7,01,B01
200900049940,0,07,000,04,0,9,00,A01
200900049941,0,07,000,00,1,4,04,A01
200900049942,0,07,000,13,0,9,00,A01
200900049943,0,31,000,00,2,7,17,B01
200900049943,0,07,000,00,2,1,15,A01
200900049944,0,07,000,00,2,6,09,A01
200900049944,0,33,000,00,2,1,01,B01
200900049945,1,07,000,00,1,1,01,A01
200900049946,0,07,000,00,1,0,00,A01
200900049947,0,07,000,00,2,4,02,B01
200900049947,0,07,000,00,2,4,02,C01
200900049947,0,13,000,00,2,2,02,A01
200900049948,0,07,000,00,2,3,00,A01
200900049948,0,02,000,00,2,1,00,B01
200900049949,0,07,000,00,2,8,15,A01
200900049949,0,32,000,00,2,1,01,B01
200900049950,0,07,000,00,2,3,10,A01
200900049950,0,07,000,00,2,2,01,B01
200900049951,0,07,000,06,0,3,00,A01
200900049952,0,31,000,00,2,1,01,A01
200900049952,0,07,000,00,2,8,15,B01
200900049953,0,07,000,04,0,1,01,A01
200900049954,0,30,000,00,2,1,18,A01
200900049954,0,07,000,00,2,7,16,B01
200900049955,0,07,000,00,2,3,13,A01
200900049955,0,07,000,00,2,2,01,B01
200900049956,0,07,000,00,2,1,00,A01
200900049956,0,02,000,00,2,1,00,B01
200900049957,0,07,000,02,0,0,00,A01
200900049958,0,33,000,00,2,1,01,B01
200900049958,0,07,000,00,2,1,15,A01
200900049959,0,07,000,00,2,1,01,A01
200900049959,0,07,000,06,2,2,01,B01
200900049960,0,07,000,00,2,6,15,A01
200900049960,0,07,000,00,2,3,01,B01
200900049961,0,07,000,00,2,2,00,A01
200900049961,0,30,000,00,2,1,01,B01
200900049962,0,10,000,00,1,1,00,A01
200900049963,0,07,000,00,2,8,15,B01
200900049963,0,31,000,00,2,1,17,A01
200900049964,0,10,000,02,0,7,01,A01
200900049965,0,07,000,00,2,1,12,A01
200900049965,0,07,000,00,2,6,23,B01
200900049965,0,07,000,00,2,4,23,C01
200900049966,1,13,000,00,1,0,00,A01
200900049967,0,07,000,00,2,2,16,A01
200900049967,0,33,000,00,2,1,18,B01
200900049968,0,30,000,00,2,1,08,A01
200900049968,0,07,000,00,2,3,00,B01
200900049969,0,07,000,00,1,1,15,A01
200900049970,1,07,000,00,2,0,13,A01
200900049970,0,07,000,00,2,1,02,C01
200900049970,0,07,000,00,2,8,01,B01
200900049971,0,07,000,00,2,2,01,B01
200900049971,0,07,000,00,2,3,16,A01
200900049972,0,07,000,00,2,1,01,A01
200900049972,0,33,000,00,0,4,15,B01
200900049973,0,07,000,00,2,1,02,A01
200900049973,0,07,000,00,2,6,23,D01
200900049973,0,31,000,00,2,1,01,E01
200900049973,0,07,000,00,2,4,23,C01
200900049973,0,07,000,00,2,4,02,B01
200900049974,0,07,000,00,1,8,00,A01
200900049975,0,07,000,00,2,1,06,A01
200900049975,0,07,000,00,2,1,01,B02
200900049976,0,07,000,00,1,7,01,A01
200900049977,0,07,000,00,0,0,00,A01
200900049977,0,07,000,00,0,0,00,B02
200900049978,0,07,000,00,2,1,01,B02
200900049978,0,07,000,00,2,2,05,A01
200900049979,0,07,000,01,0,8,01,B02
200900049979,0,07,000,00,2,6,24,A01
200900049980,0,07,000,00,2,2,01,A01
200900049980,0,07,000,00,0,6,01,B01
200900049981,0,02,000,00,2,8,01,B01
200900049981,0,07,000,00,2,8,16,A01
200900049982,0,07,000,00,2,1,02,A01
200900049982,0,07,000,00,0,4,01,B01
200900049983,0,07,000,00,1,1,16,A01
200900049984,0,17,000,00,2,1,16,A01
200900049984,0,01,000,00,2,6,01,B01
200900049985,0,07,000,00,2,3,15,A01
200900049985,0,02,000,00,2,1,02,B01
200900049986,0,07,000,00,2,8,02,A01
200900049986,0,07,000,00,2,0,15,B01
200900049987,0,14,000,06,0,1,02,A01
200900049988,0,07,000,00,2,4,02,B01
200900049988,0,07,000,00,2,1,02,A01
200900049989,0,07,000,00,2,0,02,B01
200900049989,0,33,000,00,2,0,02,A01
200900049990,0,07,000,00,2,3,01,B01
200900049990,0,10,000,00,2,1,15,A01
200900049991,0,30,000,00,0,7,01,B01
200900049991,0,10,000,00,0,0,15,A01
200900049992,0,07,000,00,0,7,01,B01
200900049992,0,07,000,00,2,1,16,A01
200900049993,0,07,000,00,2,7,15,A01
200900049993,0,33,000,00,2,1,01,B01
200900049994,0,40,000,00,2,1,01,B01
200900049994,0,07,000,00,4,1,09,A01
200900049995,0,02,000,00,1,1,02,A01
200900049996,0,07,000,00,0,3,23,C01
200900049996,0,07,000,00,2,1,01,B01
200900049996,0,07,000,00,2,1,15,A01
200900049997,0,07,000,00,2,8,02,A01
200900049997,0,07,000,00,2,1,02,B01
200900049998,0,07,000,00,2,1,15,A01
200900049998,0,31,000,00,0,8,01,B01
200900049999,0,40,000,00,0,0,02,B01
200900049999,0,01,000,00,2,0,02,A01
200900050000,0,07,000,00,2,7,15,A01
200900050000,0,07,000,00,2,1,02,B01
200900050001,0,02,000,00,2,7,15,B01
200900050001,0,07,000,00,2,1,01,A01
200900050002,0,30,000,00,2,3,01,A01
200900050002,0,07,000,00,2,3,15,B01
200900050003,2,07,000,00,1,1,16,A01
200900050004,0,07,000,00,1,1,02,A01
200900050005,0,07,000,00,2,1,16,B01
200900050005,0,01,000,00,2,1,02,A01
200900050006,0,07,000,00,2,1,02,A01
200900050006,0,07,000,00,0,4,02,B01
200900050007,0,01,000,01,1,7,02,B01
200900050007,1,07,000,00,2,0,15,A01
200900050008,0,07,000,00,2,3,02,A01
200900050008,0,07,000,00,2,8,02,B01
200900050009,0,07,000,00,0,4,02,B01
200900050009,0,07,000,00,2,1,02,A01
200900050010,0,07,000,00,1,0,04,A01
200900050011,0,40,000,00,1,1,02,A01
200900050012,0,02,000,00,0,8,01,B01
200900050012,0,07,000,00,2,0,15,A01
200900050013,0,07,000,00,1,3,15,A01
200900050014,0,07,000,00,2,3,02,B01
200900050014,0,07,000,00,2,1,15,A01
200900050015,0,33,000,00,2,1,01,B01
200900050015,0,07,000,00,0,7,15,A01
200900050016,0,07,000,00,2,2,15,B01
200900050016,0,07,000,00,2,1,02,A01
200900050017,0,30,000,00,2,2,01,B01
200900050017,0,07,000,00,2,1,01,A01
200900050018,0,07,000,00,0,3,09,B01
200900050018,0,02,000,00,2,1,02,A01
200900050019,0,07,000,00,0,0,00,B01
200900050019,0,07,000,00,2,1,00,A01
200900050019,0,07,000,00,2,0,00,D01
200900050019,0,07,000,00,2,0,00,C01
200900050020,0,07,000,00,2,3,15,A01
200900050020,0,31,000,00,2,0,01,B01
200900050021,0,07,000,00,2,8,15,A01
200900050021,0,33,000,00,2,1,01,B01
200900050022,0,13,000,00,2,3,15,A01
200900050022,0,02,000,00,2,1,01,B01
200900050023,0,07,000,00,2,8,11,A01
200900050023,0,07,000,00,2,2,01,B01
200900050024,0,07,000,00,2,1,01,A01
200900050024,0,07,000,00,2,4,01,B01
200900050025,0,33,000,00,2,3,00,B01
200900050025,0,07,000,00,2,2,00,A01
200900050026,0,07,000,00,2,1,01,A01
200900050026,0,07,000,00,2,1,01,B01
200900050026,0,07,000,00,2,4,00,C01
200900050027,0,07,000,00,2,4,15,B01
200900050027,0,02,000,00,2,1,01,A01
200900050028,0,07,000,00,2,1,00,A01
200900050028,0,07,000,00,2,4,00,B01
200900050029,0,07,000,00,1,1,00,A01
200900050030,0,07,000,00,2,3,06,A01
200900050030,0,02,000,00,2,7,01,B01
200900050031,0,02,000,00,1,0,00,A01
200900050032,0,07,000,04,0,1,00,A01
200900050033,0,07,000,00,1,1,01,A01
200900050034,0,07,000,00,1,1,00,A01
200900050035,0,32,000,03,0,9,09,A01
200900050036,0,07,000,00,2,3,00,A01
200900050036,0,07,000,00,2,2,00,C01
200900050036,0,07,000,00,0,0,00,B01
200900050037,0,07,000,00,2,4,01,B01
200900050037,0,07,000,00,2,1,01,A01
200900050038,0,07,000,00,1,0,16,A01
200900050039,0,02,000,00,2,8,01,B01
200900050039,0,07,000,00,2,3,15,A01
200900050040,0,07,000,00,1,1,01,A01
200900050041,0,07,000,00,2,2,16,A01
200900050041,0,33,000,00,2,2,01,B01
200900050042,0,01,000,00,2,0,01,B01
200900050042,0,07,000,00,2,3,15,A01
200900050043,0,07,000,00,2,3,10,B01
200900050043,0,30,000,00,2,1,01,A01
200900050044,0,33,000,00,0,1,01,A01
200900050045,0,07,000,00,0,3,20,A01
200900050045,0,07,000,00,2,2,02,B01
200900050046,0,30,000,00,2,4,02,B01
200900050046,0,30,000,00,2,1,17,A01
200900050047,0,07,000,00,2,1,01,B01
200900050047,0,07,000,00,2,1,01,A01
200900050048,0,07,000,15,2,3,13,A01
200900050048,0,07,000,00,2,3,01,B01
200900050049,0,99,000,08,0,7,01,A01
200900050050,0,07,000,06,0,8,01,A01
200900050051,0,02,000,00,1,1,01,A01
200900050052,0,07,000,00,2,3,01,B01
200900050052,0,07,000,00,2,3,06,A01
200900050053,0,07,000,00,2,8,11,A01
200900050053,0,07,000,00,2,3,01,B01
200900050054,0,07,000,08,0,3,01,A01
200900050055,0,37,000,00,1,7,09,A01
200900050056,0,07,000,16,0,1,01,A01
200900050057,0,07,000,02,0,9,01,A01
200900050058,0,07,000,02,0,7,13,A01
200900050059,0,07,000,00,2,3,13,A01
200900050059,0,07,000,00,2,3,01,B01
200900050060,0,07,000,00,1,1,15,A01
200900050061,0,14,000,00,2,4,00,B01
200900050061,0,07,000,00,2,1,02,A01
200900050062,0,10,000,00,1,0,15,A01
200900050063,0,10,000,00,2,1,00,A01
200900050063,0,07,000,00,2,7,00,B01
200900050064,0,07,000,00,2,3,13,A01
200900050064,0,37,000,00,2,3,01,B01
200900050065,0,07,000,00,2,3,16,B01
200900050065,0,07,000,00,2,5,01,A01
200900050066,0,07,000,00,2,4,00,B01
200900050066,0,07,000,00,2,1,00,A01
200900050067,0,07,000,04,0,3,01,A01
200900050068,0,02,000,00,2,1,19,B01
200900050068,0,07,000,00,2,1,01,A01
200900050069,0,33,000,12,0,1,14,A01
200900050070,0,07,000,00,2,2,01,B01
200900050070,0,07,000,00,2,2,15,A01
200900050071,0,07,000,00,0,1,00,A01
200900050072,0,07,000,04,0,1,01,A01
200900050073,0,07,000,00,2,2,15,A01
200900050073,0,33,000,00,2,1,01,B01
200900050074,0,07,000,00,2,6,01,B01
200900050074,0,07,000,00,2,5,14,A01
200900050075,0,30,000,00,2,5,00,A01
200900050075,0,07,000,00,2,0,00,B01
200900050076,0,07,000,00,2,4,01,C01
200900050076,0,07,000,00,2,1,01,A01