Num_Acc,senc,catv,occutc,obs,obsm,choc,manv,num_veh
200900050462,0,33,000,00,2,1,17,B01
200900050463,0,07,000,09,0,1,01,A01
200900050464,0,07,000,00,2,7,16,B01
200900050464,0,02,000,00,2,3,18,A01
200900050465,0,17,000,00,2,7,01,B01
200900050465,0,10,000,00,2,3,01,A01
200900050466,0,30,000,00,2,1,01,A01
200900050466,0,07,000,00,2,1,15,B01
200900050467,0,02,000,00,2,1,01,B01
200900050467,0,07,000,00,2,5,20,A01
200900050468,0,33,000,15,2,3,18,A01
200900050468,0,38,021,00,2,5,15,B02
200900050469,0,07,000,00,2,1,01,B02
200900050469,0,07,000,00,5,1,01,A01
200900050470,0,07,000,00,2,3,01,A01
200900050470,0,31,000,00,2,1,13,B02
200900050471,0,07,000,02,0,1,01,A01
200900050472,0,07,000,00,2,8,15,B02
200900050472,0,13,000,00,2,3,01,A01
200900050473,0,30,000,00,2,1,01,A01
200900050473,0,07,000,00,2,7,15,B02
200900050474,0,33,000,00,2,1,01,A01
200900050474,0,07,000,00,2,2,19,B02
200900050475,0,07,000,00,2,3,09,A01
200900050475,0,01,000,00,2,7,01,B02
200900050476,0,07,000,00,2,3,13,A01
200900050476,0,07,000,00,2,3,00,B02
200900050477,0,30,000,01,0,2,01,A01
200900050478,0,07,000,00,2,1,01,A01
200900050478,0,17,000,00,2,3,01,B02
200900050479,0,02,000,00,2,1,17,A01
200900050479,0,21,000,00,2,3,15,B02
200900050480,0,07,000,00,0,8,19,A01
200900050480,0,33,000,00,2,1,01,B02
200900050481,0,07,000,00,0,3,13,A01
200900050482,0,02,000,00,2,4,01,B02
200900050482,0,07,000,00,2,1,02,A01
200900050483,0,10,000,00,2,3,19,B02
200900050483,0,33,000,00,2,1,01,A01
200900050484,0,07,000,13,0,9,01,A01
200900050485,0,33,000,00,2,1,01,A01
200900050485,0,07,000,00,2,3,19,B02
200900050486,0,07,000,00,2,0,00,B02
200900050486,0,07,000,00,9,3,01,D04
200900050486,0,10,000,00,2,1,01,C03
200900050486,0,07,000,00,2,8,13,A01
200900050487,0,02,000,00,0,0,01,A01
200900050488,0,07,000,00,2,8,15,A01
200900050488,0,33,000,00,2,1,01,B01
200900050489,0,07,000,00,2,3,01,A01
200900050489,0,02,000,00,2,1,01,B01
200900050490,0,07,000,00,1,0,15,A01
200900050491,0,02,000,14,0,1,01,A01
200900050492,0,07,000,00,2,3,15,B01
200900050492,0,02,000,00,2,7,17,A01
200900050493,0,07,000,00,1,3,01,A01
200900050494,0,07,000,00,2,1,02,A01
200900050494,0,07,000,00,2,4,23,B01
200900050495,0,33,000,01,0,4,13,A01
200900050496,0,07,000,02,0,9,14,A01
200900050497,0,07,000,00,0,0,00,A01
200900050497,0,07,000,00,2,4,01,B02
200900050498,0,17,000,00,2,2,01,B02
200900050498,0,07,000,00,9,0,01,A01
200900050499,0,02,000,00,2,2,01,B01
200900050499,0,07,000,00,2,8,16,A01
200900050500,0,10,000,00,2,3,01,A01
200900050500,0,01,000,00,2,8,15,B02
200900050501,0,33,000,00,0,1,01,A01
200900050502,0,07,000,00,2,3,01,B02
200900050502,0,07,000,00,0,6,14,A01
200900050502,0,07,000,00,2,1,01,D04
200900050502,0,07,000,00,2,3,01,C03
200900050503,0,07,000,00,2,6,01,A01
200900050503,0,30,000,00,2,3,01,B02
200900050504,0,07,000,00,1,1,01,A01
200900050505,0,30,000,00,2,1,01,A01
200900050505,0,07,000,00,2,7,16,B01
200900050506,0,02,000,00,2,1,01,A01
200900050506,0,07,000,00,0,4,15,B02
200900050506,0,07,000,00,2,3,01,C03
200900050507,0,30,000,00,1,1,01,A01
200900050507,0,10,000,00,0,8,23,B02
200900050507,0,07,000,00,0,7,23,C03
200900050508,0,07,000,00,2,1,01,A01
200900050508,0,07,000,00,2,5,19,B02
200900050508,0,07,000,00,2,1,23,C03
200900050509,0,02,000,00,2,1,01,B01
200900050509,0,07,000,00,2,8,01,A01
200900050510,0,07,000,00,1,3,01,A01
200900050511,0,07,000,00,2,7,01,B01
200900050511,0,02,000,00,2,1,01,A01
200900050512,0,37,001,00,2,3,23,B01
200900050512,0,21,000,14,0,6,04,A01
200900050513,0,33,000,00,2,1,02,A01
200900050513,0,07,000,00,2,4,02,B01
200900050514,0,07,000,00,2,7,17,A01
200900050514,0,01,000,00,2,8,01,B01
200900050515,0,02,000,00,2,1,01,B01
200900050515,0,07,000,00,2,2,15,A01
200900050516,0,02,000,00,2,1,02,A01
200900050516,0,07,000,00,2,4,02,B01
200900050517,0,20,000,00,1,4,04,A01
200900050518,0,07,000,00,0,0,09,A01
200900050518,0,33,000,12,0,0,21,B01
200900050519,0,07,000,00,1,3,01,A01
200900050520,0,37,001,00,0,8,15,C01
200900050520,0,07,000,00,2,1,01,A01
200900050520,0,07,000,00,2,7,15,B01
200900050521,0,07,000,00,2,4,02,B01
200900050521,0,07,000,00,2,1,01,A01
200900050522,0,07,000,00,2,1,13,A01
200900050522,0,02,000,00,2,1,00,B02
200900050523,0,07,000,13,0,3,01,A01
200900050524,0,07,000,00,2,1,13,A01
200900050524,0,07,000,00,2,1,01,B02
200900050525,0,07,000,00,2,7,17,B02
200900050525,0,10,000,00,2,1,01,C03
200900050525,0,17,000,03,2,1,13,A01
200900050526,0,07,000,00,0,0,01,A01
200900050527,0,07,000,13,2,8,01,B02
200900050527,0,07,000,00,2,7,01,A01
200900050527,0,07,000,00,2,1,19,C03
200900050528,0,33,000,00,2,1,01,B02
200900050528,0,07,000,00,2,8,19,A01
200900050529,0,21,000,00,2,8,15,A01
200900050529,0,33,000,00,2,1,17,B02
200900050530,0,07,000,00,2,8,19,A01
200900050530,0,02,000,00,2,1,01,B02
200900050531,0,30,000,00,2,1,01,A01
200900050531,0,21,000,00,2,4,01,B02
200900050532,0,07,000,13,0,1,01,A01
200900050533,0,14,000,00,1,0,01,A01
200900050534,0,07,000,13,0,9,13,A01
200900050535,0,01,000,00,2,1,01,B02
200900050535,0,01,000,00,2,7,01,C03
200900050535,0,10,000,00,2,3,16,A01
200900050536,0,07,000,02,0,7,13,A01
200900050537,0,33,000,00,2,0,21,A01
200900050538,0,07,000,00,2,1,01,B02
200900050538,0,07,000,00,2,8,19,A01
200900050539,0,07,000,15,0,7,21,A01
200900050540,0,07,000,13,0,1,01,A01
200900050541,0,10,000,01,0,8,01,B02
200900050541,0,07,000,00,2,1,24,A01
200900050542,0,07,000,00,2,3,01,A01
200900050542,0,02,000,00,2,1,01,B02
200900050543,0,02,000,06,0,1,14,A01
200900050544,0,07,000,09,0,7,14,A01
200900050545,0,07,000,13,0,1,01,A01
200900050546,0,07,000,00,0,9,01,A01
200900050547,0,07,000,00,2,8,19,A01
200900050547,0,07,000,00,2,1,01,B02
200900050548,0,02,000,00,2,0,01,A01
200900050548,0,07,000,00,2,3,01,B01
200900050549,0,33,000,00,2,7,01,B01
200900050549,0,07,000,00,2,3,09,A01
200900050550,0,07,000,00,1,2,01,A01
200900050551,0,07,000,00,2,2,23,B01
200900050551,0,07,000,00,2,4,23,C01
200900050551,0,07,000,00,2,1,01,A01
200900050552,0,07,000,01,2,1,01,A01
200900050552,0,07,000,00,2,3,01,B01
200900050553,0,07,000,00,2,3,01,B01
200900050553,0,01,000,00,2,1,05,A01
200900050554,0,07,000,00,1,3,01,A01
200900050555,0,33,000,00,2,1,01,A01
200900050555,0,17,000,00,0,4,01,B01
200900050556,0,31,000,00,0,7,01,A01
200900050557,0,07,000,00,2,1,15,B01
200900050557,0,30,000,00,2,1,17,A01
200900050558,0,07,000,00,2,4,02,B01
200900050558,0,33,000,00,2,1,01,A01
200900050559,0,31,000,00,2,1,02,B01
200900050559,0,07,000,00,2,8,15,A01
200900050560,0,07,000,00,2,1,09,A01
200900050560,0,33,000,00,2,5,02,B01
200900050561,0,07,000,00,1,1,01,A01
200900050562,0,33,000,00,2,1,01,B01
200900050562,0,07,000,00,2,6,15,A01
200900050563,0,07,000,00,2,3,01,B01
200900050563,0,07,000,00,2,3,01,A01
200900050564,0,10,000,00,2,6,16,A01
200900050564,0,33,000,00,2,1,01,B01
200900050565,0,07,000,00,1,1,01,A01
200900050566,0,07,000,00,2,3,01,B01
200900050566,0,07,000,00,2,3,16,A01
200900050567,0,07,000,00,2,6,02,B01
200900050567,0,02,000,00,2,1,02,A01
200900050568,0,07,000,06,0,9,01,A01
200900050569,0,07,000,00,1,1,01,A01
200900050570,0,02,000,00,2,5,01,B01
200900050570,1,07,000,00,2,1,01,A01
200900050571,0,07,000,01,0,2,01,A01
200900050572,0,17,000,00,2,2,12,A01
200900050572,0,07,000,15,2,3,01,B01
200900050573,0,07,000,00,1,3,09,A01
200900050574,0,07,000,00,2,3,15,A01
200900050574,0,03,000,00,2,1,01,B01
200900050575,0,33,000,00,2,1,01,A01
200900050575,0,07,000,00,2,3,01,B02
200900050576,0,07,000,02,0,8,01,A01
200900050577,0,07,000,02,0,2,01,A01
200900050578,0,07,000,00,2,3,05,A01
200900050578,0,15,000,00,2,3,01,B02
200900050579,0,07,000,00,1,1,01,A01
200900050580,0,30,000,00,1,0,01,A01
200900050581,0,14,000,00,2,1,01,B02
200900050581,0,10,000,00,2,1,13,A01
200900050582,0,30,000,00,2,6,00,A01
200900050582,0,07,000,00,2,6,00,B02
200900050583,0,07,000,02,0,1,01,A01
200900050584,0,07,000,06,0,1,01,A01
200900050585,0,07,000,07,0,1,01,A01
200900050586,0,07,000,00,0,0,01,C03
200900050586,0,07,000,00,2,1,01,B02
200900050586,0,07,000,13,2,9,14,A01
200900050587,0,07,000,13,2,5,19,A01
200900050587,0,30,000,00,2,1,01,B02
200900050588,0,07,000,00,2,1,13,A01
200900050588,0,07,000,00,2,1,01,B02
200900050589,0,32,000,06,0,1,01,A01
200900050590,0,32,000,00,2,1,01,B02
200900050590,0,10,000,00,2,2,01,A01
200900050591,0,07,000,00,0,4,23,B02
200900050591,0,02,000,01,0,1,01,A01
200900050592,0,07,000,00,2,3,15,A01
200900050592,0,33,000,00,2,1,01,B01
200900050593,0,07,000,00,1,1,01,A01
200900050594,0,07,000,02,0,1,02,A01
200900050595,0,07,000,04,0,3,21,A01
200900050595,0,07,000,08,0,1,01,B01
200900050596,0,10,000,00,2,1,01,B01
200900050596,0,07,000,00,2,5,19,A01
200900050597,0,07,000,00,2,3,01,B01
200900050597,0,07,000,00,2,2,15,A01
200900050598,0,30,000,00,2,1,15,B01
200900050598,1,07,000,00,2,7,01,A01
200900050599,0,07,000,00,2,4,01,B01
200900050599,0,30,000,00,2,1,17,A01
200900050600,0,02,000,00,2,1,01,B01
200900050600,0,07,000,00,2,8,01,A01
200900050601,0,07,000,02,0,8,13,A01
200900050602,0,33,000,00,0,0,01,B01
200900050602,1,07,000,00,0,0,01,A01
200900050603,0,07,000,00,0,2,15,A01
200900050603,0,33,000,00,2,1,01,B01
200900050604,0,15,000,00,2,2,01,B02
200900050604,0,07,000,04,2,2,01,A01
200900050604,0,10,000,00,2,3,01,C03
200900050605,0,07,000,04,0,3,00,A01
200900050606,0,07,000,00,2,4,02,A01
200900050607,0,07,000,00,2,1,01,B02
200900050607,0,07,000,00,2,3,09,A01
200900050608,0,10,000,00,2,2,01,A01
200900050608,0,01,000,00,2,1,15,B02
200900050609,0,07,000,03,2,3,13,A01
200900050609,0,07,000,00,2,3,01,B02
200900050610,0,07,000,00,2,1,01,B02
200900050610,0,07,000,00,2,7,01,A01
200900050611,0,07,000,13,2,7,01,A01
200900050611,0,07,000,00,2,1,01,B02
200900050612,0,07,000,00,1,4,04,A01
200900050613,0,14,000,00,2,3,01,B02
200900050613,0,07,000,00,2,3,13,A01
200900050614,0,33,000,00,2,8,13,A01
200900050614,0,07,000,00,2,8,21,B02
200900050615,0,07,000,00,1,3,01,A01
200900050616,0,07,000,00,2,7,19,B02
200900050616,0,10,000,13,2,1,01,A01
200900050617,0,07,000,05,0,1,01,A01
200900050618,0,07,000,13,0,3,01,A01
200900050619,0,33,000,00,2,8,13,B02
200900050619,0,10,000,00,2,8,01,A01
200900050620,0,33,000,02,0,1,01,A01
200900050621,0,02,000,06,0,1,01,A01
200900050622,0,07,000,00,2,3,09,A01
200900050622,0,33,000,00,2,1,01,B01
200900050623,0,01,000,00,2,2,15,A01
200900050623,0,07,000,00,2,3,01,B01
200900050624,0,07,000,00,2,1,00,A01
200900050625,0,07,000,00,2,6,01,C01
200900050625,0,31,000,00,2,8,01,A01
200900050625,0,07,000,00,2,3,00,B01
200900050626,0,30,000,00,2,1,17,A01
200900050626,0,07,000,00,2,3,01,B01
200900050627,0,07,000,00,2,7,17,A01
200900050627,0,01,000,00,2,3,15,B01
200900050628,0,01,000,00,2,7,09,B01
200900050628,0,07,000,00,2,1,16,A01
200900050629,0,07,000,00,1,3,01,A01
200900050630,0,02,000,00,2,1,01,A01
200900050630,0,07,000,00,2,1,09,B01
200900050631,0,30,000,00,2,1,01,A01
200900050631,0,07,000,00,2,4,01,B01
200900050632,0,07,000,04,2,8,01,B01
200900050632,0,07,000,00,2,9,01,A01
200900050632,0,07,000,00,2,1,01,C01
200900050633,0,07,000,06,0,1,14,A01
200900050634,0,07,000,00,2,4,23,B01
200900050634,0,07,000,00,0,4,23,C01
200900050634,0,07,000,00,2,1,01,A01
200900050635,0,07,000,01,0,1,01,A01
200900050636,0,33,000,00,2,1,01,B01
200900050636,0,07,000,00,2,8,09,A01
200900050637,0,07,000,00,2,1,01,B01
200900050637,0,07,000,00,2,8,10,A01
200900050638,0,07,000,00,1,1,01,A01
200900050639,0,10,000,01,0,3,01,A01
200900050639,0,07,000,00,2,6,24,B01
200900050640,0,07,000,00,1,4,04,A01
200900050641,0,07,000,00,2,2,01,B01
200900050641,0,07,000,00,0,5,19,A01
200900050642,0,33,000,00,2,1,01,A01
200900050642,0,07,000,00,0,6,01,B01
200900050643,0,30,000,00,1,1,17,A01
200900050644,0,07,000,00,1,1,01,A01
200900050645,0,07,000,00,1,2,15,A01
200900050646,0,07,000,02,0,1,01,A01
200900050647,0,02,000,00,2,1,01,B01
200900050647,0,07,000,00,2,2,20,A01
200900050648,0,30,000,00,2,1,01,A01
200900050648,0,07,000,00,2,2,09,B01
200900050649,0,07,000,00,2,1,01,A01
200900050649,0,07,000,00,2,4,23,B01
200900050650,0,07,000,00,1,2,15,A01
200900050651,0,07,000,00,1,1,01,A01
200900050652,0,10,000,00,2,2,01,A01
200900050652,0,07,000,00,2,8,01,B01
200900050653,0,07,000,00,1,0,01,A01
200900050654,1,07,000,00,2,0,17,A01
200900050654,0,01,000,00,2,8,01,B01
200900050655,0,30,000,00,2,6,01,A01
200900050656,0,07,000,00,1,1,01,A01
200900050657,0,07,000,00,2,0,01,C01
200900050657,0,07,000,00,2,0,01,B01
200900050657,0,07,000,00,2,3,17,A01
200900050658,0,07,000,00,1,1,02,A01
200900050659,0,07,000,00,1,0,15,A01
200900050660,0,07,000,00,1,0,01,A01
200900050661,0,01,000,00,2,1,02,B02
200900050661,0,07,000,00,2,2,01,A01
200900050662,0,07,000,00,2,8,13,A01
200900050662,0,10,000,00,2,1,01,B02
200900050663,0,33,000,00,2,8,21,A01
200900050663,0,10,000,00,2,3,01,B02
200900050664,0,07,000,00,2,1,01,A01
200900050664,0,01,000,00,2,0,01,B02
200900050665,1,07,000,00,2,3,13,A01
200900050665,0,01,000,00,0,4,15,B02
200900050666,0,07,000,13,0,2,01,A01
200900050667,0,33,000,00,0,8,01,A01
200900050668,0,33,000,00,2,3,01,B01
200900050668,1,07,000,00,2,0,19,A01
200900050669,0,07,000,00,2,8,01,A01
200900050669,0,07,000,00,2,1,01,B02
200900050670,0,07,000,00,2,2,02,A01
200900050671,0,10,000,00,1,8,01,A01
200900050672,0,30,000,00,0,4,01,C03
200900050672,0,07,000,00,2,1,01,A01
200900050672,0,07,000,00,1,1,01,B02
200900050673,0,36,000,13,0,1,13,A01
200900050674,0,07,000,00,1,1,00,A01
200900050675,0,07,000,00,2,1,01,A01
200900050675,0,07,000,00,2,5,13,B02
200900050676,0,10,000,00,2,3,15,A01
200900050676,0,10,000,00,1,1,01,B02
200900050677,0,07,000,00,1,2,01,A01
200900050678,0,07,000,00,1,2,01,A01
200900050679,0,07,000,16,0,9,01,A01
200900050680,0,14,000,00,2,1,01,A01
200900050680,0,07,000,00,2,7,01,B01
200900050681,0,30,000,08,0,7,14,A01
200900050682,0,33,000,00,6,0,01,A01
200900050683,0,07,000,13,0,9,02,A01
200900050684,0,32,000,00,0,4,01,B02
200900050684,1,99,000,00,2,2,01,A01
200900050685,0,07,000,00,2,1,13,A01
200900050685,0,07,000,00,2,1,01,B02
200900050685,0,07,000,00,2,2,21,C03
200900050686,0,14,000,00,0,0,00,A01
200900050687,0,07,000,00,2,3,01,A01
200900050687,0,21,000,00,2,3,01,B02
200900050688,0,07,000,08,0,2,01,A01
200900050689,0,07,000,00,2,2,10,A01
200900050689,0,33,000,00,2,8,01,B02
200900050690,0,07,000,00,0,4,23,B02
200900050690,0,10,000,00,0,1,02,A01
200900050691,0,07,000,00,2,2,01,B01
200900050691,0,07,000,00,2,8,09,A01
200900050692,0,07,000,00,1,8,01,A01
200900050693,0,07,000,00,2,2,17,A01
200900050693,0,01,000,00,2,8,15,B01
200900050694,0,07,000,00,2,7,01,A01
200900050694,0,02,000,00,2,1,01,B01
200900050695,0,07,000,00,2,8,10,A01
200900050695,0,33,000,00,2,1,01,B01
200900050696,0,07,000,06,0,1,21,B01
200900050696,0,07,000,00,0,0,15,A01
200900050697,0,07,000,00,1,2,01,A01
200900050698,0,07,000,00,0,0,02,A01
200900050699,0,07,000,00,2,5,11,A01
200900050699,0,02,000,00,2,1,02,B01
200900050700,0,07,000,02,0,1,00,A01
200900050701,0,07,000,00,2,3,02,A01
200900050701,0,07,000,00,2,3,13,B01
200900050702,0,07,000,00,2,3,15,A01
200900050702,0,33,000,00,2,8,01,B01
200900050703,0,07,000,02,0,5,14,A01
200900050704,0,07,000,00,1,1,01,A01
200900050705,0,07,000,13,0,1,01,A01
200900050706,0,33,000,00,0,7,01,A01
200900050707,0,10,000,00,2,3,01,C03
200900050707,0,07,000,00,2,3,13,A01
200900050707,0,10,000,00,2,1,01,B02
200900050708,0,07,000,00,2,3,05,A01
200900050708,0,07,000,00,0,0,00,B02
200900050709,0,17,000,05,0,8,01,A01
200900050709,0,07,000,00,0,3,01,B02
200900050710,0,07,000,00,2,1,01,B01
200900050710,0,07,000,00,2,2,15,A01
200900050711,0,07,000,05,2,2,01,A01
200900050711,0,14,000,00,2,3,01,B01
200900050712,0,07,000,00,1,1,01,A01
200900050713,0,10,000,00,1,4,20,A01
200900050714,0,07,000,00,1,6,20,A01
200900050715,0,07,000,00,2,2,15,A01
200900050715,0,07,000,00,2,3,01,B01
200900050716,0,13,000,00,1,5,04,A01
200900050717,0,07,000,00,0,2,01,A01
200900050718,1,07,000,00,1,2,00,A01
200900050719,0,02,000,00,2,8,01,A01
200900050719,0,07,000,00,2,1,01,B01
200900050720,0,02,000,00,2,1,17,A01
200900050721,0,07,000,00,0,0,11,A01
200900050721,0,33,000,00,2,3,01,B01
200900050722,0,07,000,00,1,2,01,A01
200900050723,0,07,000,00,1,2,15,A01
200900050724,0,07,000,00,2,3,01,B01
200900050724,0,07,000,00,2,1,01,A01
200900050725,0,30,000,00,2,1,18,A01
200900050725,0,07,000,00,2,7,16,B01
200900050726,0,07,000,00,1,3,00,A01
200900050727,0,30,000,00,2,1,02,A01
200900050727,0,07,000,00,2,4,02,B01
200900050728,0,07,000,00,1,7,00,A01
200900050729,0,07,000,00,2,8,10,A01
200900050729,0,33,000,00,2,1,01,B01
200900050730,0,33,000,00,2,2,21,B01
200900050730,0,07,000,00,2,8,13,A01
200900050731,0,07,000,00,2,2,01,A01
200900050731,0,02,000,00,2,7,00,B01
200900050732,0,07,000,09,0,1,01,A01
200900050733,0,10,000,00,2,4,02,B01
200900050733,0,07,000,00,2,4,02,D01
200900050733,0,07,000,00,2,1,02,A01
200900050733,0,10,000,00,2,4,02,C01
200900050734,0,07,000,03,0,0,00,A01
200900050735,0,07,000,03,0,0,12,A01
200900050736,0,07,000,00,2,0,01,B01
200900050736,0,07,000,03,2,0,00,A01
200900050737,0,07,000,03,0,0,00,A01
200900050738,0,01,000,00,2,4,02,A01
200900050738,1,07,000,00,2,1,02,B01
200900050739,0,07,000,00,1,1,00,A01
200900050740,0,02,000,00,0,1,00,A01
200900050741,0,07,000,00,2,1,13,A01
200900050741,0,07,000,00,2,1,01,B01
200900050742,0,07,000,00,0,9,00,A01
200900050743,0,07,000,00,2,3,01,B01
200900050743,0,07,000,00,2,3,13,A01
200900050744,0,07,000,00,2,1,02,B01
200900050744,0,07,000,00,2,4,02,A01
200900050745,0,30,000,00,2,1,01,B01
200900050745,0,14,000,00,2,2,16,A01
200900050746,0,07,000,00,2,1,01,C01
200900050746,0,07,000,00,2,7,17,A01
200900050746,0,07,000,00,2,3,02,B01
200900050747,1,07,000,00,1,3,13,A01
200900050748,0,01,000,00,1,1,05,A01
200900050749,0,30,000,00,2,0,15,B01
200900050749,0,07,000,00,2,1,01,A01
200900050750,0,07,000,00,2,7,01,A01
200900050750,0,07,000,00,2,1,01,B01
200900050751,0,10,000,00,2,2,01,A01
200900050751,0,30,000,00,2,1,01,B01
200900050752,0,07,000,00,1,1,01,A01
200900050753,0,02,000,00,2,3,18,A01
200900050753,0,07,000,00,9,7,01,B01
200900050754,0,01,000,00,1,0,01,A01
200900050755,0,15,000,00,1,0,15,A01
200900050756,0,07,000,00,1,1,01,A01
200900050757,0,07,000,00,2,2,01,B01
200900050757,0,02,000,00,2,1,05,A01
200900050758,0,07,000,00,9,3,01,B01
200900050758,0,02,000,00,2,7,01,A01
200900050759,0,07,000,06,0,1,00,A01
200900050760,0,02,000,00,2,1,02,A01
200900050760,0,07,000,00,9,4,23,B01
200900050761,0,07,000,16,0,9,02,A01
200900050762,0,07,000,12,0,3,01,A01
200900050763,0,07,000,00,2,3,09,A01
200900050763,0,07,000,01,2,2,01,B01
200900050764,0,07,000,00,1,7,13,A01
200900050765,0,07,000,00,1,2,01,A01
200900050766,0,07,000,00,2,1,01,B01
200900050766,0,07,000,00,2,1,13,A01
200900050767,0,07,000,00,2,3,01,A01
200900050767,0,07,000,00,2,3,01,B01
200900050768,0,07,000,00,1,1,01,A01
200900050769,0,33,000,00,9,0,00,B01
200900050769,0,33,000,00,9,0,00,A01
200900050770,0,07,000,00,2,8,15,A01
200900050770,0,07,000,00,2,3,01,B01
200900050771,0,07,000,00,2,1,01,A01
200900050771,0,07,000,00,2,7,01,B01
200900050772,0,07,000,02,0,7,05,A01
200900050773,0,02,000,00,0,7,09,A01
200900050773,0,14,000,00,2,1,01,B02
200900050774,0,33,000,00,2,1,17,B02
200900050774,0,07,000,00,0,6,15,A01
200900050775,0,07,000,00,2,3,15,A01
200900050775,0,33,000,00,2,2,17,B02
200900050776,0,33,000,11,0,1,01,A01
200900050777,0,07,000,00,0,1,00,B02
200900050777,0,99,000,14,0,2,19,A01
200900050778,0,21,000,00,2,8,15,B02
200900050778,0,15,000,00,2,1,01,A01
200900050779,0,99,000,06,0,1,00,A01
200900050780,0,33,000,00,2,7,21,A01
200900050780,0,07,000,00,2,2,15,B02
200900050781,0,10,000,02,0,3,13,A01
200900050782,0,07,000,00,2,3,01,A01
200900050782,0,07,000,00,2,3,01,B02
200900050783,0,07,000,04,0,1,01,A01
200900050784,0,02,000,00,2,8,01,A01
200900050784,0,10,000,00,9,1,01,B02
200900050785,0,33,000,02,0,1,01,A01
200900050786,0,07,000,07,0,1,01,A01
200900050787,0,07,000,00,2,1,01,B02
200900050787,0,07,000,00,2,1,01,A01
200900050788,0,07,000,14,0,1,01,C03
200900050788,0,07,000,14,0,1,01,B02
200900050788,0,17,000,04,0,2,06,A01
200900050789,0,30,000,01,0,1,01,A01
200900050790,0,07,000,00,0,8,00,B02
200900050790,0,30,000,00,2,1,01,A01
200900050791,0,01,000,00,0,6,01,B02
200900050791,0,07,000,00,2,3,15,A01
200900050792,0,07,000,00,0,8,19,A01
200900050792,0,02,000,00,2,1,01,B02
200900050793,0,10,000,00,2,3,19,A01
200900050793,0,30,000,00,2,1,01,B02
200900050794,0,07,000,08,0,2,01,A01
200900050795,0,07,000,00,0,3,15,A01
200900050795,0,02,000,00,0,1,00,B02
200900050796,0,07,000,00,1,7,01,A01
200900050797,0,07,000,00,2,3,01,B01
200900050797,0,02,000,00,2,1,19,A01
200900050798,0,07,000,08,0,3,01,A01
200900050799,0,33,000,01,2,1,04,B01
200900050799,0,07,000,00,2,5,15,A01
200900050800,0,33,000,03,0,1,00,A01
200900050800,1,07,000,00,0,0,09,B01
200900050801,0,07,000,00,1,4,04,A01
200900050802,0,07,000,00,0,0,06,A01
200900050803,0,10,000,00,1,1,00,A01
200900050804,0,07,000,06,0,3,13,A01
200900050805,0,07,000,01,0,2,14,A01
200900050806,0,33,000,00,2,1,00,B01
200900050806,0,07,000,00,2,5,19,A01
200900050807,0,33,000,00,0,8,01,A01
200900050808,0,07,000,00,2,3,13,A01
200900050808,0,07,000,00,2,1,01,B01
200900050809,0,07,000,00,2,7,01,B01
200900050809,1,07,000,00,2,1,09,A01
200900050810,0,33,000,00,2,5,01,B01
200900050810,0,07,000,00,2,3,09,A01
200900050811,0,07,000,00,2,2,01,A01
200900050811,0,07,000,00,2,3,01,B01
200900050812,0,01,000,00,2,1,19,A01
200900050812,0,07,000,00,2,1,01,B01
200900050813,0,07,000,00,1,1,01,A01
200900050814,0,07,000,02,2,2,09,A01
200900050814,0,07,000,00,2,4,01,B01
200900050815,0,30,000,00,2,1,01,A01
200900050815,0,07,000,00,2,4,00,B01
200900050816,0,07,000,06,2,3,00,B01
200900050816,0,07,000,00,2,1,01,A01
200900050817,0,02,000,00,2,7,17,A01
200900050817,0,07,000,00,2,8,00,B01
200900050818,0,02,000,00,2,8,21,B01
200900050818,0,07,000,00,2,3,16,A01
200900050819,0,07,000,00,2,3,13,A01
200900050819,0,07,000,00,2,1,01,B01
200900050820,0,01,000,00,2,1,01,B01
200900050820,0,03,000,00,2,3,10,A01
200900050821,0,02,000,00,1,1,00,A01
200900050822,0,07,000,00,1,4,04,A01
200900050823,0,21,000,00,0,8,15,A01
200900050823,0,33,000,00,0,1,17,B02
200900050824,0,10,000,00,1,2,17,A01
200900050825,0,33,000,04,0,3,02,A01
200900050826,0,07,000,00,2,1,17,A01
200900050826,0,07,000,00,2,8,15,B02
200900050827,0,21,000,00,2,3,01,B02
200900050827,0,31,000,00,2,1,13,A01
200900050828,0,10,000,00,2,2,19,A01
200900050828,0,07,000,00,2,3,01,B02
200900050829,0,07,000,13,0,9,05,A01
200900050830,1,07,000,00,2,1,09,A01
200900050830,0,07,000,00,2,3,15,B01
200900050831,0,07,000,01,0,3,01,A01
200900050831,0,15,000,00,0,5,24,B02
200900050832,0,38,000,00,2,2,01,B02
200900050832,0,10,000,07,2,3,01,C03
200900050832,0,07,000,00,2,5,19,A01
200900050833,0,17,000,00,0,6,17,A01
200900050833,0,10,000,00,2,2,01,B02
200900050834,0,02,000,00,2,1,15,B02
200900050834,0,07,000,00,2,7,01,A01
200900050835,0,07,000,00,2,3,01,A01
200900050835,0,17,000,00,2,6,01,B02
200900050836,0,07,000,00,2,1,02,A01
200900050836,0,07,000,00,0,4,02,C03
200900050836,0,14,000,01,0,1,02,B02
200900050837,0,33,000,15,0,1,01,A01
200900050838,0,33,000,00,2,1,01,B02
200900050838,0,07,000,00,2,2,15,A01
200900050839,0,07,000,00,2,1,01,A01
200900050839,0,07,000,00,2,7,19,B02
200900050840,0,33,000,00,1,1,01,A01