Num_Acc,senc,catv,occutc,obs,obsm,choc,manv,num_veh
200900051217,0,33,000,14,2,1,06,A01
200900051218,0,07,000,00,2,1,01,A01
200900051218,0,07,000,00,0,4,01,B01
200900051219,0,07,000,00,0,1,00,D01
200900051219,0,07,000,00,0,4,01,B01
200900051219,0,07,000,00,0,4,01,A01
200900051219,0,07,000,00,0,4,01,C01
200900051220,0,10,000,00,2,4,00,A01
200900051220,0,07,000,00,2,4,00,B01
200900051221,0,07,000,00,2,1,01,B01
200900051221,0,07,000,00,2,7,01,A01
200900051222,0,07,000,07,0,9,01,A01
200900051223,0,34,000,00,0,7,01,B01
200900051223,0,07,000,00,0,2,01,A01
200900051224,0,33,000,00,0,7,02,A01
200900051225,0,07,000,00,2,1,02,A01
200900051225,0,16,000,00,0,6,02,B01
200900051226,0,37,000,00,1,3,07,A01
200900051227,0,07,000,00,2,1,01,B01
200900051227,0,07,000,00,2,1,01,A01
200900051227,0,07,000,00,0,8,23,C01
200900051228,0,07,000,00,0,2,15,A01
200900051228,0,32,000,00,0,1,01,B01
200900051229,0,34,000,00,2,8,01,B01
200900051229,0,15,000,00,2,7,12,A01
200900051230,0,07,000,00,0,1,00,A01
200900051230,0,01,000,00,0,8,00,B01
200900051231,0,07,000,00,1,2,01,A01
200900051232,0,07,000,01,0,1,02,A01
200900051233,0,07,000,00,1,6,00,C01
200900051233,0,07,000,00,2,5,00,B01
200900051233,0,10,000,00,2,1,02,A01
200900051234,0,07,000,00,2,1,01,A01
200900051234,0,07,000,00,2,3,00,B01
200900051235,0,07,000,00,2,4,02,B01
200900051235,0,07,000,00,2,1,02,C01
200900051235,0,07,000,00,2,4,02,A01
200900051236,0,07,000,00,0,7,02,A01
200900051236,0,01,000,00,2,8,13,B01
200900051237,0,31,000,00,2,1,01,A01
200900051237,0,07,000,00,2,1,01,B01
200900051238,0,33,000,15,0,1,00,A01
200900051239,0,07,000,08,0,1,16,A01
200900051240,0,02,000,00,2,1,01,B01
200900051240,0,07,000,00,2,3,09,A01
200900051241,0,07,000,08,0,2,01,A01
200900051242,0,34,000,00,2,1,02,B01
200900051242,0,10,000,00,2,5,09,A01
200900051243,0,32,000,00,0,8,02,A01
200900051244,0,07,000,00,0,1,02,A01
200900051245,0,07,000,00,2,4,15,A01
200900051245,0,99,000,00,2,1,01,B01
200900051246,0,10,000,10,0,1,01,A01
200900051247,0,07,000,00,2,1,01,A01
200900051247,0,07,000,00,2,2,01,B01
200900051248,0,30,000,01,0,8,01,B01
200900051248,0,07,000,00,2,7,14,A01
200900051249,0,07,000,00,1,1,16,A01
200900051250,0,07,000,00,2,1,01,B01
200900051250,0,07,000,00,2,1,15,A01
200900051251,0,33,000,00,2,1,01,A01
200900051251,0,07,000,00,2,2,09,B01
200900051252,0,07,000,00,1,1,01,A01
200900051253,0,07,000,00,2,3,01,B01
200900051253,0,07,000,00,2,3,15,A01
200900051254,0,07,000,00,1,3,01,A01
200900051255,0,01,000,00,2,1,02,B01
200900051255,0,07,000,00,9,2,17,A01
200900051256,0,33,000,00,2,1,02,B01
200900051256,0,07,000,00,0,4,02,A01
200900051257,0,07,000,00,2,5,02,A01
200900051257,0,07,000,01,2,3,01,B01
200900051258,0,07,000,00,1,3,01,A01
200900051259,0,03,000,00,2,8,01,A01
200900051259,0,07,000,00,2,3,01,B01
200900051260,0,07,000,00,2,7,01,B01
200900051260,0,10,000,00,2,1,01,A01
200900051261,0,07,000,00,2,2,01,A01
200900051261,0,31,000,00,2,1,01,B01
200900051262,0,07,000,00,1,1,01,A01
200900051263,0,07,000,00,1,4,04,A01
200900051264,0,14,000,00,2,3,09,A01
200900051264,0,37,010,00,2,5,01,B01
200900051265,0,07,000,00,0,0,00,B01
200900051265,0,07,000,00,0,0,00,A01
200900051266,1,07,000,00,2,4,04,A01
200900051266,0,07,000,00,2,3,15,B01
200900051267,0,07,000,12,0,1,01,A01
200900051268,2,07,000,00,2,2,00,A01
200900051268,0,07,000,00,2,3,15,B01
200900051269,0,02,000,00,2,1,01,A01
200900051269,0,07,000,00,2,5,14,B01
200900051270,0,01,000,00,2,1,19,A01
200900051270,0,07,000,00,2,5,15,B01
200900051271,0,02,000,00,2,2,00,A01
200900051271,1,07,000,00,0,0,00,B01
200900051272,0,07,000,00,2,1,02,A01
200900051272,0,07,000,00,0,4,02,B01
200900051273,0,07,000,00,1,1,02,A01
200900051274,0,07,000,00,2,3,01,A01
200900051274,0,32,000,00,2,7,01,B01
200900051275,0,32,000,00,2,0,18,A01
200900051275,0,07,000,00,0,0,15,B01
200900051276,0,07,000,00,0,6,00,A01
200900051276,0,07,000,00,0,1,00,B01
200900051277,0,33,000,00,0,7,17,B01
200900051277,0,07,000,16,0,3,15,A01
200900051278,0,07,000,00,1,2,00,A01
200900051279,0,13,000,00,2,1,01,A01
200900051279,0,07,000,00,2,4,01,C01
200900051279,1,07,000,00,0,0,00,B01
200900051280,0,07,000,00,0,0,15,A01
200900051280,0,33,000,00,2,0,21,B01
200900051281,0,07,000,00,2,2,15,B01
200900051281,0,07,000,00,0,8,01,A01
200900051282,0,07,000,00,2,2,01,B01
200900051282,0,07,000,00,2,3,01,A01
200900051283,0,07,000,00,2,3,01,B01
200900051283,0,07,000,00,2,3,15,A01
200900051284,0,07,000,00,1,3,00,A01
200900051285,0,07,000,08,2,1,02,B01
200900051285,0,07,000,00,2,2,03,A01
200900051286,0,30,000,00,1,1,03,A01
200900051287,0,07,000,15,0,1,01,B01
200900051287,0,07,000,00,2,1,09,A01
200900051288,0,02,000,00,2,7,01,A01
200900051288,0,07,000,00,2,1,01,B01
200900051289,0,07,000,00,1,1,00,A01
200900051290,0,07,000,00,2,3,19,A01
200900051290,0,07,000,00,2,1,17,B01
200900051291,0,07,000,00,1,1,02,A01
200900051292,0,07,000,00,0,1,01,A01
200900051292,0,07,000,00,0,4,23,B01
200900051292,0,07,000,00,0,4,23,C01
200900051293,0,10,000,00,2,8,01,B01
200900051293,0,30,000,00,2,1,01,A01
200900051294,0,07,000,00,1,1,00,A01
200900051295,0,34,000,00,0,0,03,A01
200900051296,0,33,000,00,2,1,17,B01
200900051296,0,07,000,00,2,3,11,A01
200900051297,0,07,000,00,2,1,21,A01
200900051297,0,07,000,00,0,0,00,C01
200900051298,0,30,000,00,2,1,01,B01
200900051298,0,07,000,00,2,3,11,A01
200900051299,0,07,000,00,1,1,15,A01
200900051300,0,32,000,12,0,0,01,B01
200900051300,0,07,000,00,0,0,12,A01
200900051301,0,07,000,04,0,2,00,A01
200900051302,0,10,000,00,2,2,01,C01
200900051302,0,15,000,00,2,2,01,A01
200900051302,0,07,000,00,0,5,01,B01
200900051303,0,07,000,00,0,5,02,B01
200900051303,0,33,000,00,2,1,02,A01
200900051304,0,07,000,04,0,1,00,A01
200900051305,0,07,000,04,0,1,01,A01
200900051306,0,07,000,00,2,2,00,A01
200900051306,1,07,000,00,0,0,00,B01
200900051307,0,07,000,00,0,1,02,A01
200900051307,0,07,000,00,0,4,02,B01
200900051308,0,07,000,00,0,5,02,A01
200900051308,0,33,000,00,2,1,01,B01
200900051309,0,31,000,03,0,1,14,A01
200900051310,0,33,000,00,2,1,12,A01
200900051310,0,07,000,00,2,4,23,B01
200900051311,0,07,000,00,2,2,00,A01
200900051311,1,07,000,00,0,0,00,B01
200900051312,0,30,000,00,2,1,01,B01
200900051312,0,07,000,00,0,7,10,A01
200900051313,0,07,000,00,1,1,20,A01
200900051314,0,07,000,00,0,1,01,B02
200900051314,0,07,000,00,0,1,13,A01
200900051315,0,13,000,00,0,2,15,A01
200900051316,0,30,000,00,0,0,01,A01
200900051317,0,30,000,00,2,1,01,A01
200900051317,0,07,000,00,2,5,15,B02
200900051318,0,07,000,00,0,9,01,A01
200900051319,0,07,000,00,1,2,01,A01
200900051320,0,30,000,00,2,1,17,A01
200900051320,0,07,000,00,2,8,15,B01
200900051321,0,30,000,00,2,8,18,B01
200900051321,0,07,000,00,2,7,16,A01
200900051322,0,30,000,08,0,1,00,A01
200900051323,0,07,000,00,2,4,02,B01
200900051323,0,07,000,00,2,1,02,A01
200900051324,0,02,000,00,1,3,01,A01
200900051325,0,10,000,00,2,1,02,A01
200900051325,0,10,000,04,0,4,02,B01
200900051326,0,07,000,08,0,1,01,A01
200900051327,0,07,000,00,1,0,00,A01
200900051328,0,07,000,02,0,1,14,A01
200900051329,0,07,000,03,0,2,01,A01
200900051329,0,07,000,00,2,1,02,B02
200900051330,0,10,000,00,2,1,01,B02
200900051330,0,07,000,00,2,1,05,A01
200900051331,0,07,000,02,0,2,01,A01
200900051332,0,07,000,00,2,0,01,C01
200900051332,0,07,000,00,2,0,01,B01
200900051332,0,07,000,00,2,0,01,A01
200900051333,0,07,000,00,2,1,01,A01
200900051333,0,07,000,00,2,4,01,C01
200900051333,0,07,000,00,2,4,01,B01
200900051334,0,30,000,00,1,1,01,A01
200900051335,0,07,000,00,2,3,01,B01
200900051335,0,07,000,00,2,3,13,A01
200900051336,0,02,000,00,2,1,02,A01
200900051336,0,30,000,00,2,4,23,B01
200900051337,0,01,000,00,0,0,21,A01
200900051338,0,07,000,00,1,1,15,A01
200900051339,0,33,000,00,2,1,01,A01
200900051339,0,07,000,00,2,2,01,B01
200900051340,0,31,000,00,2,1,01,A01
200900051340,0,37,001,00,2,3,15,B01
200900051341,0,32,000,00,1,1,01,A01
200900051342,0,01,000,00,1,1,01,A01
200900051343,0,07,000,00,1,1,01,A01
200900051344,0,02,000,00,2,1,01,A01
200900051344,0,07,000,00,2,4,15,B01
200900051345,0,01,000,00,2,2,19,B01
200900051345,0,07,000,00,1,2,01,A01
200900051346,0,33,000,00,2,1,01,B01
200900051346,0,07,000,00,2,3,15,A01
200900051347,0,07,000,00,1,5,01,A01
200900051348,0,02,000,00,1,1,01,A01
200900051349,0,07,000,00,9,8,15,A01
200900051349,0,02,000,00,2,1,17,B01
200900051350,0,07,000,00,2,1,13,A01
200900051350,0,07,000,00,2,1,01,B01
200900051351,0,30,000,00,2,1,01,B01
200900051351,0,07,000,00,2,8,01,A01
200900051352,0,07,000,00,2,4,01,C01
200900051352,0,07,000,00,2,1,02,A01
200900051352,0,07,000,00,2,4,02,B01
200900051353,0,07,000,00,2,1,01,A01
200900051353,0,07,000,00,2,1,01,B01
200900051354,0,07,000,00,2,1,01,A01
200900051355,0,07,000,00,1,1,01,A01
200900051356,0,07,000,00,2,7,16,A01
200900051356,0,01,000,00,9,1,01,B01
200900051357,0,07,000,00,0,4,01,B01
200900051357,0,07,000,00,2,1,02,A01
200900051358,0,34,000,00,2,1,01,B01
200900051358,0,07,000,00,9,1,15,A01
200900051359,0,07,000,00,2,3,03,B02
200900051359,0,07,000,00,2,3,01,A01
200900051359,0,07,000,00,2,3,01,D04
200900051359,0,07,000,00,2,3,01,C03
200900051360,0,33,000,00,2,1,01,B02
200900051360,0,07,000,00,2,8,01,C03
200900051360,0,21,000,00,2,5,15,A01
200900051361,0,07,000,02,0,8,21,A01
200900051362,0,02,000,00,2,8,01,B02
200900051362,0,07,000,00,2,2,15,A01
200900051363,0,10,000,00,2,3,15,A01
200900051363,0,07,000,00,2,1,01,B02
200900051364,0,33,000,07,0,7,01,A01
200900051365,0,07,000,06,2,1,15,A01
200900051365,0,10,000,06,2,2,01,B02
200900051366,0,07,000,00,2,3,01,A01
200900051366,0,07,000,00,2,8,15,B01
200900051367,0,07,000,00,2,2,01,B01
200900051367,0,07,000,00,2,8,15,A01
200900051368,0,07,000,00,2,2,17,A01
200900051368,0,01,000,00,2,1,01,B01
200900051369,0,30,000,00,0,7,09,A01
200900051370,0,07,000,00,1,1,01,A01
200900051371,0,33,000,00,2,1,17,A01
200900051371,0,07,000,00,2,6,15,B01
200900051371,0,07,000,00,2,1,01,C01
200900051372,0,07,000,01,0,1,13,A01
200900051373,0,07,000,00,2,2,09,A01
200900051373,0,33,000,00,2,8,02,B01
200900051374,0,07,000,00,1,3,01,A01
200900051375,0,07,000,00,2,1,09,B01
200900051375,0,07,000,00,2,4,21,A01
200900051376,0,07,000,00,2,3,02,B01
200900051376,0,02,000,00,2,3,13,A01
200900051377,0,07,000,02,0,7,01,A01
200900051378,0,07,000,00,2,1,02,B01
200900051378,1,07,000,00,2,4,01,A01
200900051378,0,07,000,00,2,1,02,C01
200900051379,0,07,000,00,2,1,01,A01
200900051379,0,07,000,00,2,3,01,B01
200900051380,0,07,000,04,0,0,01,A01
200900051381,0,07,000,00,1,3,01,A01
200900051382,0,07,000,00,2,3,01,A01
200900051382,0,02,000,00,2,3,13,B02
200900051383,0,07,000,00,2,3,13,A01
200900051383,0,10,000,00,2,8,01,B02
200900051384,0,07,000,02,0,8,13,A01
200900051385,0,07,000,08,0,3,14,A01
200900051386,0,14,000,00,0,1,01,A01
200900051387,0,07,000,00,0,9,14,A01
200900051388,0,07,000,00,2,2,01,B02
200900051388,0,07,000,03,2,1,01,A01
200900051389,0,07,000,13,0,3,01,A01
200900051390,0,07,000,00,2,1,01,B02
200900051390,0,07,000,00,2,1,15,A01
200900051391,0,07,000,00,2,6,01,A01
200900051391,0,07,000,00,2,7,17,B02
200900051392,0,07,000,00,2,2,11,A01
200900051392,0,07,000,00,2,4,01,B02
200900051393,0,07,000,03,2,1,01,A01
200900051393,0,07,000,00,2,4,01,B01
200900051394,0,33,000,00,0,1,03,A01
200900051395,0,10,000,00,2,2,12,A01
200900051395,0,33,000,00,2,3,01,B01
200900051396,0,07,000,00,2,8,02,B01
200900051396,0,07,000,00,2,5,01,D01
200900051396,0,33,000,00,2,9,02,A01
200900051396,0,13,000,00,0,4,00,C01
200900051397,0,07,000,04,0,7,09,A01
200900051398,0,33,000,00,2,1,02,B01
200900051398,0,32,000,00,9,3,02,C01
200900051398,0,07,000,00,2,5,12,A01
200900051399,0,07,000,03,2,7,02,B01
200900051399,0,07,000,00,2,3,11,A01
200900051400,0,07,000,04,0,3,01,A01
200900051401,0,33,000,16,0,7,01,A01
200900051402,0,07,000,04,0,3,21,A01
200900051403,0,07,000,04,0,3,21,A01
200900051404,0,33,000,14,0,3,01,A01
200900051405,0,07,000,03,0,2,02,A01
200900051406,0,07,000,00,0,0,00,A01
200900051407,0,07,000,00,2,1,02,A01
200900051407,0,07,000,00,2,4,02,B01
200900051408,0,07,000,00,2,1,02,A01
200900051408,0,10,000,00,0,4,02,B01
200900051409,0,07,000,00,2,6,12,B01
200900051409,0,33,000,00,2,1,03,A01
200900051410,0,33,000,00,2,1,02,B01
200900051410,0,07,000,00,0,5,11,A01
200900051411,0,31,000,00,2,3,03,A01
200900051411,0,07,000,00,0,7,12,B01
200900051411,0,07,000,00,0,8,01,C01
200900051412,0,07,000,01,2,1,21,C01
200900051412,0,14,000,00,0,6,23,B01
200900051412,0,07,000,01,0,1,02,A01
200900051413,0,33,000,00,2,3,03,A01
200900051413,0,07,000,00,2,2,12,B01
200900051413,0,07,000,00,2,6,01,C01
200900051414,0,07,000,00,2,3,11,A01
200900051414,0,07,000,00,2,5,02,B01
200900051415,0,07,000,00,2,5,12,B01
200900051415,0,32,000,00,2,1,03,A01
200900051416,0,33,000,00,0,8,01,B01
200900051416,0,07,000,00,2,2,12,A01
200900051417,0,33,000,00,0,7,01,A01
200900051418,0,10,000,00,2,2,17,B01
200900051418,0,07,000,00,2,3,15,A01
200900051419,0,02,000,00,2,1,01,B01
200900051419,0,07,000,00,2,6,09,A01
200900051420,0,07,000,00,2,2,01,B01
200900051420,0,07,000,00,2,1,01,A01
200900051421,0,32,000,00,0,7,01,A01
200900051422,0,30,000,00,2,7,00,B01
200900051422,1,07,000,00,2,0,00,A01
200900051423,0,07,000,00,2,3,01,B01
200900051423,0,01,000,00,2,1,16,A01
200900051424,0,33,000,00,2,4,23,B01
200900051424,0,07,000,00,2,1,01,A01
200900051425,0,07,000,00,2,5,15,A01
200900051425,0,07,000,00,2,1,01,B01
200900051426,0,07,000,00,2,3,01,A01
200900051426,0,02,000,00,2,1,15,B01
200900051427,0,07,000,00,1,1,01,A01
200900051428,0,07,000,00,2,2,01,B01
200900051428,0,10,000,00,2,1,01,C01
200900051428,0,10,000,00,2,6,18,A01
200900051429,0,33,000,00,2,7,17,A01
200900051429,0,07,000,00,2,3,15,B01
200900051430,0,33,000,00,2,1,01,B01
200900051430,1,07,000,00,2,5,15,A01
200900051431,0,02,000,00,2,1,13,A01
200900051431,0,07,000,00,2,3,01,B01
200900051432,0,07,000,00,2,3,01,B01
200900051432,0,07,000,00,2,3,15,A01
200900051433,0,33,000,00,2,1,01,A01
200900051433,0,10,000,00,2,7,16,B01
200900051434,0,07,000,00,2,7,19,A01
200900051434,0,07,000,00,2,1,01,B01
200900051435,0,07,000,00,1,1,01,A01
200900051436,0,07,000,00,2,2,15,A01
200900051436,0,01,000,00,2,1,01,B01
200900051437,0,33,000,00,2,8,01,A01
200900051437,0,07,000,00,2,0,23,B01
200900051438,0,07,000,00,2,5,15,A01
200900051438,0,07,000,00,2,1,02,B01
200900051439,0,37,003,00,1,2,01,A01
200900051440,0,07,000,00,2,5,01,A01
200900051440,0,07,000,00,2,7,15,B01
200900051441,0,07,000,00,2,2,17,A01
200900051441,0,07,000,00,2,6,01,B01
200900051442,0,07,000,00,0,9,02,A01
200900051443,0,07,000,00,1,1,01,A01
200900051444,0,33,000,00,0,0,01,A01
200900051445,0,32,000,00,2,1,01,B01
200900051445,0,07,000,00,2,2,20,A01
200900051446,0,33,000,00,2,1,01,B01
200900051446,0,07,000,00,2,3,15,A01
200900051447,0,07,000,00,2,1,00,B01
200900051447,0,07,000,00,2,4,01,A01
200900051448,0,30,000,00,1,1,01,A01
200900051449,0,33,000,00,2,1,09,A01
200900051449,0,07,000,00,2,3,01,B01
200900051450,0,07,000,00,1,1,01,A01
200900051451,0,07,000,00,2,5,16,A01
200900051451,0,30,000,00,2,8,01,B01
200900051452,0,07,000,00,2,2,01,A01
200900051452,0,07,000,00,2,8,15,B01
200900051453,0,07,000,00,1,3,01,A01
200900051454,0,07,000,00,1,1,01,A01
200900051455,0,01,000,00,2,1,01,B01
200900051455,0,07,000,00,2,1,01,A01
200900051456,0,33,000,00,2,4,23,B01
200900051456,0,07,000,00,2,1,01,A01
200900051457,0,32,000,00,2,1,15,A01
200900051457,0,07,000,00,2,3,01,B01
200900051458,0,32,000,00,1,1,01,A01
200900051459,0,01,000,00,2,8,18,A01
200900051459,0,07,000,00,2,7,22,B01
200900051460,0,07,000,00,1,1,15,A01
200900051461,0,07,000,00,1,1,01,A01
200900051462,0,07,000,00,1,1,01,A01
200900051463,0,07,000,00,1,1,01,A01
200900051464,1,07,000,00,0,0,18,A01
200900051464,0,31,000,12,0,3,21,B01
200900051465,0,07,000,00,2,1,17,A01
200900051465,0,07,000,00,2,1,01,B01
200900051466,0,07,000,00,2,1,01,A01
200900051466,0,07,000,00,2,8,01,B01
200900051467,0,07,000,00,1,1,01,A01
200900051468,0,07,000,00,2,1,01,A01
200900051468,0,07,000,00,2,4,23,B01
200900051469,0,33,000,00,2,1,02,B01
200900051469,1,15,000,00,2,5,12,A01
200900051470,0,07,000,00,9,8,15,A01
200900051470,0,32,000,00,2,1,17,B01
200900051471,0,01,000,00,2,1,16,B01
200900051471,0,07,000,00,9,2,16,A01
200900051472,0,07,000,00,1,1,01,A01
200900051473,0,01,000,00,2,9,01,B01
200900051473,1,07,000,00,2,7,17,A01
200900051474,0,30,000,00,2,7,17,B01
200900051474,0,07,000,00,2,8,15,A01
200900051475,0,30,000,01,0,1,01,A01
200900051475,0,07,000,00,9,4,24,B01
200900051476,0,07,000,00,2,1,13,A01
200900051476,0,07,000,00,2,1,01,B01
200900051477,0,30,000,00,2,7,17,B01
200900051477,0,07,000,00,9,8,16,A01
200900051478,0,10,000,00,2,3,01,C01
200900051478,0,07,000,01,2,2,01,A01
200900051478,0,07,000,01,2,8,24,B01
200900051478,0,07,000,01,0,4,24,D01
200900051479,0,07,000,00,2,2,01,A01
200900051479,0,07,000,00,2,3,01,B01
200900051480,0,07,000,00,1,2,01,A01
200900051481,0,07,000,00,2,1,01,B01
200900051481,0,07,000,00,2,1,13,A01
200900051482,0,07,000,00,9,3,16,A01
200900051482,0,30,000,00,2,1,01,B01
200900051483,0,02,000,00,2,1,05,A01
200900051483,0,02,000,00,2,1,01,B01
200900051484,0,07,000,00,9,8,01,B01
200900051484,0,30,000,00,2,3,13,A01
200900051485,0,07,000,00,9,3,09,A01
200900051485,0,30,000,00,2,1,01,B01
200900051486,0,07,000,00,2,1,01,A01
200900051486,0,07,000,00,2,2,16,B01
200900051487,0,30,000,00,2,1,14,A01
200900051487,0,07,000,00,2,3,01,B01
200900051488,0,30,000,00,2,1,00,B01
200900051488,0,07,000,00,2,3,15,A01
200900051489,0,07,000,00,1,4,04,A01
200900051490,0,07,000,00,2,3,20,A01
200900051490,0,30,000,00,2,2,01,B01
200900051491,0,30,000,00,2,7,01,B01
200900051491,0,07,000,00,9,3,19,A01
200900051492,0,07,000,00,1,1,01,A01
200900051493,0,14,000,00,2,3,01,B01
200900051493,0,07,000,00,2,1,13,A01
200900051494,0,07,000,00,2,1,01,B01
200900051494,0,07,000,00,2,4,01,A01
200900051495,0,07,000,00,1,1,00,A01
200900051496,0,07,000,13,0,1,00,A01
200900051497,0,07,000,03,0,1,13,A01
200900051498,0,07,000,02,0,5,01,A01
200900051499,1,07,000,00,1,0,01,A01
200900051500,0,07,000,00,2,3,13,A01
200900051500,0,07,000,00,2,3,01,B02
200900051501,0,07,000,00,2,1,01,B02
200900051501,0,07,000,00,2,1,17,A01
200900051502,0,07,000,00,2,2,01,B02
200900051502,0,07,000,06,2,2,01,A01
200900051503,0,07,000,13,0,9,01,A01
200900051504,0,07,000,02,0,1,02,A01
200900051505,0,07,000,00,1,1,01,A01
200900051506,0,07,000,00,2,7,17,A01
200900051506,0,02,000,00,2,6,01,B01
200900051507,0,07,000,00,1,1,01,A01
200900051508,0,10,000,00,1,6,04,A01
200900051509,0,10,000,00,2,1,19,B02
200900051509,0,07,000,00,2,3,15,A01
200900051510,0,07,000,00,2,1,09,A01
200900051510,0,01,000,00,2,1,01,B01
200900051511,0,07,000,00,2,2,16,B01
200900051511,0,30,000,00,2,1,18,A01
200900051512,0,07,000,00,2,4,02,B01
200900051512,0,07,000,00,2,1,02,A01
200900051513,0,07,000,00,2,1,01,A01
200900051513,0,07,000,00,2,1,01,B01
200900051514,0,31,000,00,2,1,13,A01
200900051514,0,07,000,00,2,1,01,B01
200900051515,1,07,000,00,2,0,10,A01
200900051515,0,02,000,00,2,1,01,B01
200900051516,0,07,000,00,2,3,01,B01
200900051516,0,07,000,00,2,4,01,A01
200900051516,0,07,000,00,2,2,01,C01
200900051517,0,15,000,00,1,1,16,A01
200900051518,0,07,000,00,1,1,01,A01
200900051519,0,07,000,00,1,1,01,A01
200900051520,0,07,000,00,0,4,02,C01
200900051520,0,07,000,00,2,4,02,B01
200900051520,0,07,000,00,2,1,02,A01
200900051521,0,07,000,00,2,6,01,B01
200900051521,0,07,000,00,2,1,09,A01
200900051522,0,07,000,00,2,3,13,A01
200900051522,0,07,000,00,2,3,00,B01
200900051523,0,07,000,00,2,1,01,B01
200900051523,0,07,000,00,2,1,15,A01
200900051524,0,07,000,00,1,1,01,A01
200900051525,0,07,000,00,2,3,01,B01
200900051525,0,07,000,00,2,1,16,A01
200900051526,0,07,000,00,2,1,05,A01
200900051526,0,07,000,00,2,3,01,B01
200900051527,0,07,000,00,9,3,15,A01
200900051527,0,02,000,00,2,1,01,B01
200900051528,0,07,000,00,1,1,16,A01
200900051529,0,07,000,00,2,4,02,B01
200900051529,0,07,000,00,2,1,02,A01
200900051530,0,07,000,00,1,2,01,A01
200900051531,0,07,000,00,2,2,09,A01
200900051531,0,30,000,00,2,7,01,B01
200900051532,0,07,000,00,2,7,15,A01
200900051532,0,33,000,00,2,1,01,B01
200900051533,0,07,000,00,1,0,01,A01
200900051534,0,07,000,10,0,1,00,A01
200900051535,0,07,000,00,1,3,00,A01
200900051536,0,07,000,00,2,1,01,B01
200900051536,0,07,000,00,2,2,15,A01
200900051537,0,07,000,00,1,1,01,A01
200900051538,0,07,000,00,2,3,00,A01
200900051538,0,30,000,00,2,1,01,B01
200900051539,0,07,000,00,1,1,15,A01
200900051540,0,07,000,13,0,9,14,A01
200900051541,0,02,000,00,2,1,01,A01
200900051541,0,07,000,00,2,5,01,B01
200900051542,0,07,000,00,1,7,01,A01
200900051543,0,07,000,00,1,3,01,A01
200900051544,0,07,000,00,2,1,01,A01
200900051544,0,07,000,00,0,4,01,B01
200900051545,0,07,000,00,1,7,01,A01
200900051546,0,30,000,00,0,1,00,A01
200900051547,0,07,000,00,2,1,01,B01
200900051547,0,37,003,09,2,7,00,A01
200900051548,0,07,000,00,2,5,01,A01
200900051548,0,07,000,00,2,1,01,B02
200900051549,0,07,000,00,2,3,01,B01
200900051549,0,07,000,00,2,1,01,A01
200900051550,0,02,000,00,0,0,01,A01
200900051551,0,07,000,00,1,2,01,A01
200900051552,0,30,000,00,2,3,02,A01
200900051552,0,07,000,00,2,4,02,B01
200900051553,0,02,000,00,0,0,21,A01
200900051554,0,07,000,13,0,2,14,A01
200900051555,0,07,000,13,0,3,01,A01
200900051556,0,10,000,13,0,3,01,A01
200900051557,0,07,000,06,0,1,00,A01
200900051558,0,02,000,00,5,0,21,A01
200900051559,0,07,000,00,1,3,01,A01
200900051560,0,07,000,00,1,2,01,A01
200900051561,0,01,000,00,2,8,19,A01
200900051561,0,07,000,00,9,1,01,B02
200900051562,0,07,000,00,2,1,01,A01
200900051562,0,30,000,00,2,8,19,B02
200900051563,0,07,000,00,2,1,01,B02
200900051563,0,07,000,00,2,8,19,A01
200900051564,0,07,000,14,0,3,01,C03
200900051564,0,07,000,00,2,3,01,A01
200900051564,0,07,000,00,2,3,01,B02
200900051565,0,07,000,00,2,3,05,A01
200900051565,0,07,000,00,2,3,01,B02
200900051566,0,10,000,00,1,2,16,A01
200900051567,0,07,000,00,2,3,13,A01
200900051567,0,10,000,00,2,3,01,B01
200900051568,0,30,000,00,0,0,01,A01
200900051569,0,07,000,00,2,1,01,A01
200900051569,0,07,000,00,2,4,01,B01
200900051570,0,07,000,00,2,2,15,A01
200900051570,0,30,000,00,2,1,01,B01
200900051571,0,07,000,01,0,3,00,A01
200900051572,0,02,000,00,2,0,00,B01
200900051572,0,07,000,00,2,0,02,A01
200900051573,0,07,000,02,0,1,01,A01
200900051574,1,07,000,00,1,0,00,A01
200900051575,0,02,000,00,2,1,01,A01
200900051575,0,07,000,00,2,4,02,B01
200900051576,0,07,000,00,2,0,00,B01
200900051577,0,01,000,00,2,7,19,A01
200900051577,0,07,000,00,2,1,01,B01
200900051578,0,07,000,00,2,0,00,A01
200900051578,0,01,000,00,2,0,00,B01
200900051579,0,07,000,00,2,1,01,B02
200900051579,0,07,000,00,2,8,13,A01
200900051580,0,07,000,00,2,7,01,A01
200900051580,0,07,000,00,2,1,01,B02
200900051581,0,07,000,02,0,7,01,A01
200900051582,0,15,000,00,2,3,23,B02
200900051582,0,07,000,00,2,3,01,A01
200900051583,0,30,000,00,2,1,08,A01
200900051583,0,15,000,00,2,8,00,B02
200900051584,0,07,000,00,2,1,01,B02
200900051584,0,10,000,00,2,2,15,A01
200900051585,0,07,000,13,0,2,01,A01
200900051586,0,07,000,00,2,3,01,A01
200900051586,0,07,000,00,2,3,00,B02
200900051587,2,07,000,16,0,9,01,A01
200900051588,0,07,000,00,1,0,16,A01
200900051589,0,33,000,00,2,0,00,A01
200900051589,0,07,000,00,2,3,00,B01
200900051590,0,02,000,00,0,0,00,A01