Num_Acc,senc,catv,occutc,obs,obsm,choc,manv,num_veh
200900051960,0,01,000,00,2,1,01,B01
200900051961,0,07,000,00,2,3,01,A01
200900051961,0,37,000,00,2,3,01,B02
200900051962,0,02,000,01,0,1,21,B02
200900051962,0,07,000,00,2,6,23,A01
200900051963,0,07,000,00,2,3,15,A01
200900051963,0,33,000,00,2,1,01,B02
200900051964,1,07,000,00,1,1,01,A01
200900051965,0,07,000,00,2,1,01,A01
200900051965,0,07,000,00,0,7,01,B01
200900051966,0,07,000,01,2,8,01,A01
200900051966,0,07,000,00,2,1,01,B01
200900051967,0,07,000,00,1,0,01,A01
200900051968,0,07,000,00,0,4,01,B01
200900051968,1,07,000,00,2,1,02,A01
200900051969,0,07,000,00,2,3,01,C01
200900051969,0,07,000,00,0,3,01,B01
200900051969,0,07,000,00,2,3,13,A01
200900051970,0,07,000,00,1,4,20,A01
200900051971,0,07,000,00,0,9,01,A01
200900051972,0,07,000,04,0,3,00,A01
200900051972,0,07,000,14,2,3,01,B01
200900051973,0,07,000,00,2,1,01,B01
200900051973,0,07,000,00,2,7,06,A01
200900051974,0,07,000,00,2,4,01,A01
200900051974,0,07,000,00,2,1,02,B01
200900051975,0,07,000,02,0,1,00,A01
200900051976,0,07,000,02,0,2,01,A01
200900051977,0,07,000,00,0,1,01,A01
200900051977,0,15,000,00,0,1,01,B01
200900051978,0,10,000,00,2,1,01,B01
200900051978,0,07,000,00,2,3,01,C01
200900051978,0,17,000,14,0,1,01,D01
200900051978,0,07,000,00,2,1,05,A01
200900051979,0,07,000,03,2,1,01,A01
200900051979,0,17,000,00,2,6,01,B01
200900051980,0,07,000,00,2,4,02,B01
200900051980,0,07,000,00,2,1,02,A01
200900051981,0,10,000,00,1,1,01,A01
200900051982,0,07,000,04,0,3,01,A01
200900051983,0,33,000,00,2,1,17,A01
200900051983,0,07,000,00,2,8,15,B01
200900051984,0,07,000,00,1,1,00,A01
200900051985,0,07,000,00,2,1,00,A01
200900051985,0,07,000,00,2,4,00,B01
200900051986,0,07,000,00,2,3,00,B01
200900051986,0,07,000,06,2,1,05,A01
200900051987,0,30,000,00,2,0,00,B01
200900051988,0,07,000,11,0,1,17,A01
200900051989,0,07,000,00,0,4,23,C01
200900051989,0,10,000,00,2,1,02,A01
200900051989,0,07,000,00,2,4,02,B01
200900051990,0,07,000,00,0,4,02,C01
200900051990,0,07,000,00,2,5,02,B01
200900051990,0,07,000,00,2,1,02,A01
200900051991,0,07,000,00,2,1,00,B01
200900051991,0,07,000,07,2,8,15,A01
200900051992,0,07,000,00,2,1,01,A01
200900051992,0,07,000,00,0,4,01,B01
200900051993,0,07,000,08,0,1,14,A01
200900051994,0,10,000,00,0,4,00,B01
200900051994,0,07,000,00,2,1,00,A01
200900051995,0,07,000,00,2,2,01,B01
200900051995,0,30,000,00,2,1,01,A01
200900051996,0,01,000,00,0,4,01,A01
200900051997,0,07,000,00,9,3,01,A01
200900051997,0,33,000,00,2,1,01,B01
200900051998,0,07,000,00,2,1,01,A01
200900051998,0,07,000,00,2,4,01,B01
200900051999,0,07,000,00,2,4,02,B01
200900051999,0,07,000,00,2,1,02,A01
200900052000,0,07,000,00,2,4,02,B01
200900052000,0,07,000,00,2,1,02,A01
200900052000,0,07,000,00,2,4,02,C01
200900052001,0,07,000,02,0,1,01,A01
200900052001,0,07,000,02,2,2,01,B01
200900052002,0,07,000,00,2,0,00,A01
200900052002,0,99,000,00,2,8,00,B01
200900052003,0,02,000,00,2,0,00,B01
200900052003,0,07,000,00,9,0,00,A01
200900052004,0,30,000,00,0,1,00,A01
200900052005,0,16,000,00,2,3,01,A01
200900052005,0,07,000,00,9,1,05,B01
200900052006,0,07,000,00,1,0,00,A01
200900052007,1,36,000,01,1,1,00,A01
200900052008,0,07,000,00,2,1,00,A01
200900052008,0,07,000,00,2,1,00,B01
200900052009,0,30,000,00,2,2,15,A01
200900052009,0,03,000,00,2,8,01,B02
200900052010,0,07,000,02,0,2,14,A01
200900052011,0,07,000,00,2,8,01,C03
200900052011,0,33,000,00,2,0,01,B02
200900052011,0,07,000,00,2,7,15,A01
200900052011,0,07,000,00,2,3,01,D04
200900052012,0,07,000,02,0,6,01,A01
200900052013,0,07,000,02,0,1,01,A01
200900052014,0,07,000,13,0,3,01,A01
200900052015,0,33,000,00,0,3,01,A01
200900052016,0,10,000,00,0,2,00,B02
200900052016,0,33,000,00,0,1,01,A01
200900052017,0,07,000,00,2,1,01,A01
200900052017,0,07,000,00,2,1,01,B02
200900052018,0,33,000,00,2,7,01,B02
200900052018,0,07,000,00,2,8,09,A01
200900052019,0,33,000,08,0,2,13,A01
200900052020,0,17,000,00,0,4,01,B02
200900052020,0,07,000,00,2,1,01,A01
200900052021,0,07,000,00,0,2,09,A01
200900052021,0,33,000,00,2,3,01,B01
200900052022,0,99,000,00,2,8,01,A01
200900052022,0,33,000,00,2,1,01,B01
200900052023,0,07,000,00,2,8,10,A01
200900052023,0,07,000,00,2,1,01,B02
200900052024,0,33,000,13,0,0,00,A01
200900052025,0,10,000,00,2,1,01,B02
200900052025,0,07,000,00,2,7,01,A01
200900052026,0,07,000,00,6,8,01,A01
200900052027,0,07,000,00,1,3,01,A01
200900052028,0,07,000,07,0,8,01,A01
200900052029,0,07,000,02,0,8,01,A01
200900052030,0,07,000,00,1,2,01,A01
200900052031,0,07,000,00,0,3,24,C01
200900052031,0,07,000,00,2,2,15,A01
200900052031,0,02,000,01,2,1,01,B01
200900052032,0,07,000,00,2,1,01,B01
200900052032,0,07,000,00,2,8,01,A01
200900052033,0,07,000,00,1,1,01,A01
200900052034,0,07,000,00,2,4,02,B01
200900052034,0,33,000,00,2,1,02,A01
200900052035,0,30,000,00,2,1,02,A01
200900052035,0,07,000,00,0,4,01,B01
200900052036,0,07,000,00,2,1,02,A01
200900052036,0,07,000,00,2,4,01,B01
200900052037,0,07,000,00,0,3,01,B01
200900052037,0,30,000,00,2,1,03,A01
200900052037,0,07,000,00,2,1,01,C01
200900052038,0,07,000,00,0,1,01,A01
200900052039,0,07,000,00,2,1,09,A01
200900052039,0,07,000,00,2,1,01,B01
200900052040,0,07,000,06,0,7,01,A01
200900052041,0,10,000,13,0,2,01,A01
200900052042,0,07,000,06,1,1,00,A01
200900052043,0,15,000,00,2,1,02,A01
200900052043,0,07,000,00,0,4,01,B01
200900052044,0,07,000,00,0,9,01,A01
200900052045,0,07,000,00,2,2,00,B01
200900052045,0,07,000,00,2,1,02,A01
200900052046,0,07,000,00,0,0,15,B01
200900052046,0,07,000,00,0,1,01,A01
200900052047,0,07,000,10,0,3,01,A01
200900052048,0,07,000,08,5,5,01,A01
200900052049,0,33,000,00,0,0,01,A01
200900052050,0,01,000,00,2,1,13,A01
200900052050,0,07,000,00,2,1,01,B02
200900052051,0,07,000,04,0,3,17,A01
200900052052,0,07,000,00,2,2,15,A01
200900052052,0,02,000,00,2,1,01,B02
200900052053,0,10,000,00,2,3,01,A01
200900052053,0,07,000,00,2,3,01,B02
200900052054,0,07,000,00,2,2,01,A01
200900052054,0,07,000,00,2,1,01,B02
200900052055,0,07,000,00,2,7,00,A01
200900052055,0,07,000,00,2,1,15,B02
200900052056,0,07,000,07,0,3,01,A01
200900052057,0,07,000,08,0,3,14,A01
200900052058,0,10,000,06,0,2,01,A01
200900052059,0,30,000,00,2,1,01,B02
200900052059,0,07,000,00,2,3,15,A01
200900052060,0,30,000,00,2,8,01,B02
200900052060,0,07,000,00,2,3,15,A01
200900052060,0,07,000,00,9,8,01,C03
200900052061,0,07,000,00,2,1,01,B02
200900052061,0,07,000,00,2,7,13,A01
200900052062,0,07,000,00,9,7,02,A01
200900052062,0,01,000,00,0,0,00,B02
200900052063,0,14,000,03,0,9,00,A01
200900052064,0,07,000,00,1,4,04,A01
200900052065,0,07,000,00,1,1,00,A01
200900052066,0,07,000,00,2,1,00,A01
200900052066,0,07,000,06,2,7,01,B01
200900052067,0,30,000,00,2,8,01,A01
200900052067,0,07,000,00,2,1,00,B01
200900052068,0,07,000,00,1,2,01,A01
200900052069,0,07,000,00,2,4,01,C01
200900052069,0,07,000,00,2,4,02,B01
200900052069,0,07,000,00,2,1,01,A01
200900052069,0,07,000,00,1,4,01,D01
200900052070,0,07,000,00,2,2,09,A01
200900052070,0,07,000,00,2,2,01,B01
200900052071,0,07,000,00,2,1,00,A01
200900052071,0,01,000,00,2,1,00,C01
200900052071,0,01,000,00,2,1,00,B01
200900052072,0,07,000,00,2,8,09,A01
200900052072,0,01,000,00,2,1,01,B01
200900052073,0,07,000,00,2,3,16,A01
200900052073,0,07,000,00,2,3,01,B01
200900052074,0,07,000,00,2,8,15,B01
200900052074,0,33,000,00,2,1,17,A01
200900052075,0,07,000,00,2,0,09,A01
200900052075,0,02,000,00,2,2,01,B01
200900052076,0,07,000,00,2,7,15,B01
200900052076,0,07,000,00,2,1,01,A01
200900052077,0,07,000,00,2,1,01,B01
200900052077,0,07,000,00,2,5,15,A01
200900052078,0,30,000,00,2,1,05,A01
200900052078,0,07,000,00,2,1,01,B01
200900052079,0,15,000,00,2,4,02,B01
200900052079,0,07,000,00,2,1,02,A01
200900052080,0,07,000,00,2,4,01,B01
200900052080,0,07,000,00,2,1,01,A01
200900052081,0,33,000,14,0,2,00,A01
200900052082,0,07,000,00,2,8,11,B01
200900052082,0,17,000,00,0,6,00,A01
200900052083,0,03,000,00,1,0,14,A01
200900052084,1,02,000,00,1,0,13,A01
200900052085,0,30,000,00,2,8,13,A01
200900052085,0,07,000,00,2,1,01,B02
200900052086,0,02,000,00,2,4,01,B02
200900052086,0,10,000,00,2,3,01,A01
200900052087,0,07,000,00,2,2,19,A01
200900052087,0,07,000,00,2,3,01,B02
200900052088,0,07,000,00,2,1,19,B02
200900052088,0,30,000,00,2,8,01,A01
200900052089,0,10,000,02,0,1,13,A01
200900052090,0,15,000,00,2,8,01,B02
200900052090,0,07,000,00,2,8,17,A01
200900052091,0,33,000,00,2,1,01,B02
200900052091,0,07,000,00,2,7,10,A01
200900052092,0,01,000,00,2,3,01,B02
200900052092,0,07,000,00,2,5,16,A01
200900052093,0,07,000,00,2,1,02,A01
200900052093,0,07,000,00,0,4,02,B02
200900052094,0,07,000,00,0,3,01,A01
200900052094,0,10,000,00,0,3,01,B02
200900052095,0,01,000,01,0,1,01,B02
200900052095,0,07,000,00,2,8,00,A01
200900052096,0,07,000,13,0,1,14,A01
200900052097,0,21,000,00,2,8,21,B02
200900052097,0,30,000,00,2,1,13,A01
200900052098,0,07,000,00,2,1,01,B02
200900052098,0,07,000,00,2,1,01,A01
200900052099,0,33,000,00,2,1,01,C03
200900052099,0,16,000,00,0,0,19,A01
200900052100,0,33,000,02,0,1,01,A01
200900052101,0,07,000,00,1,3,01,A01
200900052102,0,30,000,06,0,5,01,A01
200900052103,0,01,000,00,0,3,00,A01
200900052104,0,07,000,13,0,1,01,A01
200900052105,0,07,000,00,1,2,01,A01
200900052106,0,07,000,00,2,1,05,A01
200900052106,0,33,000,00,2,1,01,B02
200900052107,0,07,000,00,2,2,01,B02
200900052107,0,20,000,00,2,1,19,A01
200900052108,0,33,000,00,2,1,01,B02
200900052108,0,07,000,00,2,3,15,A01
200900052109,0,31,000,00,2,1,00,A01
200900052109,0,31,000,00,0,4,00,B02
200900052110,0,07,000,00,2,3,01,B02
200900052110,0,07,000,00,2,1,13,A01
200900052111,0,07,000,00,2,1,01,B01
200900052111,0,07,000,00,2,7,15,A01
200900052112,0,07,000,00,0,3,16,A01
200900052113,0,07,000,00,1,1,01,A01
200900052114,0,07,000,03,2,6,01,B01
200900052114,0,07,000,03,2,1,01,A01
200900052115,0,30,000,00,2,1,01,A01
200900052115,0,07,000,00,2,4,16,B01
200900052116,0,07,000,00,2,1,02,A01
200900052116,0,07,000,00,2,4,02,B01
200900052116,0,07,000,00,0,6,02,C01
200900052117,0,33,000,00,2,3,01,B01
200900052117,0,07,000,00,2,2,19,A01
200900052118,0,07,000,00,1,2,01,A01
200900052119,0,30,000,00,2,1,19,A01
200900052119,0,07,000,00,2,5,01,B01
200900052120,0,07,000,00,2,1,01,C03
200900052120,0,07,000,00,2,8,19,A01
200900052120,0,10,000,00,2,5,01,B02
200900052121,0,07,000,02,0,5,01,A01
200900052122,0,07,000,00,2,6,19,A01
200900052122,0,14,000,00,2,1,01,B02
200900052123,0,07,000,13,0,2,01,A01
200900052124,0,07,000,08,0,1,01,A01
200900052125,0,07,000,00,2,1,11,A01
200900052125,0,15,000,00,2,1,01,B02
200900052126,0,17,000,00,2,8,01,C03
200900052126,0,07,000,13,2,2,14,A01
200900052126,0,17,000,00,2,3,01,B02
200900052127,0,07,000,06,0,8,01,A01
200900052128,0,07,000,00,0,2,00,H08
200900052128,0,07,000,01,0,1,00,D04
200900052128,0,17,000,01,0,2,00,C03
200900052128,0,07,000,01,0,1,00,B02
200900052128,0,07,000,00,0,1,00,F06
200900052128,0,07,000,00,0,4,00,A01
200900052128,0,07,000,01,0,1,00,I09
200900052128,0,07,000,00,0,1,00,G07
200900052128,0,07,000,01,0,1,00,E05
200900052129,0,30,000,00,2,7,01,B02
200900052129,0,07,000,00,2,1,01,A01
200900052130,0,07,000,06,0,1,01,A01
200900052131,0,17,000,13,0,0,16,A01
200900052132,0,07,000,04,0,1,01,A01
200900052133,0,07,000,00,1,8,01,A01
200900052134,0,07,000,00,2,3,10,A01
200900052134,0,07,000,00,2,2,01,B02
200900052135,0,07,000,00,0,1,13,A01
200900052135,0,07,000,00,0,1,00,B02
200900052136,0,07,000,00,1,2,01,A01
200900052137,0,07,000,02,0,7,01,A01
200900052138,0,07,000,00,2,1,00,A01
200900052138,0,07,000,00,0,4,00,B02
200900052139,0,33,000,00,1,1,01,A01
200900052140,0,07,000,00,2,1,01,A01
200900052140,0,21,000,00,2,3,23,B01
200900052141,0,07,000,00,2,1,01,B01
200900052141,0,07,000,00,2,7,13,A01
200900052142,0,30,000,00,2,0,13,A01
200900052142,0,01,000,00,2,8,01,B01
200900052142,0,07,000,00,0,0,00,C01
200900052143,0,07,000,00,0,4,23,B01
200900052143,0,07,000,00,2,1,01,A01
200900052144,0,07,000,06,0,2,01,A01
200900052145,0,07,000,03,0,1,01,A01
200900052146,0,07,000,00,2,2,01,A01
200900052146,0,01,000,00,2,1,15,B02
200900052147,0,33,000,00,2,1,17,B02
200900052147,0,10,000,00,0,3,15,A01
200900052148,0,07,000,00,1,2,01,A01
200900052149,0,07,000,00,2,3,01,B02
200900052149,0,07,000,00,2,3,01,A01
200900052150,0,07,000,00,2,2,15,B02
200900052150,0,02,000,00,2,1,01,A01
200900052151,0,07,000,06,0,1,01,A01
200900052152,0,10,000,00,1,4,04,A01
200900052153,0,07,000,00,1,1,01,A01
200900052154,0,36,000,16,0,9,00,A01
200900052155,0,30,000,00,2,1,05,A02
200900052155,0,07,000,00,2,1,01,A01
200900052156,0,07,000,00,2,1,02,A01
200900052156,0,10,000,00,2,4,02,B01
200900052157,0,10,000,00,2,1,02,A01
200900052157,0,07,000,00,2,4,02,B01
200900052158,0,32,000,00,1,1,01,A01
200900052159,0,10,000,00,2,0,01,A01
200900052159,0,07,000,00,9,1,02,C01
200900052159,0,07,000,00,9,8,02,B01
200900052160,0,07,000,00,1,0,00,A01
200900052161,0,07,000,00,1,1,16,A01
200900052162,0,02,000,00,2,1,01,B01
200900052162,1,07,000,00,2,1,13,A01
200900052163,0,07,000,03,0,0,21,A01
200900052164,0,07,000,00,0,0,00,A01
200900052164,0,30,000,00,0,0,00,B01
200900052165,0,01,000,00,1,6,02,A01
200900052166,0,07,000,00,0,0,00,B01
200900052166,0,02,000,00,0,0,00,A01
200900052167,0,07,000,00,2,8,12,A01
200900052167,0,30,000,00,2,1,01,B01
200900052168,0,07,000,00,1,0,00,A01
200900052169,0,07,000,00,2,1,01,B01
200900052169,0,07,000,00,2,7,15,A01
200900052170,0,37,001,00,2,8,16,A01
200900052170,0,02,000,00,2,2,17,B01
200900052171,0,07,000,13,0,2,14,A01
200900052172,0,33,000,00,2,1,02,B01
200900052172,0,07,000,00,2,7,15,A01
200900052173,0,07,000,00,1,1,01,A01
200900052174,0,07,000,00,2,4,01,B01
200900052174,0,32,000,00,2,1,02,A01
200900052175,0,07,000,00,2,4,00,A01
200900052175,0,07,000,00,0,1,01,B01
200900052176,0,17,000,00,0,8,13,A01
200900052177,0,32,000,00,0,0,00,B01
200900052177,0,07,000,00,2,2,00,A01
200900052178,0,07,000,00,2,3,02,C01
200900052178,0,10,000,01,2,3,02,A01
200900052178,0,07,000,00,2,5,02,B01
200900052179,0,07,000,00,2,1,01,B02
200900052179,0,07,000,00,2,8,16,A01
200900052180,0,07,000,00,2,3,01,B02
200900052181,0,07,000,03,0,3,01,A01
200900052182,0,07,000,00,2,1,01,B02
200900052182,0,07,000,00,2,1,15,A01
200900052183,0,33,000,00,2,3,01,B02
200900052183,0,07,000,00,0,3,06,A01
200900052184,0,07,000,00,2,3,01,A01
200900052184,0,33,000,01,2,1,13,B02
200900052185,0,07,000,00,1,2,14,A01
200900052186,0,03,000,13,0,0,13,A01
200900052187,0,17,000,01,0,2,01,A01
200900052187,0,10,000,00,2,6,24,B02
200900052188,2,07,000,00,2,1,15,A01
200900052188,0,31,000,00,2,1,01,B02
200900052189,0,07,000,00,2,3,13,A01
200900052189,0,07,000,00,2,3,13,B02
200900052190,0,07,000,00,2,1,13,A01
200900052190,0,07,000,00,2,1,01,B02
200900052191,0,07,000,00,2,1,00,B02
200900052191,0,07,000,00,2,1,01,A01
200900052192,0,07,000,00,2,3,01,A01
200900052192,0,07,000,00,2,3,13,B02
200900052193,0,07,000,02,0,1,01,A01
200900052194,0,10,000,00,2,0,01,A01
200900052194,0,07,000,00,9,3,01,C03
200900052194,0,37,000,00,9,3,01,D04
200900052195,0,33,000,00,2,3,13,A01
200900052195,0,07,000,00,2,6,01,B02
200900052195,0,33,000,00,0,0,01,C03
200900052196,0,07,000,00,2,1,15,B02
200900052196,0,07,000,00,2,1,01,A01
200900052197,0,02,000,00,2,2,17,B02
200900052197,0,07,000,00,2,6,13,A01
200900052198,0,07,000,00,0,5,19,A01
200900052198,0,33,000,00,2,1,01,B02
200900052199,0,02,000,00,2,1,17,C03
200900052199,0,14,000,00,0,0,23,A01
200900052199,0,07,000,00,2,3,01,B02
200900052200,0,33,000,00,2,1,01,B02
200900052200,0,07,000,00,2,3,09,A01
200900052201,0,07,000,01,0,1,01,C03
200900052202,0,07,000,13,0,2,01,A01
200900052203,0,07,000,13,0,9,01,A01
200900052204,0,14,000,00,0,4,24,B02
200900052204,0,07,000,01,0,1,13,A01
200900052205,0,07,000,00,2,6,17,A01
200900052205,0,07,000,00,2,2,17,B02
200900052205,0,07,000,00,2,8,01,C03
200900052206,0,07,000,04,0,3,17,A01
200900052207,0,07,000,00,2,4,00,C03
200900052207,0,07,000,14,0,3,02,A01
200900052207,0,14,000,00,2,3,02,B02
200900052207,0,10,000,00,2,1,00,D04
200900052208,0,07,000,00,2,3,15,A01
200900052208,0,33,000,00,2,1,01,B02
200900052209,0,01,000,00,0,1,17,B02
200900052209,0,01,000,00,0,4,13,A01
200900052210,0,03,000,00,2,1,01,B02
200900052210,0,10,000,00,2,3,10,A01
200900052211,0,07,000,00,2,3,13,A01
200900052211,0,10,000,00,0,5,01,B02
200900052211,0,07,000,00,0,3,01,C03
200900052212,0,07,000,00,1,5,20,A01
200900052213,0,07,000,02,0,7,13,A01
200900052214,0,33,000,05,0,0,00,A01
200900052215,0,33,000,03,0,8,13,A01
200900052216,0,33,000,00,2,1,01,B02
200900052216,0,10,000,00,0,8,10,A01
200900052217,0,02,000,00,2,1,01,B02
200900052217,0,07,000,00,0,4,01,A01
200900052218,0,02,000,00,2,2,17,B02
200900052218,0,07,000,00,2,8,15,A01
200900052219,0,21,000,00,0,3,15,B02
200900052219,0,10,000,00,0,7,17,A01
200900052220,0,30,000,01,0,1,01,A01
200900052221,0,07,000,13,0,9,01,A01
200900052222,0,07,000,00,0,0,00,A01
200900052223,0,07,000,08,0,1,13,A01
200900052224,0,07,000,00,9,1,01,A01
200900052224,0,01,000,00,2,4,02,B01
200900052225,0,07,000,00,2,4,11,A01
200900052225,0,07,000,00,2,1,00,B01
200900052226,0,07,000,00,1,4,04,A01
200900052227,0,07,000,00,1,1,01,A01
200900052228,0,30,000,00,0,0,00,B01
200900052228,0,07,000,00,0,0,00,A01
200900052228,0,34,000,00,0,0,00,C01
200900052229,0,07,000,00,0,0,00,A01
200900052230,0,07,000,00,2,3,15,A01
200900052230,0,33,000,00,2,1,17,B01
200900052231,0,07,000,00,0,6,23,B01
200900052231,0,07,000,01,0,2,01,A01
200900052232,0,07,000,00,0,4,01,B01
200900052232,0,03,000,00,2,1,01,A01
200900052233,0,07,000,00,1,1,02,A01
200900052234,0,31,000,00,2,2,12,A01
200900052234,0,07,000,00,2,6,16,B01
200900052235,0,07,000,13,0,1,01,A01
200900052236,0,32,000,00,2,1,17,A01
200900052236,0,07,000,00,0,8,15,B01
200900052237,0,07,000,00,2,4,23,B01
200900052237,0,30,000,00,2,1,01,A01
200900052238,0,07,000,00,2,2,19,B01
200900052238,0,07,000,00,2,4,23,C01
200900052238,0,07,000,07,2,1,01,A01
200900052239,0,07,000,14,0,2,19,A01
200900052240,0,07,000,05,0,2,01,A01
200900052241,0,01,000,00,2,1,01,A01
200900052241,0,07,000,00,2,3,09,B01
200900052242,0,02,000,00,2,1,03,A01
200900052242,0,10,000,00,2,2,01,B01
200900052242,0,07,000,00,0,0,01,C01
200900052243,0,30,000,00,0,0,00,A01
200900052244,0,07,000,00,2,1,15,A01
200900052244,0,07,000,00,2,2,00,B01
200900052245,0,07,000,13,0,1,01,A01
200900052246,0,07,000,00,2,7,01,B01
200900052246,0,07,000,00,2,3,09,A01
200900052247,0,07,000,00,0,1,01,B01
200900052247,0,14,000,00,0,0,00,A01
200900052248,0,30,000,00,0,8,01,A01
200900052249,0,02,000,13,0,1,01,A01
200900052250,0,07,000,00,1,3,01,A01
200900052251,0,07,000,00,2,1,15,A01
200900052251,0,07,000,00,2,3,01,B01
200900052252,0,33,000,00,2,1,17,B01
200900052252,0,07,000,00,0,8,10,A01
200900052253,0,07,000,00,9,3,20,B01
200900052253,0,33,000,00,2,2,01,A01
200900052254,0,07,000,00,2,1,01,B01
200900052254,1,07,000,00,2,1,01,A01
200900052255,0,07,000,00,1,3,01,A01
200900052256,0,32,000,00,0,8,01,A01
200900052257,0,32,000,00,2,1,01,B01
200900052257,0,07,000,00,2,2,15,A01
200900052258,0,33,000,12,2,1,01,A01
200900052258,0,07,000,00,0,4,01,B01
200900052259,0,07,000,00,1,4,04,A01
200900052260,0,10,000,00,2,8,15,B01
200900052260,0,30,000,00,2,1,01,A01
200900052261,0,07,000,00,2,2,01,B01
200900052261,0,32,000,00,2,8,00,A01
200900052262,0,07,000,00,2,3,09,B01
200900052262,0,07,000,00,2,3,09,A01
200900052263,0,07,000,04,0,7,01,A01
200900052264,0,07,000,00,2,6,01,A01
200900052264,0,33,000,00,2,1,01,B01
200900052265,0,07,000,00,0,4,02,B01
200900052265,0,07,000,00,2,1,02,A01
200900052266,0,07,000,03,0,1,01,A01
200900052267,0,30,000,00,0,8,01,A01
200900052268,0,07,000,00,1,2,01,A01
200900052269,0,07,000,00,2,1,01,A01
200900052269,0,07,000,00,2,3,15,B01
200900052270,0,07,000,00,2,2,13,A01
200900052270,0,07,000,00,2,3,01,B01
200900052271,0,07,000,13,0,1,01,A01
200900052272,0,07,000,00,2,6,15,A01
200900052272,0,07,000,00,2,1,01,B01
200900052273,0,32,000,00,2,1,02,A01
200900052273,0,07,000,00,2,8,02,B01
200900052274,0,33,000,00,2,1,01,B01
200900052274,0,07,000,00,2,7,09,A01
200900052275,0,02,000,01,0,1,14,A01
200900052276,0,33,000,00,2,1,17,A01
200900052276,0,07,000,00,2,8,01,C01
200900052276,0,33,000,00,2,4,17,B01
200900052277,0,07,000,00,2,5,15,A01
200900052277,0,02,000,00,2,1,18,B01
200900052277,0,07,000,00,2,2,01,C01
200900052278,0,07,000,00,2,6,01,C01
200900052278,0,31,000,00,2,1,17,A01
200900052278,0,07,000,00,2,3,01,B01
200900052279,0,07,000,00,1,2,01,A01
200900052280,0,07,000,00,2,1,23,B01
200900052280,0,33,000,00,2,1,19,A01
200900052281,0,07,000,00,4,3,01,A01
200900052281,0,40,000,00,2,1,01,B01
200900052282,0,07,000,00,2,4,01,B01
200900052282,0,07,000,00,2,1,01,A01
200900052283,0,01,000,00,2,4,12,B01
200900052283,0,07,000,00,2,2,09,A01
200900052284,0,07,000,00,2,2,01,A01
200900052284,0,31,000,08,1,1,01,B01
200900052285,0,07,000,00,2,1,02,A01
200900052285,0,07,000,00,2,4,02,B01
200900052286,0,01,000,00,2,8,19,B01
200900052286,0,10,000,00,9,1,01,A01
200900052287,0,07,000,00,2,2,15,B01
200900052287,0,01,000,00,2,8,01,A01
200900052288,0,33,000,00,2,8,02,B01
200900052288,0,07,000,00,2,2,16,A01
200900052289,0,02,000,00,2,1,05,A01
200900052289,0,07,000,00,2,8,01,B01
200900052290,0,33,000,15,0,7,02,A01
200900052291,0,07,000,00,9,7,17,A01
200900052291,0,01,000,00,2,8,01,B01
200900052292,0,07,000,00,1,7,01,A01
200900052293,0,31,000,00,2,1,01,B01
200900052293,0,07,000,00,0,5,15,A01
200900052294,0,07,000,00,1,1,00,A01
200900052295,0,07,000,01,0,7,01,B01
200900052295,0,30,000,01,2,1,19,A01
200900052296,0,37,002,06,0,2,21,A01
200900052296,1,07,000,00,0,0,00,B01
200900052297,0,31,000,00,2,8,01,A01
200900052297,0,07,000,00,2,3,01,B01
200900052298,0,30,000,00,2,1,02,A01
200900052298,0,07,000,00,2,5,02,B01
200900052299,0,33,000,01,2,2,17,A01
200900052299,0,07,000,00,2,3,01,B01
200900052300,0,07,000,00,2,8,15,B01
200900052300,0,02,000,00,2,1,17,A01
200900052301,0,99,000,00,2,8,10,A01
200900052301,0,02,000,00,2,1,01,B01
200900052302,0,01,000,00,2,7,19,B01
200900052302,0,07,000,00,2,1,01,A01
200900052303,0,07,000,00,2,1,01,A01
200900052304,0,07,000,00,1,2,21,A01
200900052304,0,33,000,16,0,1,01,B02
200900052305,0,07,000,13,0,2,01,A01
200900052306,0,07,000,01,0,4,15,B02
200900052306,0,07,000,00,2,1,11,A01
200900052307,0,99,000,00,2,8,19,B02
200900052307,0,07,000,00,9,3,01,A01
200900052308,0,10,000,00,2,3,15,B02
200900052308,0,34,000,00,2,7,17,A01
200900052309,0,07,000,00,0,3,17,B02
200900052309,0,07,000,00,0,2,10,A01
200900052310,0,07,000,14,2,1,02,A01
200900052310,0,07,000,00,2,4,02,B02
200900052311,0,33,000,00,0,0,01,C03
200900052311,0,14,000,00,0,8,01,B02
200900052311,0,07,000,00,2,1,13,A01
200900052312,0,07,000,00,2,8,15,A01
200900052312,0,32,000,00,2,1,01,B02
200900052313,0,07,000,16,0,9,00,A01
200900052314,0,10,000,00,0,3,15,A01
200900052314,0,31,000,00,0,1,01,B02
200900052315,0,32,000,00,2,7,17,A01
200900052315,0,07,000,00,2,8,01,B02
200900052316,0,07,000,03,2,2,21,A01
200900052316,0,07,000,00,2,7,01,B02
200900052317,0,07,000,00,2,2,01,C03
200900052317,0,33,000,00,2,1,17,A01
200900052317,0,07,000,00,2,6,01,B02
200900052318,0,14,000,00,2,3,01,B02
200900052318,0,31,000,00,2,2,16,A01
200900052319,0,07,000,02,0,7,21,A01
200900052320,0,07,000,00,2,2,17,A01
200900052321,0,07,000,00,2,8,01,B02