Num_Acc,senc,catv,occutc,obs,obsm,choc,manv,num_veh
200900052321,0,31,000,00,2,1,13,A01
200900052322,0,33,000,00,2,1,17,A01
200900052322,0,07,000,00,2,1,01,B02
200900052323,0,07,000,00,0,5,23,B02
200900052323,0,07,000,00,0,1,00,C03
200900052323,0,33,000,00,2,1,17,A01
200900052323,0,07,000,00,2,8,14,D04
200900052324,0,07,000,00,0,1,02,B02
200900052324,0,07,000,00,0,4,01,A01
200900052325,0,07,000,13,0,1,01,A01
200900052326,0,07,000,00,2,8,15,B02
200900052326,0,02,000,00,2,2,09,A01
200900052327,0,07,000,00,1,3,01,A01
200900052328,0,33,000,00,2,1,01,B02
200900052328,0,07,000,00,2,5,15,A01
200900052329,0,33,000,14,0,2,00,A01
200900052330,0,07,000,00,2,1,01,A01
200900052330,0,07,000,00,2,1,01,B02
200900052330,0,07,000,00,2,2,15,C03
200900052331,0,30,000,14,0,1,16,A01
200900052332,0,07,000,06,0,1,01,A01
200900052333,0,14,000,00,0,4,01,B02
200900052333,0,10,000,00,2,1,01,A01
200900052334,0,01,000,00,2,1,14,B02
200900052334,0,07,000,00,0,6,16,A01
200900052335,0,07,000,00,2,8,23,B02
200900052335,0,17,000,01,0,7,01,A01
200900052336,0,07,000,02,0,1,13,A01
200900052337,0,07,000,00,0,0,19,A01
200900052337,0,30,000,00,0,8,01,B02
200900052338,0,07,000,13,0,3,13,A01
200900052339,0,10,000,03,0,8,17,A01
200900052340,0,01,000,00,0,0,13,C03
200900052340,0,07,000,00,2,2,01,A01
200900052340,0,32,000,00,2,1,01,B02
200900052341,0,33,000,00,2,1,01,A01
200900052341,0,07,000,00,2,3,01,B02
200900052342,0,30,000,00,2,1,00,A01
200900052342,0,07,000,00,2,1,00,B02
200900052343,0,30,000,00,2,1,01,A01
200900052343,0,10,000,00,2,8,15,B02
200900052344,0,37,000,01,0,3,16,A01
200900052344,0,07,000,00,2,6,01,E05
200900052345,0,14,000,00,0,0,01,B02
200900052345,0,07,000,13,0,2,01,A01
200900052346,1,07,000,00,2,5,12,B01
200900052346,0,31,000,00,2,8,01,A01
200900052347,0,07,000,02,0,1,01,A01
200900052348,0,33,000,13,2,1,18,C01
200900052348,0,33,000,00,0,0,03,A01
200900052348,0,07,000,00,0,5,14,B01
200900052349,0,33,000,00,2,7,02,A01
200900052349,0,32,000,00,2,1,02,B01
200900052350,0,07,000,00,2,1,02,C01
200900052350,0,07,000,00,2,4,02,A01
200900052350,0,07,000,00,2,1,02,B01
200900052351,0,07,000,00,2,3,01,A01
200900052351,0,07,000,00,2,7,13,B01
200900052352,0,33,000,00,0,0,00,A01
200900052352,0,07,000,00,1,3,21,B01
200900052353,0,10,000,00,2,4,02,B01
200900052353,0,10,000,00,2,4,02,C01
200900052353,0,10,000,00,1,4,02,A01
200900052353,0,10,000,00,2,1,02,D01
200900052354,0,07,000,00,2,1,02,B01
200900052354,0,07,000,00,2,4,02,A01
200900052355,0,07,000,13,0,5,01,A01
200900052356,0,10,000,00,0,4,02,A01
200900052356,0,33,000,00,2,1,01,B01
200900052357,0,17,000,00,2,3,21,A01
200900052357,0,07,000,00,0,4,01,B01
200900052358,0,07,000,00,2,4,02,B01
200900052358,0,07,000,00,2,1,02,C01
200900052358,0,07,000,00,0,4,02,A01
200900052358,0,07,000,00,2,1,02,D01
200900052359,0,33,000,00,0,1,01,A01
200900052360,0,07,000,00,2,1,02,B01
200900052360,0,14,000,00,0,4,02,A01
200900052361,0,07,000,00,0,4,17,A01
200900052361,0,07,000,00,2,1,21,B01
200900052362,0,10,000,00,2,1,02,B01
200900052362,0,07,000,00,0,4,02,A01
200900052363,0,07,000,00,2,1,02,B01
200900052363,0,07,000,00,2,4,02,A01
200900052364,0,07,000,00,0,9,00,A01
200900052365,0,07,000,03,0,1,01,A01
200900052366,0,10,000,03,0,9,14,A01
200900052367,0,07,000,00,2,4,01,B01
200900052367,0,07,000,00,2,1,00,A01
200900052368,0,07,000,00,0,4,01,A01
200900052368,0,07,000,00,2,1,01,B01
200900052369,0,07,000,00,2,1,01,D01
200900052369,0,07,000,00,2,4,01,B01
200900052369,0,07,000,00,2,8,01,A01
200900052369,0,07,000,00,2,6,01,C01
200900052370,0,07,000,11,0,7,14,A01
200900052371,0,33,000,00,0,1,02,A01
200900052372,0,07,000,00,0,1,01,A01
200900052373,0,07,000,01,0,1,14,A01
200900052373,0,07,000,00,0,4,24,B01
200900052374,0,07,000,02,0,1,21,A01
200900052375,0,07,000,00,1,3,01,A01
200900052376,0,07,000,00,1,4,04,A01
200900052377,1,07,000,00,1,0,00,A01
200900052378,0,07,000,00,2,3,15,B01
200900052378,0,33,000,00,2,1,17,A01
200900052379,0,01,000,00,2,0,01,B01
200900052379,0,07,000,00,2,2,00,A01
200900052380,0,30,000,00,0,0,01,A01
200900052381,0,07,000,00,0,2,17,A01
200900052382,0,07,000,00,2,2,16,A01
200900052383,0,07,000,00,2,1,01,C01
200900052383,0,07,000,00,2,3,00,B01
200900052383,0,07,000,00,2,9,01,A01
200900052384,1,07,000,00,2,1,00,C01
200900052384,0,01,000,00,0,4,01,A01
200900052384,0,07,000,00,9,2,12,B01
200900052385,0,02,000,00,0,1,01,B01
200900052385,0,07,000,00,0,1,01,A01
200900052386,0,07,000,04,2,3,17,A01
200900052386,0,07,000,00,0,8,01,C01
200900052386,0,07,000,00,0,8,01,B01
200900052387,0,07,000,04,0,2,01,A01
200900052388,0,07,000,00,0,8,23,B01
200900052388,0,07,000,00,2,1,01,A01
200900052389,0,07,000,00,1,4,04,A01
200900052390,0,07,000,00,2,2,15,A01
200900052390,0,30,000,00,2,1,01,B01
200900052391,0,33,000,00,2,1,12,A01
200900052391,0,07,000,00,2,3,01,B01
200900052392,0,07,000,00,1,1,01,A01
200900052393,0,07,000,00,1,2,02,A01
200900052394,0,30,000,00,2,2,01,B01
200900052394,1,07,000,00,2,0,15,A01
200900052395,0,07,000,00,1,2,00,A01
200900052396,0,10,000,00,9,6,04,A01
200900052397,1,07,000,00,0,0,11,A01
200900052397,0,99,000,00,2,0,21,B01
200900052398,0,07,000,02,0,1,01,A01
200900052399,0,10,000,00,0,0,15,A01
200900052399,0,30,000,00,0,0,00,B01
200900052400,0,01,000,00,2,4,01,B01
200900052400,1,07,000,00,2,1,02,A01
200900052401,0,13,000,00,2,1,02,A01
200900052401,0,07,000,00,0,4,02,B01
200900052402,0,30,000,03,0,1,01,A01
200900052403,0,07,000,15,0,1,01,A01
200900052404,0,07,000,00,1,1,01,A01
200900052405,0,33,000,00,2,1,01,C01
200900052405,0,07,000,00,2,7,15,A01
200900052405,0,33,000,00,2,1,01,B01
200900052406,0,33,000,00,2,0,00,B01
200900052406,0,07,000,00,2,3,09,A01
200900052407,0,33,000,00,0,2,01,B01
200900052407,0,07,000,00,0,3,15,A01
200900052408,0,14,000,00,2,2,01,B01
200900052408,0,07,000,03,2,1,13,A01
200900052409,0,07,000,00,2,1,15,A01
200900052409,0,32,000,00,0,8,01,B01
200900052410,0,07,000,00,0,7,02,A01
200900052410,0,32,000,00,2,1,02,B01
200900052411,0,07,000,00,2,0,00,C01
200900052411,0,07,000,00,2,5,15,B01
200900052411,0,14,000,00,2,5,02,A01
200900052412,0,07,000,00,0,0,01,A01
200900052412,1,07,000,00,0,0,01,B01
200900052413,0,31,000,00,2,3,17,A01
200900052413,0,07,000,00,0,3,15,B02
200900052414,1,07,000,00,2,1,01,B01
200900052414,0,30,000,00,2,8,15,A01
200900052415,0,07,000,00,2,1,02,A01
200900052415,0,07,000,00,2,4,02,B01
200900052416,0,07,000,00,2,1,01,B01
200900052416,0,07,000,00,2,8,16,A01
200900052417,0,07,000,00,0,6,00,B01
200900052417,0,07,000,00,0,0,00,A01
200900052418,0,07,000,02,2,1,01,B01
200900052418,0,07,000,00,2,7,09,A01
200900052419,0,07,000,00,2,3,21,B01
200900052419,0,07,000,00,2,6,09,A01
200900052420,0,30,000,00,0,8,01,A01
200900052421,0,07,000,00,2,3,09,A01
200900052421,0,33,000,00,2,1,01,B01
200900052422,0,07,000,14,2,4,00,B01
200900052422,0,07,000,00,2,4,00,C01
200900052422,0,14,000,00,2,1,02,A01
200900052423,0,07,000,00,0,4,01,A01
200900052423,0,07,000,00,2,1,02,B01
200900052424,0,02,000,00,2,1,01,B01
200900052424,0,07,000,00,2,2,15,A01
200900052425,0,32,000,00,6,1,00,A01
200900052426,0,07,000,02,0,1,01,A01
200900052427,0,07,000,00,2,1,02,B01
200900052427,0,07,000,00,2,4,01,A01
200900052428,0,07,000,00,2,1,01,B01
200900052428,0,07,000,00,2,8,09,A01
200900052429,0,30,000,00,2,1,02,A01
200900052429,0,07,000,00,0,4,02,B01
200900052430,0,07,000,00,2,1,02,A01
200900052430,0,07,000,00,2,4,02,B01
200900052431,0,07,000,00,2,3,15,A01
200900052431,0,32,000,00,2,3,01,B01
200900052432,0,07,000,00,2,3,15,B01
200900052432,0,07,000,00,2,1,09,A01
200900052433,0,07,000,00,0,3,02,B01
200900052433,0,33,000,08,2,1,02,A01
200900052434,0,07,000,00,0,2,15,B01
200900052434,0,02,000,00,2,1,07,A01
200900052435,0,07,000,00,2,2,00,A01
200900052435,0,30,000,00,2,8,00,B01
200900052436,1,07,000,00,1,1,01,A01
200900052436,0,01,000,00,0,0,01,B01
200900052437,1,07,000,00,1,1,01,A01
200900052438,0,32,000,00,2,1,01,A01
200900052438,0,07,000,00,2,4,01,B01
200900052439,0,07,000,00,1,6,04,A01
200900052440,0,07,000,00,2,8,15,A01
200900052440,0,30,000,00,2,1,02,B01
200900052441,0,07,000,00,1,1,14,A01
200900052442,0,34,000,00,2,2,01,A01
200900052442,0,07,000,00,0,3,15,B01
200900052443,0,07,000,00,2,3,00,A01
200900052443,0,33,000,00,2,7,01,B01
200900052444,0,07,000,00,1,2,01,A01
200900052445,0,07,000,00,9,2,01,B01
200900052445,0,33,000,08,2,1,01,A01
200900052446,0,07,000,00,0,0,00,A01
200900052447,0,30,000,00,2,7,13,B01
200900052447,0,07,000,00,2,6,13,A01
200900052448,0,02,000,00,2,1,01,B01
200900052448,0,07,000,00,2,2,15,A01
200900052449,0,07,000,00,2,7,12,A01
200900052449,0,33,000,00,2,3,01,B01
200900052450,0,32,000,00,0,0,00,A01
200900052450,0,07,000,00,0,0,00,B01
200900052451,0,07,000,00,0,1,01,A01
200900052451,0,32,000,00,0,7,01,B01
200900052452,0,33,000,00,2,1,01,A01
200900052452,0,07,000,00,2,3,10,B01
200900052453,0,07,000,00,2,7,10,A01
200900052453,0,32,000,00,2,1,01,B01
200900052454,0,30,000,00,1,1,01,A01
200900052455,0,07,000,00,2,3,01,B01
200900052455,0,07,000,00,2,3,15,A01
200900052456,0,02,000,00,2,1,02,A01
200900052456,0,07,000,00,2,4,02,B01
200900052457,0,07,000,00,2,8,02,B01
200900052457,0,07,000,00,2,8,02,C01
200900052457,0,07,000,08,2,9,00,A01
200900052458,0,07,000,00,1,3,02,A01
200900052459,0,07,000,00,2,3,17,A01
200900052459,0,07,000,00,2,3,16,B01
200900052460,0,07,000,00,1,0,04,A01
200900052461,0,34,000,00,2,1,01,B01
200900052461,0,07,000,00,2,7,15,A01
200900052462,0,01,000,00,2,1,02,A01
200900052462,0,07,000,00,2,6,01,B01
200900052463,0,31,000,00,2,8,01,B01
200900052463,0,07,000,00,2,3,15,A01
200900052464,0,07,000,00,2,6,00,A01
200900052464,0,32,000,01,2,1,00,B01
200900052465,0,07,000,00,0,8,01,B01
200900052465,0,07,000,00,2,2,00,A01
200900052466,0,33,000,00,0,0,00,A01
200900052467,0,07,000,00,2,1,02,A01
200900052467,0,07,000,00,2,6,02,B01
200900052468,0,07,000,00,1,8,01,B01
200900052469,0,07,000,11,0,1,06,A01
200900052470,0,07,000,00,2,1,01,B01
200900052470,0,31,000,00,2,0,05,A01
200900052471,0,07,000,00,2,6,01,D01
200900052471,0,30,000,00,2,1,01,B01
200900052471,0,07,000,00,2,7,01,C01
200900052471,0,02,000,00,2,3,10,A01
200900052472,0,32,000,00,2,1,01,B01
200900052472,0,07,000,00,2,3,15,A01
200900052473,0,30,000,00,2,1,01,A01
200900052473,0,30,000,00,2,1,01,B01
200900052474,0,07,000,03,2,1,00,A01
200900052474,0,07,000,03,2,4,01,B01
200900052475,0,33,000,00,0,1,02,A01
200900052475,0,07,000,00,0,4,02,B01
200900052476,0,33,000,15,0,3,14,A01
200900052476,0,07,000,00,0,0,23,B01
200900052477,0,10,000,00,0,2,02,B01
200900052477,0,30,000,00,2,1,15,A01
200900052478,0,32,000,00,0,0,00,A01
200900052478,0,07,000,00,0,2,23,B01
200900052478,0,07,000,00,0,3,23,C01
200900052479,0,30,000,00,2,1,01,A01
200900052479,0,07,000,00,2,8,15,B01
200900052480,0,33,000,00,2,1,01,B01
200900052480,0,07,000,00,2,2,15,A01
200900052481,0,07,000,00,0,0,00,A01
200900052481,0,34,000,00,0,0,00,B01
200900052482,0,37,000,00,9,1,01,B01
200900052482,0,33,000,00,9,4,09,A01
200900052483,0,32,000,00,2,0,00,B01
200900052483,0,30,000,01,2,0,00,A01
200900052484,0,33,000,00,2,7,00,B01
200900052484,0,07,000,00,2,5,00,A01
200900052485,0,10,000,00,2,4,02,A01
200900052485,1,30,000,00,2,1,02,B01
200900052486,0,07,000,04,0,1,13,A01
200900052487,0,07,000,00,2,2,02,B01
200900052487,0,07,000,00,2,3,01,A01
200900052488,0,40,000,00,1,2,02,A01
200900052489,0,07,000,00,0,0,16,B01
200900052489,0,32,000,00,2,0,21,A01
200900052490,0,07,000,00,2,7,15,A01
200900052490,0,34,000,00,2,1,02,B01
200900052491,0,07,000,00,2,1,05,A01
200900052491,0,07,000,00,2,3,01,B01
200900052492,0,07,000,00,1,1,01,A01
200900052493,0,07,000,15,2,1,01,A01
200900052493,0,07,000,00,2,1,01,B01
200900052494,0,03,000,00,0,2,00,A01
200900052494,0,30,000,00,0,4,01,B01
200900052495,0,07,000,00,2,3,02,B01
200900052495,1,07,000,00,2,0,00,A01
200900052496,0,07,000,00,1,5,04,A01
200900052497,0,07,000,00,2,3,01,A01
200900052497,0,07,000,00,2,2,01,B01
200900052498,0,07,000,00,2,3,11,A01
200900052498,0,01,000,00,2,1,00,B01
200900052499,0,07,000,00,2,3,09,A01
200900052499,0,32,000,00,0,1,01,B01
200900052500,0,07,000,00,2,1,01,A01
200900052500,0,34,000,00,2,4,01,B01
200900052501,0,07,000,00,2,1,05,A01
200900052501,0,07,000,00,2,1,13,B01
200900052502,0,32,000,00,2,1,01,B01
200900052502,0,07,000,00,2,3,10,A01
200900052503,0,07,000,00,0,7,23,C01
200900052503,0,07,000,00,2,3,22,A01
200900052503,0,31,000,00,2,2,03,B01
200900052504,2,33,000,00,1,1,01,A01
200900052505,0,30,000,00,2,1,17,B01
200900052505,0,07,000,00,2,3,10,A01
200900052506,0,07,000,00,2,2,15,A01
200900052506,0,01,000,00,2,1,01,B01
200900052507,0,07,000,00,2,3,15,B01
200900052507,0,30,000,00,2,1,02,A01
200900052508,1,07,000,00,2,1,09,A01
200900052508,0,07,000,00,2,2,01,B01
200900052509,0,07,000,00,0,1,01,A01
200900052510,0,07,000,00,1,2,15,A01
200900052511,0,07,000,00,2,8,10,A01
200900052511,0,37,000,00,2,2,01,B01
200900052512,0,07,000,00,1,1,02,A01
200900052513,0,07,000,00,1,3,01,A01
200900052514,0,07,000,00,2,3,09,A01
200900052514,0,33,000,00,2,2,09,B01
200900052515,0,07,000,00,0,4,02,A01
200900052515,1,07,000,14,0,1,02,B01
200900052516,0,33,000,00,0,0,01,B01
200900052516,0,07,000,00,2,8,15,A01
200900052517,0,01,000,00,2,7,00,B01
200900052517,0,07,000,00,2,2,16,A01
200900052518,0,07,000,09,0,0,00,A01
200900052519,1,07,000,00,0,0,00,A01
200900052519,0,01,000,00,0,4,01,B01
200900052520,0,02,000,00,2,3,01,B01
200900052520,0,07,000,00,2,3,15,A01
200900052521,0,14,000,00,2,7,12,A01
200900052521,0,07,000,00,2,8,01,B01
200900052522,0,07,000,00,2,1,09,A01
200900052522,0,33,000,00,2,1,01,B01
200900052523,0,07,000,00,2,1,00,A01
200900052523,0,33,000,00,2,1,00,B01
200900052524,0,15,000,00,9,2,01,A01
200900052524,0,01,000,00,2,4,01,B01
200900052525,0,33,000,00,1,1,02,A01
200900052526,0,07,000,00,2,2,01,B01
200900052526,0,02,000,00,2,1,01,A01
200900052527,0,07,000,00,2,1,02,A01
200900052527,0,07,000,00,0,5,16,B01
200900052528,0,34,000,00,2,5,16,B01
200900052528,0,07,000,00,2,3,15,A01
200900052529,0,07,000,00,2,3,17,A01
200900052529,0,07,000,00,2,8,14,B01
200900052530,0,03,000,01,0,0,00,A01
200900052531,0,07,000,00,0,6,01,B01
200900052531,0,33,000,00,2,1,02,A01
200900052532,0,30,000,01,0,1,05,A01
200900052533,0,07,000,00,1,2,01,A01
200900052534,0,03,000,00,2,3,01,B01
200900052534,0,07,000,00,2,1,05,A01
200900052535,0,30,000,00,2,2,05,A01
200900052535,0,07,000,00,2,2,00,B01
200900052536,0,40,000,00,2,2,01,B01
200900052536,0,32,000,00,4,3,09,A01
200900052537,0,30,000,00,2,1,00,B01
200900052537,0,07,000,00,2,8,00,A01
200900052538,0,07,000,00,2,1,15,A01
200900052538,0,32,000,00,2,1,01,B01
200900052539,0,07,000,00,1,3,04,A01
200900052540,0,07,000,00,0,4,01,B01
200900052540,0,07,000,00,2,1,01,A01
200900052541,0,07,000,00,2,2,02,A01
200900052541,0,07,000,00,2,5,02,B01
200900052542,0,02,000,00,1,1,17,A01
200900052543,0,32,000,00,2,2,01,B01
200900052543,0,07,000,00,2,1,15,A01
200900052544,0,07,000,00,2,1,00,C01
200900052544,0,30,000,00,2,1,00,A01
200900052544,0,07,000,00,2,3,00,B01
200900052545,0,32,000,00,2,4,01,B01
200900052545,0,33,000,05,2,1,01,A01
200900052546,0,34,000,00,2,1,01,B01
200900052546,1,07,000,00,2,7,15,A01
200900052547,1,07,000,00,2,1,09,B01
200900052547,0,30,000,00,2,4,01,A01
200900052548,0,33,000,00,2,8,03,A01
200900052548,0,07,000,00,2,5,02,B01
200900052549,0,07,000,00,2,1,02,A01
200900052549,0,07,000,00,2,4,02,B01
200900052550,0,10,000,00,2,3,16,A01
200900052550,0,32,000,00,2,3,01,B01
200900052551,0,07,000,00,1,1,01,A01
200900052552,0,07,000,00,1,2,00,A01
200900052553,0,07,000,00,1,1,15,A01
200900052554,0,02,000,14,2,1,17,B01
200900052554,0,07,000,14,0,3,17,A01
200900052555,1,07,000,01,2,0,00,B01
200900052555,0,07,000,00,2,4,01,A01
200900052556,0,30,000,00,1,1,01,A01
200900052557,0,32,000,00,0,7,00,A01
200900052558,0,07,000,00,0,4,02,B01
200900052558,0,07,000,00,0,1,02,A01
200900052558,0,07,000,00,0,4,02,C01
200900052558,1,07,000,00,0,4,02,D01
200900052559,0,07,000,00,2,1,01,A01
200900052559,0,07,000,00,0,4,01,B01
200900052560,0,30,000,00,2,4,19,A01
200900052560,0,07,000,00,2,1,19,B01
200900052561,0,07,000,00,2,6,15,A01
200900052561,0,30,000,00,2,1,01,B01
200900052562,0,32,000,00,2,6,18,B01
200900052562,0,07,000,00,2,2,16,A01
200900052563,0,07,000,00,2,2,00,A01
200900052563,0,33,000,00,2,8,00,B01
200900052564,0,02,000,00,2,2,17,A01
200900052564,0,07,000,00,2,3,23,B01
200900052565,0,30,000,00,2,1,01,A01
200900052565,1,07,000,00,2,0,15,B01
200900052566,0,33,000,00,0,7,00,B01
200900052566,0,07,000,00,0,7,00,A01
200900052567,0,07,000,00,1,1,01,A01
200900052568,0,07,000,15,0,1,01,A01
200900052569,0,33,000,00,2,1,01,B01
200900052569,0,07,000,00,2,7,15,A01
200900052570,0,33,000,00,2,1,01,B01
200900052570,0,07,000,00,2,2,15,A01
200900052571,0,07,000,01,0,1,14,A01
200900052572,0,07,000,00,0,1,02,A01
200900052572,0,07,000,00,0,4,02,B01
200900052573,0,07,000,00,2,3,02,A01
200900052573,0,07,000,00,2,4,02,B01
200900052574,0,07,000,00,1,1,01,A01
200900052575,0,07,000,00,1,1,01,A01
200900052576,0,07,000,01,1,1,00,A01
200900052577,0,07,000,00,1,1,01,A01
200900052578,0,07,000,00,2,6,01,B01
200900052578,0,30,000,00,2,1,17,A01
200900052579,0,07,000,00,2,6,15,B01
200900052579,0,33,000,00,2,1,17,A01
200900052580,0,33,000,00,1,7,17,A01
200900052581,1,07,000,00,2,3,02,A01
200900052581,0,31,000,00,2,6,17,B01
200900052582,0,07,000,00,2,4,02,A01
200900052582,1,07,000,00,2,1,02,B01
200900052583,0,07,000,00,0,3,02,A01
200900052583,0,07,000,00,0,3,15,B01
200900052584,0,07,000,00,2,7,01,B01
200900052584,0,34,000,00,2,6,01,A01
200900052585,0,07,000,00,2,7,15,A01
200900052585,0,02,000,00,2,1,01,B01
200900052586,0,07,000,00,2,1,02,A01
200900052586,0,07,000,00,2,4,02,B01
200900052587,0,07,000,08,0,1,11,A01
200900052588,0,02,000,00,2,5,02,B01
200900052588,0,07,000,00,2,8,11,A01
200900052589,0,07,000,08,2,8,00,A01
200900052589,0,07,000,00,2,1,00,B01
200900052590,0,07,000,00,2,3,01,A01
200900052590,0,07,000,00,2,2,15,B01
200900052591,0,01,000,00,2,9,02,B01
200900052591,0,07,000,00,2,2,02,A01
200900052592,0,01,000,00,2,7,03,A01
200900052592,0,14,000,00,9,8,01,B01
200900052593,0,07,000,01,0,0,00,A01
200900052593,0,33,000,00,0,0,00,B01
200900052594,0,07,000,00,1,1,01,A01
200900052595,0,07,000,00,2,1,00,A01
200900052595,0,32,000,00,2,8,00,B01
200900052596,0,07,000,00,2,8,03,A01
200900052596,0,14,000,00,2,2,01,B01
200900052597,0,07,000,00,2,1,02,A01
200900052597,0,07,000,00,0,4,23,B01
200900052598,0,07,000,00,2,1,01,B01
200900052598,0,07,000,00,2,5,15,A01
200900052599,0,07,000,00,2,1,02,A01
200900052599,0,07,000,00,2,4,01,B01
200900052600,0,07,000,00,2,2,01,A01
200900052600,0,30,000,00,2,3,15,B01
200900052601,0,07,000,00,2,1,01,A01
200900052601,0,07,000,00,2,4,01,B01
200900052602,0,07,000,05,0,1,02,A01
200900052603,0,30,000,00,1,1,01,A01
200900052604,0,10,000,00,2,2,00,A01
200900052604,0,07,000,00,2,3,00,B01
200900052605,0,07,000,00,2,8,15,B01
200900052605,0,33,000,00,2,1,17,A01
200900052606,0,07,000,00,2,7,01,B01
200900052606,0,30,000,00,2,8,01,A01
200900052607,0,07,000,00,2,2,15,B01
200900052607,0,33,000,00,2,1,01,A01
200900052608,1,07,000,00,2,7,19,B01
200900052608,0,33,000,00,0,7,21,A01
200900052609,0,07,000,00,1,2,00,A01
200900052610,0,07,000,00,2,4,02,C01
200900052610,0,07,000,00,2,1,02,A01
200900052610,0,07,000,00,2,4,02,B01
200900052611,0,07,000,00,2,1,15,A01
200900052611,0,31,000,00,2,1,02,B01
200900052612,0,07,000,00,0,1,15,A01
200900052612,0,07,000,00,0,0,01,B01
200900052612,0,07,000,01,0,0,00,D01
200900052613,0,17,000,03,2,7,12,A01
200900052613,0,07,000,08,2,8,01,B01
200900052614,0,07,000,01,0,1,01,A01
200900052615,1,07,000,00,1,1,01,A01
200900052616,0,07,000,00,2,8,15,A01
200900052616,0,07,000,00,2,3,00,B01
200900052617,0,37,011,00,2,3,01,B01
200900052617,0,07,000,00,2,5,16,A01
200900052618,0,30,000,00,0,1,02,B01
200900052618,0,07,000,00,0,3,10,A01
200900052619,0,07,000,04,0,2,00,A01
200900052620,0,07,000,00,2,3,09,A01
200900052620,0,30,000,00,2,1,17,B01
200900052621,0,32,000,00,0,1,01,B01
200900052621,0,07,000,00,0,2,15,A01
200900052622,0,02,000,00,2,1,02,A01
200900052622,0,07,000,00,2,4,02,B01
200900052623,0,07,000,08,0,1,00,A01
200900052624,0,07,000,00,2,3,17,A01
200900052624,0,30,000,12,2,1,02,B01
200900052625,0,07,000,00,2,1,02,A01
200900052625,0,07,000,10,2,6,02,B01
200900052626,0,07,000,00,0,4,02,B01
200900052626,0,07,000,00,2,1,02,A01
200900052627,2,03,000,00,0,1,00,A01
200900052627,0,03,000,00,2,1,01,B01
200900052628,0,07,000,00,2,2,00,B01
200900052628,0,07,000,08,2,2,00,A01
200900052629,0,33,000,00,2,1,17,A01
200900052629,0,07,000,00,9,3,15,B01
200900052630,0,07,000,00,2,2,01,B01
200900052630,0,32,000,00,2,1,01,A01
200900052631,2,07,000,00,2,3,00,A01
200900052631,0,07,000,00,2,3,01,B01
200900052632,0,07,000,00,0,1,00,B01
200900052632,0,07,000,00,0,0,00,A01
200900052633,0,10,000,00,0,0,00,A01
200900052633,0,32,000,00,0,0,01,B01
200900052634,0,07,000,00,2,3,13,A01
200900052634,0,07,000,00,2,3,01,B01
200900052635,0,07,000,00,0,0,00,A01
200900052635,1,07,000,00,0,0,00,B01
200900052636,0,32,000,00,2,1,07,A01
200900052636,0,07,000,00,2,2,15,B01
200900052637,0,13,000,00,0,1,00,B01
200900052637,1,07,000,00,0,0,00,A01
200900052638,0,07,000,00,2,3,01,C01
200900052638,0,30,000,00,2,3,13,A01
200900052638,0,07,000,00,2,1,01,B01
200900052639,0,07,000,00,0,4,04,A01
200900052640,2,07,000,00,2,3,00,A01
200900052640,0,33,000,00,2,3,01,B01
200900052641,0,07,000,00,2,3,15,A01
200900052641,0,30,000,00,2,5,02,B01
200900052642,0,07,000,00,2,3,00,A01
200900052642,0,33,000,00,2,1,00,B01
200900052643,0,07,000,00,2,8,00,B01
200900052643,0,32,000,00,2,1,00,A01
200900052644,0,34,000,00,2,2,17,A01
200900052644,0,07,000,00,2,6,15,B01
200900052645,2,07,000,00,2,1,09,A01
200900052645,0,07,000,00,0,7,02,B01
200900052646,0,14,000,00,1,1,15,A01
200900052647,0,32,000,00,2,1,17,A01
200900052647,0,07,000,00,2,3,15,B01
200900052648,0,31,000,00,0,4,02,B01
200900052648,0,07,000,00,2,2,02,A01
200900052649,0,07,000,00,2,3,01,A01
200900052649,0,07,000,00,2,2,00,B01
200900052650,1,07,000,00,2,3,00,A01
200900052650,0,32,000,00,2,1,00,B01
200900052651,0,07,000,00,2,1,02,C01
200900052651,0,07,000,00,2,4,02,D01
200900052651,0,07,000,00,2,1,02,B01
200900052651,0,07,000,00,2,1,02,A01
200900052652,0,32,000,00,2,1,01,A01
200900052652,0,07,000,00,2,4,23,B01
200900052653,0,07,000,00,2,8,09,C01
200900052653,0,07,000,00,2,1,02,A01
200900052653,0,07,000,00,2,4,02,B01
200900052654,2,07,000,11,0,3,01,A01
200900052655,0,07,000,00,2,3,09,A01
200900052655,0,34,000,00,2,5,01,B01
200900052656,0,07,000,00,1,2,01,A01
200900052657,0,02,000,00,1,1,01,A01
200900052658,0,07,000,00,2,8,10,A01
200900052658,0,14,000,00,2,2,01,B01
200900052659,0,02,000,00,2,7,21,B01
200900052659,0,07,000,00,2,1,15,A01
200900052660,0,07,000,00,1,1,01,A01
200900052661,0,07,000,00,2,1,15,A01
200900052661,0,01,000,00,2,3,21,B01
200900052662,0,07,000,00,2,1,17,A01
200900052662,0,07,000,00,2,3,21,B02
200900052663,0,07,000,02,0,8,01,A01
200900052664,0,10,000,05,0,2,01,A01
200900052665,0,07,000,13,0,1,01,A01
200900052666,0,07,000,00,2,2,01,B02
200900052666,0,07,000,00,2,2,13,A01
200900052667,0,07,000,08,0,1,01,A01
200900052668,0,07,000,00,1,3,01,A01
200900052669,0,07,000,08,0,1,14,A01
200900052670,0,30,000,00,2,2,01,B01