Num_Acc,senc,catv,occutc,obs,obsm,choc,manv,num_veh
200900053745,0,07,000,00,9,3,02,A01
200900053745,0,30,000,00,2,2,05,B01
200900053746,0,10,000,00,0,1,01,A01
200900053746,0,30,000,00,0,4,23,B01
200900053747,0,07,000,00,2,6,10,A01
200900053747,0,31,000,00,2,2,21,B01
200900053748,0,33,000,00,0,0,01,A01
200900053748,0,07,000,00,0,7,01,B01
200900053749,0,32,000,00,2,2,17,A01
200900053749,0,07,000,00,2,8,15,B01
200900053750,0,30,000,00,2,1,01,A01
200900053750,0,07,000,00,0,6,01,B01
200900053751,0,32,000,00,2,0,01,B01
200900053751,0,07,000,00,0,0,01,A01
200900053752,0,02,000,00,2,1,01,B01
200900053752,0,07,000,00,2,8,16,A01
200900053753,0,01,000,00,2,1,05,B01
200900053753,0,07,000,00,2,3,15,A01
200900053754,0,07,000,00,2,8,15,A01
200900053754,0,30,000,00,2,7,17,B01
200900053755,0,07,000,00,2,1,09,A01
200900053755,0,07,000,00,2,8,01,B01
200900053756,0,14,000,00,2,1,01,A01
200900053756,0,07,000,00,2,4,01,B01
200900053757,0,34,000,00,2,6,01,B01
200900053757,0,07,000,00,2,2,01,A01
200900053758,0,07,000,00,1,3,01,A01
200900053759,0,07,000,00,2,8,09,A01
200900053759,0,07,000,00,2,8,09,B01
200900053760,0,07,000,00,2,3,06,A01
200900053760,0,10,000,00,2,8,01,B01
200900053761,0,10,000,00,1,1,01,A01
200900053762,0,33,000,00,2,1,01,A01
200900053762,0,07,000,00,2,1,23,B01
200900053763,0,07,000,15,0,1,02,A01
200900053764,0,07,000,00,0,0,00,A01
200900053765,0,07,000,16,0,9,00,A01
200900053766,0,33,000,00,2,4,09,A01
200900053766,0,33,000,00,2,1,01,B01
200900053766,0,33,000,00,2,0,01,C01
200900053767,0,07,000,08,0,1,00,A01
200900053768,0,99,000,00,1,5,04,A01
200900053769,0,07,000,00,2,4,01,B01
200900053769,0,33,000,00,2,1,01,A01
200900053770,0,10,000,00,2,3,01,A01
200900053770,0,07,000,00,2,1,01,B01
200900053771,0,30,000,00,2,1,01,A01
200900053771,0,07,000,00,2,8,01,B01
200900053772,0,07,000,08,0,2,01,A01
200900053773,0,07,000,00,1,1,01,A01
200900053774,0,07,000,00,2,2,17,B01
200900053774,0,07,000,00,2,3,11,A01
200900053775,0,01,000,01,2,3,19,A01
200900053775,0,07,000,00,2,5,01,B01
200900053776,0,07,000,00,2,3,13,A01
200900053776,0,33,000,00,2,7,17,B01
200900053777,0,31,000,00,2,1,01,A01
200900053777,0,07,000,00,2,3,15,B01
200900053778,0,07,000,00,1,1,00,A01
200900053779,0,32,000,00,2,1,00,A01
200900053780,0,01,000,00,2,3,19,A01
200900053780,0,07,000,00,2,1,01,B01
200900053781,0,31,000,00,2,1,01,B01
200900053781,0,07,000,00,2,1,01,A01
200900053782,0,33,000,00,2,1,01,B01
200900053782,0,10,000,00,2,2,15,A01
200900053783,0,31,000,12,0,7,14,A01
200900053784,0,07,000,00,1,3,01,A01
200900053785,0,07,000,00,0,1,01,A01
200900053785,0,07,000,00,0,4,23,C01
200900053785,0,07,000,00,0,4,23,B01
200900053786,0,07,000,00,2,7,01,B01
200900053786,0,02,000,00,2,8,18,A01
200900053787,0,07,000,00,2,2,01,A01
200900053788,0,37,003,00,1,1,01,A01
200900053789,0,02,000,00,2,1,01,B01
200900053789,0,07,000,00,2,2,01,A01
200900053790,0,14,000,00,2,1,01,A01
200900053790,0,10,000,00,0,4,01,B01
200900053791,1,07,000,00,1,0,00,A01
200900053792,0,07,000,00,2,1,01,A01
200900053792,0,07,000,00,2,4,23,C01
200900053792,0,02,000,00,2,4,01,B01
200900053793,0,01,000,00,2,1,01,B01
200900053793,0,30,000,00,2,1,01,A01
200900053794,0,01,000,00,0,0,01,A01
200900053795,0,07,000,00,2,1,15,B01
200900053795,0,33,000,00,2,7,01,A01
200900053796,0,07,000,00,1,1,15,A01
200900053797,0,30,000,00,2,1,02,A01
200900053797,0,07,000,00,2,4,02,B01
200900053798,1,07,000,00,2,8,10,A01
200900053798,0,30,000,00,2,2,17,B01
200900053799,0,10,000,00,2,5,02,A01
200900053799,0,32,000,00,2,8,02,B01
200900053800,0,32,000,00,0,0,01,A01
200900053801,0,07,000,00,1,2,01,A01
200900053802,0,07,000,00,2,2,01,A01
200900053803,0,07,000,00,2,1,00,A01
200900053803,0,07,000,00,2,4,02,B01
200900053804,0,07,000,00,2,2,01,B01
200900053804,0,30,000,00,2,6,00,A01
200900053805,1,30,000,00,1,1,01,A01
200900053806,0,33,000,00,9,8,01,A01
200900053807,0,33,000,00,2,1,05,A01
200900053807,0,07,000,00,2,1,09,B01
200900053808,0,33,000,00,2,1,01,A01
200900053808,0,07,000,00,2,2,15,B01
200900053809,0,10,000,00,1,1,15,A01
200900053810,0,33,000,01,0,1,00,A01
200900053811,0,07,000,00,2,1,02,A01
200900053811,0,33,000,00,2,4,23,B01
200900053812,0,07,000,00,1,3,01,A01
200900053813,0,07,000,00,2,3,15,B01
200900053813,0,34,000,00,2,1,01,A01
200900053814,0,07,000,00,2,3,01,B01
200900053814,0,07,000,03,2,1,01,C01
200900053814,0,07,000,04,2,4,01,A01
200900053815,0,31,000,00,2,1,03,A01
200900053815,0,07,000,00,0,4,12,B01
200900053816,0,33,000,04,0,8,21,B01
200900053816,0,10,000,00,0,0,11,A01
200900053816,0,10,000,00,2,8,02,C01
200900053817,0,07,000,00,2,5,02,B01
200900053817,0,31,000,00,2,1,02,A01
200900053818,0,33,000,00,2,1,02,A01
200900053818,0,07,000,00,2,4,02,B01
200900053819,0,33,000,00,2,3,01,A01
200900053819,0,10,000,00,2,5,12,B01
200900053820,0,33,000,00,2,3,03,A01
200900053820,0,07,000,00,0,5,01,B01
200900053821,0,07,000,00,0,5,12,B01
200900053821,0,32,000,00,2,3,03,A01
200900053822,0,31,000,00,2,8,03,B01
200900053822,0,07,000,00,2,2,12,A01
200900053823,0,07,000,00,2,7,02,B01
200900053823,0,33,000,00,2,1,02,A01
200900053824,0,33,000,00,0,7,01,A01
200900053825,0,33,000,00,2,1,00,B01
200900053825,0,07,000,00,2,3,00,A01
200900053826,0,33,000,00,2,3,03,A01
200900053826,0,07,000,00,2,7,12,B01
200900053826,0,10,000,00,1,4,01,C01
200900053827,0,07,000,00,2,5,11,A01
200900053827,0,33,000,00,2,3,03,B01
200900053828,0,07,000,00,2,2,00,A01
200900053828,0,15,000,00,0,1,00,B01
200900053829,0,33,000,00,2,1,02,A01
200900053829,0,07,000,00,2,5,02,B01
200900053830,0,07,000,00,2,4,02,C01
200900053830,0,07,000,00,2,1,02,A01
200900053830,0,07,000,00,2,4,02,B01
200900053831,0,07,000,04,0,1,12,A01
200900053832,0,33,000,00,2,1,01,B01
200900053832,0,07,000,00,2,8,11,A01
200900053833,0,07,000,00,2,5,02,B01
200900053833,0,07,000,05,2,1,02,A01
200900053833,0,07,000,00,0,6,02,C01
200900053834,0,07,000,00,2,4,02,C01
200900053834,0,07,000,00,0,4,02,D01
200900053834,0,07,000,00,2,4,02,B01
200900053834,0,07,000,00,2,1,02,A01
200900053835,0,07,000,00,9,5,00,B01
200900053835,0,33,000,00,2,1,02,A01
200900053836,0,07,000,00,2,3,02,A01
200900053836,0,07,000,00,2,5,02,B01
200900053837,0,07,000,00,9,4,02,B01
200900053837,0,07,000,00,2,1,02,A01
200900053838,0,30,000,00,1,1,00,A01
200900053839,0,07,000,00,1,0,00,A01
200900053840,0,34,000,00,1,8,00,A01
200900053841,0,30,000,00,1,1,00,A01
200900053842,0,99,000,00,1,1,15,A01
200900053843,0,07,000,00,2,2,00,B01
200900053843,0,30,000,00,0,0,00,A01
200900053844,0,07,000,00,1,4,04,A01
200900053845,0,07,000,00,1,3,15,A01
200900053846,0,02,000,00,2,3,00,B01
200900053846,0,07,000,00,2,0,00,A01
200900053847,0,07,000,01,0,1,01,A01
200900053848,0,33,000,00,5,1,00,A01
200900053849,0,07,000,00,2,1,02,A01
200900053849,0,33,000,00,2,4,02,B01
200900053850,0,07,000,00,1,1,01,A01
200900053851,1,30,000,00,1,1,05,A01
200900053852,0,07,000,00,1,3,20,A01
200900053853,0,07,000,00,2,3,15,A01
200900053853,0,33,000,00,2,1,01,B01
200900053854,1,30,000,00,1,4,00,A01
200900053855,0,07,000,00,2,0,00,B01
200900053855,0,33,000,00,2,1,00,A01
200900053856,0,07,000,06,0,1,01,A01
200900053857,0,02,000,00,0,7,17,A01
200900053858,0,10,000,00,2,7,02,A01
200900053858,0,34,000,00,2,8,02,B01
200900053859,0,07,000,00,2,3,01,B01
200900053859,0,07,000,00,2,1,10,A01
200900053860,0,33,000,00,0,0,01,A01
200900053860,0,07,000,00,0,3,15,B01
200900053861,0,33,000,00,0,0,00,B01
200900053861,0,07,000,00,0,0,00,A01
200900053862,0,33,000,00,1,1,01,A01
200900053863,0,07,000,00,1,1,01,A01
200900053864,0,33,000,00,2,3,01,A01
200900053864,0,07,000,00,2,2,12,B01
200900053865,0,07,000,00,2,3,15,B01
200900053865,0,32,000,01,2,2,17,A01
200900053866,0,07,000,09,0,1,01,A01
200900053867,0,33,000,00,2,7,17,A01
200900053867,0,07,000,00,2,8,15,B01
200900053868,0,07,000,00,2,4,02,B01
200900053868,0,30,000,00,2,1,02,A01
200900053869,0,32,000,00,0,0,01,A01
200900053869,0,07,000,00,0,3,15,B01
200900053870,0,32,000,00,2,2,01,A01
200900053870,0,07,000,00,2,8,01,B01
200900053871,0,02,000,00,2,1,01,A01
200900053871,0,07,000,00,2,2,15,B01
200900053872,0,07,000,02,0,1,01,A01
200900053873,0,07,000,00,2,7,16,A01
200900053873,0,37,001,00,2,1,01,B01
200900053874,0,37,020,00,2,3,16,B01
200900053874,0,07,000,00,2,2,16,A01
200900053875,0,07,000,14,1,2,14,A01
200900053876,0,07,000,00,2,8,01,A01
200900053876,0,14,000,00,2,5,01,B01
200900053877,0,07,000,00,0,4,23,B01
200900053877,0,07,000,00,0,1,01,A01
200900053878,0,33,000,00,2,1,02,A01
200900053878,0,07,000,00,2,4,16,B01
200900053879,0,07,000,00,1,1,20,A01
200900053880,0,33,000,00,0,0,00,A01
200900053880,0,07,000,00,0,6,00,B01
200900053881,0,07,000,00,9,3,10,B01
200900053881,0,30,000,00,2,1,00,A01
200900053882,0,01,000,00,2,8,01,B01
200900053882,0,07,000,00,2,1,15,A01
200900053883,0,07,000,00,1,7,16,A01
200900053884,0,31,000,00,2,1,01,B01
200900053884,0,07,000,00,2,2,10,A01
200900053885,0,07,000,00,1,1,01,A01
200900053886,0,07,000,00,1,4,04,A01
200900053887,0,07,000,00,2,2,19,A01
200900053887,0,07,000,00,2,3,02,B01
200900053888,0,10,000,00,2,3,01,B01
200900053888,0,20,000,00,2,0,01,A01
200900053889,0,33,000,00,2,2,01,A01
200900053889,0,07,000,00,2,3,01,B01
200900053890,0,33,000,00,2,0,17,A01
200900053890,0,99,000,00,0,0,15,B01
200900053891,0,30,000,00,1,1,01,A01
200900053892,0,31,000,00,2,1,15,B01
200900053892,0,07,000,00,2,2,15,A01
200900053893,0,32,000,00,2,7,17,B01
200900053893,0,07,000,00,2,8,15,A01
200900053894,0,07,000,00,2,1,15,A01
200900053894,0,30,000,00,2,3,01,B01
200900053895,0,03,000,00,1,3,16,A01
200900053896,0,01,000,00,2,4,13,B01
200900053896,0,07,000,00,2,2,01,A01
200900053897,0,33,000,14,0,1,16,A01
200900053898,0,07,000,00,2,6,01,B01
200900053898,0,07,000,00,2,1,01,A01
200900053899,0,02,000,00,2,1,01,B01
200900053899,0,07,000,00,2,7,16,A01
200900053900,0,07,000,00,2,1,01,A01
200900053900,0,13,000,00,2,4,01,C01
200900053900,0,07,000,00,2,1,01,B01
200900053901,1,07,000,00,1,0,00,A01
200900053902,0,01,000,00,2,3,01,B01
200900053902,0,07,000,00,2,3,15,A01
200900053903,0,33,000,00,2,1,00,A01
200900053903,0,07,000,00,2,2,10,B01
200900053904,0,07,000,00,1,1,17,A01
200900053905,0,31,000,00,1,1,17,A01
200900053906,0,30,000,00,1,1,17,A01
200900053907,0,32,000,00,2,7,02,B01
200900053907,0,07,000,00,2,5,12,A01
200900053908,0,10,000,00,2,2,02,B01
200900053908,0,33,000,00,2,1,11,A01
200900053909,0,07,000,00,2,1,01,A01
200900053909,0,14,000,00,2,4,01,B01
200900053910,1,30,000,00,1,0,00,A01
200900053911,0,07,000,00,1,0,00,A01
200900053912,0,07,000,00,2,3,15,A01
200900053912,0,34,000,00,2,2,01,B01
200900053913,0,07,000,00,2,6,13,B01
200900053913,0,33,000,00,2,2,01,A01
200900053914,0,10,000,00,2,7,01,B01
200900053914,0,02,000,00,2,1,01,A01
200900053915,0,31,000,00,0,0,01,A01
200900053916,0,33,000,00,2,1,01,B01
200900053916,0,10,000,00,2,6,11,A01
200900053917,0,31,000,00,2,1,18,B01
200900053917,0,07,000,00,2,7,15,A01
200900053918,0,07,000,00,0,1,01,A01
200900053918,0,07,000,00,0,4,01,B01
200900053919,0,07,000,00,2,4,04,A01
200900053919,0,02,000,00,2,1,01,B01
200900053920,0,07,000,00,2,3,02,B01
200900053920,0,33,000,00,2,9,06,A01
200900053921,0,32,000,00,2,1,02,B01
200900053921,0,07,000,00,2,6,10,A01
200900053922,0,07,000,00,1,4,04,A01
200900053923,0,01,000,00,0,7,01,A01
200900053923,0,07,000,00,0,1,16,B01
200900053924,0,32,000,00,2,7,17,A01
200900053924,0,07,000,00,2,3,15,B01
200900053925,1,34,000,00,0,0,00,A01
200900053925,0,34,000,00,0,0,00,B01
200900053926,0,30,000,00,2,5,01,A01
200900053926,0,34,000,00,2,3,01,B01
200900053927,0,33,000,00,0,0,00,B01
200900053927,0,10,000,00,0,0,01,A01
200900053928,0,07,000,00,2,8,01,B01
200900053928,0,07,000,00,2,3,00,A01
200900053929,0,33,000,00,0,8,02,A01
200900053930,0,07,000,00,2,7,01,B01
200900053930,0,31,000,00,2,2,01,A01
200900053931,0,31,000,00,2,1,01,B01
200900053931,0,07,000,00,2,8,15,A01
200900053932,0,32,000,00,0,1,01,A01
200900053933,0,07,000,00,2,4,02,C01
200900053933,0,07,000,00,2,1,02,A01
200900053933,0,07,000,00,2,5,02,B01
200900053934,0,02,000,00,9,1,01,A01
200900053934,0,01,000,00,2,7,12,B01
200900053935,0,07,000,00,2,4,01,B01
200900053935,0,14,000,00,2,1,01,A01
200900053936,0,07,000,00,2,1,01,A01
200900053936,0,07,000,00,2,4,20,B01
200900053937,0,07,000,00,1,1,01,A01
200900053938,0,34,000,00,2,8,01,B01
200900053938,0,07,000,00,2,2,01,A01
200900053939,0,32,000,00,2,1,02,A01
200900053939,0,10,000,00,2,4,24,B01
200900053940,0,33,000,00,2,1,17,A01
200900053940,0,07,000,00,2,8,15,B01
200900053941,0,02,000,00,0,1,01,A01
200900053941,0,07,000,00,0,6,15,B01
200900053942,0,31,000,00,2,8,18,B01
200900053942,0,07,000,00,2,2,16,A01
200900053943,0,07,000,00,2,1,02,A01
200900053943,0,07,000,00,0,4,23,B01
200900053944,0,07,000,00,1,1,01,A01
200900053945,0,07,000,00,2,4,04,B01
200900053945,0,07,000,00,2,1,01,A01
200900053946,0,10,000,00,2,1,02,A01
200900053946,0,07,000,00,2,5,02,B01
200900053947,0,07,000,00,2,3,10,A01
200900053947,0,32,000,00,2,7,01,B01
200900053947,0,07,000,00,2,2,01,C01
200900053948,0,30,000,00,1,0,01,A01
200900053949,0,32,000,11,0,1,00,A01
200900053950,0,07,000,08,2,8,15,B01
200900053950,0,33,000,06,2,1,17,A01
200900053951,0,07,000,00,1,2,01,A01
200900053952,0,07,000,00,1,1,18,A01
200900053953,0,31,000,00,2,1,21,C01
200900053953,0,10,000,00,2,6,21,B01
200900053953,1,07,000,00,2,4,15,A01
200900053954,0,32,000,00,1,1,01,A01
200900053955,0,07,000,00,2,2,01,A01
200900053955,0,31,000,00,2,4,01,B01
200900053956,0,33,000,00,1,1,01,A01
200900053957,0,07,000,00,2,3,09,A01
200900053957,0,30,000,00,2,2,01,B01
200900053958,0,07,000,00,2,2,15,B01
200900053958,0,31,000,00,2,2,17,A01
200900053959,0,02,000,00,2,7,17,B01
200900053959,0,07,000,00,2,3,10,A01
200900053960,0,07,000,00,0,1,02,A01
200900053960,0,07,000,00,2,4,02,B01
200900053961,0,07,000,00,1,1,01,A01
200900053962,0,01,000,00,2,1,19,A01
200900053962,0,07,000,00,2,2,02,B01
200900053963,0,07,000,00,2,8,09,A01
200900053963,0,30,000,00,2,1,01,B01
200900053964,0,01,000,00,2,8,01,A01
200900053964,0,07,000,00,2,1,16,B01
200900053965,0,37,001,00,2,3,01,B01
200900053965,0,07,000,00,2,3,15,A01
200900053966,0,01,000,00,1,1,01,A01
200900053967,0,07,000,00,2,3,10,A01
200900053967,0,30,000,00,2,1,01,B01
200900053968,0,30,000,00,0,7,23,A01
200900053968,1,10,000,00,0,0,01,B01
200900053969,0,07,000,00,9,1,15,A01
200900053969,0,02,000,08,2,8,02,B01
200900053970,0,32,000,00,2,1,01,B01
200900053970,0,07,000,00,2,2,15,A01
200900053971,0,07,000,00,2,3,01,B01
200900053971,0,33,000,00,2,7,17,A01
200900053972,0,07,000,00,2,1,02,A01
200900053972,0,07,000,00,2,4,02,B01
200900053973,0,07,000,00,1,1,01,A01
200900053974,0,07,000,00,1,3,17,A01
200900053975,0,07,000,00,2,5,16,A01
200900053975,0,33,000,00,2,9,01,B01
200900053976,0,07,000,00,0,0,02,B01
200900053976,0,33,000,00,0,0,09,A01
200900053977,0,32,000,14,0,8,00,A01
200900053978,0,31,000,00,2,1,01,A01
200900053979,0,33,000,00,1,1,16,A01
200900053980,0,32,000,00,2,3,01,B01
200900053980,0,07,000,00,2,2,16,A01
200900053981,0,33,000,00,2,1,17,A01
200900053981,0,07,000,00,2,1,09,B01
200900053982,0,07,000,15,2,1,01,A01
200900053982,0,07,000,00,2,1,16,B01
200900053983,0,07,000,00,1,3,15,A01
200900053984,0,10,000,01,1,6,04,A01
200900053985,0,30,000,00,1,0,00,A01
200900053986,0,07,000,00,9,1,01,A01
200900053987,0,34,000,00,2,1,00,B01
200900053987,0,07,000,00,2,7,15,A01
200900053988,0,32,000,14,0,2,00,A01
200900053988,0,07,000,00,0,3,00,B01
200900053989,0,14,000,00,2,2,17,A01
200900053989,0,07,000,00,2,1,00,B01
200900053990,0,33,000,00,0,0,02,A01
200900053990,0,07,000,00,0,0,02,B01
200900053991,0,01,000,00,1,1,01,A01
200900053992,0,07,000,00,1,1,01,A01
200900053993,0,07,000,00,0,6,01,B01
200900053993,0,07,000,00,2,1,09,A01
200900053994,0,07,000,00,9,3,01,B01
200900053994,0,02,000,00,2,1,01,A01
200900053995,0,07,000,00,9,4,11,A01
200900053995,0,34,000,00,2,8,00,B01
200900053996,0,07,000,00,2,5,12,B01
200900053996,0,31,000,00,2,3,03,A01
200900053997,0,07,000,00,2,1,15,A01
200900053997,0,33,000,00,2,1,01,B01
200900053998,0,07,000,00,0,0,12,A01
200900053998,0,34,000,00,0,8,21,B01
200900053999,0,34,000,00,2,8,18,B01
200900053999,0,07,000,00,2,7,00,A01
200900054000,0,07,000,00,1,1,15,A01
200900054001,0,07,000,00,1,1,01,A01
200900054002,0,07,000,00,1,1,15,A01
200900054003,0,33,000,00,2,1,01,B01
200900054003,0,07,000,00,2,3,10,A01
200900054004,0,33,000,00,2,1,17,A01
200900054005,0,07,000,00,2,7,16,A01
200900054005,0,02,000,00,2,8,01,B01
200900054006,0,07,000,00,2,5,16,A01
200900054006,0,32,000,00,2,1,01,B01
200900054007,1,10,000,00,0,0,15,B01
200900054007,0,30,000,00,0,0,01,A01
200900054008,0,02,000,00,0,0,01,A01
200900054009,0,30,000,00,0,0,01,A01
200900054010,0,30,000,00,2,1,01,B01
200900054010,0,07,000,00,2,3,15,A01
200900054011,0,32,000,00,2,7,17,B01
200900054011,0,07,000,00,2,6,15,A01
200900054012,0,32,000,00,2,1,13,B01
200900054012,0,07,000,00,2,8,10,A01
200900054013,0,07,000,01,2,2,01,B01
200900054013,0,07,000,00,2,8,13,A01
200900054014,0,07,000,00,2,3,15,B01
200900054014,0,30,000,00,2,2,17,A01
200900054015,0,02,000,00,2,1,01,B01
200900054015,0,07,000,00,2,1,15,A01
200900054016,0,30,000,00,2,1,01,A01
200900054016,0,07,000,00,2,7,19,B02
200900054017,0,07,000,00,2,2,00,C03
200900054017,0,10,000,00,2,1,13,B02
200900054017,0,07,000,00,2,1,01,A01
200900054018,0,20,000,13,0,9,14,A01
200900054019,0,30,000,00,0,5,01,B01
200900054019,0,07,000,00,2,1,09,A01
200900054020,0,10,000,00,2,2,13,A01
200900054020,0,07,000,00,2,1,01,B02
200900054021,0,07,000,03,0,2,01,A01
200900054022,0,07,000,00,2,3,01,B02
200900054022,0,07,000,00,2,3,13,A01
200900054023,0,07,000,03,0,1,01,A01
200900054024,0,07,000,00,9,8,01,A01
200900054024,0,01,000,00,2,8,01,B01
200900054025,0,07,000,00,2,1,01,B02
200900054025,0,07,000,00,2,1,13,A01
200900054026,0,07,000,00,2,2,13,A01
200900054026,0,07,000,00,2,3,01,B02
200900054027,0,01,000,00,2,3,01,A01
200900054027,1,07,000,00,2,8,13,B02
200900054028,0,07,000,00,2,1,01,A01
200900054028,0,07,000,00,2,1,01,B02
200900054029,0,07,000,13,0,1,01,A01
200900054030,0,30,000,00,0,1,01,B01
200900054030,0,07,000,00,2,3,15,A01
200900054031,0,07,000,00,1,2,01,A01
200900054032,0,07,000,00,2,7,02,A01
200900054032,0,01,000,00,2,8,02,B01
200900054033,0,07,000,01,0,1,01,A01
200900054034,0,10,000,00,1,2,01,A01
200900054035,0,07,000,06,0,1,13,A01
200900054036,0,07,000,00,0,2,02,A01
200900054036,0,07,000,00,0,5,02,B01
200900054037,0,07,000,00,2,7,19,A01
200900054037,0,07,000,00,2,1,01,B01
200900054038,0,30,000,00,0,7,01,A01
200900054039,0,10,000,13,0,1,01,A01
200900054040,0,07,000,13,1,1,01,A01
200900054041,0,07,000,13,0,1,01,A01
200900054042,0,07,000,00,2,1,05,A01
200900054042,0,07,000,00,2,1,01,B01
200900054042,0,07,000,00,2,1,01,C01
200900054043,0,17,000,00,2,5,17,A01
200900054043,0,03,000,00,2,8,01,B01
200900054044,0,21,000,13,0,8,01,A01
200900054045,0,03,000,00,0,9,13,A01
200900054046,0,07,000,16,0,9,01,A01
200900054047,0,07,000,00,1,3,01,A01
200900054048,0,07,000,00,2,1,01,A01
200900054048,0,03,000,00,2,7,16,B01
200900054049,0,31,000,00,2,1,01,B01
200900054049,0,07,000,00,2,5,15,A01
200900054050,0,02,000,00,2,8,01,B01
200900054050,0,07,000,00,2,1,19,A01
200900054051,0,07,000,00,2,1,01,B01
200900054051,0,07,000,00,2,2,19,A01
200900054052,0,14,000,00,2,1,19,A01
200900054052,0,10,000,00,2,8,01,B01
200900054053,0,33,000,08,2,2,01,A01
200900054053,0,07,000,00,2,3,16,B01
200900054054,0,07,000,00,2,1,19,A01
200900054054,0,30,000,00,2,8,01,B01
200900054055,0,33,000,00,2,1,13,A01
200900054055,0,07,000,00,2,1,01,B01
200900054056,0,07,000,08,0,1,13,A01
200900054057,0,07,000,00,2,2,15,A01
200900054057,0,30,000,00,2,1,01,B01
200900054058,0,07,000,08,0,3,13,A01
200900054059,0,07,000,00,2,6,15,B01
200900054059,0,30,000,00,2,1,17,A01
200900054060,0,30,000,00,2,1,01,B01
200900054060,0,07,000,00,2,3,09,A01
200900054061,0,07,000,00,2,3,09,A01
200900054061,0,30,000,00,2,1,01,B01
200900054062,0,30,000,00,2,1,17,A01
200900054062,0,07,000,00,2,3,15,B01
200900054063,0,30,000,00,2,1,01,B01
200900054063,0,07,000,00,2,1,09,A01
200900054064,0,33,000,16,0,7,01,A01
200900054065,0,07,000,08,0,1,13,A01
200900054066,0,01,000,00,2,4,02,B01
200900054066,1,10,000,00,2,1,02,Z01
200900054067,0,01,000,00,2,2,17,B01
200900054067,0,01,000,01,2,3,13,A01
200900054068,0,01,000,00,2,1,09,A01
200900054068,0,07,000,00,2,8,01,B01
200900054069,0,07,000,00,1,1,09,A01
200900054070,0,07,000,00,2,1,09,A01
200900054070,0,33,000,00,2,2,01,B01
200900054071,0,07,000,00,0,8,19,B01
200900054071,0,07,000,00,2,1,01,A01
200900054072,0,07,000,13,0,2,14,A01
200900054073,0,30,000,00,0,0,01,A01
200900054073,0,07,000,00,0,0,01,B01
200900054074,0,07,000,00,2,1,05,A01
200900054074,0,15,000,00,2,1,01,B01
200900054075,0,07,000,00,2,4,01,A01
200900054075,0,07,000,00,2,1,01,B01
200900054075,0,07,000,00,2,1,01,D01
200900054075,0,07,000,00,2,1,01,C01
200900054076,0,30,000,16,0,0,01,A01
200900054077,0,01,000,00,2,2,01,B01
200900054077,0,07,000,00,2,1,09,A01
200900054078,0,02,000,00,0,1,14,A01
200900054079,0,07,000,00,2,3,01,B01
200900054079,0,10,000,00,2,1,13,A01
200900054080,0,10,000,00,2,7,15,A01
200900054080,0,30,000,00,2,1,01,B01
200900054081,0,07,000,13,0,2,01,A01
200900054082,0,07,000,00,2,2,01,B01
200900054082,0,07,000,00,2,7,15,A01
200900054083,0,07,000,13,0,8,13,A01
200900054084,0,07,000,00,1,0,00,A01
200900054085,0,10,000,16,0,9,13,A01
200900054086,0,07,000,13,0,3,01,A01
200900054087,0,07,000,00,1,3,01,A01
200900054088,0,33,000,03,6,1,21,A01
200900054089,0,14,000,00,2,7,01,B01
200900054089,0,38,000,00,2,8,01,A01
200900054090,0,07,000,13,0,2,01,A01
200900054091,1,14,000,00,1,0,00,A01
200900054092,0,07,000,00,1,1,01,A01
200900054093,0,10,000,06,0,1,01,A01
200900054094,0,07,000,00,2,3,09,A01
200900054094,0,02,000,00,2,1,01,B01
200900054095,0,30,000,00,0,0,16,A01
200900054096,0,07,000,12,0,2,14,A01
200900054097,1,30,000,00,1,1,17,A01
200900054098,0,07,000,00,1,3,01,A01
200900054099,0,33,000,00,2,1,01,B01
200900054099,0,07,000,00,2,7,10,A01
200900054100,0,07,000,00,1,2,16,A01
200900054101,0,07,000,00,1,3,01,A01
200900054102,0,30,000,16,0,0,01,A01
200900054103,0,07,000,00,1,2,01,A01
200900054104,0,30,000,00,2,1,01,B01
200900054104,0,07,000,00,2,1,15,A01
200900054105,0,30,000,16,0,0,16,A01
200900054106,0,07,000,08,0,6,14,A01
200900054107,0,07,000,15,0,9,13,A01
200900054108,0,07,000,07,0,1,01,A01
200900054109,0,07,000,00,2,3,15,A01
200900054109,0,30,000,00,2,1,01,B01
200900054110,0,07,000,00,2,1,01,B01
200900054110,0,07,000,00,2,1,13,A01
200900054111,0,07,000,00,1,1,01,A01
200900054112,0,07,000,00,1,1,01,A01
200900054113,0,07,000,00,0,1,22,A01
200900054113,0,07,000,00,2,6,01,B01
200900054113,0,30,000,00,2,1,01,C01
200900054114,0,10,000,00,2,3,01,A01
200900054114,0,30,000,00,2,7,12,B01
200900054115,0,07,000,00,1,2,01,A01
200900054116,0,07,000,00,2,3,01,B01
200900054116,0,07,000,00,2,5,23,C01
200900054116,0,02,000,00,2,1,01,A01
200900054117,0,03,000,01,0,2,14,A01
200900054118,0,07,000,00,2,1,02,A01
200900054118,0,07,000,00,2,4,23,B01
200900054119,0,38,001,00,2,8,23,B01
200900054119,1,07,000,10,2,6,13,A01
200900054120,0,30,000,00,0,0,01,A01
200900054121,0,01,000,08,0,1,01,A01
200900054122,0,30,000,00,2,1,01,B01
200900054122,0,07,000,00,2,2,15,A01
200900054123,0,07,000,00,2,1,15,A01