Num_Acc,senc,catv,occutc,obs,obsm,choc,manv,num_veh
200900054123,0,30,000,00,2,1,01,B01
200900054124,0,07,000,00,1,3,01,A01
200900054125,0,07,000,00,2,1,01,B01
200900054125,0,07,000,00,2,1,15,A01
200900054126,0,07,000,00,2,4,01,B01
200900054126,0,10,000,00,2,1,02,A01
200900054127,0,07,000,00,2,3,09,A01
200900054127,0,30,000,00,2,1,01,B01
200900054128,0,07,000,04,0,3,13,A01
200900054129,0,30,000,16,0,0,01,A01
200900054130,0,10,000,00,1,2,01,A01
200900054131,0,07,000,00,2,1,01,B01
200900054131,0,07,000,00,2,1,09,A01
200900054132,0,07,000,00,2,1,02,A01
200900054132,0,07,000,00,2,4,01,B01
200900054133,0,07,000,00,2,4,02,C01
200900054133,0,07,000,00,2,1,02,A01
200900054133,0,10,000,00,2,1,02,B01
200900054134,0,07,000,00,1,7,01,A01
200900054135,0,07,000,00,1,1,01,A01
200900054136,0,07,000,00,2,2,15,A01
200900054136,0,30,000,00,2,1,01,B01
200900054137,0,07,000,13,0,1,13,A01
200900054138,0,17,000,00,1,2,01,A01
200900054139,0,07,000,00,2,1,01,A01
200900054139,0,07,000,00,2,3,19,B01
200900054140,0,07,000,00,0,3,14,A01
200900054141,0,07,000,16,0,9,14,A01
200900054142,0,07,000,00,1,2,23,A01
200900054143,0,07,000,00,2,1,17,A01
200900054143,0,13,000,00,2,4,23,B01
200900054144,0,07,000,00,0,1,02,B01
200900054144,0,17,000,00,0,4,02,A01
200900054145,0,07,000,00,2,1,01,A01
200900054145,0,07,000,00,2,7,13,B01
200900054146,0,30,000,00,2,1,01,A01
200900054146,0,07,000,00,2,2,19,B01
200900054147,0,07,000,00,2,2,15,A01
200900054147,0,30,000,00,0,1,01,B01
200900054148,0,10,000,00,2,4,01,A01
200900054148,0,07,000,00,2,1,17,B01
200900054149,0,10,000,02,0,2,14,A01
200900054150,0,10,000,00,2,2,19,B01
200900054150,0,33,000,00,2,1,01,A01
200900054151,0,07,000,13,0,1,01,A01
200900054152,0,07,000,00,2,3,13,A01
200900054152,0,07,000,00,2,3,01,B01
200900054153,0,07,000,08,0,1,01,A01
200900054154,0,07,000,00,2,1,13,A01
200900054154,0,10,000,00,2,3,01,B01
200900054155,0,07,000,00,2,8,16,A01
200900054155,0,10,000,00,2,3,01,B01
200900054156,0,07,000,00,2,2,15,A01
200900054156,0,07,000,00,2,1,01,B01
200900054157,0,31,000,00,2,1,01,A01
200900054157,0,07,000,00,2,3,01,B01
200900054158,0,07,000,00,2,1,01,B01
200900054158,0,37,001,00,2,2,15,A01
200900054159,0,30,000,00,0,0,01,A01
200900054160,0,07,000,01,0,1,13,A01
200900054161,0,30,000,00,0,0,01,A01
200900054162,0,07,000,00,2,1,16,A01
200900054162,0,07,000,04,2,1,16,B01
200900054163,0,33,000,00,2,1,12,A01
200900054163,0,07,000,00,2,4,01,B01
200900054164,0,07,000,00,2,1,01,A01
200900054164,0,01,000,00,2,7,19,B01
200900054165,0,07,000,05,0,1,02,A01
200900054165,0,07,000,14,0,1,02,B01
200900054166,0,01,000,00,2,1,16,B01
200900054166,0,07,000,00,2,3,09,A01
200900054167,0,30,000,00,2,1,13,B02
200900054167,0,07,000,00,2,3,01,A01
200900054168,0,33,000,00,2,3,00,B02
200900054168,1,07,000,00,2,3,00,A01
200900054169,0,07,000,00,2,7,01,A01
200900054169,0,07,000,00,2,1,01,B02
200900054170,0,07,000,13,0,9,01,A01
200900054171,0,07,000,16,0,1,00,A01
200900054172,0,07,000,00,2,1,13,B02
200900054172,0,07,000,00,2,1,01,A01
200900054173,0,33,000,00,2,1,01,B02
200900054173,0,07,000,00,2,3,19,A01
200900054174,0,07,000,00,2,6,02,B02
200900054174,0,07,000,00,2,6,02,C03
200900054174,0,07,000,00,2,2,21,A01
200900054175,0,07,000,00,2,1,01,B02
200900054175,0,07,000,00,2,1,05,A01
200900054176,0,07,000,00,9,3,01,A01
200900054176,0,02,000,00,2,8,01,B02
200900054177,0,07,000,00,1,3,02,A01
200900054178,0,07,000,00,1,1,01,A01
200900054179,0,33,000,00,2,1,02,B02
200900054179,0,07,000,00,0,8,15,A01
200900054180,0,07,000,00,2,1,01,B02
200900054180,0,07,000,00,2,1,05,A01
200900054181,0,07,000,00,2,2,01,C03
200900054181,0,07,000,00,2,2,01,B02
200900054181,0,07,000,00,2,2,19,A01
200900054182,0,07,000,16,0,9,01,A01
200900054183,0,30,000,00,2,2,17,A01
200900054183,0,30,000,00,2,3,01,B02
200900054184,0,07,000,00,2,3,09,A01
200900054184,0,02,000,00,2,7,01,B02
200900054185,0,31,000,00,0,8,01,A01
200900054186,0,07,000,00,1,2,14,A01
200900054187,0,02,000,00,0,0,01,B02
200900054187,0,37,000,00,0,0,17,A01
200900054188,0,07,000,03,0,3,01,A01
200900054189,0,07,000,02,0,1,13,A01
200900054190,0,07,000,01,0,1,01,C03
200900054190,0,07,000,04,0,2,13,B02
200900054190,0,07,000,01,0,1,01,A01
200900054191,0,10,000,02,0,2,01,A01
200900054192,0,07,000,00,1,1,01,A01
200900054193,0,99,000,00,2,7,01,C03
200900054193,0,07,000,00,2,1,05,A01
200900054193,0,07,000,00,2,1,01,B02
200900054193,0,07,000,00,2,1,01,D04
200900054194,0,02,000,00,2,1,01,B02
200900054194,0,07,000,00,0,6,10,A01
200900054195,0,07,000,00,2,2,01,B02
200900054195,0,33,000,00,2,7,12,A01
200900054196,0,07,000,02,0,2,01,A01
200900054197,0,99,000,16,0,7,01,A01
200900054198,0,33,000,00,2,0,17,A01
200900054198,0,38,000,00,2,5,01,B02
200900054199,0,07,000,13,0,1,01,A01
200900054200,0,07,000,00,0,1,01,A01
200900054201,0,07,000,02,0,3,13,A01
200900054202,0,07,000,00,0,0,00,A01
200900054203,0,07,000,06,0,1,01,A01
200900054204,0,10,000,00,2,3,15,A01
200900054204,0,07,000,00,2,1,01,B01
200900054205,0,33,000,00,0,0,00,A01
200900054206,0,31,000,06,0,1,18,A01
200900054207,0,33,000,00,2,1,01,B01
200900054207,0,07,000,00,2,3,15,A01
200900054208,0,33,000,00,2,0,21,A01
200900054208,0,10,000,00,0,0,00,C01
200900054208,0,31,000,00,2,1,02,B01
200900054209,0,07,000,00,2,1,13,A01
200900054209,0,07,000,00,2,1,21,B01
200900054210,0,07,000,06,0,1,13,A01
200900054211,0,07,000,00,1,1,15,A01
200900054212,0,07,000,02,0,1,01,A01
200900054213,0,07,000,00,0,1,00,A01
200900054213,0,07,000,00,0,0,00,B01
200900054213,0,07,000,00,0,0,00,C01
200900054214,0,07,000,09,0,0,14,A01
200900054215,0,02,000,00,2,1,01,B01
200900054215,0,07,000,00,2,7,15,A01
200900054216,0,07,000,00,2,4,02,B01
200900054216,0,32,000,00,2,1,01,A01
200900054217,0,07,000,13,0,7,14,A01
200900054218,0,02,000,00,2,7,01,B01
200900054218,1,07,000,00,0,0,01,A01
200900054219,0,33,000,00,2,1,01,B01
200900054219,0,10,000,00,2,8,15,A01
200900054220,0,07,000,00,2,1,06,A01
200900054220,0,07,000,00,2,1,01,C01
200900054220,0,07,000,00,2,1,01,B01
200900054221,0,07,000,00,2,4,01,B01
200900054222,1,07,000,00,1,0,00,A01
200900054223,0,10,000,00,2,8,10,A01
200900054223,0,33,000,00,2,1,01,B01
200900054224,0,37,001,00,2,1,01,B01
200900054225,0,07,000,00,0,0,00,A01
200900054225,0,07,000,00,0,0,00,B01
200900054226,0,07,000,00,2,1,01,A01
200900054226,0,07,000,00,2,4,02,B01
200900054227,0,07,000,02,0,1,13,A01
200900054228,0,07,000,00,2,3,15,B01
200900054228,0,32,000,00,2,7,17,A01
200900054229,0,32,000,00,2,3,01,B01
200900054229,0,07,000,00,2,3,15,A01
200900054230,0,10,000,00,1,8,04,A01
200900054231,0,07,000,00,2,2,05,A01
200900054231,0,30,000,00,2,1,15,B01
200900054232,0,07,000,02,0,1,01,A01
200900054233,0,33,000,00,2,1,01,B01
200900054233,0,07,000,00,2,7,10,A01
200900054234,0,10,000,00,2,2,01,A01
200900054234,0,01,000,00,2,4,00,B01
200900054235,0,07,000,12,0,2,01,A01
200900054236,0,33,000,00,2,8,01,B01
200900054236,0,07,000,00,2,7,03,A01
200900054237,0,34,000,11,0,1,01,A01
200900054238,0,07,000,00,2,2,15,A01
200900054238,0,07,000,00,2,1,01,B01
200900054239,0,32,000,01,2,1,01,B01
200900054239,0,32,000,00,2,2,17,A01
200900054240,0,33,000,01,0,3,01,B01
200900054240,0,07,000,00,0,0,15,A01
200900054240,0,10,000,00,2,5,23,C01
200900054241,0,07,000,07,0,1,01,A01
200900054242,0,33,000,00,2,7,01,B01
200900054242,0,07,000,00,2,8,15,A01
200900054243,0,07,000,00,1,1,01,A01
200900054244,0,02,000,00,2,9,01,B01
200900054244,0,07,000,00,2,2,16,A01
200900054245,0,07,000,01,2,6,01,B01
200900054245,0,07,000,00,2,3,15,A01
200900054246,0,10,000,00,2,1,01,A01
200900054246,0,07,000,00,0,4,01,B01
200900054247,0,34,000,00,2,6,01,B01
200900054247,0,07,000,00,2,3,16,A01
200900054248,0,07,000,00,2,3,15,B01
200900054248,0,33,000,00,2,1,17,A01
200900054249,0,34,000,09,2,1,17,A01
200900054249,0,07,000,00,0,6,00,B01
200900054250,0,07,000,00,2,1,02,A01
200900054250,0,07,000,00,2,3,15,B01
200900054251,0,07,000,00,1,1,01,A01
200900054252,0,07,000,00,2,7,01,B01
200900054252,0,07,000,00,2,1,01,A01
200900054253,0,32,000,00,2,1,01,B01
200900054253,0,07,000,00,2,2,15,A01
200900054254,0,30,000,00,2,1,01,B01
200900054254,0,07,000,00,2,2,15,A01
200900054255,0,07,000,00,1,3,01,A01
200900054256,0,07,000,00,1,2,01,A01
200900054257,0,34,000,00,2,1,01,B01
200900054257,0,32,000,00,2,8,11,A01
200900054258,0,07,000,00,2,7,16,A01
200900054258,0,33,000,00,2,3,01,B01
200900054259,0,07,000,00,0,5,15,B01
200900054259,0,30,000,00,2,1,01,A01
200900054260,0,33,000,00,2,2,01,B01
200900054260,0,07,000,00,2,8,01,C01
200900054260,0,07,000,00,0,7,15,A01
200900054261,0,07,000,00,0,2,01,B01
200900054261,0,07,000,00,2,1,16,A01
200900054262,0,10,000,00,0,7,16,B01
200900054262,0,30,000,00,2,8,01,A01
200900054263,0,07,000,00,2,1,02,A01
200900054263,0,07,000,00,0,4,23,B01
200900054264,0,31,000,00,2,1,02,A01
200900054264,0,07,000,00,2,4,02,B01
200900054265,0,07,000,00,2,1,15,A01
200900054266,0,01,000,00,2,1,16,A01
200900054266,0,07,000,00,0,5,02,B01
200900054267,0,07,000,00,2,1,01,B01
200900054267,0,07,000,00,2,1,15,A01
200900054268,0,30,000,01,0,7,01,B01
200900054268,0,07,000,00,2,1,15,A01
200900054269,0,14,000,02,0,1,02,A01
200900054270,0,07,000,00,2,1,02,B01
200900054270,0,07,000,00,2,8,15,A01
200900054271,0,07,000,00,2,1,01,B01
200900054271,0,07,000,00,2,1,05,A01
200900054272,0,07,000,00,1,4,02,A01
200900054273,0,02,000,00,0,0,00,B01
200900054273,0,07,000,00,0,3,15,A01
200900054274,0,07,000,00,1,0,15,A01
200900054275,0,07,000,00,1,1,15,A01
200900054276,0,07,000,00,2,3,01,A01
200900054276,0,02,000,00,2,7,01,B01
200900054277,0,07,000,03,0,5,14,A01
200900054278,0,07,000,00,0,4,01,C01
200900054278,0,07,000,01,0,1,01,A01
200900054278,0,07,000,01,0,1,01,B01
200900054279,0,33,000,00,2,1,02,B01
200900054279,0,07,000,00,2,5,15,A01
200900054280,0,07,000,00,1,1,02,A01
200900054281,0,02,000,00,2,1,01,A01
200900054281,0,07,000,00,0,2,16,B01
200900054282,0,07,000,00,2,2,15,A01
200900054282,0,02,000,00,2,1,02,B01
200900054283,0,07,000,00,2,1,05,A01
200900054283,0,07,000,00,2,1,01,B01
200900054284,1,07,000,00,1,0,01,A01
200900054285,0,07,000,00,2,1,02,B01
200900054285,0,07,000,00,2,6,15,A01
200900054286,0,01,000,00,2,1,01,B01
200900054286,0,07,000,00,0,3,01,A01
200900054287,0,07,000,00,2,1,15,A01
200900054287,0,07,000,00,2,1,01,B01
200900054288,0,40,000,00,5,1,01,A01
200900054289,0,31,000,00,2,1,02,B01
200900054289,0,07,000,00,2,1,02,A01
200900054290,0,07,000,00,2,1,02,A01
200900054290,0,07,000,00,0,4,02,C01
200900054290,0,07,000,00,2,4,02,B01
200900054291,0,07,000,00,1,4,04,A01
200900054292,0,07,000,00,0,4,23,B01
200900054292,0,32,000,00,2,8,02,A01
200900054293,0,02,000,00,1,1,01,A01
200900054294,0,02,000,00,2,0,02,A01
200900054294,0,07,000,00,0,6,15,B01
200900054295,0,31,000,00,2,1,01,B01
200900054295,0,07,000,00,2,2,15,A01
200900054296,0,07,000,00,0,3,24,A01
200900054296,0,01,000,01,0,5,01,B01
200900054297,0,07,000,00,0,4,23,B01
200900054297,0,01,000,00,2,1,03,A01
200900054298,0,10,000,00,2,1,02,A01
200900054298,0,10,000,00,0,4,23,B01
200900054299,0,07,000,00,2,1,02,A01
200900054299,0,07,000,00,0,4,15,B01
200900054300,0,07,000,00,2,1,15,A01
200900054300,0,31,000,00,2,1,02,B01
200900054301,0,07,000,00,2,2,01,B01
200900054301,0,07,000,00,2,2,15,A01
200900054302,0,01,000,00,2,1,01,B01
200900054302,0,07,000,00,2,1,15,A01
200900054303,0,07,000,00,0,1,02,A01
200900054303,0,07,000,00,2,1,02,B01
200900054304,0,07,000,00,0,6,15,A01
200900054304,0,02,000,00,2,1,01,B01
200900054305,0,07,000,00,0,2,15,A01
200900054305,0,33,000,06,2,1,02,B01
200900054306,1,07,000,00,1,0,00,A01
200900054307,0,07,000,00,2,4,23,B01
200900054307,1,33,000,00,2,0,00,A01
200900054307,0,07,000,00,2,4,23,C01
200900054307,0,07,000,00,0,4,23,D01
200900054308,0,07,000,00,2,1,13,A01
200900054308,0,02,000,00,2,1,02,B01
200900054309,0,07,000,00,2,3,15,B01
200900054309,0,07,000,00,2,3,01,A01
200900054310,0,07,000,00,2,4,01,B01
200900054310,0,01,000,00,2,1,02,A01
200900054311,0,07,000,00,2,4,02,B01
200900054311,0,31,000,00,2,1,02,A01
200900054312,0,07,000,00,2,1,02,A01
200900054313,0,02,000,00,0,8,01,A01
200900054314,0,07,000,08,0,1,02,A01
200900054315,0,07,000,00,2,1,01,B01
200900054315,0,07,000,01,0,5,01,A01
200900054316,0,07,000,16,2,4,04,A01
200900054316,0,07,000,16,2,1,02,B01
200900054317,0,02,000,00,2,1,01,A01
200900054317,0,17,000,00,2,2,16,B01
200900054318,0,07,000,00,2,3,15,A01
200900054318,0,07,000,00,2,3,01,B01
200900054319,0,02,000,00,2,1,02,A01
200900054319,0,07,000,00,2,4,02,B01
200900054320,0,07,000,00,2,1,02,A01
200900054320,0,07,000,00,0,4,02,C01
200900054320,0,07,000,00,2,4,02,B01
200900054321,0,07,000,09,0,2,01,A01
200900054321,0,07,000,00,2,1,01,B01
200900054322,0,07,000,00,2,1,01,B01
200900054322,0,07,000,00,0,3,16,A01
200900054323,0,07,000,00,2,3,02,B01
200900054323,0,33,000,00,2,1,02,A01
200900054324,0,01,000,00,1,1,02,A01
200900054325,0,33,000,00,1,1,01,A01
200900054326,0,01,000,14,0,1,21,A01
200900054327,0,07,000,00,2,8,16,A01
200900054327,0,07,000,00,2,1,01,C03
200900054327,0,31,000,00,2,1,01,B02
200900054328,0,34,000,00,2,1,01,A01
200900054328,0,07,000,00,2,3,19,B02
200900054329,0,07,000,06,0,3,01,A01
200900054330,0,07,000,00,2,2,16,A01
200900054330,0,30,000,00,2,1,01,B02
200900054331,0,07,000,00,2,1,15,B02
200900054331,0,30,000,00,2,1,01,A01
200900054332,0,07,000,00,4,7,01,A01
200900054332,0,39,000,00,2,1,01,B02
200900054333,0,30,000,00,0,0,01,A01
200900054334,0,31,000,00,0,7,01,A01
200900054335,0,07,000,00,0,1,00,B02
200900054335,0,07,000,00,0,1,00,A01
200900054336,0,07,000,00,0,3,01,B02
200900054337,0,02,000,00,2,2,01,A01
200900054337,0,02,000,00,0,6,01,B02
200900054338,0,30,000,01,0,1,02,A01
200900054339,0,10,000,02,0,2,00,A01
200900054340,0,07,000,00,1,5,20,A01
200900054341,0,07,000,00,2,2,17,A01
200900054341,0,07,000,00,2,2,01,B02
200900054342,0,07,000,00,2,3,13,A01
200900054342,0,02,000,00,2,1,13,B02
200900054343,0,07,000,00,1,2,01,A01
200900054344,0,17,000,00,0,6,23,B02
200900054344,0,17,000,00,2,3,01,A01
200900054344,0,17,000,00,0,4,23,C03
200900054345,0,07,000,00,2,8,01,A01
200900054345,0,07,000,00,2,2,15,B02
200900054346,0,17,000,00,2,8,20,A01
200900054346,0,07,000,00,2,2,01,B02
200900054347,0,07,000,00,2,3,13,A01
200900054347,0,07,000,00,2,3,01,B02
200900054348,0,33,000,01,0,1,14,A01
200900054348,0,10,000,00,2,3,23,B02
200900054349,0,07,000,06,0,3,01,A01
200900054350,0,02,000,00,2,7,01,A01
200900054350,0,10,000,00,2,1,01,B02
200900054351,0,36,000,00,2,1,01,A01
200900054351,0,01,000,00,2,7,01,B02
200900054352,0,30,000,00,2,8,15,B02
200900054352,0,03,000,00,2,2,17,A01
200900054353,0,10,000,00,1,3,01,A01
200900054354,0,33,000,00,2,2,02,A01
200900054354,0,07,000,00,0,6,23,B02
200900054355,0,07,000,08,0,7,01,A01
200900054356,0,07,000,11,0,1,02,A01
200900054357,0,07,000,00,2,3,13,A01
200900054357,0,07,000,00,2,3,01,B02
200900054358,0,10,000,00,2,2,01,C03
200900054358,0,07,000,00,2,8,00,A01
200900054358,0,07,000,00,2,1,01,B02
200900054359,0,10,000,00,1,2,01,A01
200900054360,0,07,000,00,0,2,14,A01
200900054361,0,33,000,00,2,1,01,A01
200900054361,0,10,000,00,0,3,15,B01
200900054362,0,07,000,00,2,1,15,A01
200900054362,0,33,000,00,0,8,01,B01
200900054363,0,07,000,00,0,6,01,B01
200900054363,0,02,000,00,2,1,01,A01
200900054364,0,10,000,00,1,1,01,A01
200900054365,0,07,000,00,2,1,15,A01
200900054365,0,07,000,00,2,1,01,B01
200900054366,0,34,000,00,2,1,01,B01
200900054366,0,10,000,00,2,1,15,A01
200900054367,0,07,000,00,0,4,23,C01
200900054367,0,10,000,00,2,1,02,A01
200900054367,0,07,000,00,2,4,02,B01
200900054368,0,32,000,00,1,1,02,A01
200900054369,0,07,000,00,0,5,02,B01
200900054369,0,02,000,00,2,1,02,A01
200900054370,0,07,000,00,2,3,13,A01
200900054371,0,30,000,00,1,2,01,A01
200900054372,0,07,000,12,0,3,01,A01
200900054373,0,07,000,00,1,4,04,A01
200900054374,0,07,000,00,2,1,02,A01
200900054374,0,07,000,00,2,7,02,B01
200900054375,0,07,000,00,0,5,16,A01
200900054375,0,02,000,00,2,3,18,B01
200900054376,1,07,000,00,2,1,02,A01
200900054376,0,07,000,00,0,4,01,B01
200900054377,0,37,096,00,2,0,17,A01
200900054377,0,01,000,00,2,8,17,B01
200900054378,0,32,000,00,2,1,01,B01
200900054378,0,07,000,00,0,3,15,A01
200900054379,0,33,000,00,2,1,01,B01
200900054379,0,07,000,00,0,7,09,A01
200900054380,0,07,000,00,0,2,01,A01
200900054380,0,01,000,00,2,1,01,B01
200900054381,0,30,000,00,0,7,01,B01
200900054381,0,07,000,00,0,3,01,A01
200900054382,0,07,000,00,0,8,01,B01
200900054382,0,30,000,00,2,1,15,A01
200900054383,0,07,000,00,2,7,02,B01
200900054383,0,07,000,00,2,1,02,A01
200900054384,0,07,000,00,1,2,01,A01
200900054385,0,07,000,00,2,1,15,A01
200900054385,0,02,000,00,2,1,01,B01
200900054386,0,07,000,00,2,1,01,B01
200900054386,0,07,000,00,2,3,06,A01
200900054387,0,40,000,00,0,0,01,B01
200900054387,0,07,000,00,2,2,01,A01
200900054388,0,07,000,00,0,7,01,A01
200900054388,0,07,000,00,2,1,15,B01
200900054389,0,02,000,00,2,1,01,B01
200900054389,0,07,000,00,0,5,13,A01
200900054390,0,07,000,00,2,2,20,A01
200900054390,0,32,000,00,2,0,01,B01
200900054391,0,07,000,00,2,1,02,A01
200900054391,0,01,000,00,2,0,02,B01
200900054392,0,02,000,00,2,1,01,A01
200900054392,0,07,000,00,0,5,15,B01
200900054393,0,02,000,00,0,0,01,B01
200900054393,0,07,000,00,2,1,15,A01
200900054394,0,07,000,09,0,1,14,A01
200900054395,0,07,000,00,2,1,02,A01
200900054395,0,07,000,00,0,4,00,B01
200900054396,0,07,000,00,0,4,01,B01
200900054396,0,31,000,00,2,1,02,A01
200900054397,0,07,000,00,0,9,02,A01
200900054398,0,10,000,00,1,0,14,A01
200900054399,0,31,000,00,2,1,01,B01
200900054399,0,07,000,00,2,1,15,A01
200900054400,0,07,000,00,1,1,15,A01
200900054401,0,07,000,00,0,3,01,B01
200900054401,0,07,000,00,2,1,15,A01
200900054402,0,07,000,00,0,5,15,B01
200900054402,0,31,000,00,2,2,01,A01
200900054403,0,07,000,00,2,1,15,A01
200900054403,0,01,000,00,0,7,15,B01
200900054404,0,30,000,00,2,1,01,B01
200900054404,0,07,000,00,0,0,00,A01
200900054405,0,30,000,14,0,1,01,A01
200900054406,0,07,000,00,1,1,15,A01
200900054407,0,07,000,00,2,7,15,A01
200900054407,0,31,000,00,2,9,02,B01
200900054408,0,07,000,00,1,1,02,A01
200900054409,0,07,000,00,1,7,15,A01
200900054410,0,01,000,00,2,1,05,B01
200900054410,0,07,000,00,0,2,16,A01
200900054411,0,07,000,00,1,1,01,A01
200900054412,0,07,000,00,2,1,16,A01
200900054412,0,07,000,00,2,1,01,B01
200900054413,0,07,000,00,1,1,16,A01
200900054414,0,07,000,00,2,1,13,A01
200900054414,0,07,000,00,2,1,02,B01
200900054415,0,07,000,00,1,3,02,B01
200900054415,0,07,000,00,1,3,02,A01
200900054416,0,07,000,00,2,2,15,A01
200900054416,0,30,000,00,2,1,02,B01
200900054417,0,07,000,00,1,1,01,A01
200900054418,0,07,000,00,0,3,15,A01
200900054418,0,07,000,00,2,1,01,B01
200900054419,0,07,000,00,2,1,01,B01
200900054419,0,10,000,03,0,3,01,A01
200900054420,0,07,000,04,0,1,01,A01
200900054421,0,07,000,04,0,1,01,A01
200900054422,0,07,000,00,0,4,02,B01
200900054422,0,07,000,00,2,1,01,A01
200900054423,0,07,000,04,0,1,01,A01
200900054424,0,07,000,07,0,6,01,A01
200900054425,0,07,000,00,2,1,01,A01
200900054425,0,07,000,00,0,7,01,C01
200900054425,0,07,000,00,0,4,02,B01
200900054426,0,07,000,04,0,1,01,A01
200900054427,0,07,000,04,0,5,01,A01
200900054428,0,07,000,04,0,3,01,A01
200900054429,0,07,000,02,0,1,01,A01
200900054430,0,33,000,00,0,7,01,B01
200900054430,0,07,000,00,2,8,11,A01
200900054431,0,07,000,00,0,7,01,B01
200900054431,0,07,000,00,2,1,01,C01
200900054431,0,07,000,00,2,1,01,A01
200900054432,0,07,000,00,2,1,01,A01
200900054432,0,07,000,00,0,1,01,B01
200900054433,0,07,000,00,2,1,01,A01
200900054433,0,07,000,00,0,4,02,B01
200900054434,0,07,000,03,0,1,01,A01
200900054435,0,33,000,00,0,7,11,A01
200900054436,0,33,000,14,0,7,00,A01
200900054437,0,07,000,01,0,1,01,A01
200900054437,0,07,000,00,0,4,23,B01
200900054438,0,07,000,04,0,1,01,A01
200900054439,0,07,000,04,0,1,01,A01
200900054440,0,07,000,00,2,6,01,B01
200900054440,0,07,000,00,0,4,01,D01
200900054440,0,07,000,00,2,2,12,A01
200900054440,0,07,000,00,2,4,01,C01
200900054441,0,07,000,00,0,4,01,A01
200900054441,1,07,000,00,2,1,01,B01
200900054442,0,07,000,00,2,1,02,A01
200900054442,0,07,000,00,0,4,02,B01
200900054443,0,07,000,00,0,4,02,C01
200900054443,0,07,000,00,2,1,01,A01
200900054443,0,07,000,00,2,4,02,B01
200900054444,0,07,000,03,0,3,01,A01
200900054445,0,17,000,00,0,4,01,B01
200900054445,0,07,000,00,0,1,01,A01
200900054446,0,07,000,00,0,9,01,A01
200900054447,0,07,000,04,0,1,01,A01
200900054448,0,07,000,03,0,2,01,A01
200900054449,0,07,000,04,0,3,01,A01
200900054450,0,07,000,00,0,8,01,C01
200900054450,0,15,000,00,2,1,02,A01
200900054450,0,07,000,05,2,4,01,B01
200900054451,0,07,000,04,0,3,01,A01
200900054452,0,07,000,03,0,2,01,A01
200900054453,0,33,000,00,0,8,01,A01
200900054454,0,07,000,04,0,1,12,A01
200900054455,0,07,000,04,0,1,01,A01
200900054456,0,07,000,00,2,4,02,B01
200900054456,0,17,000,00,0,4,02,C01
200900054456,0,10,000,00,0,1,01,A01
200900054457,0,07,000,04,0,1,01,A01
200900054458,0,07,000,00,0,4,23,C01
200900054458,0,07,000,00,2,1,01,A01
200900054458,0,10,000,00,2,4,02,B01
200900054459,1,30,000,00,1,0,01,A01
200900054459,0,07,000,00,2,3,00,B01
200900054460,0,07,000,00,1,1,00,A01
200900054461,0,07,000,00,2,8,15,A01
200900054461,0,33,000,00,2,7,17,B02
200900054462,0,07,000,04,0,2,01,A01
200900054463,0,07,000,00,2,1,09,A01
200900054463,0,02,000,00,2,1,01,B01
200900054464,0,32,000,00,2,1,07,B01
200900054464,0,07,000,01,2,8,15,A01
200900054465,0,07,000,00,2,2,15,A01
200900054465,0,07,000,00,0,1,01,B01
200900054466,0,07,000,00,0,4,01,C01
200900054466,0,07,000,00,2,1,01,A01
200900054466,0,07,000,00,2,4,01,B01
200900054467,0,07,000,00,0,4,01,B01
200900054467,0,01,000,00,2,1,01,A01
200900054468,0,07,000,00,2,1,01,A01
200900054468,0,07,000,00,0,4,01,B01
200900054469,0,07,000,08,0,1,14,A01
200900054470,0,07,000,02,0,1,01,A01
200900054471,0,07,000,00,2,1,01,A01
200900054471,0,07,000,00,0,4,01,B01
200900054472,0,07,000,00,2,1,01,A01
200900054472,0,07,000,00,2,4,01,B01
200900054472,0,07,000,00,0,4,01,C01
200900054473,0,07,000,15,0,1,14,A01
200900054474,0,07,000,00,2,1,01,A01
200900054474,0,31,000,00,2,1,01,B01
200900054475,0,02,000,00,2,1,16,B01
200900054475,0,33,000,00,2,2,02,A01
200900054476,0,07,000,00,2,1,02,C01
200900054476,0,07,000,00,2,1,09,A01
200900054476,0,34,000,00,2,1,02,B01
200900054477,0,07,000,00,0,4,23,B01
200900054477,0,07,000,00,2,1,01,A01
200900054478,0,07,000,00,2,1,02,A01
200900054478,0,07,000,00,2,4,02,B01
200900054479,0,02,000,00,2,0,02,A01
200900054479,0,01,000,00,2,0,02,B01
200900054480,0,02,000,15,0,1,02,A01
200900054481,0,07,000,00,1,1,15,A01
200900054482,0,07,000,00,0,6,15,A01
200900054482,0,40,000,00,2,1,01,B01
200900054483,0,33,000,00,0,5,15,A01
200900054483,0,07,000,00,2,3,15,B01
200900054484,0,07,000,00,1,2,01,A01
200900054485,0,30,000,00,2,1,02,A01
200900054486,0,10,000,00,0,4,23,C01
200900054486,0,36,000,00,2,4,23,B01
200900054486,0,07,000,00,2,3,12,A01
200900054487,0,07,000,00,2,0,01,A01
200900054487,0,07,000,00,0,3,01,B01
200900054488,0,07,000,00,0,8,16,A01
200900054488,0,07,000,00,2,2,01,B01
200900054489,0,07,000,00,0,8,15,B01
200900054489,0,02,000,00,2,1,17,A01
200900054490,0,02,000,00,0,0,02,A01
200900054491,0,01,000,00,2,1,05,A01
200900054491,0,07,000,00,2,1,01,B01
200900054492,0,31,000,00,1,1,02,A01