Num_Acc,senc,catv,occutc,obs,obsm,choc,manv,num_veh
200900054493,0,07,000,04,1,2,01,A01
200900054493,0,07,000,00,2,3,13,B01
200900054494,0,33,000,00,2,0,02,A01
200900054494,0,07,000,00,2,4,02,B01
200900054495,0,31,000,00,2,8,02,B01
200900054495,1,07,000,00,0,0,00,A01
200900054496,0,07,000,00,0,5,13,A01
200900054496,0,07,000,00,2,1,01,B01
200900054497,0,30,000,00,1,1,16,A01
200900054498,0,07,000,00,1,3,17,A01
200900054499,0,31,000,00,2,1,18,A01
200900054499,0,07,000,00,0,2,15,B01
200900054500,0,30,000,12,0,1,02,A01
200900054501,0,07,000,02,2,2,01,A01
200900054502,0,31,000,00,1,8,02,A01
200900054503,0,07,000,00,2,1,02,A01
200900054503,0,07,000,00,0,4,23,B01
200900054504,0,07,000,00,2,3,24,A01
200900054504,0,01,000,01,0,1,01,B01
200900054505,0,01,000,00,2,9,13,B01
200900054506,0,34,000,00,2,1,15,A01
200900054506,0,07,000,00,2,1,01,B01
200900054507,0,01,000,00,0,1,02,A01
200900054508,0,02,000,00,2,7,02,B01
200900054508,1,07,000,00,0,0,02,A01
200900054509,0,07,000,09,0,5,15,A01
200900054510,0,07,000,00,0,4,23,A01
200900054510,0,07,000,00,2,1,02,B01
200900054511,0,07,000,00,1,1,02,A01
200900054512,0,07,000,08,0,1,01,A01
200900054513,0,31,000,00,2,1,01,A01
200900054513,0,07,000,00,2,1,19,B02
200900054514,0,10,000,00,2,7,17,B02
200900054514,0,01,000,00,2,8,15,A01
200900054515,0,02,000,00,6,1,01,B02
200900054515,0,13,000,00,1,0,01,A01
200900054516,0,30,000,00,2,1,01,A01
200900054516,0,07,000,00,2,1,13,B02
200900054517,0,01,000,00,5,2,01,A01
200900054518,0,30,000,00,2,1,01,A01
200900054518,0,07,000,00,2,3,15,B02
200900054519,0,01,000,00,2,1,01,B02
200900054519,0,07,000,00,0,7,15,A01
200900054520,0,07,000,08,0,8,14,A01
200900054521,0,01,000,00,2,4,13,B02
200900054521,0,10,000,00,1,1,01,A01
200900054522,0,31,000,00,2,3,01,A01
200900054522,0,07,000,00,2,1,01,B02
200900054523,0,07,000,00,2,1,21,A01
200900054524,0,07,000,00,2,2,01,B02
200900054524,0,30,000,00,2,2,15,A01
200900054525,0,30,000,08,0,1,14,A01
200900054526,0,07,000,00,0,3,01,A01
200900054527,0,33,000,16,0,9,13,A01
200900054527,0,10,000,00,1,2,01,B02
200900054528,0,07,000,06,0,4,01,A01
200900054529,0,07,000,00,2,1,01,B02
200900054529,0,07,000,00,2,1,09,A01
200900054530,0,31,000,00,2,1,19,A01
200900054530,0,10,000,00,2,3,01,B02
200900054531,0,01,000,01,0,1,01,B02
200900054531,0,07,000,00,9,8,22,A01
200900054532,0,07,000,13,0,9,01,A01
200900054533,0,07,000,00,9,4,23,B02
200900054533,0,07,000,14,0,1,02,C03
200900054533,0,07,000,00,0,4,23,A01
200900054534,0,07,000,00,2,4,02,B02
200900054534,0,07,000,00,2,1,02,A01
200900054535,0,07,000,00,0,9,01,A01
200900054536,0,07,000,00,2,2,15,A01
200900054536,0,33,000,00,2,1,01,B02
200900054537,0,31,000,00,2,1,01,B02
200900054537,0,10,000,00,2,1,15,A01
200900054538,0,07,000,00,1,2,01,A01
200900054539,0,33,000,00,2,1,01,A01
200900054539,0,07,000,00,2,7,15,B02
200900054540,0,02,000,00,2,1,02,A01
200900054540,0,07,000,00,2,4,02,B01
200900054541,0,30,000,00,2,3,02,B01
200900054541,0,07,000,00,2,2,02,A01
200900054542,0,07,000,15,0,1,14,A01
200900054543,0,07,000,00,2,1,02,A01
200900054543,0,07,000,00,2,0,02,B01
200900054544,0,07,000,00,2,4,02,B01
200900054544,0,07,000,00,2,1,02,A01
200900054544,0,07,000,00,2,4,02,C01
200900054545,0,07,000,00,2,4,01,B01
200900054545,0,07,000,00,2,4,01,C01
200900054545,0,10,000,00,2,1,01,A01
200900054546,0,07,000,00,2,4,23,C01
200900054546,0,07,000,00,0,4,23,D01
200900054546,0,07,000,00,2,4,23,B01
200900054546,0,07,000,00,2,1,02,A01
200900054547,0,07,000,00,1,1,02,A01
200900054548,0,07,000,00,1,1,02,A01
200900054549,0,30,000,00,2,1,02,B01
200900054549,0,07,000,00,2,8,09,A01
200900054550,0,31,000,06,0,1,01,A01
200900054551,0,07,000,00,2,3,02,A01
200900054551,0,07,000,00,2,1,02,B01
200900054552,0,33,000,00,0,1,01,A01
200900054553,0,07,000,00,1,1,02,B01
200900054553,0,07,000,00,2,1,13,A01
200900054554,0,07,000,00,2,1,02,A01
200900054554,0,07,000,00,2,3,02,B01
200900054555,0,31,000,00,2,7,02,B01
200900054555,0,07,000,00,2,3,20,A01
200900054556,0,07,000,00,1,1,02,A01
200900054557,0,01,000,00,2,1,02,B01
200900054557,0,07,000,00,2,1,15,A01
200900054558,0,07,000,00,2,5,09,B01
200900054558,0,33,000,00,2,9,02,A01
200900054559,0,02,000,00,2,1,02,B01
200900054559,0,07,000,00,2,1,15,A01
200900054560,0,33,000,00,2,1,02,A01
200900054560,0,07,000,00,2,0,17,B01
200900054561,0,40,000,00,2,1,02,B01
200900054561,0,07,000,00,2,8,10,A01
200900054562,0,07,000,00,1,0,02,A01
200900054563,0,07,000,00,2,7,16,A01
200900054563,0,02,000,00,2,1,02,B01
200900054564,0,37,001,00,1,0,02,A01
200900054565,0,07,000,00,2,1,02,B01
200900054565,0,10,000,00,2,2,14,A01
200900054566,0,33,000,00,2,8,01,B01
200900054566,0,07,000,00,2,1,09,A01
200900054567,0,07,000,00,2,4,02,B01
200900054567,0,02,000,00,2,1,02,A01
200900054568,0,07,000,00,2,4,02,C01
200900054568,0,07,000,00,2,1,02,A01
200900054568,0,07,000,00,2,4,02,B01
200900054569,0,07,000,00,2,6,02,B01
200900054569,0,31,000,00,2,1,02,A01
200900054570,0,30,000,00,2,1,02,B01
200900054570,0,07,000,00,2,4,09,A01
200900054571,0,07,000,00,1,1,02,A01
200900054572,0,07,000,00,2,3,02,A01
200900054573,0,31,000,00,2,1,02,A01
200900054573,0,07,000,00,2,3,15,B01
200900054574,0,07,000,00,1,1,02,A01
200900054575,0,07,000,00,2,0,13,A01
200900054575,0,31,000,00,0,0,02,B01
200900054576,0,07,000,00,2,4,02,B01
200900054576,0,07,000,00,2,1,02,A01
200900054577,0,31,000,00,2,4,02,B01
200900054577,0,07,000,00,2,1,02,A01
200900054577,0,02,000,00,2,5,02,C01
200900054578,0,07,000,00,2,1,02,B01
200900054578,0,07,000,00,2,6,02,A01
200900054579,0,07,000,00,2,1,02,A01
200900054579,0,07,000,00,2,4,02,B01
200900054580,0,07,000,00,2,4,23,C01
200900054580,0,07,000,00,2,4,02,B01
200900054580,0,07,000,00,2,1,02,A01
200900054581,0,07,000,00,2,1,02,B01
200900054581,0,07,000,00,2,2,02,A01
200900054582,0,33,000,00,2,1,02,B01
200900054582,0,07,000,00,2,1,02,A01
200900054583,0,07,000,00,1,1,02,A01
200900054584,0,07,000,00,0,0,02,A01
200900054584,0,07,000,00,2,4,02,B01
200900054585,0,14,000,00,2,1,02,A01
200900054585,0,07,000,00,2,4,02,B01
200900054586,0,07,000,00,2,6,02,B01
200900054586,0,07,000,00,2,1,02,A01
200900054587,0,30,000,00,1,1,02,A01
200900054587,0,07,000,00,2,1,02,B01
200900054588,0,07,000,00,2,1,15,B01
200900054588,0,07,000,00,2,8,01,A01
200900054589,0,07,000,00,0,0,16,A01
200900054589,0,02,000,00,2,1,02,B01
200900054590,0,30,000,00,2,1,02,A01
200900054590,0,07,000,00,2,4,02,B01
200900054591,0,07,000,00,2,3,15,A01
200900054591,0,07,000,00,2,1,02,B01
200900054592,0,07,000,00,1,1,02,A01
200900054593,0,07,000,00,2,4,02,B01
200900054593,0,07,000,00,2,1,02,A01
200900054594,0,31,000,00,2,1,02,B01
200900054594,0,07,000,00,2,5,02,A01
200900054595,0,07,000,00,1,1,02,B01
200900054595,0,07,000,00,2,1,05,A01
200900054596,0,07,000,00,2,1,15,A01
200900054596,0,07,000,00,2,1,02,B01
200900054597,0,07,000,00,2,4,02,B01
200900054597,0,07,000,00,2,1,02,A01
200900054598,0,02,000,00,2,1,02,B01
200900054598,0,07,000,00,2,7,02,A01
200900054599,0,01,000,00,2,0,18,B01
200900054599,0,07,000,00,2,2,13,A01
200900054600,0,33,000,00,2,8,02,B01
200900054600,0,07,000,00,2,8,10,A01
200900054601,0,07,000,00,2,1,15,B01
200900054601,0,07,000,00,2,1,02,A01
200900054602,0,33,000,09,2,1,12,A01
200900054602,0,07,000,00,0,5,12,B01
200900054603,0,07,000,00,2,6,15,B01
200900054603,0,31,000,00,2,8,17,A01
200900054604,0,07,000,00,2,1,19,B02
200900054604,0,30,000,00,2,7,01,A01
200900054605,0,07,000,00,2,1,02,A01
200900054605,0,07,000,00,2,4,23,B02
200900054606,0,15,000,00,2,3,01,B01
200900054606,0,07,000,00,2,7,14,A01
200900054607,0,33,000,00,0,7,01,A01
200900054608,0,07,000,00,0,4,02,D01
200900054608,0,07,000,00,2,4,02,C01
200900054608,0,07,000,00,2,4,02,B01
200900054608,0,15,000,00,2,1,01,A01
200900054609,0,07,000,04,0,1,01,A01
200900054610,0,07,000,04,0,1,01,A01
200900054611,0,07,000,00,0,9,01,A01
200900054612,0,07,000,00,2,4,02,C01
200900054612,0,17,000,00,2,1,01,A01
200900054612,0,17,000,00,0,4,02,D01
200900054612,0,17,000,00,2,4,02,B01
200900054613,0,10,000,00,0,6,11,B01
200900054613,0,32,000,00,2,2,03,A01
200900054614,0,07,000,00,2,1,01,A01
200900054614,0,07,000,00,0,4,02,B01
200900054615,0,33,000,00,0,8,01,A01
200900054616,0,17,000,00,2,1,01,A01
200900054616,0,07,000,00,0,4,02,B01
200900054617,0,07,000,00,0,7,01,A01
200900054618,0,33,000,00,0,8,02,B01
200900054618,0,07,000,00,2,7,12,A01
200900054619,0,07,000,04,0,1,01,A01
200900054620,0,07,000,00,0,4,01,B01
200900054620,0,15,000,00,2,1,00,A01
200900054621,0,07,000,04,0,3,01,A01
200900054622,0,07,000,04,0,2,01,A01
200900054623,0,07,000,04,0,4,01,B01
200900054623,0,33,000,00,2,1,00,A01
200900054624,0,07,000,00,2,3,11,A01
200900054624,0,33,000,00,2,1,03,B01
200900054625,0,10,000,00,0,4,02,C01
200900054625,0,07,000,00,2,1,01,A01
200900054625,0,07,000,00,2,4,02,B01
200900054626,0,07,000,01,0,1,01,B01
200900054626,0,15,000,00,0,4,23,A01
200900054627,0,07,000,00,2,0,15,A01
200900054628,0,07,000,00,2,8,15,B01
200900054628,0,02,000,00,2,7,01,A01
200900054629,0,07,000,00,0,7,00,A01
200900054629,0,30,000,00,2,1,00,B01
200900054630,0,02,000,00,2,7,02,A01
200900054631,0,40,000,00,2,1,01,B01
200900054631,0,31,000,00,0,7,01,A01
200900054632,0,07,000,00,1,1,01,A01
200900054633,0,02,000,00,1,1,01,A01
200900054634,0,07,000,00,2,1,00,A01
200900054634,0,07,000,00,2,1,00,B01
200900054635,0,07,000,00,1,2,16,A01
200900054636,0,02,000,00,0,7,00,B01
200900054636,0,07,000,00,2,3,11,A01
200900054637,0,07,000,00,2,1,01,A01
200900054637,0,33,000,00,2,1,01,B01
200900054638,0,31,000,00,0,2,01,B01
200900054638,0,07,000,00,2,1,15,A01
200900054639,0,07,000,00,0,6,24,A01
200900054639,0,01,000,01,0,1,02,B01
200900054640,0,10,000,00,0,7,09,A01
200900054640,0,40,000,00,2,1,01,B01
200900054641,0,07,000,00,2,8,15,A01
200900054641,0,07,000,00,2,7,01,B01
200900054642,0,30,000,00,2,0,00,A01
200900054642,0,01,000,00,0,4,00,B01
200900054643,0,07,000,00,2,2,01,B01
200900054643,0,07,000,00,2,3,15,A01
200900054644,0,07,000,00,1,1,02,A01
200900054645,1,07,000,00,2,0,13,B01
200900054645,0,02,000,00,2,1,02,A01
200900054646,0,02,000,00,0,7,16,A01
200900054647,0,07,000,00,2,1,05,A01
200900054647,0,07,000,00,2,1,01,B01
200900054648,0,02,000,00,2,1,02,B01
200900054648,0,07,000,00,2,1,16,A01
200900054649,0,07,000,00,2,4,02,B01
200900054649,0,07,000,00,2,1,02,A01
200900054650,0,07,000,00,2,1,01,B01
200900054650,0,07,000,00,0,2,15,A01
200900054651,0,07,000,00,0,6,15,A01
200900054651,0,33,000,00,2,1,01,B01
200900054652,0,07,000,00,2,1,01,B01
200900054652,0,07,000,00,2,2,01,A01
200900054653,0,01,000,00,0,0,01,A01
200900054654,0,07,000,00,0,3,15,B01
200900054654,0,02,000,00,2,1,17,A01
200900054655,0,02,000,00,0,0,01,B01
200900054655,0,07,000,00,2,1,01,A01
200900054656,0,07,000,00,0,4,01,D01
200900054656,0,07,000,00,2,4,02,B01
200900054656,0,07,000,00,2,6,01,C01
200900054656,0,07,000,00,2,1,01,A01
200900054657,0,33,000,09,2,1,17,B01
200900054657,0,07,000,00,0,3,15,A01
200900054658,0,07,000,00,0,7,23,A01
200900054658,0,31,000,00,2,1,01,B01
200900054659,0,31,000,00,2,1,01,B01
200900054659,0,07,000,00,2,7,15,A01
200900054660,0,02,000,00,2,1,01,B01
200900054660,0,10,000,00,2,4,04,A01
200900054661,0,07,000,00,1,6,20,A01
200900054662,0,07,000,00,2,1,15,B01
200900054662,0,02,000,00,2,1,02,A01
200900054663,0,37,000,00,0,3,16,A01
200900054663,0,02,000,00,2,8,02,B01
200900054664,0,07,000,01,0,2,16,A01
200900054665,0,07,000,00,1,2,01,A01
200900054666,0,31,000,00,2,1,01,B01
200900054666,0,07,000,00,0,3,01,A01
200900054667,0,02,000,00,2,1,15,B01
200900054667,0,07,000,00,2,2,20,A01
200900054668,0,07,000,00,2,1,02,B01
200900054668,0,07,000,00,2,7,15,A01
200900054669,0,07,000,00,2,8,02,B01
200900054669,0,40,000,00,2,7,02,A01
200900054670,0,40,000,00,2,1,02,B01
200900054670,0,07,000,00,2,8,02,A01
200900054671,0,07,000,00,0,4,16,B01
200900054671,0,30,000,00,2,1,01,A01
200900054672,0,07,000,00,2,4,02,B01
200900054672,0,07,000,00,2,1,02,A01
200900054673,0,07,000,00,2,8,02,A01
200900054673,0,31,000,00,2,7,02,B01
200900054674,0,10,000,00,2,1,01,A01
200900054674,0,07,000,00,0,7,01,B01
200900054675,0,07,000,00,2,1,02,A01
200900054675,0,07,000,00,2,4,02,B01
200900054676,0,31,000,00,2,1,01,B02
200900054676,0,07,000,00,0,7,15,A01
200900054677,0,13,000,00,2,1,01,B02
200900054677,0,10,000,00,2,1,01,A01
200900054678,0,07,000,02,0,1,13,A01
200900054679,0,07,000,00,2,2,13,A01
200900054679,0,07,000,00,2,2,01,B02
200900054680,0,07,000,00,2,1,01,A01
200900054680,0,07,000,00,2,7,15,B02
200900054681,0,10,000,00,0,1,01,B02
200900054681,0,07,000,00,0,7,01,A01
200900054682,0,31,000,00,0,8,01,A01
200900054683,0,07,000,00,6,8,01,A01
200900054684,0,07,000,00,2,3,00,B02
200900054684,0,07,000,00,2,3,00,A01
200900054685,0,30,000,13,0,1,01,A01
200900054686,0,07,000,13,0,9,01,A01
200900054687,0,07,000,00,2,6,01,C03
200900054687,0,07,000,00,2,3,13,A01
200900054687,0,15,000,00,2,1,21,B02
200900054688,0,07,000,00,2,1,02,A01
200900054688,0,07,000,00,0,4,15,B02
200900054689,0,10,000,00,2,5,16,B02
200900054689,0,10,000,00,2,1,01,A01
200900054690,0,07,000,00,1,2,01,A01
200900054691,0,07,000,00,1,8,01,A01
200900054692,0,07,000,04,0,2,01,A01
200900054693,0,33,000,00,2,8,00,B02
200900054693,0,07,000,00,2,1,00,A01
200900054694,0,07,000,00,2,1,01,B02
200900054694,0,07,000,00,2,7,13,A01
200900054695,0,07,000,00,2,1,11,B02
200900054695,0,07,000,00,0,0,01,A01
200900054696,0,20,000,00,2,1,01,B02
200900054696,0,07,000,00,2,1,13,A01
200900054697,0,07,000,02,0,2,01,A01
200900054698,0,07,000,13,0,1,01,A01
200900054699,0,07,000,08,0,4,02,A01
200900054699,0,07,000,13,0,4,15,B02
200900054700,0,07,000,00,1,7,01,A01
200900054701,0,07,000,02,0,8,01,A01
200900054702,0,07,000,00,6,3,01,A01
200900054703,0,02,000,00,2,1,01,B02
200900054703,0,07,000,00,2,3,19,A01
200900054704,0,30,000,00,0,0,00,A01
200900054705,0,01,000,00,2,4,02,B01
200900054705,1,07,000,00,2,0,02,A01
200900054706,0,07,000,00,1,3,00,B01
200900054707,0,07,000,00,2,2,01,B01
200900054707,0,07,000,15,2,1,01,A01
200900054708,0,02,000,00,2,1,01,B01
200900054708,0,10,000,00,2,7,01,A01
200900054709,0,01,000,00,0,0,01,A01
200900054710,0,02,000,00,0,0,01,A01
200900054711,2,07,000,11,0,1,01,A01
200900054712,1,07,000,00,1,0,00,A01
200900054713,0,07,000,06,0,2,00,A01
200900054714,0,07,000,00,1,1,01,A01
200900054715,0,02,000,00,0,0,00,A01
200900054716,0,07,000,00,2,3,01,B01
200900054716,0,07,000,00,2,1,01,A01
200900054717,0,07,000,00,1,1,16,A01
200900054718,0,07,000,00,2,9,13,A01
200900054718,0,07,000,00,2,2,01,B01
200900054719,0,07,000,00,1,1,01,A01
200900054720,0,07,000,00,1,1,01,A01
200900054721,0,07,000,00,2,4,01,B01
200900054721,0,07,000,00,2,1,01,A01
200900054721,0,07,000,00,2,4,01,C01
200900054721,0,07,000,00,2,1,02,D01
200900054722,0,30,000,00,2,1,01,B01
200900054722,0,07,000,00,2,8,09,A01
200900054723,0,02,000,00,2,1,05,A01
200900054723,0,07,000,00,2,1,01,B01
200900054724,0,07,000,00,2,2,14,A01
200900054725,0,07,000,00,1,4,04,A01
200900054726,0,07,000,00,2,4,23,B01
200900054726,0,07,000,00,2,4,23,C01
200900054726,0,07,000,00,2,1,02,A01
200900054727,0,07,000,00,2,2,01,B01
200900054727,0,07,000,00,2,3,09,A01
200900054728,0,07,000,00,2,2,01,A01
200900054728,0,32,000,00,2,3,01,B01
200900054729,0,30,000,00,0,7,01,A01
200900054730,0,07,000,00,1,1,21,A01
200900054731,0,07,000,00,2,7,17,A01
200900054731,0,07,000,00,2,8,01,B01
200900054732,0,01,000,00,0,0,00,A01
200900054733,0,07,000,00,2,7,01,B01
200900054733,0,07,000,00,2,1,09,A01
200900054734,0,07,000,00,1,0,01,A01
200900054735,0,30,000,00,2,1,01,B01
200900054735,0,07,000,00,2,1,15,A01
200900054736,0,30,000,00,2,1,01,A01
200900054736,0,07,000,00,2,3,09,B01
200900054737,0,07,000,06,0,1,14,A01
200900054738,0,30,000,11,0,1,00,A01
200900054739,0,01,000,00,2,0,00,A01
200900054739,0,01,000,00,2,0,00,B01
200900054740,0,07,000,00,2,3,13,A01
200900054740,0,07,000,00,2,3,01,B01
200900054741,0,07,000,00,2,4,23,B01
200900054741,0,07,000,00,2,1,01,A01
200900054742,0,07,000,00,2,3,15,B01
200900054742,0,30,000,00,2,1,17,A01
200900054743,0,07,000,04,0,2,14,A01
200900054744,0,02,000,11,0,1,01,A01
200900054745,0,37,080,00,2,0,01,A01
200900054746,0,07,000,00,2,1,01,A01
200900054746,0,07,000,00,2,4,01,B01
200900054747,1,07,000,00,1,0,01,A01
200900054748,0,02,000,00,2,2,01,A01
200900054748,0,07,000,00,2,1,15,B01
200900054749,0,07,000,00,2,1,01,A01
200900054749,0,07,000,00,2,2,01,B01
200900054750,0,07,000,00,2,4,01,C01
200900054750,0,07,000,00,2,4,01,B01
200900054750,0,14,000,00,2,1,01,A01
200900054751,0,30,000,00,0,8,00,A01
200900054752,0,01,000,01,0,0,02,B01
200900054752,0,07,000,00,2,8,22,A01
200900054753,0,02,000,00,2,1,01,B01
200900054753,0,07,000,00,2,6,17,A01
200900054753,0,07,000,00,9,4,01,C01
200900054754,0,02,000,16,0,0,01,A01
200900054755,0,07,000,00,2,3,15,B01
200900054755,0,30,000,00,2,1,17,A01
200900054756,0,01,000,00,0,0,01,A01
200900054757,0,07,000,00,2,3,15,B01
200900054757,0,37,005,00,2,2,01,A01
200900054758,0,07,000,00,2,8,01,A01
200900054758,0,37,000,00,2,1,01,B01
200900054759,0,07,000,00,2,3,09,A01
200900054759,0,01,000,00,2,1,01,B01
200900054760,0,07,000,00,2,4,01,A01
200900054760,0,07,000,00,2,1,01,B01
200900054761,0,30,000,00,1,1,01,A01
200900054762,0,07,000,01,2,5,01,A01
200900054762,0,07,000,00,2,3,01,B01
200900054763,0,30,000,00,0,7,00,A01
200900054764,0,30,000,00,0,0,01,A01
200900054765,0,02,000,00,2,0,01,A01
200900054765,0,07,000,00,2,1,15,B01
200900054766,0,30,000,00,0,1,01,A01
200900054767,0,99,000,00,0,0,14,A01
200900054768,0,07,000,00,2,2,01,B02
200900054768,0,07,000,00,2,2,13,A01
200900054769,0,03,000,00,2,1,09,A01
200900054769,0,31,000,00,2,4,01,B02
200900054770,0,07,000,00,2,1,01,B02
200900054770,0,07,000,00,2,7,01,A01
200900054771,0,36,000,13,0,2,15,A01
200900054772,0,07,000,00,1,3,01,A01
200900054773,0,33,000,00,2,1,01,B02
200900054773,0,07,000,00,2,2,15,A01
200900054774,0,07,000,00,1,2,01,A01
200900054775,0,33,000,00,0,2,01,A01
200900054775,0,01,000,00,0,1,15,B02
200900054776,0,07,000,00,2,1,15,A01
200900054776,0,30,000,00,2,1,01,B02
200900054777,0,21,000,02,2,0,21,A01
200900054777,0,07,000,00,2,3,21,B02
200900054778,0,07,000,13,0,9,01,A01
200900054779,0,30,000,00,0,7,14,A01
200900054780,0,07,000,13,0,3,13,A01
200900054781,0,30,000,00,2,1,13,A01
200900054781,0,07,000,00,2,3,01,B01
200900054782,0,07,000,00,2,4,23,B01
200900054782,0,30,000,00,2,6,02,A01
200900054783,0,30,000,06,0,1,14,A01
200900054784,0,07,000,00,1,1,01,A01
200900054785,0,02,000,08,0,7,16,A01
200900054786,0,30,000,00,2,4,16,B01
200900054786,0,07,000,00,2,2,02,A01
200900054787,0,30,000,00,0,7,16,A01
200900054788,0,07,000,00,1,1,01,A01
200900054789,0,07,000,15,0,3,13,A01
200900054790,0,30,000,00,2,1,01,A01
200900054790,0,07,000,00,2,6,15,B01
200900054791,0,07,000,02,0,2,14,A01
200900054792,0,07,000,00,2,2,15,A01
200900054792,0,07,000,00,2,3,01,B01
200900054792,0,07,000,00,2,8,23,C01
200900054793,0,02,000,14,0,1,01,A01
200900054794,0,30,000,00,2,7,01,B01
200900054794,0,07,000,00,2,2,15,A01
200900054795,0,07,000,00,2,2,15,A01
200900054795,0,02,000,00,2,1,01,B01
200900054796,0,10,000,00,2,8,09,B01
200900054796,0,02,000,00,2,1,01,A01
200900054797,0,07,000,00,2,2,02,A01
200900054797,0,01,000,00,2,4,01,B01
200900054798,0,07,000,13,0,7,14,A01
200900054799,0,07,000,13,0,1,13,A01
200900054800,0,07,000,03,0,3,13,A01
200900054801,1,07,000,00,1,0,01,A01
200900054802,0,07,000,00,2,3,01,B01
200900054802,0,07,000,00,2,1,10,A01
200900054803,0,07,000,00,2,1,02,A01
200900054803,0,07,000,00,2,4,23,B01
200900054804,0,07,000,00,0,4,15,A01
200900054804,0,07,000,00,2,4,01,B01
200900054804,0,07,000,00,2,1,01,C01
200900054805,0,07,000,00,1,1,01,A01
200900054806,0,07,000,00,2,1,01,B02
200900054806,0,07,000,00,2,1,01,A01
200900054807,0,07,000,02,0,6,01,A01
200900054807,0,07,000,03,2,2,02,B02
200900054808,0,07,000,13,0,1,13,A01
200900054809,0,10,000,13,0,3,19,A01
200900054810,0,07,000,00,2,1,01,A01
200900054810,0,07,000,00,0,1,01,B02
200900054811,0,15,000,02,0,8,01,A01
200900054812,0,07,000,00,2,3,01,A01
200900054812,0,07,000,00,2,3,01,B02
200900054813,0,07,000,00,2,0,01,A01
200900054813,0,07,000,00,9,1,01,B02
200900054814,0,07,000,06,0,1,01,A01
200900054815,0,07,000,13,0,9,01,A01
200900054816,0,07,000,00,2,1,01,A01
200900054816,0,10,000,00,2,3,19,B02
200900054817,0,07,000,00,2,3,01,B02
200900054817,0,02,000,00,2,1,01,A01
200900054818,0,07,000,13,0,1,01,A01
200900054819,0,07,000,00,2,1,01,B02
200900054819,0,07,000,00,2,2,11,A01
200900054820,0,07,000,00,2,3,19,A01
200900054820,0,07,000,00,2,8,01,B02
200900054821,0,07,000,00,1,3,01,A01
200900054822,0,07,000,00,2,3,19,A01
200900054822,0,02,000,00,2,1,01,B02
200900054823,0,07,000,00,1,2,01,A01
200900054824,0,07,000,00,2,2,13,A01
200900054824,0,07,000,00,2,1,01,B02
200900054825,0,14,000,00,0,9,01,A01
200900054826,0,01,000,12,0,2,01,A01
200900054827,0,07,000,00,1,0,01,A01
200900054828,0,02,000,00,1,1,01,A01
200900054829,0,07,000,00,2,1,01,B01
200900054829,0,07,000,00,2,3,09,A01
200900054830,0,15,000,00,2,1,01,B01
200900054830,0,07,000,00,2,3,13,A01
200900054831,0,07,000,00,2,8,15,B01
200900054831,0,02,000,00,2,1,17,A01
200900054832,0,31,000,00,1,1,01,A01
200900054833,0,07,000,00,1,1,01,A01
200900054834,0,02,000,00,2,1,01,B01
200900054834,0,07,000,00,2,2,01,A01
200900054835,0,07,000,06,2,0,01,B01
200900054835,0,07,000,06,2,0,13,A01
200900054836,0,07,000,00,2,6,13,B01
200900054836,0,33,000,00,2,1,13,A01
200900054836,0,07,000,00,2,3,01,C01
200900054837,0,07,000,00,1,1,01,A01
200900054838,0,01,000,00,2,0,19,B01
200900054838,0,07,000,00,1,0,16,A01
200900054839,0,02,000,00,2,8,01,B01
200900054839,0,07,000,00,2,7,15,A01
200900054840,0,07,000,00,2,1,01,B01
200900054840,0,07,000,00,2,1,13,A01
200900054840,0,07,000,00,2,2,01,C01
200900054841,0,07,000,00,2,3,13,A01
200900054841,0,07,000,00,2,6,01,B01
200900054842,0,07,000,00,2,3,13,A01
200900054842,0,07,000,00,2,3,01,B01
200900054843,0,07,000,13,0,3,01,A01
200900054844,0,07,000,02,0,1,13,A01
200900054845,0,33,000,00,0,1,15,A01
200900054846,0,07,000,00,2,1,15,A01
200900054846,0,07,000,00,2,1,01,B01
200900054847,0,33,000,00,0,9,01,A01
200900054848,0,02,000,00,2,1,01,A01
200900054848,0,21,000,00,2,4,01,B01
200900054849,0,07,000,02,0,1,01,A01
200900054850,0,07,000,00,2,7,01,B01
200900054850,0,15,000,00,2,1,01,A01
200900054851,0,15,000,00,2,3,01,B01
200900054851,0,07,000,00,2,8,15,A01
200900054852,0,10,000,00,2,4,15,A01
200900054852,0,07,000,00,2,1,02,B01
200900054852,0,07,000,00,2,3,01,C01
200900054853,0,10,000,00,1,3,01,B01
200900054853,0,07,000,00,2,3,13,A01
200900054854,0,33,000,00,2,1,01,B01
200900054854,0,07,000,00,2,0,10,A01
200900054855,0,01,000,00,2,0,02,B01
200900054855,0,07,000,00,2,0,16,A01
200900054856,0,33,000,00,2,7,00,B01
200900054856,0,07,000,00,2,3,00,A01
200900054857,0,07,000,00,2,4,02,B01
200900054857,0,07,000,00,2,1,02,A01
200900054858,0,10,000,00,2,1,01,A01
200900054858,0,07,000,00,2,4,23,B01
200900054858,0,07,000,00,2,4,23,C01
200900054859,1,07,000,00,2,0,15,A01
200900054859,0,33,000,00,2,1,01,B01
200900054860,0,02,000,00,2,1,01,B01
200900054860,0,07,000,00,2,1,15,A01
200900054861,0,31,000,00,2,1,01,A01
200900054861,0,07,000,00,2,4,02,B01
200900054862,0,07,000,00,2,1,02,A01
200900054862,0,07,000,00,2,4,15,B01
200900054863,0,07,000,00,2,3,02,A01