Num_Acc,senc,catv,occutc,obs,obsm,choc,manv,num_veh
200900055231,0,07,000,00,2,6,01,B01
200900055232,0,07,000,00,2,2,15,A01
200900055232,0,07,000,00,2,1,01,B01
200900055233,0,07,000,00,2,1,01,A01
200900055233,0,37,015,00,2,4,23,B01
200900055234,0,07,000,00,2,7,10,A01
200900055234,0,30,000,00,2,1,01,B01
200900055235,0,07,000,00,2,1,02,A01
200900055235,0,07,000,00,2,3,02,C01
200900055235,0,07,000,00,2,1,02,B01
200900055235,0,07,000,00,2,6,15,D01
200900055236,0,02,000,00,0,1,00,B01
200900055236,0,07,000,00,0,3,09,A01
200900055237,0,02,000,00,0,0,01,A01
200900055238,0,07,000,02,0,8,01,A01
200900055239,0,07,000,00,2,4,01,C01
200900055239,0,07,000,00,2,1,01,A01
200900055239,0,07,000,00,2,4,01,B01
200900055240,0,07,000,00,1,3,01,A01
200900055241,0,07,000,00,1,8,02,A01
200900055242,0,07,000,00,2,4,01,B01
200900055242,0,07,000,00,2,1,01,D01
200900055242,0,07,000,00,2,4,01,C01
200900055242,0,07,000,00,2,4,01,A01
200900055243,0,07,000,00,2,3,20,A01
200900055243,0,30,000,00,2,1,01,B01
200900055244,0,07,000,00,2,1,01,B01
200900055244,0,07,000,00,2,3,01,C01
200900055244,0,07,000,00,2,2,15,A01
200900055245,0,07,000,08,0,1,01,A01
200900055246,0,07,000,00,2,3,01,B01
200900055246,0,07,000,00,2,1,00,A01
200900055247,0,01,000,12,0,1,03,Y01
200900055248,0,01,000,01,0,1,02,B01
200900055248,0,07,000,00,9,8,24,A01
200900055249,0,30,000,00,2,1,01,A01
200900055249,0,07,000,00,2,4,01,B01
200900055250,0,07,000,00,0,4,02,B01
200900055250,0,01,000,00,2,1,02,A01
200900055251,0,33,000,00,9,5,15,A01
200900055251,0,01,000,00,2,1,01,B01
200900055252,0,07,000,00,1,3,02,A01
200900055253,0,17,000,00,1,7,01,A01
200900055254,0,07,000,13,0,8,01,A01
200900055255,0,07,000,02,0,6,19,A01
200900055256,0,17,000,06,0,3,01,A01
200900055257,0,07,000,03,0,1,13,A01
200900055258,0,02,000,00,2,1,01,B02
200900055258,0,07,000,00,2,3,09,A01
200900055259,0,17,000,00,2,3,01,A01
200900055259,0,07,000,00,2,2,19,B02
200900055260,0,07,000,00,2,1,01,B02
200900055260,0,07,000,00,2,8,09,A01
200900055261,0,17,000,00,2,1,01,B02
200900055261,0,07,000,00,2,1,05,A01
200900055262,0,07,000,00,2,3,13,A01
200900055262,0,07,000,00,2,3,01,B02
200900055263,0,07,000,00,2,2,01,C03
200900055263,0,07,000,00,2,7,13,A01
200900055263,0,33,000,00,2,1,01,B02
200900055264,0,02,000,00,2,1,13,A01
200900055264,0,10,000,00,2,8,01,B02
200900055265,0,07,000,08,0,1,16,A01
200900055266,0,07,000,00,2,2,15,A01
200900055266,0,01,000,00,2,2,01,B01
200900055267,0,07,000,00,1,0,01,A01
200900055268,0,07,000,00,2,2,01,B01
200900055268,0,07,000,00,2,1,01,C01
200900055268,0,07,000,00,2,3,03,A01
200900055269,0,07,000,00,1,7,01,A01
200900055270,0,10,000,00,1,3,01,A01
200900055271,0,07,000,00,1,2,01,A01
200900055272,0,07,000,14,0,3,01,D04
200900055272,0,07,000,14,0,2,01,E05
200900055272,0,07,000,00,2,8,01,B02
200900055272,0,07,000,14,0,2,01,F06
200900055272,0,30,000,00,2,8,23,A01
200900055272,0,07,000,14,0,2,01,C03
200900055273,0,07,000,00,2,7,01,B01
200900055273,0,07,000,00,2,1,09,A01
200900055274,0,07,000,00,2,3,01,B01
200900055274,0,02,000,00,2,1,01,A01
200900055275,0,07,000,00,1,1,01,A01
200900055275,0,07,000,00,1,2,16,B01
200900055276,0,07,000,00,2,2,15,A01
200900055276,0,07,000,00,2,1,01,B01
200900055277,0,32,000,00,0,0,00,A01
200900055278,0,07,000,01,0,1,01,A01
200900055279,0,07,000,04,0,2,01,A01
200900055280,0,07,000,00,2,8,03,A01
200900055280,0,07,000,00,2,2,01,B01
200900055281,0,21,000,00,0,0,01,A01
200900055282,0,07,000,00,1,4,04,A01
200900055282,0,07,000,00,1,6,24,B01
200900055283,0,07,000,00,2,5,17,C01
200900055283,0,07,000,00,2,3,05,A01
200900055283,0,07,000,00,2,3,01,B01
200900055284,0,33,000,01,0,1,12,A01
200900055285,0,07,000,00,2,3,02,B01
200900055285,0,02,000,00,2,1,02,A01
200900055286,0,07,000,00,0,5,02,B01
200900055286,0,01,000,00,2,5,02,A01
200900055287,0,07,000,00,2,3,09,A01
200900055287,0,30,000,00,2,1,01,B01
200900055288,0,07,000,00,2,1,01,B01
200900055288,0,07,000,00,2,1,01,A01
200900055289,0,07,000,00,2,3,15,A01
200900055289,0,07,000,00,2,3,01,B01
200900055290,0,07,000,00,1,2,01,A01
200900055291,0,07,000,00,1,1,01,A01
200900055292,0,07,000,00,2,4,02,A01
200900055292,0,07,000,00,0,4,02,C01
200900055292,0,07,000,00,2,4,02,B01
200900055293,0,07,000,00,1,2,01,A01
200900055294,0,07,000,00,2,3,15,A01
200900055294,0,07,000,00,2,1,01,B02
200900055295,0,07,000,00,1,2,21,A01
200900055296,0,07,000,00,5,1,17,A01
200900055297,0,07,000,02,0,1,13,A01
200900055298,0,07,000,00,2,5,13,A01
200900055298,0,07,000,00,2,1,01,B02
200900055299,0,07,000,00,2,2,01,A01
200900055299,0,30,000,00,2,7,01,B02
200900055300,0,07,000,00,2,1,01,B02
200900055300,0,07,000,00,2,1,01,A01
200900055301,0,07,000,02,0,1,14,A01
200900055302,0,07,000,00,2,1,01,B02
200900055303,0,02,000,00,2,1,01,A01
200900055303,0,07,000,00,2,8,19,B02
200900055304,0,07,000,13,0,2,01,A01
200900055305,0,07,000,02,0,1,01,A01
200900055306,0,07,000,00,1,2,01,A01
200900055307,0,07,000,00,1,1,01,A01
200900055308,0,07,000,00,2,7,15,A01
200900055308,0,33,000,00,2,1,01,B01
200900055309,0,15,000,00,0,7,17,A01
200900055309,0,01,000,00,0,8,13,B01
200900055310,0,07,000,08,2,8,10,A01
200900055310,0,15,000,00,2,2,01,B01
200900055311,0,07,000,00,2,3,15,A01
200900055311,0,02,000,00,2,1,17,B01
200900055312,0,07,000,00,2,8,01,A01
200900055312,0,02,000,00,2,1,13,B01
200900055313,0,07,000,06,2,2,01,B01
200900055313,0,07,000,00,2,1,01,A01
200900055314,0,33,000,00,1,1,17,A01
200900055315,0,33,000,00,2,1,01,B01
200900055315,0,07,000,00,2,1,13,A01
200900055316,0,31,000,00,2,1,01,B01
200900055316,0,07,000,00,2,2,15,A01
200900055317,0,07,000,00,2,8,15,B01
200900055317,0,33,000,00,2,1,17,A01
200900055318,0,07,000,14,0,4,23,B01
200900055318,0,07,000,00,0,4,23,C01
200900055318,0,07,000,14,0,1,02,A01
200900055319,0,02,000,00,2,1,01,B01
200900055319,0,07,000,00,2,7,15,A01
200900055320,0,07,000,08,2,1,01,B01
200900055320,0,07,000,00,2,1,02,C01
200900055320,0,07,000,00,2,2,15,A01
200900055321,0,07,000,01,0,8,14,A01
200900055322,0,02,000,01,2,3,15,A01
200900055322,0,02,000,01,2,1,02,B01
200900055323,0,07,000,00,2,7,01,B01
200900055323,0,07,000,00,2,1,01,A01
200900055324,0,07,000,00,2,2,01,B01
200900055324,0,03,000,00,2,3,09,A01
200900055325,0,07,000,00,2,7,15,B01
200900055325,0,01,000,00,2,1,01,A01
200900055326,0,07,000,00,1,2,01,A01
200900055327,0,07,000,00,1,1,01,A01
200900055328,0,02,000,00,0,0,00,A01
200900055329,0,07,000,00,0,7,19,A01
200900055329,0,07,000,00,2,1,01,B02
200900055330,0,07,000,13,0,1,01,A01
200900055331,0,07,000,00,1,4,23,B02
200900055331,0,07,000,00,2,1,02,A01
200900055332,0,07,000,00,2,1,01,A01
200900055332,0,07,000,00,2,8,09,B02
200900055333,1,07,000,00,9,0,02,A01
200900055333,0,30,000,00,2,8,02,B02
200900055334,0,07,000,00,2,8,01,D04
200900055334,0,17,000,13,2,3,13,A01
200900055335,0,30,000,00,0,0,02,B02
200900055335,0,07,000,00,9,2,02,A01
200900055335,0,07,000,00,2,3,01,C03
200900055336,0,10,000,13,0,1,01,A01
200900055337,0,07,000,00,2,2,13,B02
200900055337,0,07,000,00,2,2,13,A01
200900055338,0,02,000,00,2,3,13,A01
200900055338,0,10,000,00,2,2,01,B02
200900055339,0,02,000,00,2,1,13,A01
200900055339,0,07,000,00,2,3,01,B01
200900055340,0,07,000,00,1,1,01,A01
200900055341,0,07,000,00,2,5,21,B01
200900055341,0,07,000,00,2,2,05,A01
200900055342,0,02,000,00,2,1,01,B01
200900055342,0,07,000,00,2,2,15,A01
200900055343,0,07,000,00,2,2,09,A01
200900055343,0,33,000,00,2,1,21,B01
200900055344,0,07,000,00,1,3,01,A01
200900055345,0,07,000,00,2,1,01,B02
200900055345,0,30,000,00,2,1,13,A01
200900055346,0,07,000,08,0,1,14,A01
200900055347,0,13,000,16,0,2,13,A01
200900055348,0,31,000,16,0,1,01,A01
200900055349,0,07,000,00,2,8,01,B02
200900055349,0,07,000,00,2,2,17,A01
200900055350,0,07,000,00,2,2,01,A01
200900055350,0,30,000,00,2,8,01,B02
200900055351,0,07,000,13,0,1,14,A01
200900055352,0,17,000,00,2,3,01,A01
200900055352,0,07,000,00,2,3,13,B02
200900055353,0,07,000,00,2,1,13,A01
200900055353,0,33,000,00,2,1,01,B02
200900055354,0,07,000,13,2,1,01,C03
200900055354,0,07,000,00,2,1,01,B02
200900055354,0,07,000,06,2,1,13,A01
200900055355,0,07,000,00,2,5,15,A01
200900055355,0,33,000,00,2,7,01,B02
200900055356,0,01,000,00,2,1,01,A01
200900055356,1,99,000,00,2,0,13,B02
200900055357,0,07,000,00,2,8,01,B01
200900055357,0,07,000,00,2,2,01,A01
200900055358,0,07,000,00,1,1,01,A01
200900055359,0,07,000,00,2,4,02,B01
200900055359,0,33,000,00,2,3,01,A01
200900055360,0,07,000,00,2,1,01,B01
200900055360,0,15,000,00,2,3,10,A01
200900055361,0,07,000,00,1,1,01,A01
200900055362,0,07,000,00,2,2,17,A01
200900055362,0,07,000,00,2,8,15,B01
200900055363,0,02,000,00,1,1,00,A01
200900055364,0,10,000,01,2,2,01,A01
200900055364,0,07,000,00,2,1,01,B01
200900055365,0,01,000,00,2,2,01,B01
200900055365,0,07,000,00,2,1,01,A01
200900055366,0,07,000,01,2,6,02,B01
200900055366,0,07,000,00,9,1,19,A01
200900055367,0,33,000,00,0,0,00,A01
200900055368,0,07,000,00,2,3,11,A01
200900055368,0,33,000,00,2,2,03,B01
200900055369,0,07,000,00,1,3,01,A01
200900055370,0,30,000,00,2,0,17,A01
200900055370,0,13,000,00,2,8,15,B01
200900055371,0,07,000,00,2,1,13,A01
200900055371,0,07,000,00,2,1,01,B01
200900055372,0,02,000,00,1,1,17,A01
200900055373,0,07,000,00,2,1,23,B01
200900055373,0,01,000,00,2,1,19,A01
200900055374,0,07,000,00,2,7,15,A01
200900055374,0,33,000,00,2,1,01,B01
200900055375,0,07,000,00,2,3,15,B01
200900055375,0,32,000,00,2,7,17,A01
200900055376,0,34,000,00,2,1,01,B01
200900055376,0,07,000,00,2,3,15,A01
200900055376,0,07,000,00,2,1,23,C01
200900055377,0,07,000,00,2,1,02,A01
200900055377,0,07,000,00,0,4,02,B01
200900055378,0,07,000,00,2,8,15,B01
200900055378,0,32,000,00,2,2,17,A01
200900055379,0,07,000,00,2,1,01,B01
200900055379,0,02,000,00,2,1,13,A01
200900055380,0,30,000,00,2,1,17,A01
200900055380,0,07,000,00,2,8,21,B01
200900055381,0,07,000,00,0,3,15,A01
200900055381,0,32,000,00,2,1,23,B01
200900055382,0,02,000,00,2,1,07,A01
200900055382,0,07,000,00,2,7,16,B01
200900055383,0,07,000,00,2,8,01,B01
200900055383,0,07,000,00,2,1,01,A01
200900055384,0,33,000,00,2,1,02,A01
200900055384,0,07,000,00,2,4,01,B01
200900055385,0,07,000,00,2,9,13,A01
200900055385,0,07,000,00,2,3,01,C01
200900055385,0,07,000,00,2,3,01,B01
200900055386,0,37,005,00,1,0,09,A01
200900055387,0,07,000,00,2,3,01,A01
200900055388,0,30,000,00,2,1,17,A01
200900055388,0,07,000,00,2,1,01,B01
200900055389,0,07,000,06,0,1,21,A01
200900055390,0,07,000,00,2,2,01,B02
200900055390,0,07,000,12,0,7,19,A01
200900055391,0,02,000,00,2,1,01,B02
200900055391,0,07,000,00,2,2,15,A01
200900055392,0,33,000,00,6,1,19,A01
200900055393,0,10,000,00,2,2,15,A01
200900055393,0,30,000,00,0,1,01,B02
200900055394,0,07,000,00,2,1,01,B02
200900055394,0,14,000,00,0,4,23,A01
200900055395,0,07,000,02,0,7,01,A01
200900055396,0,07,000,00,1,3,01,A01
200900055397,0,07,000,00,0,8,15,A01
200900055397,0,33,000,00,0,7,01,B02
200900055398,0,32,000,16,0,0,01,A01
200900055399,0,07,000,01,0,1,17,A01
200900055400,0,35,000,00,1,0,21,A01
200900055401,0,07,000,00,1,3,01,A01
200900055402,0,07,000,00,2,4,23,B01
200900055402,0,07,000,00,2,1,01,A01
200900055403,0,07,000,01,2,2,15,A01
200900055403,0,31,000,00,2,1,01,B01
200900055404,2,07,000,04,0,9,00,A01
200900055405,0,33,000,00,2,1,01,B01
200900055405,0,07,000,00,2,8,09,A01
200900055406,0,07,000,00,2,1,01,A01
200900055406,0,07,000,00,2,1,15,B01
200900055407,0,07,000,00,2,1,01,A01
200900055407,0,07,000,00,2,4,02,B01
200900055408,0,07,000,00,2,2,16,B01
200900055408,0,02,000,00,2,9,18,A01
200900055408,0,07,000,14,0,1,16,C01
200900055409,0,07,000,00,1,1,15,A01
200900055410,0,07,000,00,2,1,01,B01
200900055410,0,07,000,00,2,1,17,A01
200900055411,0,01,000,00,2,1,12,B01
200900055411,0,07,000,00,2,3,16,A01
200900055412,0,01,000,00,2,1,01,B01
200900055412,0,10,000,00,9,1,15,A01
200900055413,0,07,000,00,1,1,14,A01
200900055414,1,07,000,00,2,7,10,A01
200900055414,0,31,000,00,2,1,02,B01
200900055415,0,07,000,00,1,1,09,A01
200900055416,0,07,000,00,2,1,01,A01
200900055416,0,07,000,08,2,7,01,B01
200900055416,0,07,000,00,2,1,23,C01
200900055417,0,07,000,00,2,1,00,C01
200900055417,0,07,000,00,2,1,01,B01
200900055417,0,07,000,00,2,1,00,A01
200900055418,0,07,000,00,6,1,14,A01
200900055419,0,07,000,00,2,1,02,B02
200900055419,0,07,000,02,0,4,01,A01
200900055420,0,02,000,00,2,1,01,B02
200900055420,0,07,000,00,2,2,15,A01
200900055421,0,07,000,00,1,2,01,A01
200900055422,0,07,000,00,1,1,01,A01
200900055423,0,07,000,00,1,3,01,A01
200900055424,0,02,000,00,2,1,01,B02
200900055424,0,07,000,00,2,3,10,A01
200900055425,0,17,000,00,2,3,01,B02
200900055425,0,07,000,00,2,1,01,A01
200900055426,1,07,000,,2,0,15,Z02
200900055426,0,01,000,00,2,1,01,A01
200900055427,0,07,000,06,0,1,01,A01
200900055428,0,01,000,00,2,1,01,A01
200900055428,0,01,000,00,2,1,01,B01
200900055429,0,07,000,00,2,1,17,A01
200900055429,0,99,000,00,0,4,00,B01
200900055429,0,02,000,00,2,1,00,C01
200900055430,0,30,000,00,2,6,00,B01
200900055430,0,10,000,00,2,5,00,A01
200900055431,0,07,000,04,0,1,01,A01
200900055432,0,01,000,00,2,1,17,B02
200900055432,0,07,000,00,2,1,01,A01
200900055433,0,07,000,00,1,1,01,A01
200900055434,0,07,000,00,2,8,00,A01
200900055434,0,07,000,00,2,7,01,B01
200900055435,0,07,000,00,2,9,00,B01
200900055435,0,07,000,00,2,1,00,A01
200900055436,0,14,000,00,2,4,01,B01
200900055436,0,30,000,00,2,1,09,A01
200900055437,0,02,000,00,2,1,01,B02
200900055437,0,10,000,00,2,8,19,A01
200900055438,0,07,000,00,2,1,15,A01
200900055438,0,02,000,00,2,8,01,B01
200900055439,0,07,000,00,1,1,01,A01
200900055440,0,34,000,00,6,1,00,A01
200900055441,0,33,000,00,0,7,01,B01
200900055441,0,07,000,00,2,1,09,A01
200900055442,0,30,000,06,0,1,14,A01
200900055443,0,07,000,16,0,9,01,A01
200900055444,0,07,000,00,2,3,13,A01
200900055444,0,17,000,00,2,3,01,B02
200900055445,0,38,000,00,9,5,17,B02
200900055445,0,01,000,00,2,8,01,A01
200900055446,0,07,000,00,1,1,01,A01
200900055447,0,07,000,00,2,2,17,A01
200900055447,0,02,000,00,0,8,15,B02
200900055448,0,31,000,08,0,1,13,A01
200900055449,0,10,000,00,2,1,01,A01
200900055449,0,17,000,00,0,4,01,B02
200900055450,0,17,000,00,2,1,01,B02
200900055450,0,07,000,00,2,7,13,A01
200900055451,0,07,000,08,0,1,01,A01
200900055452,0,07,000,00,2,8,17,A01
200900055452,0,17,000,00,0,0,01,D04
200900055452,0,07,000,00,2,3,01,B02
200900055453,0,02,000,12,0,2,14,A01
200900055454,0,07,000,00,2,7,15,A01
200900055454,0,07,000,00,2,2,01,B01
200900055455,0,07,000,00,0,5,01,B01
200900055455,0,13,000,00,2,1,02,A01
200900055456,0,10,000,00,1,2,01,A01
200900055457,0,33,000,00,2,1,01,B01
200900055457,0,07,000,00,2,8,15,A01
200900055458,0,02,000,00,2,1,01,A01
200900055458,0,07,000,00,2,6,01,B01
200900055459,0,33,000,04,2,1,16,A01
200900055459,0,07,000,00,9,1,15,B01
200900055460,0,07,000,00,1,3,01,A01
200900055461,0,07,000,00,2,3,15,A01
200900055461,0,01,000,00,2,3,09,B01
200900055462,0,02,000,01,2,3,18,A01
200900055462,0,07,000,00,2,2,01,B01
200900055463,0,07,000,00,2,1,09,A01
200900055463,0,01,000,00,2,7,15,B01
200900055464,0,30,000,12,0,1,14,A01
200900055465,0,01,000,00,2,1,01,B01
200900055465,0,07,000,00,2,2,14,A01
200900055466,0,07,000,00,1,2,01,A01
200900055467,0,07,000,08,0,1,01,A01
200900055468,0,07,000,00,1,7,01,A01
200900055469,0,07,000,00,0,9,01,A01
200900055470,0,02,000,00,2,7,01,A01
200900055470,0,10,000,00,2,1,09,B01
200900055471,0,30,000,00,2,1,05,A01
200900055471,0,07,000,00,2,2,01,B01
200900055472,0,33,000,12,2,1,01,A01
200900055472,0,10,000,00,2,3,23,B01
200900055473,0,07,000,00,0,4,02,B01
200900055473,0,07,000,00,2,1,02,A01
200900055474,0,33,000,00,2,1,01,B01
200900055474,0,07,000,00,2,3,15,A01
200900055475,0,33,000,00,2,4,01,A01
200900055475,1,07,000,00,2,1,01,B01
200900055476,0,33,000,15,0,0,00,A01
200900055477,0,99,000,00,9,7,09,A01
200900055477,0,01,000,00,2,8,01,B01
200900055478,0,33,000,00,0,0,00,B01
200900055478,0,07,000,00,0,8,10,A01
200900055479,0,32,000,00,2,8,01,B01
200900055479,0,07,000,02,2,1,05,A01
200900055480,0,07,000,00,2,1,01,B01
200900055480,0,07,000,00,2,2,11,A01
200900055481,0,07,000,00,0,9,00,A01
200900055482,0,07,000,15,0,1,01,A01
200900055483,0,36,000,12,0,8,01,A01
200900055484,0,07,000,13,0,1,01,A01
200900055485,0,07,000,00,2,1,09,A01
200900055485,0,07,000,00,2,1,00,B01
200900055486,0,07,000,00,0,0,15,C01
200900055486,0,07,000,00,2,1,21,A01
200900055486,0,07,000,00,0,8,00,B01
200900055487,0,07,000,00,2,6,04,B01
200900055487,0,07,000,00,2,1,02,A01
200900055488,0,02,000,00,2,8,01,C01
200900055488,0,10,000,00,2,8,16,A01
200900055488,0,02,000,00,2,6,01,B01
200900055489,0,07,000,15,0,2,00,A01
200900055490,0,07,000,00,0,8,02,B01
200900055490,0,07,000,00,0,3,02,A01
200900055491,0,07,000,00,2,1,02,A01
200900055491,0,07,000,00,0,4,02,B01
200900055492,0,30,000,00,1,0,02,A01
200900055493,0,07,000,00,2,1,02,B01
200900055493,0,07,000,00,2,4,02,A01
200900055494,0,07,000,00,0,9,01,A01
200900055495,0,10,000,00,2,4,02,C01
200900055495,0,07,000,00,2,1,02,A01
200900055495,0,07,000,00,2,4,02,B01
200900055496,0,07,000,00,0,0,01,A01
200900055497,0,07,000,00,2,3,00,B01
200900055497,0,07,000,00,2,5,09,A01
200900055497,0,07,000,00,2,7,00,C01
200900055497,0,10,000,00,2,6,00,E01
200900055497,0,14,000,00,2,5,00,D01
200900055498,0,07,000,03,2,4,02,A01
200900055498,0,07,000,00,2,1,02,B01
200900055499,0,07,000,00,2,6,13,B01
200900055499,0,33,000,00,2,2,03,C01
200900055499,0,07,000,00,2,8,01,A01
200900055500,0,07,000,00,0,8,01,B01
200900055500,0,07,000,00,2,2,14,A01
200900055501,0,07,000,07,0,7,02,B01
200900055501,0,07,000,13,2,8,11,A01
200900055502,0,07,000,04,0,1,21,A01
200900055503,0,07,000,08,0,1,01,A01
200900055504,0,07,000,08,0,1,01,A01
200900055505,0,21,000,00,2,6,09,A01
200900055505,0,02,000,00,0,2,17,A02
200900055506,0,07,000,00,2,1,19,B02
200900055506,0,07,000,00,2,1,23,C03
200900055506,0,07,000,00,2,7,01,A01
200900055507,0,07,000,00,1,6,04,A01
200900055508,0,07,000,00,2,3,19,B02
200900055508,0,02,000,00,2,1,01,A01
200900055509,0,07,000,00,0,4,02,C03
200900055509,0,07,000,00,2,4,01,B02
200900055509,0,14,000,00,2,1,01,A01
200900055510,0,07,000,00,2,5,15,B02
200900055510,0,32,000,00,2,1,01,A01
200900055511,0,33,000,12,0,8,01,A01
200900055512,0,36,000,00,0,2,02,A01
200900055512,0,01,000,00,0,4,00,B02
200900055513,0,07,000,00,0,9,14,A01
200900055514,0,07,000,16,2,0,01,A01
200900055514,1,07,000,00,2,8,13,B02
200900055515,0,07,000,00,2,4,02,C03
200900055515,0,07,000,00,0,4,02,B02
200900055515,0,07,000,00,0,4,02,D04
200900055515,0,10,000,00,2,1,02,A01
200900055516,0,07,000,00,2,6,10,A01
200900055516,0,31,000,00,2,1,01,B02
200900055517,0,38,000,00,2,1,01,A01
200900055517,0,07,000,00,2,7,19,B02
200900055518,0,07,000,00,2,3,13,A01
200900055518,0,07,000,00,2,3,01,B02
200900055519,0,07,000,00,2,3,01,B02
200900055519,0,07,000,00,2,5,19,A01
200900055520,0,07,000,00,0,3,01,A01
200900055520,0,07,000,00,0,1,01,B02
200900055521,0,07,000,00,1,1,01,A01
200900055522,0,14,000,03,0,1,14,A01
200900055523,0,07,000,02,0,8,01,A01
200900055524,0,07,000,00,2,8,15,B02
200900055524,0,33,000,00,2,1,17,A01
200900055525,0,33,000,00,2,1,01,A01
200900055525,0,07,000,00,0,3,15,B02
200900055526,0,33,000,00,2,1,00,B02
200900055526,0,07,000,00,0,3,10,A01
200900055527,0,10,000,13,0,1,17,A01
200900055528,0,01,000,00,0,1,05,B02
200900055528,0,07,000,00,0,7,01,A01
200900055529,0,07,000,00,2,3,13,A01
200900055529,0,07,000,00,2,3,01,B02
200900055530,0,07,000,00,0,0,00,C03
200900055530,0,07,000,00,2,8,01,D04
200900055530,0,07,000,00,2,1,01,B02
200900055530,0,07,000,00,2,3,03,A01
200900055531,0,07,000,00,2,3,15,B01
200900055531,0,07,000,09,2,2,01,A01
200900055532,0,07,000,00,0,8,11,A01
200900055532,0,32,000,00,2,1,17,B01
200900055533,0,07,000,00,1,1,00,A01
200900055534,0,07,000,02,0,7,01,A01
200900055535,0,33,000,00,2,1,00,B01
200900055535,0,07,000,00,0,3,09,A01
200900055536,0,07,000,00,0,2,01,A01
200900055537,0,03,000,00,2,1,05,A01
200900055537,0,33,000,00,2,2,01,B01
200900055538,0,38,001,00,1,2,12,A01
200900055539,0,07,000,00,1,3,01,A01
200900055540,0,07,000,06,2,8,01,B01
200900055540,0,15,000,00,2,1,01,A01
200900055541,0,33,000,08,0,1,06,A01
200900055542,0,10,000,00,2,4,01,B01
200900055542,0,07,000,00,2,1,02,A01
200900055543,0,07,000,00,1,2,01,A01
200900055544,0,07,000,13,0,1,01,A01
200900055545,0,07,000,00,2,3,01,A01
200900055545,0,30,000,00,2,1,01,B01
200900055546,0,07,000,00,2,5,02,B01
200900055546,0,33,000,00,2,1,18,A01
200900055546,0,07,000,00,2,5,02,C01
200900055547,0,02,000,00,2,0,01,B01
200900055547,0,10,000,00,2,8,00,A01
200900055548,0,07,000,00,2,1,01,B01
200900055548,0,07,000,00,2,8,00,A01
200900055549,0,07,000,08,0,1,01,A01
200900055550,0,07,000,00,2,7,19,A01
200900055550,0,07,000,00,2,2,01,B01
200900055551,0,33,000,12,0,7,15,A01
200900055552,0,10,000,09,2,1,01,A01
200900055552,0,07,000,09,2,8,01,B01
200900055553,0,30,000,00,0,0,01,A01
200900055554,0,07,000,00,9,0,23,C01
200900055554,0,07,000,00,2,5,01,A01
200900055554,0,07,000,00,2,1,01,B01
200900055555,0,33,000,01,2,1,17,A01
200900055555,0,07,000,00,2,8,10,B01
200900055556,1,99,000,00,1,1,00,A01
200900055557,0,01,000,00,1,3,01,A01
200900055558,1,99,000,00,1,2,02,A01
200900055559,0,07,000,00,1,1,01,A01
200900055560,0,07,000,02,0,1,01,A01
200900055561,0,07,000,10,0,2,01,A01
200900055562,0,17,000,01,0,1,19,A01
200900055562,0,07,000,00,2,4,24,C03
200900055563,0,07,000,00,2,3,17,A01
200900055563,0,02,000,00,2,1,01,B02
200900055564,0,33,000,00,0,7,01,A01
200900055565,0,10,000,00,2,8,15,A01
200900055565,0,02,000,00,2,1,01,B02
200900055566,0,07,000,00,2,3,01,A01
200900055566,0,30,000,00,2,4,01,B01
200900055567,0,07,000,00,0,0,16,A01
200900055567,0,30,000,00,0,0,01,B01
200900055568,0,07,000,06,2,2,17,A01
200900055568,0,07,000,00,2,3,13,B01
200900055569,0,01,000,00,2,8,19,B01
200900055569,0,07,000,00,2,2,01,A01
200900055570,0,01,000,00,2,3,01,B01
200900055570,0,07,000,00,2,2,14,A01
200900055571,0,02,000,00,2,1,01,B01
200900055571,0,07,000,00,2,3,15,A01
200900055572,0,07,000,00,1,1,01,A01
200900055573,0,02,000,00,2,1,01,A01
200900055573,0,07,000,00,2,8,15,B01
200900055574,0,10,000,00,1,6,04,A01
200900055575,0,07,000,00,1,2,17,A01
200900055576,0,07,000,00,2,1,01,B01
200900055576,0,07,000,00,2,3,09,A01
200900055577,0,07,000,00,2,3,09,A01
200900055577,0,07,000,00,2,1,01,B01
200900055578,0,17,000,00,2,2,21,C01
200900055578,0,07,000,00,2,6,01,B01
200900055578,0,07,000,13,2,3,13,A01
200900055579,0,07,000,08,0,3,13,A01
200900055580,0,37,001,14,0,1,02,A01
200900055580,0,07,000,00,0,4,23,B01
200900055581,0,07,000,06,0,1,13,A01
200900055582,0,07,000,00,2,2,13,A01
200900055582,0,15,000,00,2,2,14,B02
200900055583,0,07,000,00,1,3,01,A01
200900055584,0,15,000,00,2,2,01,A01
200900055584,0,07,000,00,2,3,09,B02
200900055585,0,31,000,13,0,1,01,A01
200900055586,0,10,000,00,1,3,01,A01
200900055587,0,17,000,00,2,3,01,B02
200900055587,0,07,000,00,2,3,13,A01
200900055587,0,07,000,00,2,1,01,C03
200900055588,0,33,000,08,0,1,01,A01
200900055589,0,07,000,00,2,1,13,A01
200900055589,0,10,000,00,2,1,01,B02
200900055590,0,02,000,03,2,7,01,A01
200900055590,0,07,000,00,2,2,01,B02
200900055591,0,10,000,00,0,6,24,B02
200900055591,0,02,000,01,0,1,01,A01
200900055592,0,99,000,00,2,1,21,A01
200900055592,0,07,000,00,2,1,01,B02
200900055593,0,07,000,00,2,1,13,A01
200900055593,0,10,000,00,2,1,01,B02