Num_Acc,senc,catv,occutc,obs,obsm,choc,manv,num_veh
200900055594,0,33,000,16,0,1,01,A01
200900055595,0,07,000,13,0,1,01,A01
200900055596,0,10,000,00,0,4,15,B02
200900055596,0,30,000,00,2,1,01,A01
200900055597,0,07,000,00,2,1,01,B02
200900055597,0,07,000,00,2,2,15,A01
200900055598,0,01,000,00,2,8,01,B02
200900055598,0,07,000,00,2,8,17,A01
200900055599,0,30,000,13,0,1,01,A01
200900055600,0,07,000,00,2,1,01,B02
200900055600,0,07,000,00,2,1,13,A01
200900055601,0,32,000,00,2,1,01,B01
200900055601,0,07,000,00,2,3,09,A01
200900055602,0,02,000,00,2,1,01,B01
200900055602,0,07,000,00,2,2,15,A01
200900055603,0,31,000,00,2,1,01,B01
200900055603,0,10,000,00,2,3,01,A01
200900055604,0,07,000,00,2,4,02,B01
200900055604,0,07,000,00,2,1,02,A01
200900055604,0,07,000,00,0,4,02,C01
200900055605,0,07,000,00,0,4,23,C01
200900055605,0,07,000,00,2,4,23,B01
200900055605,1,07,000,00,0,1,02,A01
200900055606,0,02,000,00,2,1,17,A01
200900055606,0,07,000,00,2,3,15,B01
200900055607,0,07,000,00,2,1,01,B02
200900055607,0,07,000,00,2,7,13,A01
200900055608,0,07,000,00,2,6,15,B01
200900055608,0,33,000,00,2,2,01,A01
200900055609,0,01,000,00,2,1,13,B01
200900055609,0,07,000,00,2,2,09,A01
200900055610,0,33,000,15,0,1,13,A01
200900055611,0,07,000,00,2,4,01,B01
200900055611,0,07,000,00,2,1,02,A01
200900055612,0,07,000,00,0,9,00,A01
200900055613,0,07,000,00,2,9,23,B01
200900055613,0,07,000,00,2,1,02,A01
200900055613,0,07,000,00,2,4,23,C01
200900055614,0,07,000,00,2,1,02,A01
200900055614,0,07,000,00,2,4,01,C01
200900055614,0,07,000,00,2,9,02,B01
200900055615,0,07,000,00,1,1,01,A01
200900055616,0,33,000,00,2,1,01,B01
200900055616,0,07,000,00,2,0,09,A01
200900055617,0,07,000,00,2,1,01,A01
200900055617,0,07,000,00,2,8,15,B01
200900055618,0,07,000,00,2,1,02,A01
200900055618,0,07,000,00,2,4,23,B01
200900055619,0,01,000,00,2,1,01,A01
200900055619,0,07,000,00,2,7,09,B01
200900055620,0,13,000,00,2,0,16,A01
200900055621,0,02,000,00,2,1,01,B01
200900055621,0,07,000,00,2,1,15,A01
200900055622,0,02,000,00,1,1,01,A01
200900055623,0,07,000,00,2,2,01,A01
200900055623,0,01,000,00,2,1,15,B01
200900055624,0,07,000,00,2,2,15,A01
200900055624,0,07,000,00,2,3,01,B01
200900055625,0,07,000,00,2,3,01,B01
200900055625,0,07,000,00,2,1,15,A01
200900055626,0,07,000,00,2,1,15,A01
200900055626,0,07,000,00,2,1,01,B01
200900055627,0,07,000,00,2,2,10,A01
200900055627,0,32,000,00,2,1,01,B01
200900055628,0,07,000,00,2,2,01,A01
200900055628,0,33,000,00,0,6,16,B01
200900055629,0,07,000,00,0,3,09,A01
200900055629,0,07,000,00,0,5,00,B01
200900055630,0,07,000,00,0,4,23,A01
200900055630,0,07,000,00,0,1,02,B01
200900055631,0,07,000,00,1,8,21,A01
200900055632,0,07,000,00,2,3,01,B01
200900055632,0,31,000,00,2,3,13,A01
200900055633,0,07,000,00,2,1,01,A01
200900055633,0,07,000,00,2,4,01,B01
200900055634,0,07,000,00,2,1,05,A01
200900055634,0,07,000,00,2,1,01,C01
200900055634,0,07,000,00,2,2,11,B01
200900055635,0,07,000,00,1,1,01,A01
200900055636,0,07,000,00,1,1,01,A01
200900055637,0,10,000,00,2,2,01,A01
200900055638,0,30,000,00,2,1,01,B01
200900055638,0,07,000,00,2,7,15,A01
200900055639,0,07,000,00,2,3,15,A01
200900055639,0,30,000,00,2,1,01,B01
200900055640,0,37,002,00,1,2,07,A01
200900055641,0,07,000,00,1,2,01,A01
200900055642,0,07,000,00,2,1,01,A01
200900055642,0,07,000,00,2,8,01,B01
200900055643,0,07,000,00,2,1,01,A01
200900055644,0,07,000,00,1,2,01,A01
200900055645,0,37,001,00,1,2,15,A01
200900055646,0,30,000,00,2,1,01,B01
200900055646,0,07,000,00,2,3,15,A01
200900055647,0,07,000,00,2,6,01,B01
200900055647,0,30,000,00,2,4,01,A01
200900055648,0,02,000,00,2,1,01,B01
200900055648,0,07,000,00,2,3,09,A01
200900055649,0,07,000,00,2,2,01,B01
200900055649,0,07,000,00,2,3,09,A01
200900055650,0,07,000,00,1,2,16,A01
200900055651,0,07,000,02,0,9,01,A01
200900055652,0,07,000,00,2,3,01,B01
200900055652,0,07,000,00,2,2,01,A01
200900055653,0,07,000,,2,1,01,B02
200900055653,0,07,000,,2,3,15,A01
200900055654,0,07,000,00,1,2,01,A01
200900055655,0,07,000,00,2,3,15,B02
200900055655,0,02,000,00,2,1,01,A01
200900055656,0,07,000,00,2,4,12,A01
200900055656,0,33,000,00,2,7,01,B02
200900055656,0,33,000,00,2,1,01,C03
200900055657,0,07,000,00,2,8,01,A01
200900055657,0,07,000,00,2,1,01,B01
200900055658,0,07,000,00,1,2,01,A01
200900055659,0,02,000,00,1,7,01,A01
200900055660,0,30,000,13,0,1,01,A01
200900055661,0,07,000,00,9,3,15,A01
200900055661,0,30,000,00,2,7,01,B01
200900055662,0,07,000,00,0,0,01,A01
200900055663,0,10,000,00,1,1,01,A01
200900055664,0,01,000,00,2,0,02,C01
200900055664,0,01,000,00,2,0,02,B01
200900055664,1,07,000,00,2,0,02,A01
200900055665,0,07,000,01,0,1,16,A01
200900055666,0,02,000,00,0,7,16,A01
200900055667,0,33,000,00,2,1,01,B01
200900055667,0,07,000,00,2,5,11,A01
200900055668,0,07,000,12,2,3,24,C01
200900055668,0,07,000,01,0,3,13,A01
200900055669,0,01,000,00,2,0,19,A01
200900055669,0,07,000,00,2,2,01,B01
200900055670,0,31,000,01,2,9,01,A01
200900055670,0,07,000,00,2,8,01,C01
200900055671,1,07,000,00,2,0,01,A01
200900055671,0,01,000,00,2,4,01,B01
200900055672,0,02,000,00,1,1,01,A01
200900055673,0,07,000,00,0,1,15,A01
200900055673,0,07,000,00,0,3,01,B01
200900055674,0,07,000,00,1,1,01,A01
200900055675,0,07,000,00,2,3,13,A01
200900055675,0,07,000,00,2,1,01,B01
200900055676,0,07,000,00,0,1,14,A01
200900055677,0,30,000,00,2,1,01,B01
200900055677,0,07,000,00,2,1,15,A01
200900055678,0,02,000,00,2,1,21,B01
200900055678,0,07,000,00,0,0,15,A01
200900055679,0,07,000,00,2,1,01,B01
200900055679,0,07,000,13,2,1,15,A01
200900055680,0,30,000,15,0,4,23,B01
200900055680,0,07,000,00,0,4,23,C01
200900055680,1,07,000,00,2,1,01,A01
200900055681,0,07,000,08,2,1,00,B01
200900055681,0,07,000,00,2,7,19,A01
200900055682,0,07,000,00,2,2,01,A01
200900055682,0,07,000,00,2,2,01,B01
200900055683,0,07,000,00,1,8,01,A01
200900055684,0,33,000,00,2,1,13,B01
200900055684,0,07,000,00,2,3,01,A01
200900055684,0,07,000,00,2,3,01,C01
200900055685,0,07,000,00,2,3,15,A01
200900055685,0,07,000,00,2,2,17,B02
200900055686,0,32,000,00,2,1,01,A01
200900055686,0,07,000,00,0,8,19,B02
200900055687,0,07,000,00,2,3,11,A01
200900055687,0,31,000,00,2,7,01,B01
200900055688,0,07,000,00,2,3,01,A01
200900055688,0,31,000,00,2,1,01,B01
200900055689,0,07,000,00,2,3,15,A01
200900055689,0,02,000,00,2,1,01,B01
200900055690,0,01,000,00,2,1,11,A01
200900055690,0,37,019,00,2,7,01,B01
200900055691,0,13,000,00,2,1,15,B01
200900055691,0,07,000,00,2,8,01,A01
200900055692,0,33,000,00,2,1,15,B01
200900055692,0,07,000,00,2,3,15,A01
200900055693,0,10,000,00,2,2,15,A01
200900055693,0,07,000,00,2,1,15,B01
200900055694,0,07,000,15,2,3,09,B01
200900055694,0,32,000,00,2,1,17,A01
200900055694,0,37,001,00,2,3,01,C01
200900055695,0,02,000,00,1,7,21,A01
200900055696,0,07,000,00,1,7,01,A01
200900055697,0,07,000,01,1,1,13,A01
200900055698,0,33,000,00,2,3,01,B01
200900055698,0,07,000,00,2,3,15,A01
200900055699,0,02,000,00,1,3,01,A01
200900055700,0,07,000,00,1,1,00,A01
200900055701,0,07,000,00,0,0,01,C01
200900055701,0,07,000,00,2,2,00,A01
200900055701,0,07,000,00,2,4,00,B01
200900055702,0,33,000,00,2,3,00,A01
200900055702,0,07,000,00,2,7,00,B01
200900055703,0,07,000,00,2,6,09,B01
200900055703,0,33,000,00,2,8,21,A01
200900055704,0,37,001,00,1,3,00,A01
200900055705,0,34,000,00,2,0,01,A01
200900055705,0,07,000,00,2,3,14,B01
200900055706,0,02,000,08,0,1,14,A01
200900055707,0,33,000,15,0,1,13,A01
200900055708,0,33,000,00,2,4,01,B01
200900055708,1,30,000,00,2,1,03,A01
200900055709,0,33,000,00,2,3,07,A01
200900055709,0,02,000,00,2,2,16,B01
200900055710,0,07,000,00,2,2,15,A01
200900055710,0,02,000,00,2,1,01,B01
200900055711,0,07,000,00,2,3,15,B01
200900055711,0,33,000,00,2,7,01,A01
200900055712,0,07,000,00,2,1,02,A01
200900055712,0,02,000,00,2,4,02,C01
200900055712,0,07,000,00,2,4,02,B01
200900055713,0,32,000,00,2,2,01,A01
200900055713,0,10,000,00,2,5,01,B01
200900055714,0,07,000,00,2,1,15,A01
200900055714,0,33,000,00,2,3,01,B01
200900055715,0,10,000,00,1,3,10,A01
200900055716,0,07,000,00,2,7,09,A01
200900055716,0,02,000,00,2,8,01,B01
200900055717,0,07,000,00,2,4,02,C01
200900055717,0,10,000,00,2,4,02,B01
200900055717,0,07,000,00,2,1,02,A01
200900055718,0,07,000,00,1,1,01,A01
200900055719,0,02,000,00,2,0,15,B01
200900055719,0,33,000,00,2,3,01,A01
200900055720,0,07,000,00,1,3,01,A01
200900055721,0,33,000,00,2,1,02,A01
200900055721,0,10,000,00,2,4,02,B01
200900055722,0,07,000,00,2,3,00,A01
200900055722,0,33,000,00,2,1,00,B01
200900055723,0,07,000,00,2,7,12,A01
200900055723,0,32,000,00,2,1,01,B01
200900055724,0,07,000,00,2,5,02,B01
200900055724,0,02,000,00,1,1,02,A01
200900055725,0,31,000,00,2,1,17,B01
200900055725,0,07,000,00,2,8,15,A01
200900055726,0,02,000,00,2,0,21,B01
200900055726,0,07,000,00,2,3,15,A01
200900055727,0,07,000,01,0,3,13,A01
200900055728,0,07,000,00,2,8,01,B01
200900055728,0,07,000,00,2,1,13,A01
200900055729,0,33,000,00,2,8,13,A01
200900055729,0,37,001,00,2,7,07,B01
200900055730,0,07,000,00,2,1,02,A01
200900055730,0,07,000,00,2,4,02,B01
200900055731,0,33,000,00,1,0,00,A01
200900055732,0,07,000,00,1,1,01,A01
200900055733,0,07,000,00,1,1,01,A01
200900055734,0,07,000,00,2,4,02,B01
200900055734,0,10,000,00,2,1,01,A01
200900055735,0,07,000,00,2,8,00,B01
200900055735,0,02,000,00,2,1,00,A01
200900055736,0,30,000,00,0,8,01,A01
200900055737,0,07,000,00,2,7,01,B01
200900055737,0,02,000,00,2,1,01,A01
200900055738,0,07,000,00,2,1,01,A01
200900055738,0,07,000,00,2,4,02,C01
200900055738,0,07,000,14,2,4,02,B01
200900055739,0,07,000,00,2,2,01,B01
200900055739,0,07,000,00,2,1,09,A01
200900055740,0,07,000,00,2,2,01,A01
200900055740,0,01,000,00,2,5,19,B01
200900055741,0,07,000,00,2,4,01,B01
200900055741,0,07,000,00,2,1,01,A01
200900055742,0,07,000,00,2,1,01,B01
200900055742,0,07,000,00,2,7,01,A01
200900055743,0,33,000,00,0,1,13,A01
200900055744,0,07,000,00,2,0,22,B01
200900055744,0,07,000,01,1,0,17,A01
200900055745,0,07,000,00,2,0,09,A01
200900055745,0,30,000,00,2,8,01,B01
200900055746,0,07,000,00,2,6,01,B01
200900055746,0,32,000,00,2,1,01,A01
200900055747,0,33,000,00,1,1,01,A01
200900055748,0,07,000,00,2,5,16,B01
200900055748,0,02,000,00,2,1,01,A01
200900055749,0,10,000,00,2,1,00,A01
200900055749,0,32,000,00,2,0,01,B01
200900055750,0,10,000,00,2,4,02,B01
200900055750,0,10,000,00,2,4,02,C01
200900055750,0,10,000,00,2,1,02,A01
200900055751,0,07,000,00,2,4,02,B01
200900055751,0,07,000,00,2,1,01,A01
200900055752,0,33,000,00,2,1,13,B01
200900055752,0,33,000,00,2,1,01,A01
200900055753,0,07,000,00,1,1,15,A01
200900055754,0,32,000,00,1,1,01,A01
200900055755,0,32,000,00,2,1,01,A01
200900055755,0,07,000,00,2,6,01,B01
200900055756,0,07,000,00,2,7,06,A01
200900055756,0,33,000,00,2,1,01,B01
200900055757,0,07,000,00,2,3,05,A01
200900055757,0,30,000,01,2,6,05,B01
200900055758,0,07,000,00,2,3,11,A01
200900055758,0,07,000,00,2,5,01,B01
200900055759,0,02,000,08,2,1,17,A01
200900055759,0,07,000,00,2,3,15,B01
200900055760,0,02,000,00,2,1,01,A01
200900055760,0,07,000,00,2,7,01,B01
200900055761,0,02,000,00,2,7,03,A01
200900055761,0,14,000,00,2,1,01,B01
200900055762,0,02,000,01,2,0,13,A01
200900055762,0,07,000,00,2,1,01,B01
200900055763,0,07,000,00,2,3,09,B01
200900055763,0,02,000,00,2,1,13,A01
200900055764,0,10,000,00,1,0,15,A01
200900055765,0,30,000,00,1,1,01,A01
200900055766,0,32,000,00,2,2,01,B01
200900055766,0,07,000,00,2,1,01,A01
200900055767,0,07,000,00,2,2,01,B01
200900055767,0,07,000,00,2,1,01,A01
200900055768,0,02,000,00,2,1,01,A01
200900055768,0,02,000,00,2,7,01,B01
200900055769,0,07,000,00,1,3,01,A01
200900055770,0,33,000,00,2,1,01,B01
200900055770,0,07,000,00,2,3,09,A01
200900055771,0,02,000,00,0,8,01,A01
200900055772,0,07,000,00,0,4,24,B01
200900055772,0,30,000,00,2,0,24,A01
200900055773,0,07,000,00,2,8,20,A01
200900055773,0,32,000,00,2,1,01,B01
200900055774,0,07,000,00,2,6,15,A01
200900055774,0,02,000,00,2,7,01,B01
200900055775,0,10,000,00,2,1,01,B01
200900055775,0,10,000,01,2,5,01,A01
200900055775,0,07,000,00,2,5,24,D01
200900055775,0,07,000,00,2,6,23,C01
200900055776,0,07,000,00,1,1,01,A01
200900055777,0,07,000,00,1,1,01,A01
200900055778,0,32,000,01,2,1,13,A01
200900055778,0,14,000,00,2,5,23,B01
200900055779,0,07,000,00,2,1,01,B01
200900055779,0,07,000,00,2,3,15,A01
200900055780,0,34,000,09,0,8,00,A01
200900055781,0,07,000,00,2,6,23,B01
200900055781,0,30,000,00,2,1,02,A01
200900055782,0,33,000,00,2,2,01,B01
200900055782,0,07,000,00,2,3,15,A01
200900055783,0,02,000,00,2,8,00,A01
200900055783,0,07,000,00,2,2,00,B01
200900055784,0,07,000,00,2,1,15,A01
200900055784,0,33,000,00,2,1,01,B01
200900055785,0,07,000,00,2,7,01,A01
200900055785,0,02,000,00,2,1,01,B01
200900055786,0,07,000,00,2,3,15,A01
200900055786,0,37,022,00,2,2,01,B01
200900055787,0,07,000,00,2,6,01,B01
200900055787,0,02,000,00,2,1,01,A01
200900055788,0,07,000,00,0,8,13,A01
200900055788,0,07,000,00,0,6,01,C03
200900055788,0,33,000,00,0,6,13,B02
200900055789,0,33,000,03,0,1,01,A01
200900055790,0,33,000,00,2,1,01,B02
200900055790,0,07,000,00,2,3,15,A01
200900055791,0,07,000,00,0,1,01,A01
200900055791,0,30,000,00,0,1,00,B02
200900055792,0,30,000,00,0,7,00,A01
200900055793,0,07,000,00,2,4,02,B02
200900055793,0,10,000,00,2,1,02,A01
200900055793,0,10,000,00,2,4,02,C03
200900055794,0,07,000,00,2,1,01,B02
200900055794,0,07,000,00,2,2,13,A01
200900055795,0,33,000,12,0,7,01,A01
200900055796,0,14,000,00,1,1,01,A01
200900055797,0,07,000,00,2,3,13,A01
200900055797,0,33,000,00,2,1,01,B02
200900055798,0,02,000,00,0,2,00,A01
200900055799,0,30,000,06,0,7,01,A01
200900055800,0,07,000,13,0,3,13,A01
200900055801,0,07,000,00,2,3,01,A01
200900055801,0,02,000,00,2,6,15,B02
200900055802,0,07,000,02,0,2,01,A01
200900055803,0,14,000,00,2,1,01,B02
200900055803,0,07,000,00,2,2,15,A01
200900055804,0,99,000,00,1,1,01,A01
200900055805,0,07,000,00,1,3,01,A01
200900055806,0,07,000,00,2,4,02,B02
200900055806,0,07,000,00,2,4,02,C03
200900055806,0,07,000,00,2,1,02,A01
200900055807,0,07,000,00,2,1,05,A01
200900055807,0,07,000,00,2,1,01,B02
200900055808,0,07,000,00,2,2,15,A01
200900055808,0,33,000,00,2,1,01,B02
200900055809,0,31,000,01,0,1,14,A01
200900055810,0,37,000,00,2,8,01,B02
200900055810,0,31,000,00,2,8,13,A01
200900055811,0,31,000,00,2,3,13,B02
200900055811,0,30,000,00,2,2,17,A01
200900055812,0,07,000,00,2,2,19,A01
200900055812,0,33,000,00,2,3,01,B02
200900055813,0,07,000,00,2,8,02,B02
200900055813,0,31,000,00,2,7,02,A01
200900055814,0,30,000,00,0,7,01,A01
200900055815,0,33,000,15,0,3,01,A01
200900055816,0,07,000,13,0,1,01,A01
200900055817,0,07,000,13,2,3,01,B02
200900055817,0,07,000,00,2,3,01,A01
200900055818,0,07,000,00,2,2,01,A01
200900055818,0,33,000,00,2,8,01,B02
200900055819,0,99,000,00,2,5,04,A01
200900055819,0,33,000,00,2,1,23,B02
200900055820,0,36,000,00,0,0,00,B02
200900055820,0,30,000,00,0,0,00,A01
200900055821,0,07,000,08,0,1,01,A01
200900055822,0,07,000,00,2,3,01,A01
200900055822,0,02,000,00,0,1,01,B02
200900055823,0,07,000,00,2,3,01,A01
200900055823,0,07,000,00,2,5,12,B02
200900055824,0,07,000,00,2,1,01,B02
200900055824,0,32,000,00,2,1,17,A01
200900055825,0,33,000,00,0,4,02,B02
200900055825,0,07,000,00,2,1,02,A01
200900055826,0,07,000,04,0,1,01,A01
200900055827,0,07,000,00,2,1,17,A01
200900055827,0,07,000,00,2,1,01,B02
200900055828,0,34,000,01,0,1,01,A01
200900055829,0,07,000,00,0,7,01,B01
200900055829,0,07,000,00,2,1,15,A01
200900055830,0,33,000,00,1,2,02,A01
200900055831,0,07,000,00,2,1,23,B01
200900055831,0,10,000,00,0,4,23,C01
200900055831,0,07,000,00,2,1,01,A01
200900055832,0,07,000,00,2,1,09,A01
200900055832,0,31,000,00,0,7,01,B01
200900055833,0,07,000,15,0,2,21,A01
200900055834,0,07,000,00,1,6,04,A01
200900055835,0,31,000,00,2,1,01,B01
200900055835,0,07,000,00,2,6,10,A01
200900055836,0,07,000,00,2,2,16,B01
200900055836,0,30,000,01,2,1,18,A01
200900055837,0,07,000,00,0,7,01,B01
200900055837,0,07,000,00,2,1,15,A01
200900055838,0,07,000,00,2,7,01,B01
200900055838,0,07,000,00,2,8,15,A01
200900055839,0,30,000,00,0,0,00,A01
200900055840,0,30,000,00,1,1,01,A01
200900055841,0,07,000,00,2,1,01,A01
200900055841,0,07,000,00,0,4,15,B01
200900055842,0,07,000,00,1,7,01,A01
200900055843,0,32,000,00,0,0,00,A01
200900055844,0,07,000,00,2,1,02,A01
200900055844,0,33,000,00,0,4,02,B01
200900055845,0,07,000,00,1,1,01,A01
200900055846,0,30,000,01,2,1,01,B01
200900055846,0,10,000,00,0,3,16,A01
200900055847,0,07,000,00,2,5,01,A01
200900055847,0,30,000,00,2,1,01,B01
200900055848,0,31,000,00,2,1,01,B01
200900055848,0,07,000,00,2,3,09,A01
200900055849,0,01,000,00,2,8,01,B01
200900055849,0,07,000,00,2,7,17,A01
200900055850,0,07,000,00,2,8,15,A01
200900055850,0,31,000,00,0,1,01,B01
200900055851,0,07,000,00,1,1,01,A01
200900055852,0,30,000,00,2,8,01,B01
200900055852,0,07,000,00,2,1,01,A01
200900055853,0,02,000,00,2,1,01,B01
200900055853,0,07,000,00,2,5,01,A01
200900055854,1,07,000,00,2,1,09,A01
200900055854,0,02,000,00,0,1,01,B01
200900055855,0,07,000,00,1,2,01,A01
200900055856,0,07,000,00,1,8,15,A01
200900055857,0,07,000,00,2,1,01,B01
200900055857,0,02,000,00,2,1,05,A01
200900055858,0,32,000,00,2,1,17,B01
200900055858,0,07,000,00,2,1,01,A01
200900055859,0,32,000,00,0,8,01,B01
200900055859,0,07,000,00,2,3,13,A01
200900055860,0,07,000,06,0,2,14,A01
200900055861,0,07,000,00,0,0,20,A01
200900055861,0,34,000,00,2,0,13,B01
200900055862,0,07,000,00,1,4,04,A01
200900055863,0,32,000,00,0,2,17,B01
200900055863,0,07,000,00,2,3,15,A01
200900055864,0,02,000,00,2,1,01,A01
200900055864,0,07,000,00,2,4,01,B01
200900055865,0,02,000,00,1,1,01,A01
200900055866,0,07,000,00,2,7,15,A01
200900055866,0,02,000,00,2,1,01,B01
200900055867,0,07,000,00,2,6,00,B01
200900055867,0,07,000,00,2,1,00,A01
200900055868,0,07,000,00,0,4,23,B01
200900055868,0,07,000,00,2,1,01,A01
200900055869,0,07,000,00,1,1,01,A01
200900055870,0,32,000,08,0,1,14,A01
200900055871,0,32,000,00,0,0,00,A01
200900055872,1,07,000,00,2,1,01,A01
200900055872,0,32,000,00,2,1,01,B01
200900055873,0,07,000,00,2,4,01,C01
200900055873,0,07,000,00,0,4,01,D01
200900055873,0,07,000,00,2,1,01,A01
200900055873,0,07,000,00,0,4,01,B01
200900055874,0,32,000,00,1,1,01,A01
200900055875,0,07,000,00,1,5,00,A01
200900055876,0,07,000,00,2,3,11,B01
200900055876,0,33,000,00,2,1,01,A01
200900055877,0,07,000,00,2,1,00,A01
200900055877,0,02,000,00,2,1,01,B01
200900055878,0,07,000,00,0,3,00,A01
200900055878,0,32,000,00,2,0,01,B01
200900055879,0,07,000,00,2,7,01,B01
200900055879,0,33,000,00,2,8,11,A01
200900055880,0,07,000,00,2,4,01,B01
200900055880,0,07,000,00,2,1,01,A01
200900055880,0,07,000,00,0,4,01,D01
200900055880,0,07,000,00,2,4,01,C01
200900055881,0,30,000,13,0,7,14,A01
200900055882,0,30,000,00,2,1,17,A01
200900055882,0,07,000,00,0,1,01,B01
200900055883,0,33,000,00,0,3,01,B01
200900055883,0,02,000,00,2,1,13,A01
200900055884,0,31,000,12,0,2,01,A01
200900055885,0,07,000,00,0,0,00,A01
200900055885,0,30,000,00,2,1,00,B01
200900055886,0,07,000,00,2,7,01,B01
200900055886,0,02,000,00,2,1,01,A01
200900055887,0,32,000,00,2,1,01,B01
200900055887,0,07,000,00,2,1,09,A01
200900055888,0,07,000,00,2,0,01,A01
200900055888,0,01,000,00,2,0,01,B01
200900055889,0,07,000,00,2,8,15,B01
200900055889,0,30,000,00,2,7,17,A01
200900055890,0,32,000,00,2,7,09,A01
200900055890,0,07,000,00,2,2,09,B01
200900055891,0,07,000,00,2,1,01,B01
200900055891,0,07,000,00,2,1,05,A01
200900055892,0,30,000,00,2,1,01,A01
200900055892,0,30,000,00,2,1,01,B01
200900055893,0,07,000,00,2,1,01,A01
200900055893,0,07,000,00,2,4,01,B01
200900055894,0,07,000,00,1,1,01,A01
200900055895,1,07,000,00,0,0,14,A01
200900055895,0,30,000,00,0,8,01,B01
200900055896,0,07,000,09,1,1,01,A01
200900055897,0,33,000,00,2,7,17,A01
200900055897,0,07,000,00,2,0,15,B01
200900055898,0,33,000,00,2,0,01,B01
200900055898,0,07,000,00,2,0,15,A01
200900055899,0,30,000,00,2,1,00,B01
200900055899,0,14,000,00,2,2,01,A01
200900055900,0,07,000,00,1,4,04,A01
200900055901,0,02,000,00,2,1,01,B01
200900055901,0,07,000,00,2,0,15,A01
200900055902,0,07,000,00,1,3,01,A01
200900055903,0,07,000,00,0,1,01,A01
200900055903,0,33,000,00,2,1,01,B01
200900055904,0,02,000,00,2,4,02,B01
200900055904,0,07,000,00,2,1,02,A01
200900055905,0,32,000,00,2,1,01,A01
200900055905,0,38,000,00,2,1,01,B01
200900055906,0,07,000,00,2,1,01,B01
200900055906,0,30,000,00,2,1,13,A01
200900055907,0,02,000,00,1,1,01,A01
200900055908,0,30,000,00,2,1,19,A01
200900055908,0,07,000,00,2,3,01,C01
200900055908,0,07,000,00,2,3,01,B01
200900055909,0,30,000,00,2,1,17,A01
200900055909,0,07,000,00,2,3,09,B01
200900055910,0,30,000,00,2,8,11,A01
200900055910,0,07,000,12,2,7,21,B01
200900055911,0,07,000,00,1,1,01,A01
200900055912,0,01,000,00,0,0,13,A01
200900055913,0,37,030,00,2,2,01,B01
200900055913,0,07,000,00,2,8,15,A01
200900055914,0,38,026,08,0,1,01,A01
200900055915,0,33,000,00,2,2,17,A01
200900055915,0,10,000,00,2,3,15,B01
200900055916,0,07,000,00,2,1,02,A01
200900055916,0,07,000,00,2,4,02,B01
200900055917,0,07,000,00,2,2,16,A01
200900055917,0,31,000,00,2,1,01,B01
200900055918,0,07,000,00,2,3,13,A01
200900055918,0,07,000,00,2,3,01,B01
200900055919,0,33,000,00,2,4,23,B01
200900055919,0,07,000,00,2,1,02,A01
200900055920,0,30,000,00,2,1,01,B01
200900055920,0,10,000,00,2,4,04,A01
200900055921,0,07,000,00,2,8,13,A01
200900055921,0,30,000,00,2,1,01,B01
200900055922,0,10,000,00,2,2,17,A01
200900055922,0,99,000,00,2,5,23,B01
200900055923,0,07,000,00,2,1,02,A01
200900055923,0,07,000,00,2,4,02,B01
200900055923,0,07,000,00,2,4,02,C01
200900055924,0,30,000,12,0,1,14,A01
200900055925,0,07,000,00,2,4,15,B01
200900055925,0,33,000,00,2,1,02,A01
200900055926,0,33,000,00,2,8,00,B01
200900055926,0,10,000,00,2,2,00,A01
200900055927,0,07,000,00,1,2,01,A01
200900055928,0,07,000,00,2,1,01,B01
200900055928,0,07,000,06,2,3,16,A01
200900055929,0,07,000,00,1,3,01,A01
200900055930,0,07,000,00,2,1,05,A01
200900055930,0,07,000,00,2,1,01,B01
200900055931,0,07,000,00,2,3,09,A01
200900055931,0,32,000,00,2,1,01,B01
200900055932,0,07,000,00,2,6,23,B01
200900055932,0,30,000,01,0,1,01,A01
200900055933,0,30,000,00,2,1,02,A01
200900055933,0,07,000,00,2,4,13,B01
200900055934,0,07,000,00,2,7,16,A01
200900055934,0,30,000,00,2,1,01,B01
200900055935,0,32,000,00,2,4,02,B01
200900055935,1,07,000,00,2,1,02,A01
200900055936,0,07,000,00,2,3,15,A01
200900055936,0,33,000,00,2,1,01,B01
200900055937,0,33,000,00,2,3,09,A01
200900055937,0,30,000,00,2,1,13,B01
200900055938,0,07,000,00,2,6,01,B01
200900055938,0,07,000,00,2,1,01,C01
200900055938,0,02,000,00,2,1,03,A01
200900055939,0,07,000,00,2,1,15,A01
200900055939,0,32,000,00,2,2,01,B01
200900055940,0,31,000,00,2,4,01,B01
200900055940,0,07,000,00,2,0,01,A01
200900055941,0,07,000,00,2,7,01,A01
200900055941,0,07,000,00,2,1,01,B01
200900055942,0,38,020,00,2,3,02,A01
200900055942,0,07,000,00,2,5,15,B01
200900055943,0,07,000,01,0,1,13,A01
200900055944,0,07,000,00,2,2,01,B01
200900055944,2,07,000,01,2,8,20,A01
200900055945,0,33,000,00,2,1,01,B01
200900055945,0,07,000,00,2,5,01,A01
200900055946,0,07,000,00,2,4,02,B01
200900055946,0,10,000,00,2,1,02,A01
200900055947,0,07,000,00,1,1,15,A01
200900055948,1,07,000,00,1,1,00,A01
200900055949,0,30,000,01,0,2,01,A01
200900055950,0,07,000,00,2,1,01,A01
200900055950,0,07,000,00,2,4,15,B02
200900055950,0,07,000,00,2,1,01,C03