Num_Acc,senc,catv,occutc,obs,obsm,choc,manv,num_veh
200900056712,0,07,000,00,2,6,16,A01
200900056713,0,07,000,00,2,1,00,A01
200900056713,0,30,000,00,2,8,01,B01
200900056714,0,32,000,00,2,1,01,A01
200900056714,0,07,000,00,2,6,01,B01
200900056715,0,07,000,13,0,1,01,A01
200900056716,0,07,000,03,0,8,13,A01
200900056717,0,07,000,00,1,1,01,A01
200900056718,0,07,000,00,1,1,01,A01
200900056719,0,01,000,00,2,1,00,B01
200900056719,0,07,000,00,2,2,09,A01
200900056720,0,07,000,00,2,3,01,B01
200900056720,0,07,000,00,2,1,01,A01
200900056721,0,07,000,00,1,3,01,A01
200900056722,0,07,000,00,2,1,16,A01
200900056722,0,01,000,00,2,3,19,B01
200900056723,0,33,000,00,2,2,01,B01
200900056723,0,07,000,00,2,1,01,A01
200900056724,0,07,000,00,1,4,20,A01
200900056725,0,02,000,00,2,1,01,B01
200900056725,0,07,000,00,2,5,09,A01
200900056726,0,07,000,00,2,2,01,A01
200900056726,0,30,000,00,2,1,01,B01
200900056727,0,07,000,00,2,1,09,A01
200900056727,0,07,000,00,2,1,01,B01
200900056728,0,31,000,00,1,1,01,A01
200900056729,0,07,000,09,0,1,00,A01
200900056730,0,07,000,06,0,1,00,A01
200900056731,0,07,000,00,1,1,01,A01
200900056732,0,07,000,00,2,1,01,B01
200900056732,0,07,000,00,2,1,15,A01
200900056733,0,07,000,00,2,1,00,A01
200900056733,0,07,000,00,2,2,15,B01
200900056734,0,33,000,07,0,1,01,A01
200900056735,0,07,000,08,0,1,13,A01
200900056736,0,02,000,00,2,2,01,A01
200900056736,0,07,000,00,2,0,01,B01
200900056737,1,07,000,00,2,0,09,A01
200900056737,0,07,000,00,2,7,01,B01
200900056738,0,32,000,00,2,1,02,A01
200900056738,0,07,000,00,2,6,23,B01
200900056739,0,07,000,00,1,1,01,A01
200900056740,0,30,000,15,0,2,01,A01
200900056741,0,07,000,00,1,1,15,A01
200900056742,0,10,000,00,2,8,01,A01
200900056742,0,07,000,00,2,1,01,B01
200900056743,0,07,000,00,1,1,01,A01
200900056744,0,07,000,00,2,2,15,A01
200900056744,0,01,000,00,2,1,01,B01
200900056745,0,40,000,00,1,1,01,A01
200900056746,0,07,000,00,1,1,01,A01
200900056747,0,07,000,00,1,0,00,A01
200900056748,0,07,000,00,2,3,15,A01
200900056748,0,02,000,00,2,2,17,B01
200900056749,0,07,000,00,2,3,15,B01
200900056749,0,30,000,00,2,7,17,A01
200900056750,0,07,000,00,2,3,15,A01
200900056750,0,02,000,00,2,1,01,B01
200900056751,0,07,000,09,0,4,23,B01
200900056751,0,07,000,01,0,1,01,A01
200900056752,0,02,000,00,2,1,01,B01
200900056752,0,07,000,00,2,3,15,A01
200900056753,0,10,000,02,0,8,13,A01
200900056754,0,07,000,00,2,3,01,A01
200900056754,0,07,000,00,2,3,13,B02
200900056755,0,07,000,13,0,2,14,A01
200900056756,0,07,000,00,2,3,01,A01
200900056756,0,07,000,00,2,3,15,B02
200900056757,0,07,000,00,2,1,13,A01
200900056757,0,07,000,00,2,1,01,B02
200900056758,0,07,000,00,2,2,01,A01
200900056758,0,03,000,00,2,3,19,B02
200900056759,0,01,000,00,2,8,01,A01
200900056759,0,07,000,00,9,7,01,B02
200900056760,0,02,000,00,2,3,13,B02
200900056760,0,07,000,00,2,8,00,A01
200900056761,0,07,000,00,1,3,01,A01
200900056762,0,07,000,00,0,8,01,A01
200900056763,0,07,000,00,0,1,01,A01
200900056764,0,02,000,00,0,6,02,B02
200900056764,1,10,000,00,2,2,01,A01
200900056765,0,07,000,00,9,1,01,B02
200900056765,0,33,000,13,0,0,13,A01
200900056766,0,07,000,14,0,1,01,A01
200900056766,0,07,000,00,0,5,23,B02
200900056766,0,07,000,00,2,1,00,C03
200900056767,0,07,000,00,2,1,21,B02
200900056767,0,07,000,00,2,1,01,D04
200900056767,0,07,000,00,2,1,21,C03
200900056767,0,10,000,10,0,3,19,A01
200900056768,0,07,000,00,2,6,13,A01
200900056768,0,07,000,00,2,1,01,B02
200900056769,2,07,000,02,0,3,01,A01
200900056770,0,02,000,00,2,1,01,B02
200900056770,0,07,000,00,2,3,15,A01
200900056771,0,07,000,00,1,1,01,A01
200900056772,0,07,000,00,0,8,15,A01
200900056772,0,33,000,00,2,7,00,B02
200900056773,0,30,000,00,0,8,01,A01
200900056774,0,38,000,00,2,1,01,B02
200900056774,0,07,000,00,2,1,13,A01
200900056775,0,07,000,06,0,1,01,A01
200900056776,0,07,000,00,2,1,01,B02
200900056776,0,07,000,00,2,1,13,A01
200900056777,0,07,000,10,0,1,14,A01
200900056778,0,30,000,00,0,1,01,A01
200900056779,0,17,000,00,2,3,01,B02
200900056779,0,10,000,13,2,2,13,A01
200900056779,0,17,000,00,2,0,01,C03
200900056780,0,07,000,00,2,2,19,A01
200900056780,0,30,000,00,2,1,01,B02
200900056781,0,01,000,00,0,1,01,B02
200900056781,0,07,000,00,0,3,16,A01
200900056782,0,33,000,00,2,2,17,A01
200900056783,0,07,000,00,2,2,15,A01
200900056783,0,33,000,00,2,1,01,B02
200900056784,0,07,000,00,0,0,01,A01
200900056785,0,07,000,00,2,1,01,B02
200900056785,0,10,000,00,2,3,19,A01
200900056786,0,15,000,00,0,3,01,C03
200900056786,0,07,000,00,0,3,01,B02
200900056786,0,07,000,00,0,1,13,A01
200900056787,0,07,000,00,1,1,16,A01
200900056788,0,31,000,00,2,1,15,A01
200900056788,0,02,000,00,2,1,00,B01
200900056789,0,02,000,12,0,1,14,A01
200900056790,0,02,000,01,0,1,14,A01
200900056791,0,07,000,00,2,1,15,A01
200900056791,0,02,000,00,2,1,01,B01
200900056792,0,07,000,00,2,4,02,A01
200900056792,0,33,000,00,2,1,02,B01
200900056793,0,07,000,00,0,4,02,A01
200900056793,0,07,000,00,2,1,02,B01
200900056794,0,07,000,13,0,4,00,A01
200900056795,0,07,000,00,0,0,11,A01
200900056796,0,07,000,02,0,1,19,A01
200900056797,0,07,000,03,0,1,21,A01
200900056798,0,33,000,00,2,2,03,A01
200900056798,0,17,000,00,2,8,01,B01
200900056799,0,33,000,00,2,1,01,B01
200900056799,0,07,000,00,2,6,01,A01
200900056800,0,15,000,03,0,7,00,A01
200900056801,0,07,000,00,2,2,01,A01
200900056801,0,10,000,04,2,6,11,B01
200900056802,0,07,000,00,2,4,02,B01
200900056802,0,33,000,00,2,1,02,A01
200900056803,0,07,000,13,0,2,02,A01
200900056804,0,14,000,10,0,2,01,A01
200900056805,0,07,000,00,2,3,05,A01
200900056805,0,17,000,00,2,3,05,B01
200900056806,0,07,000,00,1,1,01,A01
200900056807,0,07,000,00,2,2,10,A01
200900056807,0,33,000,00,2,1,02,B01
200900056808,0,07,000,15,0,1,01,A01
200900056809,0,07,000,00,9,3,00,A01
200900056809,0,99,000,00,0,0,00,B02
200900056810,0,14,000,02,0,1,00,A01
200900056811,0,07,000,00,2,1,01,A01
200900056811,0,07,000,00,2,1,15,B02
200900056812,0,30,000,13,0,1,01,A01
200900056813,0,02,000,00,2,0,09,A01
200900056813,0,16,000,00,2,8,01,B02
200900056814,0,07,000,00,2,3,05,A01
200900056814,0,07,000,00,2,3,21,B02
200900056815,0,07,000,00,2,3,05,A01
200900056815,0,15,000,00,2,3,01,B02
200900056816,0,07,000,00,0,1,01,A01
200900056817,0,07,000,00,2,3,01,C03
200900056817,0,07,000,00,2,3,13,A01
200900056817,0,07,000,00,2,6,01,B02
200900056818,0,33,000,00,2,4,02,B02
200900056818,0,07,000,00,2,3,02,A01
200900056819,0,07,000,00,2,2,02,A01
200900056819,0,14,000,00,2,6,01,B02
200900056820,0,33,000,00,2,9,02,A01
200900056820,0,07,000,00,0,0,02,B02
200900056821,0,01,000,00,2,8,01,B02
200900056821,0,07,000,00,2,7,17,A01
200900056822,0,07,000,00,0,0,17,B02
200900056822,0,07,000,08,0,9,17,A01
200900056823,0,07,000,00,0,9,01,A01
200900056824,0,07,000,00,2,8,10,B02
200900056824,0,33,000,00,2,1,01,A01
200900056825,0,07,000,00,2,2,02,A01
200900056825,0,01,000,00,0,4,02,B02
200900056826,0,07,000,00,2,1,09,A01
200900056826,0,32,000,00,2,7,01,B02
200900056827,0,30,000,00,2,7,15,A01
200900056827,0,07,000,00,2,8,01,B01
200900056828,0,07,000,00,2,7,09,A01
200900056828,0,33,000,00,2,1,02,B01
200900056828,0,07,000,00,2,1,02,C01
200900056829,0,07,000,00,2,1,01,B01
200900056829,0,07,000,00,2,2,00,A01
200900056830,0,30,000,00,0,7,01,A01
200900056831,0,07,000,00,0,6,23,B01
200900056831,0,10,000,00,2,1,01,C01
200900056831,0,07,000,00,2,1,06,A01
200900056832,0,07,000,00,2,8,09,A01
200900056832,0,07,000,00,2,3,01,B01
200900056833,0,07,000,00,1,3,15,A01
200900056834,0,07,000,00,0,9,14,A01
200900056835,0,01,000,00,2,4,01,C01
200900056835,0,07,000,00,2,1,01,A01
200900056835,0,07,000,00,2,4,01,B01
200900056836,0,02,000,00,2,1,00,B01
200900056836,0,07,000,00,2,5,00,A01
200900056837,0,33,000,00,0,0,01,A01
200900056838,0,38,009,00,2,3,21,B01
200900056838,0,07,000,00,2,1,13,A01
200900056839,0,07,000,00,2,8,15,A01
200900056839,0,33,000,00,2,8,01,B01
200900056840,0,07,000,02,2,6,01,A01
200900056840,0,07,000,00,2,1,01,B01
200900056841,0,33,000,00,2,4,16,A01
200900056841,0,02,000,00,2,1,01,B01
200900056842,0,07,000,00,2,1,01,A01
200900056842,0,33,000,00,2,7,01,B01
200900056843,0,30,000,00,2,7,01,A01
200900056843,0,07,000,00,2,6,16,B01
200900056844,0,07,000,01,0,1,01,A01
200900056845,0,07,000,00,2,3,10,A01
200900056845,0,33,000,00,2,1,17,B01
200900056846,0,10,000,13,0,2,01,A01
200900056847,0,30,000,12,0,1,01,A01
200900056848,0,33,000,01,9,3,19,A01
200900056848,0,01,000,00,2,8,01,C01
200900056849,0,02,000,01,2,1,05,A01
200900056849,0,07,000,00,2,3,01,B01
200900056850,0,07,000,00,2,1,01,B01
200900056850,0,07,000,00,2,1,13,A01
200900056851,0,07,000,00,2,2,11,B01
200900056851,0,07,000,03,2,2,01,A01
200900056852,0,07,000,00,0,2,01,A01
200900056852,0,07,000,00,0,1,00,B01
200900056853,0,07,000,00,0,4,23,B01
200900056853,0,33,000,00,2,1,02,A01
200900056854,0,33,000,15,0,1,15,A01
200900056855,0,33,000,00,0,0,00,A01
200900056856,0,01,000,00,2,1,00,A01
200900056856,0,07,000,00,9,7,02,B01
200900056857,0,33,000,00,2,1,02,A01
200900056857,0,07,000,00,9,4,02,B01
200900056858,0,33,000,00,2,1,01,A01
200900056858,0,07,000,00,0,8,15,B01
200900056859,0,30,000,00,2,1,01,A01
200900056859,0,07,000,00,2,4,01,B01
200900056860,0,14,000,00,2,1,01,B02
200900056860,0,07,000,00,2,1,13,A01
200900056861,0,10,000,00,2,3,01,B02
200900056861,0,10,000,00,2,3,13,A01
200900056862,0,07,000,00,2,1,19,A01
200900056862,0,30,000,00,2,8,01,B02
200900056863,0,07,000,00,2,1,13,A01
200900056863,0,07,000,00,2,7,01,B02
200900056864,0,07,000,00,2,1,01,C03
200900056864,0,07,000,00,2,8,13,A01
200900056864,0,07,000,00,2,7,01,B02
200900056865,0,07,000,02,0,1,05,A01
200900056866,0,07,000,08,0,3,01,A01
200900056867,0,07,000,00,2,2,01,B02
200900056867,0,07,000,00,2,2,13,A01
200900056868,0,07,000,00,2,3,01,B01
200900056868,0,30,000,00,2,1,01,A01
200900056869,0,30,000,00,2,2,01,A01
200900056869,0,07,000,00,2,6,04,B01
200900056870,0,07,000,00,2,1,13,A01
200900056870,0,07,000,00,2,1,01,B01
200900056871,0,07,000,00,1,7,01,A01
200900056872,0,30,000,00,2,7,17,A01
200900056872,0,07,000,00,2,3,15,B01
200900056873,1,07,000,00,9,4,00,A01
200900056873,0,30,000,00,9,7,01,B01
200900056874,0,07,000,12,0,1,16,A01
200900056875,0,07,000,00,2,3,13,A01
200900056875,0,07,000,00,2,3,01,B02
200900056876,0,07,000,00,0,1,01,A01
200900056877,0,01,000,00,2,4,01,B01
200900056877,0,34,000,00,2,1,01,A01
200900056878,0,07,000,00,2,2,13,A01
200900056878,0,07,000,00,0,1,01,B01
200900056879,0,10,000,00,1,3,15,A01
200900056880,0,02,000,16,0,1,14,A01
200900056881,0,15,000,00,2,3,01,B01
200900056881,0,32,000,00,2,1,17,A01
200900056882,0,07,000,00,2,3,13,A01
200900056882,0,10,000,00,0,2,02,C01
200900056882,0,07,000,00,0,8,02,B01
200900056883,0,07,000,00,2,3,01,B01
200900056883,0,07,000,00,2,2,01,A01
200900056884,0,07,000,00,2,3,13,A01
200900056884,0,07,000,00,2,1,01,B01
200900056885,0,33,000,00,2,1,02,C01
200900056885,0,07,000,00,2,1,02,B01
200900056885,0,07,000,00,2,1,01,A01
200900056886,0,07,000,00,6,7,01,A01
200900056887,0,33,000,09,0,4,01,A01
200900056888,0,07,000,00,2,1,01,B01
200900056888,0,30,000,00,2,1,19,A01
200900056889,0,07,000,00,2,3,11,A01
200900056889,0,33,000,00,2,2,01,B01
200900056890,1,07,000,00,0,1,16,A01
200900056891,1,07,000,00,1,1,00,A01
200900056892,1,07,000,00,2,1,00,A01
200900056892,0,07,000,00,2,8,01,B01
200900056893,0,33,000,00,2,1,01,B01
200900056893,1,10,000,00,0,0,19,A01
200900056894,0,37,015,00,1,5,07,A01
200900056895,0,32,000,00,0,1,02,A01
200900056895,0,07,000,00,0,2,16,B01
200900056896,0,07,000,00,0,8,02,A01
200900056896,0,07,000,00,0,8,00,B01
200900056897,0,32,000,00,1,3,01,A01
200900056898,0,33,000,00,2,1,16,A01
200900056898,0,32,000,00,2,3,01,B01
200900056899,0,07,000,00,2,5,13,A01
200900056899,0,07,000,00,2,2,01,B02
200900056899,0,07,000,00,2,1,01,C03
200900056900,0,07,000,00,2,1,01,C03
200900056900,0,07,000,01,2,2,15,A01
200900056900,0,07,000,00,2,3,23,B02
200900056901,0,07,000,00,2,3,01,B02
200900056901,0,07,000,00,2,7,14,A01
200900056902,0,07,000,00,0,5,24,A01
200900056902,0,07,000,01,0,3,21,B02
200900056903,0,07,000,13,0,1,01,A01
200900056904,0,07,000,00,2,8,19,A01
200900056904,0,33,000,00,2,1,01,B02
200900056905,0,07,000,03,0,3,01,A01
200900056906,0,07,000,13,0,9,01,A01
200900056907,0,07,000,00,2,8,15,B02
200900056907,0,31,000,00,2,1,17,A01
200900056908,0,07,000,00,2,7,01,D04
200900056908,0,07,000,00,2,1,17,A01
200900056908,0,17,000,00,2,8,01,C03
200900056908,0,07,000,00,2,4,01,B02
200900056909,0,07,000,00,2,1,01,A01
200900056909,0,07,000,00,2,8,19,B02
200900056910,0,31,000,00,5,1,01,A01
200900056911,0,07,000,00,2,1,01,B02
200900056911,0,07,000,00,2,1,13,A01
200900056912,0,33,000,00,2,5,17,A01
200900056912,0,07,000,00,2,3,01,B02
200900056913,0,33,000,09,0,7,14,A01
200900056914,0,07,000,00,0,3,13,A01
200900056914,0,14,000,00,0,3,17,B02
200900056915,0,07,000,02,0,1,01,A01
200900056916,0,07,000,00,2,7,19,A01
200900056916,0,34,000,00,2,1,01,B02
200900056917,0,07,000,00,2,3,01,A01
200900056917,0,07,000,00,2,4,16,B02
200900056918,0,30,000,00,0,1,00,A01
200900056918,0,07,000,00,0,5,00,B02
200900056919,0,07,000,13,0,2,01,A01
200900056920,0,33,000,00,2,1,13,A01
200900056920,0,07,000,00,2,3,01,B02
200900056921,0,07,000,00,2,6,16,B02
200900056921,0,30,000,00,2,1,01,A01
200900056922,0,07,000,00,9,5,16,A01
200900056923,0,10,000,13,0,8,00,A01
200900056924,0,07,000,00,2,1,01,A01
200900056924,0,33,000,00,2,1,13,B02
200900056925,0,33,000,00,2,1,01,A01
200900056925,0,07,000,00,2,2,13,B02
200900056926,0,33,000,00,2,2,17,A01
200900056926,0,07,000,00,2,3,15,B02
200900056927,0,07,000,03,0,1,01,A01
200900056928,0,33,000,00,2,1,03,A01
200900056928,0,07,000,00,0,5,01,B02
200900056929,0,07,000,06,0,2,01,A01
200900056930,0,17,000,04,0,1,01,A01
200900056931,0,03,000,00,2,3,13,A01
200900056931,0,07,000,00,2,3,02,B01
200900056932,0,07,000,00,0,2,15,A01
200900056932,0,07,000,00,2,3,01,B02
200900056932,0,07,000,00,2,3,23,C03
200900056933,0,02,000,00,2,1,01,A01
200900056933,0,07,000,00,0,4,01,B01
200900056934,0,31,000,03,0,7,14,A01
200900056935,0,07,000,00,2,7,05,A01
200900056935,0,14,000,00,0,3,19,B01
200900056936,0,07,000,00,2,1,02,A01
200900056936,0,07,000,00,2,4,02,B01
200900056937,0,07,000,00,2,3,15,B01
200900056937,0,07,000,00,2,3,01,A01
200900056938,0,07,000,08,0,0,06,A01
200900056939,0,07,000,00,2,3,00,B02
200900056939,0,07,000,00,2,3,01,A01
200900056940,0,02,000,14,0,1,01,A01
200900056940,0,07,000,14,0,3,15,B01
200900056941,0,07,000,06,0,1,02,A01
200900056942,0,99,000,00,2,6,01,A01
200900056942,0,07,000,00,2,2,15,B01
200900056943,0,07,000,00,2,1,01,A01
200900056943,0,07,000,00,2,4,01,B01
200900056943,0,07,000,00,2,4,01,C01
200900056944,0,07,000,00,4,2,00,A01
200900056944,0,99,000,00,2,1,00,B01
200900056945,0,10,000,00,2,4,23,B01
200900056945,0,15,000,00,2,4,15,C01
200900056945,0,10,000,00,2,1,01,A01
200900056946,0,07,000,00,2,6,13,A01
200900056946,0,07,000,00,2,3,01,B01
200900056947,0,07,000,00,1,1,00,A01
200900056948,0,07,000,00,0,0,17,B01
200900056948,0,07,000,00,2,1,01,A01
200900056949,0,07,000,00,2,1,02,A01
200900056949,0,07,000,00,2,4,02,B01
200900056950,0,31,000,00,5,1,01,A01
200900056951,0,07,000,00,2,1,02,A01
200900056951,0,07,000,00,5,4,23,C01
200900056951,0,07,000,00,2,4,23,B01
200900056952,0,07,000,00,2,1,13,A01
200900056952,0,07,000,00,2,1,01,B01
200900056953,0,30,000,00,2,8,01,A01
200900056953,1,07,000,00,2,2,15,B01
200900056954,0,10,000,00,1,3,15,A01
200900056955,0,33,000,00,2,3,01,A01
200900056955,1,33,000,00,0,0,00,B01
200900056956,0,02,000,00,2,1,01,A01
200900056956,0,07,000,00,2,3,15,B01
200900056957,0,32,000,00,2,1,21,B01
200900056957,0,07,000,00,2,2,15,A01
200900056958,0,07,000,01,0,1,01,A01
200900056959,0,01,000,00,2,0,01,B01
200900056959,0,07,000,00,2,3,09,A01
200900056960,0,34,000,00,2,1,01,B01
200900056960,0,07,000,00,2,3,09,A01
200900056961,0,07,000,02,0,1,01,A01
200900056962,0,02,000,00,2,1,17,A01
200900056962,0,07,000,00,2,3,15,B01
200900056963,0,33,000,00,0,4,01,A01
200900056963,0,07,000,00,2,2,01,B01
200900056964,0,34,000,00,0,7,01,A01
200900056965,0,07,000,04,0,1,01,A01
200900056966,0,07,000,00,0,4,01,A01
200900056966,0,07,000,00,0,1,00,B01
200900056967,0,10,000,00,9,1,01,A01
200900056968,0,07,000,04,0,1,11,A01
200900056969,0,07,000,03,0,2,12,A01
200900056970,0,07,000,07,0,8,01,A01
200900056970,0,07,000,00,2,7,17,B01
200900056971,0,07,000,13,0,1,14,A01
200900056972,0,07,000,13,0,1,02,A01
200900056973,0,07,000,02,0,1,00,A01
200900056974,0,07,000,15,0,1,00,A01
200900056975,0,07,000,04,0,3,11,A01
200900056976,0,07,000,00,2,8,01,B01
200900056976,0,17,000,00,2,7,12,A01
200900056977,0,07,000,13,0,9,11,A01
200900056978,0,07,000,00,0,1,01,A01
200900056979,0,07,000,00,0,9,12,A01
200900056980,0,07,000,00,2,7,01,B01
200900056980,0,07,000,00,2,3,11,A01
200900056981,0,02,000,00,0,7,10,A01
200900056981,0,07,000,00,2,1,01,B01
200900056982,0,07,000,00,2,4,02,A01
200900056982,0,10,000,00,2,1,02,B01
200900056983,0,07,000,03,0,1,14,A01
200900056984,0,31,000,00,2,2,00,A01
200900056985,0,07,000,00,0,4,01,A01
200900056985,0,07,000,00,2,2,01,B01
200900056986,0,07,000,03,0,1,01,A01
200900056987,0,07,000,00,2,4,01,B01
200900056987,0,07,000,00,2,1,01,C01
200900056987,0,07,000,00,2,4,01,A01
200900056988,0,07,000,04,2,8,01,B01
200900056988,0,07,000,03,0,8,01,A01
200900056989,1,07,000,00,1,1,00,A01
200900056990,0,07,000,06,0,1,21,A01
200900056991,1,31,000,00,2,0,05,A01
200900056991,0,30,000,00,2,7,01,B01
200900056992,0,32,000,00,2,1,09,A01
200900056992,0,07,000,00,2,2,02,B01
200900056993,0,07,000,00,2,3,09,A01
200900056993,0,34,000,00,2,1,17,B01
200900056994,0,31,000,00,2,1,01,A01
200900056994,0,07,000,00,2,1,15,B01
200900056995,0,07,000,09,2,3,15,B01
200900056995,0,30,000,09,2,8,02,A01
200900056996,0,10,000,00,2,2,15,A01
200900056996,0,31,000,00,2,0,01,B01
200900056997,0,07,000,00,2,2,01,B01
200900056997,0,07,000,00,2,7,10,A01
200900056998,0,32,000,00,2,1,02,A01
200900056998,0,07,000,00,2,6,02,B01
200900056999,0,32,000,00,0,6,08,A01
200900056999,0,07,000,00,0,3,15,B01
200900057000,0,07,000,00,1,3,01,A01
200900057001,0,07,000,00,1,2,01,A01
200900057002,0,07,000,05,0,1,14,A01
200900057003,0,33,000,00,0,0,03,A01
200900057004,0,07,000,00,2,1,02,A01
200900057004,0,07,000,00,2,4,02,B01
200900057005,0,07,000,00,2,4,23,A01
200900057005,0,07,000,00,2,1,01,B01
200900057005,0,07,000,00,2,1,01,C01
200900057006,0,10,000,00,1,4,04,A01
200900057007,0,07,000,00,0,5,01,A01
200900057007,0,31,000,00,2,3,14,B01
200900057008,0,30,000,00,2,7,00,A01
200900057008,0,07,000,00,9,1,09,B01
200900057009,0,07,000,00,0,7,10,A01
200900057009,0,34,000,00,2,1,02,B01
200900057010,0,07,000,00,2,1,01,B01
200900057010,0,07,000,00,2,1,05,A01
200900057011,0,07,000,00,2,7,01,A01
200900057011,0,31,000,00,2,8,17,B01
200900057012,0,33,000,00,2,8,17,A01
200900057012,0,07,000,00,2,8,15,B01
200900057013,0,07,000,00,2,1,11,A01
200900057013,0,07,000,00,2,1,01,B01
200900057014,0,07,000,00,2,1,21,B01
200900057014,0,07,000,00,2,2,10,A01
200900057015,0,07,000,00,0,4,04,A01
200900057016,0,07,000,00,2,3,15,A01
200900057016,0,07,000,00,2,2,15,B01
200900057017,0,33,000,00,2,1,21,B01
200900057017,0,30,000,00,2,1,09,A01
200900057018,1,07,000,00,1,1,02,A01
200900057019,0,01,000,00,0,2,00,B01
200900057019,0,07,000,00,0,1,16,A01
200900057020,0,10,000,00,0,1,09,A01
200900057021,0,02,000,00,2,2,01,A01
200900057021,0,07,000,00,2,2,09,B01
200900057022,0,33,000,00,2,7,17,A01
200900057022,0,10,000,00,0,3,01,B01
200900057023,0,07,000,00,0,5,16,B01
200900057023,0,34,000,00,2,1,18,A01
200900057024,0,33,000,00,2,3,02,B01
200900057024,0,07,000,00,2,8,02,A01
200900057025,1,30,000,00,1,0,00,A01
200900057026,0,07,000,00,0,0,00,A01
200900057026,0,33,000,00,0,0,00,B01
200900057027,0,07,000,00,2,8,15,A01
200900057027,0,30,000,00,2,1,02,B01
200900057028,0,30,000,00,1,2,01,A01
200900057029,1,07,000,00,2,7,14,B01
200900057029,0,33,000,00,2,8,01,A01
200900057030,0,34,000,00,2,1,01,B01
200900057030,0,07,000,00,2,1,15,A01
200900057031,0,07,000,00,2,2,01,A01
200900057031,0,31,000,00,2,1,01,B01
200900057032,0,32,000,00,2,1,01,A01
200900057032,0,07,000,00,2,3,15,B01
200900057033,0,33,000,00,2,0,00,A01
200900057034,0,32,000,00,0,0,00,B01
200900057034,0,10,000,00,0,2,09,A01
200900057035,0,07,000,00,0,6,15,B01
200900057035,0,30,000,00,2,1,17,A01
200900057036,0,07,000,00,2,1,02,A01
200900057036,0,07,000,00,2,4,02,B01
200900057037,0,07,000,00,0,1,02,A01
200900057037,0,07,000,00,0,4,02,B01
200900057038,0,07,000,00,1,3,00,A01
200900057039,0,07,000,00,2,1,02,A01
200900057039,0,33,000,00,2,1,23,B01
200900057039,0,07,000,00,2,4,23,C01
200900057040,0,07,000,00,0,3,09,A01
200900057040,0,02,000,00,0,7,15,B01
200900057041,0,07,000,00,2,4,23,B01
200900057041,0,07,000,00,2,1,02,A01
200900057042,0,30,000,14,0,7,01,A01
200900057043,0,07,000,00,1,3,01,A01
200900057044,2,07,000,00,1,1,02,A01
200900057045,0,10,000,00,2,1,02,A01
200900057045,0,07,000,00,0,4,02,B01
200900057046,0,30,000,00,2,1,01,B01
200900057046,0,07,000,00,2,1,15,A01
200900057047,0,07,000,08,0,2,02,A01
200900057048,0,10,000,00,2,1,02,A01
200900057048,0,07,000,00,2,4,02,B01
200900057049,0,07,000,00,2,2,00,A01
200900057049,0,30,000,00,2,1,01,B01
200900057050,0,31,000,00,2,1,02,B01
200900057050,0,07,000,00,2,2,15,A01
200900057051,0,32,000,00,0,1,01,A01
200900057051,0,07,000,00,0,5,00,B01
200900057052,0,07,000,00,2,7,15,B01
200900057052,0,34,000,00,2,7,02,A01
200900057053,0,07,000,00,2,1,01,B01
200900057053,0,07,000,00,0,1,05,A01
200900057054,0,07,000,00,0,3,01,B01
200900057054,0,33,000,00,2,1,00,A01
200900057055,0,30,000,00,0,1,02,A01
200900057055,0,07,000,00,0,8,02,B01
200900057056,1,07,000,00,0,0,00,A01
200900057057,0,07,000,00,2,5,15,B01
200900057057,0,31,000,00,2,1,00,A01
200900057058,0,07,000,00,2,6,15,A01
200900057058,0,07,000,00,2,8,01,C01
200900057058,0,32,000,00,2,1,01,B01
200900057059,0,32,000,00,1,1,01,B01
200900057060,0,07,000,15,4,8,15,A01
200900057060,0,31,000,00,2,1,01,B01
200900057061,0,07,000,00,2,3,02,A01
200900057061,0,02,000,00,2,4,02,B01
200900057062,0,07,000,00,2,8,15,B01
200900057062,0,02,000,00,2,1,01,A01
200900057063,0,07,000,00,0,2,02,B01
200900057063,0,07,000,00,0,1,02,A01
200900057064,0,30,000,00,2,1,17,A01
200900057064,0,07,000,00,2,6,15,B01
200900057065,0,07,000,00,2,3,13,A01
200900057065,0,07,000,00,2,3,15,B01
200900057066,0,07,000,00,2,3,13,A01
200900057066,0,34,000,12,2,1,01,B01
200900057067,0,10,000,00,2,3,20,B01
200900057067,0,34,000,00,2,1,17,A01
200900057068,0,31,000,00,0,8,01,A01
200900057069,0,10,000,00,1,3,01,A01
200900057070,0,07,000,00,2,3,15,B01
200900057070,0,30,000,00,2,1,17,A01
200900057071,0,30,000,00,2,1,13,A01
200900057071,0,07,000,00,2,2,01,B01
200900057072,0,07,000,00,0,6,01,A01
200900057072,0,07,000,00,0,1,01,B01
200900057073,0,30,000,00,2,4,15,B01
200900057073,0,33,000,00,2,1,17,A01
200900057074,0,07,000,00,2,1,02,A01
200900057074,0,07,000,00,0,4,21,B01
200900057075,0,02,000,00,2,1,01,A01
200900057075,0,07,000,00,2,1,00,B01
200900057076,0,07,000,01,0,8,01,B01
200900057076,0,07,000,00,2,1,01,A01
200900057077,0,10,000,00,1,3,23,A01
200900057078,0,07,000,00,2,2,10,A01
200900057078,0,33,000,00,2,1,01,B01
200900057079,0,10,000,00,2,3,19,B01
200900057079,0,07,000,00,2,1,01,A01
200900057080,0,34,000,00,0,1,01,B01
200900057080,2,07,000,00,2,1,17,A01