Num_Acc,senc,catv,occutc,obs,obsm,choc,manv,num_veh
200900057081,0,07,000,00,0,3,01,B01
200900057081,0,30,000,00,0,1,01,A01
200900057082,0,07,000,12,2,6,11,B01
200900057082,0,33,000,00,2,2,06,A01
200900057083,0,33,000,00,2,1,01,A01
200900057083,1,07,000,00,2,0,10,B01
200900057084,0,30,000,00,0,1,01,A01
200900057085,0,07,000,00,2,1,02,A01
200900057085,0,07,000,00,2,4,02,B01
200900057086,0,07,000,00,2,1,00,A01
200900057086,0,07,000,00,2,2,00,B01
200900057087,0,07,000,06,0,2,14,A01
200900057088,0,02,000,00,2,1,01,B01
200900057088,0,07,000,00,2,7,15,A01
200900057089,0,07,000,00,0,4,02,B01
200900057089,0,07,000,00,0,1,02,A01
200900057090,0,07,000,00,0,0,21,A01
200900057090,0,32,000,00,0,0,02,B01
200900057091,0,34,000,00,2,1,23,B01
200900057091,0,10,000,00,2,4,04,A01
200900057092,0,34,000,00,2,1,02,B01
200900057092,0,07,000,00,2,1,10,A01
200900057093,0,07,000,00,2,7,01,B01
200900057093,0,33,000,00,2,1,01,A01
200900057094,0,33,000,00,2,1,02,A01
200900057094,0,07,000,00,0,6,02,B01
200900057095,0,07,000,00,2,4,23,C01
200900057095,0,07,000,00,2,9,23,B01
200900057095,2,07,000,00,2,1,02,A01
200900057096,1,07,000,00,2,6,13,A01
200900057096,0,33,000,00,2,2,01,B01
200900057097,0,07,000,01,0,8,01,A01
200900057098,0,07,000,00,2,2,17,A01
200900057098,0,07,000,00,2,1,01,B01
200900057099,0,07,000,00,1,6,01,A01
200900057100,0,07,000,00,2,1,01,A01
200900057100,0,30,000,01,2,2,15,B01
200900057101,0,33,000,00,0,8,00,A01
200900057102,0,07,000,00,2,3,09,B01
200900057102,0,30,000,00,2,1,17,A01
200900057103,0,32,000,14,0,8,02,A01
200900057104,0,30,000,00,2,1,02,A01
200900057104,0,07,000,00,0,4,02,B01
200900057104,0,07,000,14,0,1,02,C01
200900057105,0,07,000,00,2,3,01,B01
200900057105,0,30,000,00,2,1,01,A01
200900057106,0,07,000,00,1,3,02,A01
200900057107,0,07,000,00,2,1,01,B01
200900057107,0,07,000,00,2,3,15,A01
200900057108,0,37,000,00,1,3,01,A01
200900057109,0,07,000,02,0,3,01,A01
200900057110,0,07,000,00,2,4,23,B01
200900057110,0,02,000,00,2,1,00,A01
200900057111,0,07,000,00,2,1,02,A01
200900057111,0,07,000,00,2,4,02,B01
200900057112,0,07,000,00,2,1,09,A01
200900057112,0,07,000,00,2,7,15,B01
200900057113,0,07,000,00,2,8,15,B01
200900057113,0,07,000,00,2,1,09,A01
200900057114,0,07,000,00,2,1,01,A01
200900057114,0,07,000,00,2,4,01,B01
200900057115,0,33,000,00,2,2,01,B01
200900057115,0,07,000,00,2,8,15,A01
200900057116,1,10,000,00,2,1,02,B01
200900057116,0,32,000,00,0,4,23,A01
200900057117,0,07,000,00,0,0,11,A01
200900057117,0,07,000,00,2,1,01,B01
200900057118,0,07,000,00,0,3,01,A01
200900057118,0,07,000,00,0,3,01,B01
200900057119,0,34,000,00,2,1,00,A01
200900057119,0,07,000,00,2,2,15,B01
200900057120,0,07,000,00,2,3,21,B01
200900057120,0,32,000,00,2,1,01,A01
200900057121,0,33,000,00,2,8,01,B01
200900057121,0,07,000,00,2,1,15,A01
200900057122,0,07,000,00,2,7,01,B01
200900057122,0,07,000,00,2,1,01,A01
200900057123,0,07,000,00,2,4,01,B01
200900057123,0,07,000,00,2,1,01,A01
200900057123,0,07,000,00,2,4,01,C01
200900057124,0,37,008,00,0,2,01,B01
200900057124,0,07,000,00,0,1,09,A01
200900057125,1,07,000,00,2,0,19,B01
200900057125,0,32,000,00,0,8,01,A01
200900057126,0,07,000,00,2,6,00,A01
200900057126,0,32,000,00,2,7,01,B01
200900057127,0,30,000,08,0,9,01,A01
200900057128,0,30,000,00,2,3,01,B01
200900057128,0,10,000,00,2,3,15,A01
200900057129,0,07,000,08,9,2,01,A01
200900057130,0,32,000,00,1,1,01,A01
200900057131,0,30,000,01,2,1,00,A01
200900057131,0,07,000,00,2,4,00,B01
200900057132,0,07,000,00,2,7,01,B01
200900057132,0,07,000,00,2,3,01,A01
200900057133,0,07,000,00,2,2,22,B01
200900057133,0,02,000,00,2,8,18,A01
200900057134,0,07,000,00,2,2,15,A01
200900057134,0,07,000,00,2,1,01,C01
200900057134,0,32,000,00,2,5,01,B01
200900057135,0,07,000,00,1,1,01,A01
200900057136,0,30,000,00,2,1,01,A01
200900057136,0,07,000,00,2,3,15,B01
200900057137,0,30,000,00,2,1,00,A01
200900057137,0,07,000,00,2,1,00,B01
200900057138,0,10,000,00,2,1,01,A01
200900057138,0,07,000,00,2,7,19,B01
200900057139,0,02,000,01,0,7,14,A01
200900057140,0,07,000,00,2,2,00,B01
200900057140,0,07,000,00,2,1,02,C01
200900057140,0,07,000,00,2,3,09,A01
200900057141,0,30,000,00,0,1,13,A01
200900057141,0,07,000,00,0,3,01,B01
200900057142,0,31,000,00,2,1,21,A01
200900057142,0,07,000,00,2,2,01,B01
200900057143,0,07,000,02,0,1,02,A01
200900057144,0,07,000,00,2,1,16,A01
200900057144,0,20,000,00,2,3,01,B01
200900057145,0,02,000,00,2,0,00,B01
200900057145,0,07,000,00,2,1,11,A01
200900057146,0,07,000,15,0,3,01,A01
200900057147,0,07,000,00,1,0,23,A01
200900057148,0,07,000,00,2,8,01,B01
200900057148,0,30,000,00,2,1,15,A01
200900057149,0,32,000,01,0,1,01,A01
200900057150,0,07,000,00,1,2,01,A01
200900057151,0,07,000,00,9,1,15,A01
200900057151,0,30,000,00,2,1,01,B01
200900057152,0,07,000,00,2,1,02,A01
200900057152,0,07,000,00,2,4,02,B01
200900057153,0,07,000,00,2,2,02,B01
200900057153,0,07,000,00,2,3,13,A01
200900057154,1,07,000,00,0,0,02,B01
200900057154,0,02,000,00,0,0,02,A01
200900057155,0,07,000,00,2,5,10,A01
200900057155,0,32,000,00,2,1,01,B01
200900057156,0,07,000,00,1,2,15,A01
200900057157,1,99,000,00,0,0,00,A01
200900057157,0,30,000,00,0,0,00,B01
200900057158,0,02,000,15,0,1,01,A01
200900057159,0,07,000,02,0,1,21,A01
200900057160,0,07,000,00,0,0,09,A01
200900057160,0,07,000,00,0,0,01,B01
200900057161,0,07,000,00,0,4,02,B01
200900057161,0,37,002,00,2,3,02,A01
200900057162,0,02,000,00,2,8,02,A01
200900057162,0,33,000,00,2,7,02,B01
200900057163,0,07,000,00,0,1,00,A01
200900057163,0,07,000,00,2,4,00,B01
200900057164,0,07,000,00,2,3,09,A01
200900057164,0,33,000,00,2,1,01,B01
200900057165,0,33,000,00,1,2,01,A01
200900057166,0,07,000,08,0,1,16,A01
200900057167,0,32,000,00,2,7,01,A01
200900057167,0,07,000,00,2,1,02,B01
200900057168,0,33,000,00,0,7,21,A01
200900057169,0,07,000,00,2,1,17,A01
200900057169,0,32,000,00,2,6,01,B01
200900057170,0,30,000,00,1,7,00,A01
200900057171,0,07,000,00,1,2,01,A01
200900057172,0,07,000,00,0,1,02,B01
200900057172,0,07,000,00,2,1,01,A01
200900057173,0,07,000,00,0,4,02,B01
200900057173,0,32,000,00,0,1,02,A01
200900057174,0,07,000,00,2,2,01,A01
200900057174,0,07,000,00,0,6,01,B01
200900057175,0,07,000,06,0,1,00,A01
200900057176,0,07,000,00,2,7,15,A01
200900057176,0,33,000,00,2,8,01,B01
200900057177,0,07,000,00,2,1,02,A01
200900057177,0,07,000,00,2,4,02,B01
200900057178,0,15,000,00,2,7,01,A01
200900057178,0,07,000,00,2,8,15,B01
200900057179,0,07,000,00,2,3,00,A01
200900057179,0,07,000,00,2,3,00,B01
200900057180,0,07,000,00,2,1,02,B01
200900057180,0,07,000,00,2,4,02,C01
200900057180,0,07,000,00,0,4,02,A01
200900057180,0,07,000,00,2,1,02,D01
200900057181,0,07,000,00,2,4,01,A01
200900057181,0,07,000,00,2,1,01,B01
200900057182,0,07,000,00,2,1,02,C01
200900057182,0,07,000,00,0,4,23,A01
200900057182,0,13,000,00,2,4,02,B01
200900057183,0,33,000,00,0,2,00,A01
200900057184,0,07,000,03,0,3,01,A01
200900057185,0,07,000,00,0,4,01,A01
200900057185,0,07,000,00,2,1,02,B01
200900057186,0,07,000,00,2,2,01,B01
200900057186,0,07,000,00,0,3,03,A01
200900057186,0,07,000,00,2,2,01,C01
200900057187,0,07,000,03,0,1,00,A01
200900057188,0,07,000,04,0,5,00,A01
200900057189,0,07,000,00,0,4,02,A01
200900057189,0,31,000,00,2,1,02,B01
200900057190,0,07,000,00,2,1,02,C01
200900057190,0,07,000,00,0,4,02,A01
200900057190,0,07,000,00,2,4,02,B01
200900057191,0,07,000,00,0,8,01,A01
200900057191,0,07,000,00,0,1,11,B01
200900057192,0,07,000,00,2,1,02,C01
200900057192,0,07,000,00,0,4,23,A01
200900057192,0,07,000,00,2,4,02,B01
200900057193,0,07,000,00,2,8,11,A01
200900057193,0,33,000,00,2,7,01,B01
200900057194,0,07,000,00,2,1,02,E01
200900057194,0,07,000,00,2,1,02,C01
200900057194,0,07,000,00,2,4,02,B01
200900057194,0,07,000,00,2,4,02,D01
200900057194,0,07,000,00,2,4,02,A01
200900057195,0,07,000,00,2,4,02,B01
200900057195,0,07,000,00,2,4,02,C01
200900057195,0,07,000,00,2,1,02,D01
200900057195,0,07,000,00,0,4,02,A01
200900057196,0,07,000,00,2,8,01,A01
200900057196,0,10,000,13,2,7,12,B01
200900057197,0,07,000,00,0,4,01,A01
200900057197,0,07,000,00,0,1,01,C01
200900057197,0,07,000,00,0,4,01,B01
200900057198,0,07,000,00,0,4,00,A01
200900057198,0,07,000,00,2,1,02,B01
200900057198,0,07,000,00,2,1,02,C01
200900057199,0,07,000,00,2,4,02,A01
200900057199,0,07,000,00,2,1,02,B01
200900057200,0,07,000,00,0,4,02,A01
200900057200,0,07,000,00,2,1,01,B01
200900057201,0,99,000,00,2,1,02,C01
200900057201,0,07,000,00,0,4,02,A01
200900057201,0,07,000,00,2,4,02,B01
200900057202,0,07,000,00,9,1,02,C01
200900057202,0,15,000,00,2,7,12,A01
200900057202,0,07,000,00,2,8,01,B01
200900057203,0,10,000,00,2,1,01,C01
200900057203,0,07,000,00,2,4,02,B01
200900057203,0,07,000,00,2,4,02,A01
200900057204,0,07,000,00,0,9,00,A01
200900057204,1,07,000,00,2,0,03,B01
200900057205,0,07,000,00,2,8,11,A01
200900057205,0,07,000,00,2,7,01,B01
200900057206,0,31,000,03,0,1,13,A01
200900057206,0,07,000,00,0,0,02,B01
200900057207,0,07,000,00,2,1,12,B01
200900057207,0,07,000,00,0,6,01,A01
200900057208,0,07,000,00,0,9,02,A01
200900057209,0,07,000,13,0,1,00,A01
200900057210,0,07,000,16,9,1,00,A01
200900057211,0,10,000,00,2,4,02,B01
200900057211,0,10,000,00,2,4,02,A01
200900057211,0,10,000,00,2,4,02,C01
200900057211,0,10,000,00,2,4,02,D01
200900057211,0,10,000,00,2,1,02,E01
200900057212,0,07,000,00,0,0,12,A01
200900057212,0,33,000,00,2,0,21,B01
200900057213,0,07,000,06,0,1,00,A01
200900057214,0,31,000,00,2,1,00,B01
200900057214,0,07,000,00,2,1,02,A01
200900057215,0,07,000,00,2,3,15,A01
200900057215,0,33,000,00,2,1,13,B01
200900057216,0,07,000,00,2,1,00,A01
200900057216,0,07,000,00,2,1,01,B01
200900057217,0,15,000,00,0,4,04,A01
200900057217,0,33,000,00,2,1,01,B01
200900057218,0,07,000,00,2,1,16,B01
200900057218,0,01,000,00,2,9,01,A01
200900057219,0,07,000,00,0,1,01,B01
200900057219,0,07,000,00,2,1,01,A01
200900057220,0,07,000,00,2,4,16,B01
200900057220,0,07,000,00,2,1,00,A01
200900057221,0,02,000,00,2,1,02,A01
200900057221,0,07,000,00,0,4,00,B01
200900057222,0,07,000,00,2,1,01,B01
200900057222,0,07,000,00,2,1,16,A01
200900057223,0,33,000,00,0,1,00,A01
200900057223,0,07,000,00,0,3,00,B01
200900057224,0,07,000,00,1,2,04,A01
200900057225,0,07,000,00,2,1,01,A01
200900057225,0,07,000,00,0,4,23,B01
200900057226,0,07,000,00,2,1,13,A01
200900057226,0,07,000,00,2,1,13,B01
200900057227,0,07,000,00,2,2,10,A01
200900057227,0,07,000,00,2,1,01,B01
200900057228,0,07,000,08,0,1,02,A01
200900057229,0,07,000,00,0,4,02,B01
200900057229,0,30,000,00,2,1,02,A01
200900057230,0,07,000,00,2,1,15,B01
200900057230,0,31,000,00,1,0,24,C01
200900057230,0,32,000,01,2,1,01,A01
200900057231,0,07,000,00,1,1,01,A01
200900057232,0,07,000,00,2,1,02,A01
200900057232,0,07,000,00,2,4,02,B01
200900057233,0,99,000,00,0,0,00,A01
200900057234,0,07,000,00,1,1,02,A01
200900057235,1,03,000,00,0,0,00,A01
200900057235,0,32,000,00,2,8,00,B01
200900057236,0,32,000,00,0,0,01,A01
200900057237,0,15,000,00,0,3,02,A01
200900057238,1,07,000,00,1,0,00,A01
200900057239,0,33,000,00,2,1,01,B01
200900057239,0,07,000,00,2,6,01,A01
200900057240,0,07,000,00,1,2,01,B01
200900057241,1,03,000,00,2,1,15,B01
200900057241,0,33,000,00,2,1,23,A01
200900057242,0,02,000,00,2,1,01,B01
200900057242,0,07,000,00,2,5,15,A01
200900057243,0,07,000,00,2,6,15,B01
200900057243,0,33,000,00,2,1,17,A01
200900057244,0,07,000,00,0,8,00,A01
200900057244,0,33,000,00,2,1,00,B01
200900057245,0,07,000,00,2,1,01,A01
200900057245,0,07,000,00,2,2,15,B01
200900057246,0,30,000,09,0,8,00,A01
200900057247,0,07,000,00,2,7,16,A01
200900057247,0,33,000,00,2,1,01,B01
200900057248,0,32,000,14,0,7,02,A01
200900057248,0,07,000,00,0,3,02,B01
200900057249,0,07,000,00,2,8,17,A01
200900057249,0,30,000,00,2,3,17,B01
200900057250,0,30,000,00,2,1,01,A01
200900057251,0,01,000,00,2,1,19,B01
200900057251,0,10,000,00,9,1,01,A01
200900057252,0,07,000,00,2,3,15,B01
200900057252,0,02,000,00,2,1,17,A01
200900057253,0,07,000,00,2,1,02,A01
200900057253,0,31,000,00,2,4,23,B01
200900057254,0,99,000,00,2,8,15,A01
200900057254,0,31,000,00,2,8,17,B01
200900057255,0,01,000,00,0,1,01,B01
200900057255,0,07,000,00,0,1,15,A01
200900057256,0,02,000,00,0,7,01,A01
200900057257,0,07,000,00,1,2,16,A01
200900057258,0,07,000,09,2,2,01,B01
200900057258,0,07,000,09,2,8,20,A01
200900057259,0,07,000,00,2,8,15,A01
200900057259,0,02,000,00,2,1,17,B01
200900057260,0,32,000,00,2,5,12,A01
200900057260,0,30,000,00,2,8,01,B01
200900057261,0,07,000,00,1,1,01,A01
200900057262,0,07,000,00,2,6,01,B01
200900057262,0,07,000,00,2,1,01,A01
200900057263,0,38,001,06,0,0,00,A01
200900057264,0,34,000,00,2,1,01,B01
200900057264,0,07,000,00,9,8,19,A01
200900057265,0,07,000,00,1,3,00,A01
200900057266,0,07,000,00,0,6,02,B01
200900057266,0,34,000,00,2,6,09,A01
200900057267,0,07,000,00,2,3,15,A01
200900057267,0,30,000,00,2,1,17,B01
200900057268,0,32,000,00,2,7,01,A01
200900057268,0,31,000,00,2,8,01,B01
200900057269,0,33,000,00,2,1,01,A01
200900057269,0,07,000,00,0,4,13,B01
200900057270,0,07,000,00,2,3,02,B01
200900057270,0,33,000,00,2,1,21,A01
200900057271,0,33,000,00,2,1,01,B01
200900057271,0,07,000,00,2,2,01,A01
200900057272,0,33,000,00,0,0,16,A01
200900057273,0,34,000,00,1,1,01,A01
200900057274,0,33,000,01,0,0,14,A01
200900057274,0,07,000,01,2,4,00,B01
200900057275,0,30,000,00,2,4,01,A01
200900057275,1,07,000,00,2,1,12,B01
200900057276,0,33,000,00,2,1,01,A01
200900057276,0,07,000,00,2,6,15,B01
200900057277,0,07,000,08,0,8,01,A01
200900057278,0,07,000,00,2,7,05,A01
200900057278,0,31,000,00,2,1,01,B01
200900057279,0,32,000,00,2,2,02,A01
200900057279,0,32,000,00,2,2,00,B01
200900057280,0,30,000,00,2,1,02,A01
200900057280,0,07,000,00,0,6,13,B01
200900057281,1,07,000,00,0,0,02,A01
200900057281,0,07,000,00,2,4,02,B01
200900057282,0,07,000,00,2,4,02,B01
200900057282,0,30,000,00,2,9,02,A01
200900057283,0,07,000,00,1,1,01,A01
200900057284,0,07,000,00,1,1,01,A01
200900057285,0,07,000,00,2,7,01,A01
200900057285,0,31,000,00,2,7,01,B01
200900057286,0,07,000,00,1,2,02,A01
200900057287,0,30,000,00,0,2,14,A01
200900057288,0,07,000,00,2,8,15,B01
200900057288,0,02,000,00,2,1,17,A01
200900057289,0,07,000,00,2,8,15,A01
200900057289,0,32,000,00,2,1,01,B01
200900057290,0,32,000,00,2,1,02,B01
200900057290,0,07,000,00,2,2,15,A01
200900057291,0,14,000,06,0,1,00,A01
200900057292,0,01,000,00,0,6,13,B01
200900057292,0,07,000,00,2,1,01,A01
200900057293,0,33,000,00,2,8,00,B01
200900057293,0,31,000,00,2,1,00,A01
200900057294,0,07,000,00,1,1,01,A01
200900057295,0,07,000,00,2,3,02,B01
200900057295,0,30,000,00,2,1,08,A01
200900057296,0,10,000,00,1,3,01,A01
200900057297,0,07,000,00,2,3,00,B01
200900057297,0,07,000,00,2,1,01,C01
200900057297,0,07,000,00,2,8,00,A01
200900057298,0,02,000,00,2,1,01,A01
200900057298,0,07,000,00,2,5,16,B01
200900057299,0,33,000,06,0,0,01,A01
200900057300,0,07,000,00,2,3,15,A01
200900057300,0,07,000,00,2,1,01,B01
200900057301,0,02,000,00,2,1,00,B01
200900057301,0,07,000,00,2,2,16,A01
200900057302,0,07,000,00,2,7,01,B01
200900057302,1,07,000,00,2,0,20,A01
200900057303,0,30,000,00,2,1,17,A01
200900057303,0,07,000,00,2,0,15,B01
200900057304,0,32,000,00,2,1,17,A01
200900057304,0,07,000,00,2,6,15,B01
200900057305,0,07,000,14,0,1,02,A01
200900057305,0,07,000,00,2,4,02,B01
200900057306,0,07,000,00,2,1,02,A01
200900057306,0,07,000,00,2,5,15,B01
200900057307,0,07,000,00,2,3,12,A01
200900057307,0,32,000,00,2,8,02,B01
200900057308,0,30,000,08,0,1,02,A01
200900057309,0,07,000,00,2,2,01,B01
200900057309,0,02,000,00,2,2,01,A01
200900057310,0,30,000,00,2,0,01,A01
200900057310,0,07,000,00,0,0,15,B01
200900057311,0,30,000,00,0,8,01,A01
200900057312,0,07,000,00,0,0,12,B01
200900057312,0,34,000,00,0,7,01,A01
200900057313,0,07,000,00,0,3,01,A01
200900057314,0,07,000,00,2,2,01,A01
200900057314,0,07,000,01,0,6,01,B01
200900057315,0,07,000,13,0,9,13,A01
200900057316,0,07,000,00,1,1,01,A01
200900057317,0,07,000,06,2,3,03,A01
200900057317,0,07,000,06,0,5,01,B01
200900057318,1,07,000,00,1,1,01,A01
200900057319,0,34,000,00,9,1,11,A01
200900057319,0,33,000,00,0,0,00,B01
200900057320,0,07,000,01,0,3,01,A01
200900057321,0,07,000,00,1,4,04,A01
200900057322,0,30,000,00,2,1,15,A01
200900057322,0,33,000,00,2,2,01,B01
200900057323,0,07,000,00,2,1,01,B01
200900057323,0,30,000,00,2,3,15,A01
200900057324,0,30,000,00,2,1,09,B01
200900057324,0,07,000,00,2,3,09,A01
200900057325,0,30,000,00,2,4,01,A01
200900057325,1,07,000,00,2,0,01,B01
200900057326,0,07,000,00,2,7,15,A01
200900057326,0,10,000,00,2,6,01,C01
200900057326,0,34,000,00,2,1,01,B01
200900057327,0,33,000,00,0,0,00,B01
200900057327,0,07,000,00,0,8,05,A01
200900057328,0,32,000,00,2,1,01,B01
200900057328,0,07,000,00,2,2,01,A01
200900057329,0,07,000,00,1,4,04,A01
200900057330,0,30,000,00,2,6,10,A01
200900057330,0,07,000,00,2,3,01,B01
200900057331,0,03,000,00,2,3,13,A01
200900057331,0,07,000,00,2,3,01,B01
200900057332,0,07,000,00,2,3,01,B01
200900057332,0,10,000,00,2,2,15,A01
200900057333,0,32,000,00,2,1,15,B01
200900057333,0,34,000,00,2,1,02,A01
200900057334,0,30,000,00,0,7,02,A01
200900057334,1,07,000,00,2,1,02,B01
200900057335,0,33,000,00,2,1,01,B01
200900057335,0,07,000,00,2,1,15,A01
200900057336,0,07,000,00,1,1,15,A01
200900057337,0,07,000,00,0,8,00,B01
200900057337,0,07,000,01,1,7,00,A01
200900057338,1,07,000,00,1,2,01,A01
200900057339,0,30,000,00,2,7,02,A01
200900057339,1,07,000,00,2,3,00,B01
200900057340,0,07,000,00,2,1,01,A01
200900057340,0,37,011,00,2,7,01,B01
200900057341,0,33,000,08,0,1,06,A01
200900057342,0,30,000,00,2,6,17,B01
200900057342,0,07,000,00,2,3,16,A01
200900057343,0,31,000,00,2,7,01,A01
200900057343,0,03,000,00,2,1,01,B01
200900057344,0,37,001,00,9,3,01,A01
200900057344,0,01,000,01,2,4,09,B01
200900057345,0,07,000,00,1,4,04,A01
200900057346,0,07,000,00,2,8,15,A01
200900057346,0,30,000,00,2,7,01,B01
200900057347,0,07,000,00,2,2,16,B01
200900057347,0,07,000,00,2,3,01,A01
200900057348,0,07,000,00,1,7,02,A01
200900057349,0,30,000,02,0,1,00,A01
200900057350,1,07,000,00,1,0,00,A01
200900057351,0,07,000,00,2,7,15,A01
200900057351,0,34,000,00,2,1,01,B01
200900057352,1,07,000,00,1,0,00,A01
200900057353,0,07,000,00,0,2,02,B01
200900057353,0,30,000,00,2,0,02,A01
200900057354,0,32,000,00,1,0,01,A01
200900057355,0,32,000,00,0,1,01,A01
200900057355,0,07,000,00,9,5,15,B01
200900057355,0,07,000,00,9,3,01,C01
200900057356,0,10,000,00,2,6,01,B01
200900057356,0,07,000,00,2,1,01,A01
200900057357,0,07,000,00,2,2,09,A01
200900057357,0,02,000,00,2,1,01,B01
200900057358,0,07,000,00,2,3,15,A01
200900057358,0,31,000,00,2,7,01,B01
200900057359,0,07,000,00,2,1,02,A01
200900057359,0,07,000,00,2,4,02,B01
200900057360,0,07,000,00,1,2,01,A01
200900057361,0,07,000,00,0,8,22,C01
200900057361,0,07,000,00,0,8,24,B01
200900057361,0,30,000,01,0,1,02,A01
200900057362,0,02,000,00,0,3,07,A01
200900057362,0,07,000,00,0,2,16,B01
200900057363,0,30,000,00,2,7,16,B01
200900057363,0,07,000,00,2,8,07,A01
200900057364,0,07,000,00,2,2,09,A01
200900057364,0,30,000,00,2,1,01,B01
200900057365,0,30,000,00,2,1,02,A01
200900057365,0,07,000,00,0,3,02,B01
200900057366,0,07,000,00,2,7,00,B01
200900057366,0,34,000,00,2,1,00,A01
200900057367,0,07,000,00,2,3,15,A01
200900057367,0,31,000,00,2,8,01,B01
200900057368,0,07,000,00,1,1,01,A01
200900057369,0,30,000,00,1,1,01,A01
200900057370,0,07,000,00,2,7,09,B01
200900057370,0,33,000,00,2,9,09,A01
200900057371,0,31,000,00,2,2,13,A01
200900057371,0,07,000,00,2,6,13,B01
200900057372,0,07,000,00,1,4,04,A01
200900057373,0,10,000,06,0,2,02,A01
200900057374,0,07,000,00,0,4,02,B01
200900057374,0,07,000,00,2,1,02,A01
200900057375,0,37,000,00,2,3,01,B01
200900057375,0,07,000,00,2,3,01,A01
200900057376,0,07,000,00,1,2,01,A01
200900057377,0,07,000,00,0,3,23,B01
200900057377,0,07,000,00,0,2,02,A01
200900057378,0,33,000,01,2,1,00,B01
200900057378,0,30,000,00,2,1,05,A01
200900057379,0,07,000,00,1,1,01,A01
200900057380,0,07,000,00,2,3,01,B01
200900057380,0,07,000,00,2,4,24,C01
200900057380,0,07,000,01,2,9,10,A01
200900057381,0,37,010,00,1,1,02,A01
200900057382,0,07,000,13,0,3,01,A01
200900057383,0,30,000,00,2,1,15,A01
200900057383,0,07,000,00,2,2,02,B01
200900057384,0,07,000,00,9,2,02,B01
200900057385,0,02,000,00,0,0,00,B01
200900057385,0,30,000,00,0,0,00,A01
200900057386,0,07,000,00,2,1,01,A01
200900057386,0,32,000,00,2,1,01,B01
200900057387,0,07,000,00,2,1,00,A01
200900057387,0,33,000,00,2,1,01,B01
200900057388,0,33,000,00,2,1,17,A01
200900057388,0,07,000,00,2,1,01,B01
200900057389,0,07,000,00,2,2,01,C01
200900057389,0,07,000,00,2,6,23,B01
200900057389,0,07,000,00,2,1,17,A01
200900057390,0,07,000,00,2,1,00,B01
200900057390,0,31,000,00,2,7,00,A01
200900057391,0,33,000,00,2,2,01,B01
200900057391,0,07,000,00,2,8,15,A01
200900057392,0,30,000,00,0,8,00,B01
200900057392,0,07,000,00,2,4,04,A01
200900057393,0,07,000,02,0,2,00,A01
200900057394,0,07,000,00,2,1,02,B01
200900057394,0,07,000,00,0,4,02,A01
200900057395,1,30,000,00,1,1,03,A01
200900057396,0,07,000,00,2,6,23,B01
200900057396,0,07,000,00,2,3,01,A01
200900057397,0,07,000,00,2,3,15,B01
200900057397,0,33,000,00,2,1,17,A01
200900057398,0,33,000,02,0,9,01,A01
200900057399,0,07,000,00,2,3,15,A01
200900057399,0,30,000,01,2,8,21,B01
200900057400,0,30,000,00,2,1,01,A01
200900057400,0,07,000,00,2,1,01,B01
200900057401,0,07,000,06,0,9,01,A01
200900057402,0,33,000,00,0,0,21,A01
200900057403,0,07,000,01,2,1,09,A01
200900057403,0,07,000,01,2,1,09,B01
200900057404,0,07,000,00,2,1,02,A01
200900057404,0,07,000,00,2,4,02,B01
200900057405,0,07,000,00,2,1,01,B01
200900057405,0,07,000,00,2,1,00,A01
200900057406,0,32,000,00,2,1,01,A01
200900057406,0,07,000,00,2,1,01,B01
200900057407,0,07,000,00,2,8,10,A01
200900057407,0,02,000,00,2,1,02,B01
200900057408,1,07,000,00,1,0,00,A01
200900057409,0,02,000,00,1,1,17,A01
200900057410,0,07,000,00,2,1,00,A01
200900057410,0,07,000,00,2,8,00,B01
200900057411,0,07,000,00,9,1,01,B01
200900057411,0,02,000,00,2,7,00,A01
200900057412,0,07,000,00,2,2,01,A01
200900057412,0,33,000,00,2,6,01,B01
200900057413,0,02,000,00,2,1,02,A01
200900057413,0,07,000,00,2,4,02,B01
200900057414,0,33,000,00,2,3,02,B01
200900057414,0,07,000,00,2,2,02,A01
200900057415,0,02,000,00,1,1,02,A01
200900057416,0,07,000,00,1,3,01,A01
200900057417,0,32,000,00,1,0,17,A01
200900057418,0,07,000,08,0,1,21,A01
200900057419,0,07,000,00,0,1,01,B01
200900057419,0,30,000,00,0,7,15,A01
200900057420,0,15,000,00,0,2,09,A01
200900057420,0,07,000,00,0,5,23,B01
200900057421,0,31,000,00,2,4,09,B01
200900057421,0,07,000,00,2,1,09,A01
200900057422,0,07,000,00,2,3,15,A01
200900057422,0,33,000,00,2,1,01,B01
200900057423,0,07,000,00,2,3,00,B01
200900057423,0,07,000,00,2,3,13,A01
200900057424,0,07,000,00,2,2,15,A01
200900057424,0,30,000,00,2,1,01,B01
200900057425,0,07,000,00,2,4,02,D01
200900057425,0,07,000,00,2,4,02,C01
200900057425,0,07,000,00,2,4,02,E01
200900057425,0,07,000,00,0,1,02,A01
200900057425,0,07,000,00,2,4,02,B01
200900057426,0,07,000,00,2,4,02,C01
200900057426,0,07,000,03,2,1,21,A01
200900057426,0,33,000,03,2,1,01,B01
200900057427,0,07,000,00,2,1,00,B01
200900057427,0,07,000,00,2,1,00,A01
200900057428,0,07,000,00,1,1,01,A01
200900057429,0,30,000,00,2,1,01,B01
200900057429,0,07,000,00,2,8,01,A01
200900057430,1,07,000,00,2,1,02,A01