Num_Acc,senc,catv,occutc,obs,obsm,choc,manv,num_veh
200900057797,0,02,000,01,0,1,24,A01
200900057798,0,31,000,00,2,3,01,B01
200900057798,0,07,000,00,2,2,15,A01
200900057799,0,07,000,00,2,3,15,A01
200900057799,0,32,000,00,2,7,17,B01
200900057800,0,07,000,00,1,3,01,A01
200900057801,1,07,000,14,0,8,00,A01
200900057801,0,32,000,00,0,1,00,B01
200900057802,0,33,000,00,1,6,01,A01
200900057803,0,07,000,00,2,2,15,A01
200900057803,0,07,000,00,2,7,01,B01
200900057804,0,33,000,00,2,1,01,A01
200900057804,0,07,000,00,2,5,15,B01
200900057805,0,32,000,00,0,8,01,A01
200900057806,0,10,000,09,0,1,00,A01
200900057807,0,07,000,00,2,4,04,A01
200900057808,0,33,000,14,0,1,00,A01
200900057809,0,30,000,00,2,1,15,A01
200900057809,0,32,000,00,2,1,02,B01
200900057810,0,31,000,00,2,1,01,B01
200900057810,0,07,000,00,2,2,15,A01
200900057811,0,02,000,00,2,5,17,B01
200900057812,0,30,000,00,1,3,20,A01
200900057813,0,07,000,00,2,3,13,A01
200900057813,0,30,000,00,2,2,01,B01
200900057814,0,07,000,00,1,7,01,A01
200900057815,0,07,000,00,0,6,24,A01
200900057815,1,99,000,01,0,0,01,B01
200900057816,0,02,000,00,1,2,01,A01
200900057817,0,07,000,00,2,3,01,A01
200900057817,0,07,000,00,2,3,16,B01
200900057818,0,07,000,08,0,1,01,A01
200900057819,0,33,000,00,2,1,17,B01
200900057819,0,07,000,00,2,3,15,A01
200900057820,0,07,000,00,2,6,11,A01
200900057820,0,31,000,00,2,2,02,B01
200900057821,0,07,000,00,1,0,07,A01
200900057822,0,30,000,00,2,1,17,B01
200900057822,0,07,000,00,2,3,15,A01
200900057823,0,07,000,00,2,3,09,B01
200900057823,0,33,000,00,2,1,01,A01
200900057824,0,32,000,08,0,1,21,A01
200900057825,0,07,000,00,2,3,02,B01
200900057825,0,07,000,00,2,2,01,A01
200900057826,0,07,000,00,2,8,02,A01
200900057826,0,34,000,00,2,7,02,B01
200900057827,0,37,001,00,1,2,01,A01
200900057828,0,33,000,00,2,1,01,B01
200900057828,0,07,000,00,2,3,09,A01
200900057829,0,07,000,00,2,1,02,A01
200900057829,0,07,000,00,0,4,02,B01
200900057830,0,07,000,00,2,3,20,B01
200900057830,0,07,000,01,2,3,16,C01
200900057830,0,07,000,00,2,2,02,A01
200900057831,1,30,000,00,1,1,01,A01
200900057832,0,10,000,00,2,2,00,A01
200900057832,0,34,000,00,0,1,01,B01
200900057833,0,07,000,08,0,2,01,A01
200900057834,0,30,000,00,1,1,15,A01
200900057835,0,30,000,00,2,6,00,A01
200900057835,0,07,000,00,2,6,00,B01
200900057836,0,07,000,00,2,8,13,A01
200900057836,0,33,000,00,2,1,01,B01
200900057837,0,30,000,00,0,1,13,A01
200900057837,0,07,000,00,0,3,01,B01
200900057838,0,10,000,00,1,7,11,A01
200900057839,0,07,000,14,0,1,01,A01
200900057839,0,07,000,00,0,4,15,B01
200900057840,0,07,000,00,2,3,15,A01
200900057840,0,02,000,00,2,2,17,B01
200900057841,0,07,000,00,2,3,01,B01
200900057841,0,30,000,00,2,3,17,A01
200900057842,1,33,000,00,0,1,03,A01
200900057843,0,07,000,00,0,6,15,A01
200900057843,0,33,000,00,2,1,02,B01
200900057844,0,07,000,00,0,7,15,A01
200900057844,0,34,000,00,0,8,02,B01
200900057845,0,30,000,12,1,2,17,A01
200900057846,0,07,000,00,2,3,06,A01
200900057846,0,33,000,00,2,1,01,B01
200900057847,1,30,000,00,1,0,00,A01
200900057848,0,30,000,00,2,0,17,B01
200900057848,0,07,000,00,2,0,11,A01
200900057849,0,02,000,00,2,1,17,A01
200900057849,0,07,000,00,2,8,20,B01
200900057850,0,01,000,00,2,1,17,A01
200900057850,0,33,000,00,2,7,19,B01
200900057851,0,07,000,00,2,3,00,A01
200900057851,0,02,000,00,2,1,01,B01
200900057852,0,07,000,00,2,3,15,A01
200900057852,0,32,000,00,2,8,02,B01
200900057853,0,07,000,13,0,7,01,A01
200900057854,0,31,000,00,2,7,02,B01
200900057854,0,07,000,00,2,0,11,A01
200900057855,0,07,000,00,1,2,01,A01
200900057856,0,15,000,00,2,2,02,A01
200900057856,0,07,000,00,2,3,01,B01
200900057857,0,10,000,15,1,2,01,A01
200900057858,0,07,000,00,0,4,09,A01
200900057858,0,32,000,00,2,1,01,B01
200900057859,0,33,000,00,2,1,02,A01
200900057859,0,10,000,00,0,4,02,B01
200900057860,1,07,000,00,1,1,17,A01
200900057861,0,07,000,00,1,3,01,A01
200900057862,0,07,000,00,1,1,15,A01
200900057863,2,07,000,00,2,1,00,A01
200900057863,0,07,000,00,2,1,00,B01
200900057864,0,30,000,00,2,7,01,B01
200900057864,0,07,000,00,2,1,01,A01
200900057865,0,33,000,00,1,1,01,B01
200900057866,0,07,000,15,0,1,19,A01
200900057867,0,30,000,00,1,1,17,A01
200900057868,0,33,000,00,2,1,01,B01
200900057868,0,07,000,00,2,7,15,A01
200900057869,0,33,000,00,2,1,01,B01
200900057869,0,07,000,00,2,8,15,A01
200900057870,0,07,000,00,2,8,01,B01
200900057870,0,33,000,00,2,1,01,C01
200900057870,0,07,000,00,2,9,09,A01
200900057871,0,07,000,00,2,5,15,B01
200900057871,0,33,000,00,2,1,01,A01
200900057872,0,07,000,00,1,3,01,A01
200900057873,0,07,000,00,1,2,01,A01
200900057874,0,32,000,00,2,1,01,A01
200900057874,0,07,000,00,2,5,01,B01
200900057875,0,07,000,00,1,1,01,A01
200900057876,0,32,000,00,2,2,02,B01
200900057876,0,10,000,00,2,8,09,A01
200900057877,0,07,000,00,1,2,12,A01
200900057878,0,33,000,00,2,1,01,B01
200900057878,0,07,000,00,2,2,15,A01
200900057879,0,07,000,00,1,2,15,A01
200900057880,1,07,000,00,1,1,01,A01
200900057881,0,10,000,00,2,3,13,A01
200900057881,0,10,000,00,2,2,02,B01
200900057882,0,30,000,00,2,1,00,A01
200900057882,1,07,000,00,2,1,00,B01
200900057883,0,07,000,00,2,6,15,A01
200900057883,0,33,000,00,2,1,17,B01
200900057884,2,02,000,03,0,1,00,A01
200900057885,0,32,000,00,2,1,00,B01
200900057885,0,07,000,00,2,3,09,A01
200900057886,0,33,000,00,2,1,01,B01
200900057886,0,07,000,00,2,3,15,A01
200900057887,0,07,000,00,1,4,04,A01
200900057888,0,30,000,00,0,2,01,A01
200900057888,0,07,000,00,0,8,13,B01
200900057889,0,07,000,00,1,1,15,A01
200900057890,0,99,000,00,2,2,02,A01
200900057890,0,34,000,00,2,3,02,B01
200900057891,0,07,000,01,0,9,01,A01
200900057892,0,07,000,00,1,8,17,A01
200900057893,0,07,000,00,2,1,23,B01
200900057893,0,33,000,01,2,1,21,A01
200900057894,0,30,000,00,0,0,06,A01
200900057895,0,34,000,00,2,1,01,B01
200900057895,0,07,000,00,2,3,15,A01
200900057896,0,33,000,00,0,0,01,A01
200900057896,1,07,000,00,0,0,00,B01
200900057897,0,32,000,15,0,8,00,A01
200900057898,0,02,000,00,1,0,01,A01
200900057899,0,07,000,00,2,2,02,A01
200900057899,0,32,000,00,2,8,02,B01
200900057900,0,32,000,00,2,1,17,B01
200900057900,0,07,000,00,2,8,13,A01
200900057901,0,33,000,00,2,9,17,B01
200900057901,0,07,000,00,2,8,17,A01
200900057902,0,02,000,00,2,1,01,B01
200900057902,0,32,000,00,0,9,01,C01
200900057902,0,07,000,00,9,1,01,A01
200900057903,0,32,000,00,2,2,02,B01
200900057903,0,07,000,00,2,3,02,A01
200900057904,0,33,000,00,0,0,00,A01
200900057905,0,17,000,06,0,1,02,A01
200900057906,1,07,000,01,0,2,02,A01
200900057906,0,07,000,02,2,6,23,B01
200900057907,0,34,000,00,0,0,00,A01
200900057908,0,07,000,11,0,2,02,A01
200900057909,0,30,000,00,1,1,02,A01
200900057910,0,07,000,00,2,3,15,A01
200900057910,0,34,000,00,2,2,17,B01
200900057911,0,33,000,00,1,1,01,A01
200900057912,0,07,000,00,9,1,00,A01
200900057912,0,37,000,00,2,1,00,B01
200900057913,0,13,000,00,2,8,21,A01
200900057913,0,33,000,00,2,7,17,B01
200900057914,0,02,000,00,2,1,16,B01
200900057914,0,10,000,00,2,4,16,A01
200900057915,0,07,000,00,0,5,23,B01
200900057915,0,02,000,00,2,1,02,A01
200900057916,0,07,000,00,2,8,15,B01
200900057916,0,32,000,00,2,1,01,A01
200900057917,0,33,000,00,2,2,21,B01
200900057917,0,07,000,00,0,8,15,A01
200900057918,0,33,000,00,0,1,02,A01
200900057918,0,07,000,00,0,4,02,B01
200900057919,0,07,000,00,0,1,02,A01
200900057919,0,07,000,00,0,4,02,B01
200900057920,0,10,000,00,0,1,01,B01
200900057920,0,07,000,00,2,7,09,A01
200900057921,0,07,000,00,9,0,00,C01
200900057921,0,10,000,00,2,4,02,B01
200900057921,0,33,000,00,2,1,01,A01
200900057922,0,07,000,00,0,4,02,C01
200900057922,0,10,000,00,0,1,02,A01
200900057922,0,07,000,00,0,4,02,B01
200900057923,0,07,000,00,0,2,02,B01
200900057923,0,07,000,00,0,3,09,A01
200900057924,0,07,000,00,2,3,10,A01
200900057924,0,07,000,00,2,2,17,B01
200900057925,0,10,000,01,0,2,02,A01
200900057925,0,33,000,00,2,8,24,B01
200900057926,0,07,000,00,2,3,16,B01
200900057926,0,30,000,00,2,1,01,A01
200900057926,0,07,000,00,2,5,24,C01
200900057927,0,07,000,00,2,3,10,A01
200900057927,0,14,000,00,2,3,00,B01
200900057928,0,07,000,00,2,7,01,B01
200900057928,0,07,000,00,2,1,09,A01
200900057929,1,02,000,00,1,1,17,A01
200900057930,0,07,000,03,0,9,00,A01
200900057931,0,07,000,16,2,2,15,A01
200900057931,0,30,000,00,2,1,02,B01
200900057932,0,10,000,00,2,3,15,B01
200900057932,0,07,000,00,2,1,01,A01
200900057933,0,07,000,00,2,3,00,A01
200900057933,0,07,000,00,0,8,23,B01
200900057934,0,30,000,06,0,8,02,A01
200900057935,0,07,000,00,2,3,00,A01
200900057935,0,07,000,00,2,3,00,B01
200900057936,0,30,000,00,0,1,01,B01
200900057936,0,10,000,00,0,6,16,A01
200900057937,0,10,000,00,2,1,02,A01
200900057937,0,07,000,00,2,4,02,B01
200900057937,0,07,000,00,2,4,02,C01
200900057938,0,07,000,00,1,0,02,A01
200900057939,0,10,000,00,1,8,23,A01
200900057940,1,07,000,00,0,0,00,A01
200900057940,0,32,000,00,0,0,00,B01
200900057941,0,07,000,00,1,4,20,A01
200900057942,0,07,000,00,2,3,09,A01
200900057942,0,01,000,00,2,1,01,B01
200900057943,0,07,000,00,2,3,01,A01
200900057943,0,07,000,00,0,5,01,B01
200900057944,0,07,000,01,1,1,02,A01
200900057945,0,07,000,00,2,2,15,A01
200900057945,0,02,000,00,2,1,01,B01
200900057946,1,13,000,00,0,0,00,A01
200900057946,0,34,000,00,0,0,01,B01
200900057947,0,07,000,00,2,1,01,B01
200900057947,0,07,000,00,2,4,01,C01
200900057947,0,07,000,00,2,1,01,A01
200900057948,0,07,000,00,2,3,00,A01
200900057948,0,07,000,00,2,2,00,B01
200900057949,0,31,000,00,2,3,02,A01
200900057949,0,07,000,00,2,5,02,B01
200900057950,0,07,000,00,2,1,01,B02
200900057950,0,07,000,00,2,1,01,A01
200900057951,0,33,000,00,0,4,00,A01
200900057951,0,07,000,00,2,3,02,B02
200900057952,0,07,000,00,2,1,21,C03
200900057952,0,07,000,00,2,4,23,A01
200900057952,0,07,000,00,2,9,21,B02
200900057953,0,31,000,00,2,1,01,B02
200900057953,0,07,000,00,2,2,15,A01
200900057954,0,07,000,00,2,1,01,B02
200900057954,0,07,000,00,2,3,13,A01
200900057955,0,07,000,16,0,3,01,A01
200900057956,0,33,000,00,2,1,19,A01
200900057956,0,07,000,00,2,1,01,B02
200900057957,0,07,000,00,1,2,01,A01
200900057958,0,07,000,10,0,8,01,A01
200900057959,0,34,000,00,0,0,01,A01
200900057959,0,07,000,00,1,1,01,B02
200900057960,0,30,000,08,0,1,14,A01
200900057961,0,10,000,00,2,1,01,B02
200900057961,0,07,000,00,2,1,13,A01
200900057962,0,07,000,13,0,3,15,A01
200900057963,0,32,000,14,0,1,17,A01
200900057963,0,07,000,00,2,7,15,B02
200900057964,0,33,000,00,0,7,01,A01
200900057964,0,07,000,00,2,1,19,B02
200900057965,0,17,000,00,2,5,01,B02
200900057965,0,01,000,00,2,8,01,A01
200900057966,0,07,000,00,2,1,01,C03
200900057966,0,31,000,00,2,2,01,B02
200900057966,0,31,000,00,2,7,13,A01
200900057967,0,07,000,00,2,7,15,A01
200900057967,0,07,000,00,2,1,01,B02
200900057968,0,07,000,00,2,1,13,A01
200900057968,0,07,000,00,2,1,01,B02
200900057969,0,07,000,02,0,1,00,A01
200900057970,0,07,000,00,2,2,01,B02
200900057970,0,07,000,00,2,1,01,A01
200900057971,0,33,000,00,2,1,01,A01
200900057971,0,07,000,00,2,3,09,B02
200900057972,0,14,000,00,0,6,15,A01
200900057972,0,33,000,00,2,1,01,B02
200900057973,0,07,000,13,0,1,01,A01
200900057974,0,07,000,00,0,7,13,A01
200900057974,0,07,000,00,2,1,01,B02
200900057975,0,33,000,02,0,1,01,A01
200900057976,1,07,000,00,1,2,01,A01
200900057977,0,33,000,00,2,1,13,A01
200900057977,0,07,000,00,2,3,01,B02
200900057978,0,10,000,00,2,7,01,A01
200900057978,0,10,000,00,2,1,01,B02
200900057979,0,10,000,00,2,2,15,A01
200900057979,0,33,000,00,2,1,01,B02
200900057980,0,10,000,00,2,8,15,A01
200900057980,0,02,000,00,2,2,17,B02
200900057981,0,31,000,00,2,3,19,B02
200900057981,0,07,000,00,2,1,01,A01
200900057982,0,07,000,08,0,2,01,A01
200900057983,0,07,000,00,2,1,01,A01
200900057983,0,07,000,00,2,4,01,B01
200900057983,0,07,000,00,2,4,15,C01
200900057984,0,07,000,00,1,5,04,A01
200900057985,0,07,000,02,0,2,01,B01
200900057985,1,30,000,00,0,0,01,A01
200900057986,0,07,000,08,0,1,01,A01
200900057987,0,07,000,00,1,1,16,A01
200900057988,0,07,000,00,9,1,00,C01
200900057988,0,07,000,00,2,2,00,B01
200900057988,2,07,000,02,2,2,05,A01
200900057989,0,32,000,01,2,1,18,A01
200900057989,0,07,000,00,2,2,20,B01
200900057990,0,07,000,00,0,3,15,B01
200900057990,0,30,000,00,2,1,13,A01
200900057991,0,07,000,00,9,3,22,A01
200900057992,0,07,000,00,1,3,01,A01
200900057993,1,07,000,00,9,0,00,A01
200900057993,0,02,000,00,0,4,01,B01
200900057994,0,07,000,00,1,3,01,A01
200900057995,0,07,000,00,2,8,00,B01
200900057995,0,07,000,00,2,2,00,A01
200900057996,0,07,000,00,1,4,04,A01
200900057997,0,07,000,00,0,6,11,A01
200900057997,0,33,000,00,2,1,01,B01
200900057998,0,33,000,00,2,1,01,B01
200900057998,0,07,000,00,2,2,15,A01
200900057999,0,07,000,00,2,7,00,A01
200900057999,0,07,000,00,2,1,00,B01
200900058000,0,07,000,00,2,3,09,A01
200900058000,0,32,000,00,2,2,01,B01
200900058001,0,07,000,00,9,5,16,A01
200900058001,0,01,000,00,2,8,02,B01
200900058002,0,07,000,08,2,1,14,B01
200900058002,2,07,000,00,2,3,05,A01
200900058003,0,33,000,01,2,1,17,B01
200900058003,0,07,000,00,2,8,15,A01
200900058004,0,02,000,00,2,1,02,A01
200900058004,0,07,000,00,0,4,23,B01
200900058005,0,02,000,00,2,1,01,B01
200900058005,0,07,000,00,2,3,16,A01
200900058006,0,07,000,00,2,1,00,B01
200900058006,0,07,000,00,2,7,00,A01
200900058007,0,01,000,00,2,4,02,A01
200900058007,1,07,000,00,2,1,02,B01
200900058008,0,32,000,00,0,8,01,A01
200900058009,0,30,000,01,0,1,14,A01
200900058010,0,07,000,00,1,4,04,A01
200900058011,0,07,000,00,2,3,17,A01
200900058011,0,02,000,00,2,2,17,B01
200900058011,0,07,000,00,0,0,23,C01
200900058012,0,07,000,00,0,1,02,A01
200900058012,0,07,000,00,0,4,23,B01
200900058013,0,07,000,00,2,1,09,B01
200900058013,0,10,000,00,2,2,01,A01
200900058014,0,07,000,14,0,1,02,A01
200900058014,0,07,000,14,0,4,23,B01
200900058014,0,07,000,00,0,4,23,C01
200900058015,0,07,000,02,0,4,01,A01
200900058016,0,07,000,00,0,4,02,A01
200900058016,0,07,000,00,2,1,02,B01
200900058017,0,07,000,00,2,8,01,A01
200900058017,0,14,000,00,2,2,12,B01
200900058018,0,10,000,03,0,2,01,A01
200900058019,0,07,000,00,0,4,01,A01
200900058019,0,07,000,00,2,1,02,B01
200900058020,0,33,000,00,2,0,21,B01
200900058020,0,07,000,00,0,0,11,A01
200900058021,0,10,000,00,0,4,01,A01
200900058021,0,10,000,00,2,1,01,B01
200900058022,0,07,000,00,0,2,01,A01
200900058023,0,07,000,00,0,5,01,A01
200900058023,0,07,000,00,2,6,02,B01
200900058023,0,07,000,00,2,2,02,C01
200900058024,0,07,000,00,0,7,00,A01
200900058025,0,07,000,00,2,1,02,C01
200900058025,0,07,000,00,2,4,02,A01
200900058025,0,07,000,00,2,4,02,B01
200900058026,0,07,000,00,0,6,01,A01
200900058026,0,07,000,00,2,1,12,B01
200900058027,0,07,000,00,2,1,02,A01
200900058027,0,07,000,00,2,1,02,D01
200900058027,0,07,000,00,2,3,00,C01
200900058027,0,07,000,00,2,3,01,B01
200900058028,0,07,000,00,0,4,01,A01
200900058028,1,07,000,00,2,0,18,Z01
200900058028,0,07,000,00,2,4,02,B01
200900058028,0,10,000,00,2,5,02,C01
200900058029,0,07,000,04,0,3,01,A01
200900058030,0,07,000,00,0,3,01,A01
200900058031,0,33,000,04,0,3,00,A01
200900058032,0,07,000,00,2,7,12,A01
200900058032,0,07,000,00,2,8,02,B01
200900058033,0,10,000,03,0,1,11,A01
200900058034,0,07,000,00,0,1,00,A01
200900058035,0,07,000,00,2,1,02,B01
200900058035,0,07,000,00,0,4,01,A01
200900058036,0,07,000,00,0,5,18,A01
200900058036,0,33,000,00,2,1,01,B01
200900058037,0,33,000,00,0,4,23,A01
200900058037,0,07,000,00,2,1,12,B01
200900058038,0,33,000,00,2,8,01,B01
200900058039,2,07,000,03,0,1,02,A01
200900058039,0,07,000,01,0,1,02,B01
200900058040,0,15,000,00,0,6,02,A01
200900058040,0,15,000,13,2,1,02,B01
200900058041,0,07,000,00,0,4,02,B01
200900058041,0,07,000,00,2,1,09,E01
200900058041,0,07,000,00,2,4,02,C01
200900058041,0,07,000,00,2,4,02,D01
200900058041,0,07,000,00,2,4,02,F02
200900058041,0,07,000,00,0,4,02,A01
200900058041,0,07,000,00,2,1,02,G02
200900058042,0,07,000,00,2,1,12,C01
200900058042,0,07,000,00,2,3,05,A01
200900058042,0,07,000,00,2,3,01,B01
200900058043,0,07,000,00,2,2,12,A01
200900058043,0,07,000,00,2,5,01,B01
200900058044,0,07,000,00,2,1,02,B01
200900058044,0,07,000,00,2,4,02,A01
200900058045,0,07,000,00,2,1,02,C01
200900058045,0,07,000,00,0,4,02,A01
200900058045,0,07,000,00,2,1,02,B01
200900058046,0,07,000,00,0,0,00,B01
200900058046,0,02,000,00,0,0,00,A01
200900058047,1,07,000,00,2,3,01,A01
200900058047,0,02,000,00,2,1,01,B01
200900058048,0,07,000,00,1,0,00,A01
200900058049,0,07,000,11,0,1,01,A01
200900058050,0,07,000,00,2,7,01,B01
200900058050,0,07,000,00,2,3,15,A01
200900058051,0,07,000,14,0,1,01,A01
200900058052,0,33,000,00,2,1,01,B01
200900058052,0,07,000,00,2,3,10,A01
200900058053,0,07,000,00,2,2,01,A01
200900058053,0,33,000,00,2,1,01,B01
200900058054,0,07,000,00,2,1,02,A01
200900058054,0,07,000,00,2,4,02,B01
200900058055,0,07,000,01,0,1,12,A01
200900058055,0,07,000,16,2,1,23,B01
200900058056,0,07,000,00,2,2,15,A01
200900058056,0,32,000,00,2,1,01,B01
200900058057,0,07,000,00,0,0,02,B01
200900058057,0,07,000,00,0,3,02,A01
200900058058,0,07,000,00,2,4,02,B01
200900058058,1,07,000,00,2,1,00,A01
200900058059,1,14,000,00,2,2,02,A01
200900058059,0,32,000,00,2,4,02,B01
200900058060,0,30,000,00,2,1,19,A01
200900058060,0,07,000,00,2,1,01,B01
200900058061,0,30,000,00,2,1,01,A01
200900058061,0,30,000,00,0,2,01,B01
200900058062,0,33,000,00,1,2,01,A01
200900058063,0,02,000,00,2,7,00,B01
200900058063,0,07,000,00,2,6,00,A01
200900058064,0,33,000,00,2,1,02,B01
200900058064,0,03,000,00,2,3,15,A01
200900058065,0,32,000,01,0,1,01,B01
200900058065,0,07,000,00,2,8,01,A01
200900058066,0,33,000,00,2,3,01,B01
200900058066,0,30,000,00,2,2,01,A01
200900058067,0,31,000,00,2,1,02,A01
200900058067,0,07,000,00,0,6,20,B01
200900058068,0,07,000,00,2,3,17,A01
200900058068,0,30,000,00,2,7,17,B01
200900058069,0,07,000,00,2,4,02,B01
200900058069,0,07,000,00,2,1,02,A01
200900058070,0,07,000,00,2,3,15,B01
200900058070,0,32,000,00,2,1,02,A01
200900058071,0,31,000,00,2,1,17,A01
200900058071,0,07,000,00,0,8,15,B01
200900058072,0,07,000,00,2,1,02,A01
200900058072,0,07,000,00,2,4,02,B01
200900058073,0,32,000,00,5,1,01,B01
200900058074,0,07,000,00,1,4,00,A01
200900058075,0,07,000,00,2,3,01,A01
200900058075,0,07,000,00,2,2,01,B01
200900058076,0,32,000,00,2,2,02,A01
200900058076,0,13,000,00,2,7,01,B01
200900058077,0,07,000,00,1,4,04,A01
200900058078,0,07,000,00,2,2,02,A01
200900058078,0,20,000,00,2,3,02,B01
200900058079,0,07,000,00,2,3,15,A01
200900058079,0,33,000,00,2,8,01,B01
200900058080,0,07,000,14,0,1,01,A01
200900058080,0,07,000,00,0,4,23,B01
200900058081,0,31,000,00,2,1,17,B01
200900058081,0,07,000,00,2,8,15,A01
200900058082,0,31,000,00,0,6,01,A01
200900058082,1,07,000,00,0,3,00,B01
200900058083,0,07,000,00,0,4,02,D01
200900058083,0,10,000,00,0,1,01,A01
200900058083,0,07,000,00,2,1,01,C01
200900058083,0,07,000,00,2,1,01,B01
200900058084,0,32,000,00,0,1,01,A01
200900058084,1,32,000,00,0,7,00,B01
200900058085,0,33,000,00,2,1,17,A01
200900058085,0,07,000,00,2,6,15,B01
200900058086,0,07,000,00,2,3,05,A01
200900058086,0,07,000,00,2,3,01,C01
200900058086,0,07,000,00,2,8,01,B01
200900058087,0,30,000,00,2,7,02,B01
200900058087,0,07,000,00,2,1,16,A01
200900058088,0,07,000,00,2,3,09,A01
200900058088,0,32,000,00,0,4,23,B01
200900058089,0,02,000,00,2,1,17,B01
200900058089,0,02,000,00,2,1,17,A01
200900058090,0,30,000,00,1,1,01,A01
200900058091,0,02,000,00,2,1,00,A01
200900058092,0,33,000,00,2,2,02,B01
200900058092,0,07,000,00,2,3,15,A01
200900058093,0,30,000,00,2,1,19,B01
200900058093,0,30,000,00,2,1,19,A01
200900058094,0,34,000,00,2,1,05,A01
200900058094,0,07,000,00,2,8,05,B01
200900058095,0,07,000,00,2,8,21,B01
200900058095,0,32,000,00,2,7,13,A01
200900058096,0,37,000,00,0,1,01,A01
200900058097,0,07,000,00,0,3,09,A01
200900058097,0,34,000,00,0,2,01,B01
200900058098,0,07,000,00,0,4,00,B01
200900058099,0,07,000,00,2,3,15,A01
200900058099,0,07,000,00,2,1,01,B01
200900058100,0,07,000,09,0,8,01,A01
200900058101,0,30,000,00,2,1,00,A01
200900058101,0,07,000,00,2,3,00,B01
200900058102,0,07,000,00,2,1,02,A01
200900058102,0,32,000,00,2,4,02,B01
200900058103,0,07,000,00,2,8,01,B01
200900058103,1,07,000,00,2,8,01,A01
200900058104,0,33,000,00,2,1,02,B01
200900058104,0,07,000,00,2,6,01,A01
200900058105,0,07,000,00,2,8,01,A01
200900058105,0,30,000,00,2,8,01,B01
200900058106,0,07,000,00,1,2,01,A01
200900058107,0,07,000,00,2,1,02,A01
200900058107,0,07,000,00,2,4,02,B01
200900058108,0,31,000,00,1,2,02,A01
200900058109,0,33,000,00,2,7,17,B01
200900058109,0,07,000,00,2,1,09,A01
200900058110,0,33,000,04,9,0,21,B01
200900058110,0,07,000,00,0,0,12,A01
200900058111,0,07,000,00,0,7,00,A01
200900058111,0,33,000,01,2,1,21,B01
200900058112,0,07,000,00,2,7,16,A01
200900058112,0,30,000,00,2,8,07,B01
200900058113,0,10,000,00,2,7,12,A01
200900058113,0,30,000,00,2,8,01,B01
200900058114,0,07,000,00,2,8,15,A01
200900058114,0,07,000,00,2,1,01,B01
200900058115,0,33,000,00,0,3,00,A01
200900058116,0,07,000,00,1,1,09,A01
200900058117,0,07,000,00,0,6,23,C01
200900058117,0,07,000,14,0,1,01,A01
200900058117,0,07,000,00,0,5,23,B01
200900058118,0,33,000,00,0,0,00,A01
200900058119,0,07,000,00,0,3,15,A01
200900058119,0,33,000,00,2,1,19,B01
200900058120,0,07,000,11,2,1,01,A01
200900058120,0,07,000,00,2,1,01,B01
200900058121,0,07,000,00,0,8,00,A01
200900058121,0,07,000,00,0,0,00,B01
200900058122,0,30,000,06,0,0,00,A01
200900058123,0,07,000,00,2,3,10,A01
200900058123,0,30,000,00,2,1,01,B01
200900058124,0,07,000,06,0,1,14,A01
200900058125,0,07,000,00,2,2,09,A01
200900058125,0,07,000,00,2,3,01,B01
200900058126,0,10,000,00,2,2,02,B01
200900058126,0,07,000,00,2,8,11,A01
200900058127,1,07,000,01,0,1,00,B01
200900058127,0,33,000,00,2,6,23,A01
200900058128,0,07,000,00,2,2,19,A01
200900058128,0,07,000,00,2,3,19,B01
200900058129,0,07,000,00,1,1,00,A01
200900058130,0,07,000,00,2,1,13,A01
200900058130,0,37,007,00,2,3,01,B01
200900058131,0,34,000,00,1,1,01,A01
200900058132,0,02,000,00,2,1,02,B01
200900058132,0,07,000,00,2,6,11,A01
200900058133,0,07,000,09,0,1,01,A01
200900058134,0,07,000,00,2,1,00,A01
200900058134,0,30,000,00,2,1,00,B01
200900058135,0,32,000,00,2,1,05,B01
200900058135,0,33,000,00,0,1,05,A01
200900058136,0,30,000,00,2,1,01,A01
200900058136,0,07,000,00,2,5,01,B01
200900058137,0,32,000,00,0,7,01,A01
200900058138,0,32,000,00,0,1,01,B01
200900058138,0,07,000,00,0,5,23,A01
200900058139,0,31,000,00,1,1,02,A01
200900058140,0,07,000,00,0,4,01,C01
200900058140,0,07,000,00,2,1,02,A01
200900058140,0,07,000,00,2,9,02,B01
200900058141,0,34,000,14,0,1,00,A01
200900058142,0,07,000,00,0,9,04,A01
200900058143,0,07,000,00,2,4,02,B01
200900058143,0,07,000,00,2,1,02,C01
200900058143,0,07,000,14,0,1,02,A01
200900058144,0,07,000,00,1,2,01,A01
200900058145,0,30,000,00,2,8,01,B01
200900058145,0,07,000,00,2,7,14,A01
200900058146,0,07,000,00,2,3,00,B01
200900058146,0,07,000,00,2,5,00,C01
200900058146,0,07,000,01,0,2,01,A01
200900058147,0,30,000,00,2,1,17,B01
200900058147,0,07,000,00,2,3,09,A01
200900058148,0,07,000,00,2,3,21,A01
200900058148,0,07,000,01,2,4,16,B01
200900058149,0,07,000,00,2,1,00,A01
200900058149,0,07,000,00,2,4,00,B01
200900058150,0,02,000,00,2,3,00,B01
200900058150,0,02,000,00,2,1,00,A01
200900058151,0,07,000,00,2,4,02,B01
200900058151,0,07,000,00,2,1,02,A01
200900058152,0,01,000,00,2,1,01,A01
200900058152,0,07,000,00,9,3,01,B01
200900058153,0,07,000,00,2,5,20,A01