Num_Acc,senc,catv,occutc,obs,obsm,choc,manv,num_veh
200900058511,0,07,000,00,2,4,02,D01
200900058511,0,07,000,00,2,4,02,B01
200900058511,0,07,000,00,2,4,02,C01
200900058512,0,07,000,00,1,2,01,A01
200900058513,0,30,000,00,2,1,02,A01
200900058513,0,07,000,00,2,3,09,B01
200900058514,0,07,000,00,0,2,24,B01
200900058514,0,07,000,01,0,1,13,A01
200900058515,0,33,000,00,2,1,01,B01
200900058515,0,07,000,00,2,6,06,A01
200900058516,0,07,000,01,2,1,01,A01
200900058516,0,07,000,01,1,1,01,B01
200900058517,0,02,000,00,2,1,01,B01
200900058517,0,07,000,00,2,3,15,A01
200900058518,0,10,000,00,2,3,13,A01
200900058518,0,07,000,00,2,1,16,B01
200900058519,0,07,000,00,2,7,17,A01
200900058519,0,14,000,00,2,3,01,B01
200900058520,0,07,000,00,1,1,15,A01
200900058521,0,07,000,08,0,8,01,A01
200900058522,0,07,000,00,2,1,00,A01
200900058522,0,07,000,06,0,4,15,B01
200900058523,0,02,000,00,0,0,01,A01
200900058524,0,07,000,00,2,2,15,A01
200900058524,0,07,000,00,2,3,01,B01
200900058525,0,07,000,00,9,1,09,A01
200900058525,0,01,000,00,2,1,16,B01
200900058526,0,07,000,00,2,1,15,A01
200900058526,0,30,000,00,2,1,01,B01
200900058527,0,07,000,00,2,1,05,A01
200900058527,0,07,000,00,2,1,13,C01
200900058527,0,07,000,03,2,1,01,B01
200900058528,0,07,000,00,0,1,13,A01
200900058528,0,07,000,00,0,1,01,B01
200900058529,0,07,000,16,0,1,01,A01
200900058530,0,07,000,00,0,3,01,B01
200900058530,0,07,000,00,2,3,13,A01
200900058531,0,07,000,08,0,1,14,A01
200900058532,0,07,000,00,2,3,01,B01
200900058532,0,07,000,01,2,8,01,C01
200900058532,0,07,000,00,2,8,01,D01
200900058532,0,07,000,00,2,1,05,A01
200900058533,0,07,000,00,2,2,19,A01
200900058533,0,02,000,00,2,1,01,B02
200900058534,0,07,000,00,2,1,15,A01
200900058534,0,33,000,00,2,3,01,B01
200900058535,0,07,000,00,0,1,01,A01
200900058536,0,07,000,00,2,1,19,A01
200900058536,0,07,000,00,2,3,01,B02
200900058537,0,30,000,00,2,1,01,B02
200900058537,0,10,000,00,2,5,15,A01
200900058538,0,07,000,00,2,7,05,A01
200900058538,0,02,000,00,2,7,21,B01
200900058539,0,02,000,00,5,1,21,A01
200900058540,0,07,000,03,2,2,01,B02
200900058540,0,07,000,00,2,3,19,A01
200900058541,0,07,000,04,0,3,13,A01
200900058542,0,07,000,00,2,1,16,A01
200900058542,0,07,000,08,2,1,01,B02
200900058543,0,33,000,07,0,1,01,A01
200900058544,0,07,000,00,2,3,20,A01
200900058544,0,30,000,00,2,1,01,B01
200900058545,0,07,000,00,0,4,24,B01
200900058545,0,07,000,01,0,1,02,A01
200900058546,0,07,000,00,2,2,15,A01
200900058546,0,33,000,00,2,1,01,B01
200900058547,0,07,000,00,0,6,01,B01
200900058547,0,02,000,00,2,1,02,A01
200900058548,0,07,000,00,1,3,01,A01
200900058549,0,07,000,00,1,2,01,A01
200900058550,0,17,000,00,2,1,01,A01
200900058550,0,07,000,00,2,3,13,C03
200900058551,0,07,000,00,2,7,17,A01
200900058551,0,21,000,00,2,3,16,B02
200900058552,0,07,000,13,0,1,01,A01
200900058553,0,07,000,13,0,2,21,A01
200900058554,0,07,000,00,2,3,01,A01
200900058554,0,07,000,00,2,3,13,B02
200900058555,0,07,000,02,0,1,01,A01
200900058556,0,14,000,00,2,6,20,B02
200900058556,0,07,000,00,2,3,01,A01
200900058557,0,07,000,13,0,1,00,A01
200900058558,0,07,000,00,0,5,24,B02
200900058558,0,03,000,01,0,3,01,A01
200900058559,0,07,000,00,2,7,13,A01
200900058559,0,07,000,00,2,1,01,C03
200900058559,0,07,000,00,2,6,01,B02
200900058560,0,07,000,13,0,1,13,A01
200900058561,0,07,000,00,0,3,01,B02
200900058561,0,07,000,00,0,2,15,A01
200900058562,0,07,000,00,2,5,15,A01
200900058562,0,02,000,00,2,1,01,B01
200900058563,0,07,000,00,2,6,09,A01
200900058563,0,30,000,00,2,1,01,B01
200900058564,0,39,000,00,2,2,01,B01
200900058564,0,30,000,00,4,5,13,A01
200900058565,0,07,000,00,2,3,15,A01
200900058565,0,35,000,00,2,1,02,B01
200900058566,0,07,000,00,9,3,15,A01
200900058566,0,30,000,00,2,1,02,B01
200900058567,0,07,000,00,0,4,01,A01
200900058567,0,33,000,00,2,1,02,B01
200900058568,0,07,000,00,2,3,15,B02
200900058568,0,33,000,00,2,2,17,A01
200900058569,0,07,000,02,0,2,01,A01
200900058570,0,10,000,02,0,2,02,A01
200900058571,0,14,000,00,2,3,01,B02
200900058571,0,38,000,00,2,8,21,A01
200900058572,0,33,000,00,0,1,01,A01
200900058573,0,10,000,00,1,2,01,A01
200900058574,0,07,000,00,2,1,01,A01
200900058574,0,15,000,00,2,3,01,B02
200900058575,0,30,000,00,0,1,01,A01
200900058576,0,07,000,00,1,2,16,A01
200900058577,0,07,000,00,2,1,13,B02
200900058577,0,07,000,00,2,1,01,A01
200900058578,0,33,000,00,2,8,01,B02
200900058578,0,07,000,00,2,5,15,A01
200900058579,0,33,000,00,0,0,00,A01
200900058580,0,07,000,04,0,3,00,A01
200900058580,0,17,000,00,9,3,00,B02
200900058581,0,33,000,00,2,3,01,A01
200900058581,0,07,000,00,2,8,15,B02
200900058582,0,07,000,00,2,1,02,B02
200900058582,0,07,000,00,0,4,00,A01
200900058582,0,33,000,00,2,1,00,C03
200900058583,0,07,000,00,9,3,00,B02
200900058583,0,30,000,00,2,0,00,A01
200900058584,0,02,000,00,2,8,19,B02
200900058584,0,02,000,00,2,1,01,A01
200900058585,0,07,000,00,2,3,05,A01
200900058585,0,07,000,00,2,3,01,B02
200900058585,0,07,000,00,2,8,01,C03
200900058586,0,07,000,00,0,1,17,A01
200900058587,0,02,000,00,0,7,01,A01
200900058588,0,07,000,00,2,7,01,A01
200900058588,0,07,000,00,2,1,01,B02
200900058589,0,33,000,00,0,2,17,B02
200900058589,0,07,000,00,0,6,15,A01
200900058590,0,07,000,00,1,1,01,B02
200900058590,0,30,000,00,2,1,01,A01
200900058590,0,07,000,00,2,6,23,C03
200900058591,0,07,000,16,0,9,00,A01
200900058592,0,17,000,00,2,3,01,B02
200900058592,0,07,000,00,2,3,05,A01
200900058593,0,10,000,00,2,7,17,A01
200900058593,0,01,000,00,2,0,01,B02
200900058594,0,07,000,02,0,7,01,A01
200900058595,0,07,000,00,2,3,01,B02
200900058595,0,07,000,00,2,2,01,A01
200900058596,0,07,000,15,0,2,01,A01
200900058597,0,07,000,00,0,1,01,A01
200900058598,0,07,000,02,0,2,02,A01
200900058599,0,07,000,06,0,2,01,A01
200900058600,0,07,000,00,2,3,09,A01
200900058600,0,31,000,00,2,7,01,B02
200900058601,0,99,000,00,2,8,01,B02
200900058601,0,32,000,00,2,3,13,A01
200900058602,0,10,000,00,2,2,01,A01
200900058602,0,07,000,00,2,1,13,B02
200900058603,0,33,000,00,2,4,01,A01
200900058603,0,07,000,00,2,2,15,B02
200900058604,0,01,000,00,2,1,19,A01
200900058604,0,07,000,00,2,1,01,B02
200900058605,0,31,000,00,0,1,01,B01
200900058605,0,07,000,00,2,0,10,A01
200900058606,0,07,000,00,1,1,01,A01
200900058607,0,07,000,00,2,3,15,A01
200900058607,0,02,000,00,2,1,01,B01
200900058608,0,07,000,00,2,5,15,A01
200900058608,0,02,000,00,2,1,01,B01
200900058609,0,10,000,00,2,3,01,B01
200900058609,0,02,000,00,2,7,15,A01
200900058610,0,07,000,00,1,1,01,A01
200900058611,0,07,000,00,2,3,15,A01
200900058611,0,34,000,00,2,1,01,B01
200900058612,0,02,000,00,2,1,00,B01
200900058612,1,07,000,00,2,8,05,A01
200900058613,0,32,000,00,0,3,16,A01
200900058614,0,02,000,00,2,9,01,A01
200900058614,0,07,000,00,2,2,01,B01
200900058615,0,02,000,00,2,1,01,B01
200900058615,0,07,000,00,2,5,04,A01
200900058616,0,07,000,00,2,3,15,B01
200900058616,0,30,000,00,2,1,02,A01
200900058617,0,07,000,00,1,0,16,A01
200900058618,0,07,000,00,2,2,15,A01
200900058618,0,02,000,00,2,1,01,B01
200900058619,0,02,000,00,0,0,01,A01
200900058620,0,07,000,00,1,1,01,A01
200900058621,0,07,000,00,2,2,01,B01
200900058621,0,30,000,00,2,6,19,A01
200900058622,0,07,000,00,2,4,02,B01
200900058622,0,34,000,00,2,8,02,A01
200900058623,0,32,000,00,2,1,01,B01
200900058623,0,07,000,00,2,8,10,A01
200900058624,0,07,000,00,2,1,01,B01
200900058624,0,07,000,00,2,7,15,A01
200900058625,0,07,000,13,0,1,13,A01
200900058626,0,07,000,00,2,1,01,B01
200900058626,0,07,000,00,2,7,16,A01
200900058627,0,07,000,00,2,1,02,D01
200900058627,0,07,000,00,0,4,02,C01
200900058627,0,07,000,00,2,1,01,A01
200900058627,0,07,000,00,0,4,02,B01
200900058628,0,33,000,00,2,7,01,B01
200900058628,1,07,000,00,2,8,10,A01
200900058629,0,38,000,00,1,2,01,A01
200900058630,0,07,000,00,2,8,10,A01
200900058630,0,32,000,00,2,1,01,B01
200900058631,0,33,000,00,2,1,01,B01
200900058631,0,10,000,00,2,6,10,A01
200900058632,0,07,000,00,1,0,01,A01
200900058633,0,07,000,00,2,4,02,B01
200900058633,0,07,000,00,2,4,02,C01
200900058633,0,07,000,00,2,1,02,A01
200900058634,1,99,000,00,0,0,00,A01
200900058634,0,34,000,00,2,7,01,B01
200900058635,0,07,000,02,1,4,04,A01
200900058636,0,30,000,00,2,1,17,A01
200900058636,0,07,000,00,2,8,15,B01
200900058637,0,37,000,00,1,2,01,A01
200900058638,0,07,000,00,1,1,01,A01
200900058639,0,30,000,14,0,1,01,A01
200900058639,0,07,000,00,0,4,02,B01
200900058640,0,07,000,00,0,4,01,B01
200900058640,0,07,000,00,2,1,01,A01
200900058640,0,32,000,00,0,4,01,C01
200900058640,0,07,000,00,0,8,23,F02
200900058640,0,07,000,00,2,8,15,D01
200900058640,0,07,000,00,0,8,23,E01
200900058641,0,32,000,00,0,8,01,A01
200900058642,0,30,000,00,2,7,17,A01
200900058642,0,17,000,00,2,6,01,B01
200900058643,1,07,000,00,2,0,18,A01
200900058643,0,34,000,00,0,7,01,B01
200900058644,0,07,000,00,1,1,15,A01
200900058645,0,07,000,00,1,1,01,A01
200900058646,0,07,000,00,1,6,04,A01
200900058647,0,32,000,00,1,1,01,A01
200900058647,0,32,000,00,0,7,21,B01
200900058648,0,07,000,00,1,1,01,A01
200900058649,0,02,000,00,2,2,17,A01
200900058649,0,14,000,00,2,8,15,B01
200900058650,0,07,000,00,0,3,01,A01
200900058650,0,02,000,00,2,0,01,B01
200900058651,0,07,000,00,2,3,01,C01
200900058651,0,07,000,00,2,6,01,B01
200900058651,0,10,000,00,2,3,17,A01
200900058652,0,33,000,00,0,0,00,C01
200900058652,0,07,000,00,0,0,00,A01
200900058652,0,07,000,00,0,0,00,B01
200900058653,0,01,000,00,2,4,01,B01
200900058653,0,07,000,00,2,1,11,A01
200900058654,0,07,000,02,0,3,01,A01
200900058655,0,07,000,00,2,4,02,B01
200900058655,0,07,000,00,2,1,02,A01
200900058656,0,07,000,00,0,0,00,B01
200900058656,0,07,000,00,0,0,00,A01
200900058657,0,33,000,00,0,0,00,A01
200900058658,0,07,000,00,1,1,15,A01
200900058659,0,07,000,00,0,4,01,C01
200900058659,0,07,000,00,2,4,01,B01
200900058659,0,10,000,00,2,1,01,A01
200900058660,0,32,000,01,2,1,01,B01
200900058660,0,07,000,00,2,7,01,A01
200900058661,0,33,000,00,2,1,01,B01
200900058661,0,07,000,00,2,8,19,A01
200900058662,0,07,000,00,0,0,00,A01
200900058663,1,07,000,00,2,0,01,B01
200900058663,0,07,000,00,9,1,01,C01
200900058663,0,07,000,00,2,0,01,A01
200900058664,0,07,000,02,0,7,21,A01
200900058665,0,02,000,00,2,0,01,B01
200900058665,1,99,000,00,2,0,13,A01
200900058666,0,07,000,00,1,1,01,A01
200900058667,0,07,000,00,1,2,01,A01
200900058668,1,07,000,00,1,1,00,A01
200900058669,0,07,000,00,1,1,01,A01
200900058670,0,07,000,00,2,1,10,A01
200900058670,0,07,000,00,2,3,01,C01
200900058670,0,07,000,00,2,1,01,B01
200900058671,0,07,000,00,1,0,01,A01
200900058672,0,07,000,00,2,1,02,C01
200900058672,0,10,000,00,2,3,02,B01
200900058672,0,07,000,00,2,3,13,A01
200900058673,0,30,000,00,0,0,00,A01
200900058674,0,40,000,00,2,1,01,B01
200900058674,0,07,000,02,4,8,01,A01
200900058675,0,07,000,00,2,1,02,A01
200900058675,0,07,000,00,2,4,02,C01
200900058675,0,07,000,00,2,4,02,B01
200900058676,0,07,000,00,2,1,01,B01
200900058676,0,07,000,00,2,7,15,A01
200900058677,0,33,000,00,0,0,00,A01
200900058678,0,14,000,00,2,1,01,A01
200900058678,0,07,000,00,2,4,01,B01
200900058679,0,07,000,00,2,4,02,B01
200900058679,0,07,000,00,2,1,02,A01
200900058680,0,07,000,00,0,0,00,B01
200900058680,0,07,000,00,0,0,00,A01
200900058681,0,07,000,00,2,2,00,A01
200900058681,0,07,000,00,2,3,00,B01
200900058682,0,33,000,00,2,1,01,B02
200900058682,0,07,000,00,2,3,15,A01
200900058683,0,07,000,00,0,8,00,B02
200900058683,0,07,000,00,2,1,01,A01
200900058684,0,07,000,00,2,1,01,B02
200900058684,0,07,000,00,2,1,01,A01
200900058685,0,07,000,02,0,1,01,A01
200900058686,0,02,000,00,2,7,01,B02
200900058686,0,10,000,00,2,1,15,A01
200900058687,0,07,000,03,0,2,16,A01
200900058688,0,07,000,04,0,9,14,A01
200900058689,0,14,000,02,0,9,01,A01
200900058690,0,30,000,00,2,7,16,B02
200900058690,0,07,000,00,2,1,19,A01
200900058691,0,07,000,00,2,1,13,A01
200900058691,0,07,000,00,2,1,01,B02
200900058692,0,07,000,13,0,2,01,A01
200900058693,0,31,000,00,2,1,02,A01
200900058693,0,07,000,00,2,4,01,B01
200900058694,0,31,000,00,1,1,01,A01
200900058695,0,07,000,00,2,1,01,A01
200900058695,0,07,000,00,2,1,15,B01
200900058696,0,07,000,03,2,7,01,A01
200900058696,0,07,000,00,2,1,01,B01
200900058697,0,07,000,00,0,3,01,B01
200900058697,0,07,000,00,2,2,01,A01
200900058698,0,10,000,00,1,4,04,A01
200900058699,0,32,000,08,0,1,01,A01
200900058700,0,07,000,00,2,8,15,B01
200900058700,0,33,000,00,2,1,17,A01
200900058701,1,07,000,00,0,1,15,A01
200900058701,0,07,000,00,2,2,01,B01
200900058702,0,07,000,02,0,3,01,A01
200900058703,0,14,000,00,0,7,15,A01
200900058704,0,32,000,00,0,0,01,B01
200900058704,0,07,000,00,0,0,12,A01
200900058705,0,07,000,15,0,1,01,A01
200900058706,0,07,000,08,1,7,01,A01
200900058707,0,01,000,00,2,8,02,B01
200900058707,1,07,000,00,2,2,01,A01
200900058708,0,33,000,00,2,2,17,A01
200900058708,0,07,000,00,2,3,15,B01
200900058709,0,07,000,00,1,2,16,A01
200900058710,0,07,000,00,2,4,23,C01
200900058710,0,10,000,00,2,1,02,A01
200900058710,0,07,000,00,2,1,02,D01
200900058710,0,07,000,00,2,1,02,B01
200900058711,0,07,000,00,2,1,01,B01
200900058711,0,07,000,00,2,1,13,A01
200900058712,0,07,000,00,0,4,00,B01
200900058712,0,99,000,00,2,1,01,A01
200900058713,0,30,000,00,2,1,17,A01
200900058713,0,07,000,00,2,1,01,B01
200900058714,0,07,000,00,2,1,01,B01
200900058714,0,07,000,00,2,8,10,A01
200900058715,0,07,000,00,2,4,23,B01
200900058715,0,07,000,00,2,1,01,A01
200900058716,0,07,000,00,2,6,01,B01
200900058716,0,34,000,00,2,1,09,A01
200900058717,0,07,000,00,1,1,00,A01
200900058718,0,07,000,00,2,3,10,A01
200900058718,0,33,000,00,2,1,01,B01
200900058719,0,07,000,00,2,7,15,A01
200900058719,0,02,000,00,2,1,01,B01
200900058720,0,07,000,00,2,3,15,B01
200900058720,0,02,000,01,2,1,02,A01
200900058721,0,01,000,00,0,1,00,B01
200900058721,0,07,000,00,0,0,00,A01
200900058722,0,07,000,00,0,0,00,A01
200900058723,0,30,000,00,0,4,01,B01
200900058723,2,99,000,00,2,1,02,A01
200900058724,0,07,000,00,0,0,00,A01
200900058724,0,07,000,00,0,0,00,B01
200900058725,0,07,000,00,2,5,02,B01
200900058725,0,07,000,00,2,3,03,A01
200900058726,0,02,000,01,2,1,01,B01
200900058726,0,07,000,00,2,7,15,A01
200900058727,0,33,000,00,0,0,00,A01
200900058728,0,01,000,00,2,0,00,A01
200900058728,0,07,000,00,0,0,00,B01
200900058729,0,07,000,06,2,1,00,A01
200900058729,0,07,000,01,2,4,00,B01
200900058730,0,07,000,00,2,3,01,A01
200900058730,0,07,000,00,2,2,09,B01
200900058731,0,33,000,00,0,0,15,A01
200900058732,0,07,000,02,0,0,01,A01
200900058733,0,34,000,00,0,0,01,A01
200900058734,0,07,000,00,1,2,21,A01
200900058735,0,07,000,00,0,0,00,C01
200900058735,0,07,000,00,0,0,00,A01
200900058735,0,07,000,00,0,0,00,B01
200900058736,0,07,000,00,0,0,00,A01
200900058737,0,31,000,00,2,7,01,B01
200900058737,0,07,000,00,2,3,15,A01
200900058738,0,07,000,00,0,0,00,B01
200900058738,0,07,000,00,0,0,00,A01
200900058739,0,02,000,00,2,1,01,B01
200900058739,0,07,000,00,2,2,17,A01
200900058740,0,33,000,00,0,0,00,B01
200900058740,0,07,000,00,0,0,10,A01
200900058741,0,07,000,00,0,0,00,A01
200900058742,0,01,000,06,0,1,14,A01
200900058743,0,07,000,00,1,1,01,A01
200900058744,0,07,000,02,0,3,13,A01
200900058745,0,07,000,00,2,1,19,A01
200900058745,0,30,000,00,2,1,01,B01
200900058746,0,07,000,04,0,1,01,A01
200900058747,0,30,000,00,1,1,17,A01
200900058748,0,07,000,00,2,2,01,B01
200900058748,0,02,000,00,2,1,01,A01
200900058749,0,31,000,00,2,1,01,B01
200900058749,0,07,000,00,2,1,15,A01
200900058750,0,07,000,00,2,2,00,B01
200900058750,0,07,000,00,2,1,00,A01
200900058751,0,07,000,00,1,2,15,A01
200900058752,0,07,000,00,2,1,01,A01
200900058752,0,07,000,00,2,8,01,B01
200900058753,0,07,000,00,1,1,16,A01
200900058754,0,07,000,00,1,2,02,A01
200900058755,0,07,000,00,2,1,09,A01
200900058755,0,30,000,00,2,8,01,B01
200900058756,0,07,000,00,2,1,19,A01
200900058756,0,33,000,01,2,7,01,B01
200900058757,0,33,000,15,2,1,01,B01
200900058757,0,07,000,00,2,2,19,A01
200900058758,0,07,000,00,1,1,01,A01
200900058759,0,30,000,00,2,1,02,A01
200900058759,0,07,000,00,0,4,02,B01
200900058760,0,07,000,00,2,4,02,C01
200900058760,0,07,000,00,2,1,02,A01
200900058760,0,07,000,00,2,1,02,B01
200900058761,0,07,000,00,2,2,01,B01
200900058761,1,07,000,00,0,0,00,A01
200900058762,0,02,000,00,0,8,24,B01
200900058762,0,34,000,01,1,3,01,A01
200900058763,0,10,000,08,0,1,13,A01
200900058764,0,07,000,00,2,2,01,A01
200900058764,0,31,000,00,2,3,21,B02
200900058765,0,34,000,00,2,1,01,A01
200900058765,0,30,000,00,2,1,13,B02
200900058766,0,01,000,00,2,8,01,B02
200900058766,0,07,000,00,2,7,01,A01
200900058767,0,07,000,00,2,3,13,A01
200900058767,0,07,000,00,2,3,01,B02
200900058768,0,36,000,08,0,2,01,A01
200900058769,0,10,000,00,2,1,13,A01
200900058769,0,10,000,00,2,3,01,B02
200900058770,0,07,000,00,1,2,01,A01
200900058771,0,07,000,00,2,6,24,B02
200900058771,0,07,000,01,0,2,02,A01
200900058772,0,07,000,04,0,1,17,A01
200900058773,0,33,000,03,0,1,01,A01
200900058774,0,07,000,00,1,2,01,A01
200900058775,0,07,000,02,0,1,01,A01
200900058776,0,07,000,00,0,0,00,A01
200900058777,0,07,000,00,1,3,15,A01
200900058778,0,01,000,00,0,4,01,B02
200900058778,0,01,000,00,0,4,01,C03
200900058778,0,07,000,00,9,2,01,A01
200900058779,0,07,000,00,2,1,15,A01
200900058779,0,07,000,00,2,3,01,B02
200900058780,0,07,000,00,2,3,01,A01
200900058780,0,07,000,00,2,8,01,B02
200900058781,0,07,000,13,0,9,13,A01
200900058782,0,33,000,00,2,1,01,A01
200900058782,0,07,000,00,2,1,01,B02
200900058783,0,30,000,00,0,4,01,A01
200900058784,0,33,000,07,0,2,01,A01
200900058785,0,07,000,13,0,1,01,A01
200900058786,0,07,000,00,1,1,01,A01
200900058787,0,07,000,00,2,6,01,B02
200900058787,0,07,000,02,2,3,13,A01
200900058788,0,10,000,00,2,3,15,B02
200900058788,0,02,000,00,2,2,17,A01
200900058789,0,07,000,00,2,2,15,A01
200900058789,0,31,000,00,2,1,01,B02
200900058790,0,07,000,00,2,1,01,A01
200900058790,0,02,000,00,2,7,15,B02
200900058791,0,07,000,00,2,1,01,A01
200900058791,0,07,000,00,2,1,01,B02
200900058792,0,07,000,00,0,5,00,B02
200900058792,0,33,000,00,0,1,01,A01
200900058793,0,07,000,00,2,1,01,B02
200900058793,0,31,000,00,2,2,01,A01
200900058794,0,33,000,03,0,3,01,A01
200900058795,0,07,000,00,2,4,23,B01
200900058795,0,33,000,00,2,1,02,A01
200900058796,0,31,000,00,2,1,01,B01
200900058796,0,07,000,00,2,8,15,A01
200900058797,0,07,000,00,1,2,01,A01
200900058798,0,07,000,00,1,2,01,A01
200900058799,0,02,000,00,2,1,01,A01
200900058799,1,33,000,00,2,1,01,B01
200900058800,0,07,000,00,0,0,00,A01
200900058801,0,07,000,00,0,0,00,A01
200900058802,0,07,000,00,2,7,15,A01
200900058802,0,34,000,00,2,1,01,B01
200900058803,0,07,000,02,0,1,00,A01
200900058804,0,02,000,00,0,0,00,B01
200900058804,0,07,000,00,0,0,00,A01
200900058805,0,07,000,00,0,0,00,A01
200900058806,0,07,000,00,0,0,00,A01
200900058807,0,02,000,00,0,7,01,A01
200900058808,0,07,000,00,2,1,01,A01
200900058808,0,07,000,00,2,4,01,B01
200900058808,0,07,000,00,2,4,01,C01
200900058809,0,07,000,00,2,1,01,B01
200900058809,0,07,000,00,2,3,15,A01
200900058810,0,31,000,00,1,1,01,A01
200900058811,0,07,000,00,1,3,01,A01
200900058812,0,07,000,00,2,7,16,A01
200900058812,0,07,000,00,2,8,16,B01
200900058813,0,07,000,06,0,3,13,A01
200900058814,0,07,000,00,2,8,15,A01
200900058814,0,02,000,00,2,1,02,B01
200900058815,0,40,000,00,2,1,01,B01
200900058815,0,07,000,00,4,8,15,A01
200900058816,0,33,000,00,0,0,01,A01
200900058817,0,32,000,15,0,2,01,A01
200900058818,0,07,000,00,1,1,01,A01
200900058819,0,02,000,00,1,1,01,A01
200900058820,0,07,000,00,2,1,15,A01
200900058821,0,10,000,00,2,1,01,B01
200900058821,0,07,000,03,2,7,13,A01
200900058822,0,07,000,00,2,3,10,A01
200900058822,0,31,000,00,2,1,01,B01
200900058823,0,07,000,00,2,1,02,A01
200900058823,0,07,000,00,0,4,02,B01
200900058824,0,07,000,00,2,3,19,A01
200900058824,0,33,000,00,2,2,01,B01
200900058825,0,01,000,00,2,1,15,A01
200900058825,0,07,000,00,2,3,01,B01
200900058826,0,07,000,00,2,3,15,A01
200900058826,0,07,000,12,2,0,02,B01
200900058827,0,07,000,06,0,1,13,A01
200900058828,0,07,000,00,2,3,01,B01
200900058828,0,07,000,00,2,2,15,A01
200900058829,0,33,000,00,2,1,01,B01
200900058829,0,32,000,00,2,8,19,A01
200900058830,0,07,000,00,2,1,01,A01
200900058830,0,07,000,00,2,4,01,B01
200900058831,0,07,000,00,2,8,01,A01
200900058831,0,07,000,00,2,1,01,B01
200900058832,0,33,000,00,2,7,10,B01
200900058832,0,07,000,00,2,8,10,A01
200900058833,0,10,000,00,2,1,02,A01
200900058833,0,10,000,00,2,4,02,B01
200900058834,0,07,000,00,1,3,01,A01
200900058835,0,07,000,00,1,1,15,A01
200900058836,0,07,000,00,2,7,16,A01
200900058836,0,30,000,00,2,8,01,B01
200900058837,0,07,000,00,2,9,01,B01
200900058837,0,07,000,00,2,1,01,A01
200900058838,0,07,000,15,0,1,00,A01
200900058839,0,33,000,00,2,1,01,B01
200900058839,0,07,000,00,2,2,15,A01
200900058840,0,07,000,00,1,2,16,A01
200900058841,0,31,000,00,2,1,01,B01
200900058841,0,07,000,00,2,1,01,A01
200900058842,0,07,000,00,2,2,01,A01
200900058842,0,07,000,00,0,8,01,B01
200900058843,0,07,000,00,0,0,00,B01
200900058843,0,07,000,00,0,0,00,A01
200900058844,0,10,000,00,0,0,10,A01
200900058844,0,02,000,00,0,0,17,B01
200900058845,0,33,000,00,2,1,02,B01
200900058845,0,07,000,00,2,8,10,A01
200900058846,0,07,000,00,0,0,00,B01
200900058846,0,07,000,00,0,0,00,A01
200900058847,0,33,000,00,2,8,01,B01
200900058847,0,07,000,00,2,3,15,A01
200900058848,0,20,000,00,0,0,00,A01
200900058848,0,03,000,00,0,0,00,B01
200900058849,0,07,000,00,2,4,04,A01
200900058849,0,33,000,00,2,1,01,B01
200900058850,0,07,000,11,0,2,21,A01
200900058851,0,02,000,00,2,7,19,B02
200900058851,0,07,000,00,2,2,15,A01
200900058852,0,07,000,00,0,0,00,B01
200900058852,0,07,000,00,0,0,00,A01
200900058853,0,31,000,00,2,8,07,A01
200900058853,0,07,000,00,2,3,15,B01
200900058854,0,07,000,00,2,3,15,A01
200900058854,0,02,000,00,2,1,01,B01
200900058855,0,07,000,00,1,1,01,A01
200900058856,0,31,000,00,2,1,01,B01
200900058856,0,07,000,00,2,6,15,A01
200900058857,1,07,000,00,1,1,01,A01
200900058858,0,37,007,00,1,2,01,A01
200900058859,0,07,000,00,1,7,01,A01
200900058860,0,31,000,00,2,1,02,B01
200900058860,0,07,000,00,2,3,15,A01
200900058861,0,07,000,00,2,3,23,B01
200900058861,0,07,000,01,0,3,01,A01
200900058862,0,33,000,00,2,1,01,B01
200900058862,0,10,000,00,2,3,15,A01
200900058863,0,07,000,00,1,2,01,A01
200900058864,0,31,000,00,2,8,18,A01
200900058864,0,99,000,00,2,2,20,B01
200900058865,0,31,000,00,2,3,01,B01
200900058865,0,07,000,00,2,2,01,A01
200900058866,1,32,000,00,1,1,01,A01
200900058867,0,07,000,00,2,4,04,A01
200900058867,0,07,000,00,2,8,15,B01
200900058868,0,33,000,00,2,3,01,B01
200900058868,0,07,000,00,2,1,15,A01
200900058869,0,33,000,00,2,1,01,B01
200900058869,1,07,000,00,2,0,13,A01
200900058870,0,07,000,00,2,2,15,A01
200900058870,0,07,000,00,2,3,01,B01
200900058871,0,30,000,00,2,3,15,A01
200900058871,0,07,000,00,2,3,01,B01
200900058872,0,07,000,00,2,3,15,B01
200900058872,0,07,000,00,2,2,01,A01
200900058873,0,32,000,00,1,1,01,A01
200900058874,0,07,000,00,2,2,09,A01
200900058874,0,07,000,00,2,3,01,B01
200900058875,0,07,000,00,2,3,00,A01
200900058875,0,02,000,00,2,6,00,B01
200900058876,0,31,000,00,0,3,21,A01
200900058876,0,07,000,00,0,0,01,B01
200900058877,0,07,000,00,2,1,01,A01
200900058877,0,07,000,00,2,8,01,B01
200900058878,0,07,000,00,1,3,01,A01
200900058879,0,07,000,00,2,3,15,B01
200900058879,0,30,000,00,2,7,00,A01
200900058880,0,02,000,00,2,8,00,B01
200900058880,0,07,000,00,2,2,16,A01
200900058881,0,07,000,00,2,3,13,A01