Num_Acc,senc,catv,occutc,obs,obsm,choc,manv,num_veh
200900058881,0,07,000,00,2,8,01,B01
200900058882,0,01,000,00,1,1,00,A01
200900058883,0,02,000,00,2,8,09,A01
200900058883,0,07,000,00,2,5,01,B01
200900058884,0,32,000,00,2,1,01,B01
200900058884,0,07,000,00,2,1,15,A01
200900058885,0,07,000,00,1,1,01,A01
200900058886,0,33,000,00,1,1,01,A01
200900058887,0,07,000,00,2,3,01,A01
200900058887,0,34,000,00,2,2,01,B01
200900058888,0,31,000,00,2,1,01,A01
200900058888,0,30,000,00,2,3,15,B01
200900058889,0,31,000,00,1,1,01,A01
200900058890,0,33,000,00,2,1,01,B01
200900058890,0,07,000,00,2,8,15,A01
200900058891,0,33,000,00,2,6,01,C01
200900058891,0,07,000,00,2,3,03,A01
200900058891,0,02,000,00,2,3,01,B01
200900058892,0,07,000,00,2,8,01,A01
200900058892,0,07,000,00,2,1,01,B01
200900058893,0,30,000,00,1,1,21,A01
200900058894,0,07,000,00,2,3,15,A01
200900058894,0,33,000,00,2,1,01,B01
200900058895,0,07,000,00,0,0,20,C01
200900058895,0,07,000,00,2,6,21,B01
200900058895,0,33,000,00,2,1,21,A01
200900058896,0,02,000,00,2,1,01,A01
200900058896,0,07,000,00,2,5,01,B01
200900058897,0,07,000,00,2,3,15,B01
200900058897,0,02,000,00,2,2,17,A01
200900058898,0,07,000,00,2,3,15,B01
200900058898,0,33,000,00,2,2,01,A01
200900058899,0,02,000,00,2,5,01,A01
200900058899,0,07,000,00,2,3,09,B01
200900058900,0,07,000,00,1,0,15,A01
200900058901,0,07,000,00,2,1,02,A01
200900058901,0,07,000,00,2,4,01,B01
200900058901,0,02,000,00,2,1,02,C01
200900058902,0,07,000,00,2,3,15,A01
200900058902,0,31,000,00,2,8,01,B01
200900058903,0,07,000,08,1,2,14,A01
200900058904,0,07,000,00,2,1,13,A01
200900058904,0,30,000,00,2,2,01,B01
200900058905,0,33,000,00,2,1,17,A01
200900058905,0,07,000,00,2,0,15,B01
200900058906,0,07,000,00,2,3,15,B01
200900058906,0,07,000,00,2,7,07,A01
200900058907,0,02,000,01,2,1,02,A01
200900058907,0,07,000,00,2,5,02,B01
200900058908,0,31,000,00,2,8,01,B01
200900058908,0,07,000,00,2,6,20,A01
200900058909,0,07,000,00,1,2,01,A01
200900058910,0,07,000,00,2,3,15,B01
200900058910,0,30,000,00,2,1,01,A01
200900058911,0,10,000,00,1,4,04,A01
200900058912,0,02,000,00,2,3,01,B01
200900058912,0,07,000,00,2,7,16,A01
200900058913,0,14,000,00,1,4,04,A01
200900058914,0,07,000,00,2,2,16,A01
200900058914,0,02,000,00,2,1,01,B01
200900058915,0,02,000,00,2,1,01,B01
200900058915,0,07,000,00,2,3,05,A01
200900058916,0,31,000,00,2,1,01,B01
200900058916,0,07,000,00,2,1,09,A01
200900058917,0,40,001,00,1,7,01,A01
200900058918,0,33,000,00,2,2,01,B01
200900058918,1,07,000,00,2,0,00,A01
200900058919,0,32,000,00,2,1,02,B01
200900058919,0,33,000,00,2,4,02,C01
200900058919,0,10,000,00,0,0,09,A01
200900058920,0,02,000,00,2,1,18,A01
200900058920,0,07,000,00,2,2,15,B01
200900058921,0,02,000,00,2,1,01,A01
200900058921,0,07,000,00,2,4,02,B01
200900058922,0,10,000,00,2,2,16,A01
200900058922,0,01,000,00,2,1,01,B01
200900058923,0,07,000,00,2,1,01,A01
200900058923,0,07,000,00,2,4,02,B01
200900058924,0,02,000,00,2,1,01,A01
200900058924,0,07,000,00,2,4,23,B01
200900058925,0,07,000,00,2,1,01,A01
200900058925,0,07,000,00,2,4,01,B01
200900058926,0,37,001,00,2,3,03,A01
200900058926,0,10,000,00,2,3,03,B01
200900058927,0,10,000,00,2,0,15,A01
200900058927,0,01,000,00,2,0,15,B01
200900058928,0,07,000,00,0,0,17,A01
200900058928,0,01,000,00,2,8,14,B01
200900058929,0,07,000,00,1,4,04,A01
200900058930,0,07,000,00,2,4,01,B01
200900058930,0,07,000,00,2,1,01,A01
200900058931,0,32,000,00,2,1,01,B01
200900058931,0,07,000,00,2,2,10,A01
200900058932,0,33,000,00,0,0,00,A01
200900058933,0,33,000,00,0,0,00,A01
200900058934,0,07,000,00,1,1,01,A01
200900058935,0,07,000,00,2,1,15,A01
200900058935,0,07,000,00,2,3,01,B01
200900058936,0,07,000,00,0,0,00,A01
200900058937,0,33,000,00,2,1,01,B01
200900058937,0,07,000,00,2,1,01,A01
200900058938,0,33,000,06,2,1,17,A01
200900058938,0,07,000,00,2,8,15,B01
200900058939,0,07,000,00,2,3,02,A01
200900058939,0,30,000,00,2,1,01,B01
200900058940,0,07,000,00,1,1,01,A01
200900058941,0,02,000,00,2,1,02,A01
200900058941,0,07,000,00,0,4,02,B01
200900058942,0,30,000,00,2,1,17,A01
200900058942,0,07,000,00,2,6,15,B01
200900058943,0,31,000,00,2,7,00,B01
200900058943,0,10,000,00,0,0,15,A01
200900058944,0,33,000,00,1,8,00,A01
200900058945,0,07,000,00,2,3,00,A01
200900058945,0,30,000,00,2,1,01,B01
200900058946,0,33,000,00,0,0,00,A01
200900058947,0,07,000,00,2,3,15,A01
200900058947,0,32,000,00,0,7,01,B01
200900058948,0,07,000,00,2,3,09,A01
200900058948,0,33,000,00,2,1,01,B01
200900058949,0,07,000,00,2,8,15,B01
200900058949,0,02,000,00,2,1,01,A01
200900058950,0,30,000,00,2,1,17,B01
200900058950,0,07,000,00,0,7,15,A01
200900058951,0,33,000,13,0,1,13,A01
200900058952,0,33,000,04,0,1,17,A01
200900058953,0,33,000,10,0,1,21,A01
200900058954,0,37,000,00,2,3,13,A01
200900058954,0,32,000,00,2,1,21,B02
200900058955,0,31,000,01,0,2,01,A01
200900058956,0,30,000,00,2,8,00,B02
200900058956,0,07,000,00,2,7,02,A01
200900058957,0,33,000,00,2,1,00,B02
200900058957,0,10,000,00,2,1,02,A01
200900058958,0,07,000,00,2,1,19,A01
200900058958,0,07,000,00,2,1,01,B02
200900058959,0,07,000,00,2,1,00,B02
200900058959,0,02,000,00,2,1,13,A01
200900058960,0,07,000,00,1,8,19,A01
200900058961,0,03,000,15,0,1,01,A01
200900058962,0,07,000,00,2,2,10,A01
200900058962,0,34,000,00,2,1,01,B02
200900058963,0,30,000,02,0,1,00,A01
200900058964,0,07,000,00,1,2,01,A01
200900058965,0,33,000,03,0,2,01,A01
200900058966,0,33,000,03,0,8,13,A01
200900058967,0,07,000,03,0,8,01,A01
200900058968,0,07,000,00,2,3,10,A01
200900058968,0,33,000,00,2,9,01,C03
200900058968,0,07,000,00,2,1,01,B02
200900058969,0,17,000,04,0,2,00,A01
200900058970,0,02,000,00,1,3,01,A01
200900058971,0,07,000,00,1,2,16,A01
200900058972,0,07,000,01,0,1,00,A01
200900058973,0,07,000,00,2,1,15,A01
200900058973,0,02,000,00,2,8,01,B02
200900058974,0,02,000,00,2,3,02,B02
200900058974,0,10,000,00,2,6,02,A01
200900058975,0,07,000,00,9,3,01,A01
200900058975,0,33,000,00,2,3,01,B02
200900058976,0,07,000,00,2,1,01,B02
200900058976,0,30,000,00,2,1,17,A01
200900058977,0,07,000,01,0,7,02,B02
200900058977,0,32,000,00,2,3,02,A01
200900058978,0,07,000,00,1,5,04,A01
200900058979,0,33,000,01,0,1,00,A01
200900058980,0,10,000,01,2,3,00,B02
200900058980,0,07,000,01,0,3,01,A01
200900058980,0,07,000,00,2,4,24,E05
200900058980,0,07,000,01,2,4,24,C03
200900058980,0,07,000,01,1,1,24,D04
200900058981,0,33,000,00,2,1,02,A01
200900058981,0,07,000,00,0,5,16,B02
200900058982,0,33,000,16,0,2,15,A01
200900058983,0,07,000,00,2,3,19,A01
200900058983,0,31,000,00,2,1,01,B02
200900058984,0,03,000,06,0,2,01,A01
200900058985,0,10,000,00,2,1,01,B01
200900058985,0,31,000,00,2,1,01,A01
200900058986,1,07,000,00,2,3,10,A01
200900058986,0,32,000,00,2,1,01,B01
200900058987,0,07,000,00,2,1,00,A01
200900058988,0,33,000,01,2,1,01,A01
200900058988,0,07,000,00,0,3,01,B01
200900058989,0,07,000,00,2,1,01,A01
200900058990,0,01,000,00,0,0,00,A01
200900058991,0,32,000,00,2,1,01,B01
200900058991,0,07,000,00,2,0,15,A01
200900058992,0,10,000,00,2,1,02,A01
200900058992,0,07,000,00,0,5,02,B01
200900058993,0,01,000,00,0,8,01,B01
200900058993,1,07,000,00,2,7,17,A01
200900058994,0,07,000,00,2,5,15,A01
200900058994,0,31,000,00,2,1,01,B01
200900058995,0,32,000,00,2,0,10,A01
200900058995,1,07,000,00,2,0,00,B01
200900058996,0,07,000,00,2,1,01,B01
200900058996,0,07,000,00,0,8,09,A01
200900058997,0,32,000,00,2,1,01,B01
200900058997,0,07,000,00,2,3,00,A01
200900058998,0,10,000,00,0,0,02,B01
200900058998,0,30,000,00,2,0,02,A01
200900058999,0,01,000,00,0,0,00,A01
200900059000,0,07,000,00,2,2,15,A01
200900059000,0,07,000,00,2,3,01,B01
200900059001,0,07,000,07,0,1,01,A01
200900059002,0,02,000,00,0,0,00,A01
200900059003,0,07,000,00,2,5,00,A01
200900059003,0,30,000,00,2,1,01,B01
200900059004,0,07,000,00,2,1,01,A01
200900059004,0,07,000,00,2,8,01,B01
200900059005,0,02,000,00,2,1,00,B01
200900059005,0,07,000,00,2,7,01,A01
200900059006,0,30,000,00,0,0,01,A01
200900059007,0,10,000,00,2,4,10,B01
200900059007,0,34,000,00,2,1,01,A01
200900059008,0,07,000,00,2,3,09,A01
200900059008,0,32,000,00,2,1,01,B01
200900059009,0,02,000,00,2,1,01,A01
200900059010,0,33,000,00,2,7,17,A01
200900059010,0,07,000,00,2,8,15,B01
200900059011,0,07,000,00,2,6,09,A01
200900059011,0,31,000,00,2,1,01,B01
200900059012,0,31,000,00,2,1,01,A01
200900059012,0,07,000,00,2,2,01,B01
200900059013,0,30,000,00,2,8,01,B01
200900059013,0,07,000,00,2,2,17,A01
200900059014,0,33,000,00,2,1,01,B01
200900059014,0,07,000,00,2,7,15,A01
200900059015,0,07,000,00,0,8,13,B01
200900059015,0,30,000,00,2,2,17,A01
200900059016,0,30,000,00,0,0,00,A01
200900059017,0,32,000,00,2,1,13,A01
200900059017,0,33,000,00,2,1,01,B01
200900059018,0,07,000,00,2,3,09,A01
200900059018,0,30,000,00,2,7,01,B01
200900059019,0,07,000,00,2,1,00,A01
200900059020,0,30,000,00,2,1,18,A01
200900059020,0,07,000,00,2,7,15,B01
200900059021,0,32,000,00,2,1,01,A01
200900059021,0,07,000,00,2,1,01,B01
200900059022,0,10,000,13,0,0,00,A01
200900059023,0,30,000,00,0,0,00,A01
200900059023,0,07,000,00,0,0,00,B01
200900059024,1,10,000,00,2,0,00,A01
200900059024,0,37,001,00,2,1,01,B01
200900059025,0,07,000,00,2,4,15,A01
200900059025,0,33,000,00,2,1,01,B01
200900059026,0,07,000,00,2,1,01,A01
200900059026,0,07,000,00,2,0,01,B01
200900059027,0,10,000,00,2,3,01,A01
200900059027,0,02,000,00,2,1,01,B01
200900059028,0,07,000,00,2,6,04,A01
200900059028,0,32,000,00,2,7,01,B01
200900059029,0,31,000,00,2,2,01,A01
200900059029,0,01,000,00,2,6,01,B01
200900059030,0,33,000,00,2,1,01,A01
200900059030,0,07,000,00,2,5,16,B01
200900059031,0,07,000,00,2,1,01,B01
200900059031,0,07,000,01,2,8,01,A01
200900059032,0,07,000,13,0,1,13,A01
200900059033,0,07,000,00,1,1,01,A01
200900059033,0,01,000,00,2,4,00,B01
200900059034,0,02,000,01,0,1,14,A01
200900059035,0,33,000,01,0,1,21,A01
200900059035,0,07,000,00,0,0,09,B01
200900059036,0,07,000,00,2,2,09,A01
200900059036,0,33,000,00,2,3,01,B01
200900059037,0,31,000,00,1,1,01,A01
200900059038,0,31,000,00,0,0,01,B01
200900059038,0,07,000,00,0,0,01,A01
200900059039,0,31,000,00,1,0,01,A01
200900059040,0,01,000,02,0,0,00,A01
200900059041,0,07,000,00,2,1,01,B01
200900059041,0,01,000,00,2,1,00,A01
200900059042,0,07,000,00,2,1,01,A01
200900059042,0,07,000,00,2,7,01,B01
200900059043,0,02,000,08,0,1,00,A01
200900059044,0,01,000,00,2,4,00,B01
200900059044,0,07,000,00,2,3,01,A01
200900059045,0,30,000,00,2,1,02,A01
200900059045,0,07,000,00,2,8,02,B01
200900059045,0,07,000,00,2,7,02,C01
200900059045,0,07,000,00,2,4,02,D01
200900059046,0,07,000,00,2,3,02,B01
200900059046,0,02,000,00,2,5,23,A01
200900059047,0,33,000,00,2,1,01,B01
200900059047,0,07,000,00,2,1,09,A01
200900059048,0,07,000,09,0,1,13,A01
200900059049,0,33,000,00,2,1,01,B01
200900059049,0,07,000,00,2,1,09,A01
200900059050,0,14,000,00,2,2,01,B01
200900059050,0,07,000,00,2,1,01,A01
200900059051,0,07,000,00,2,1,01,B01
200900059051,0,02,000,00,2,7,01,A01
200900059052,0,33,000,00,2,7,15,B01
200900059052,0,02,000,00,2,7,15,C01
200900059052,0,07,000,00,2,3,00,A01
200900059053,0,31,000,00,2,1,01,A01
200900059053,0,07,000,00,2,4,02,B01
200900059054,0,07,000,00,2,1,02,A01
200900059054,0,07,000,00,0,4,01,B01
200900059055,0,02,000,00,2,8,01,B01
200900059055,0,07,000,00,2,1,01,A01
200900059056,0,30,000,12,0,1,01,A01
200900059057,0,07,000,00,2,7,06,A01
200900059057,0,07,000,00,2,1,01,B01
200900059058,0,07,000,00,2,7,16,B01
200900059058,0,33,000,00,2,2,01,A01
200900059059,0,33,000,00,0,0,00,A01
200900059060,0,02,000,00,2,1,01,B01
200900059060,0,07,000,00,2,7,15,A01
200900059061,0,07,000,00,2,6,15,A01
200900059061,0,02,000,00,2,0,01,B01
200900059062,0,02,000,00,2,1,13,A01
200900059062,0,31,000,00,2,1,01,B01
200900059063,0,02,000,00,2,5,01,A01
200900059063,0,07,000,00,2,3,15,B01
200900059064,0,01,000,00,2,1,00,B01
200900059064,0,07,000,00,2,1,00,A01
200900059065,0,33,000,09,0,1,14,A01
200900059066,0,07,000,00,1,1,01,A01
200900059067,0,07,000,00,0,8,23,B01
200900059067,0,30,000,00,2,2,00,A01
200900059068,0,07,000,00,2,1,02,A01
200900059068,0,07,000,00,0,4,02,B01
200900059069,0,31,000,00,2,7,01,B01
200900059069,0,07,000,00,2,1,15,A01
200900059070,0,33,000,00,2,7,17,A01
200900059070,0,10,000,00,2,3,01,B01
200900059071,0,10,000,00,2,6,15,A01
200900059071,0,02,000,00,2,1,01,B01
200900059072,0,30,000,00,2,7,01,B01
200900059072,0,07,000,00,2,6,04,A01
200900059073,0,02,000,00,2,1,01,B01
200900059073,0,07,000,00,2,2,15,A01
200900059074,0,31,000,00,2,7,01,B01
200900059074,0,07,000,00,2,3,10,A01
200900059075,0,07,000,00,1,2,01,A01
200900059076,0,33,000,00,2,2,01,B01
200900059076,0,07,000,00,2,1,09,A01
200900059077,0,30,000,00,2,8,01,B01
200900059077,0,10,000,00,2,4,04,A01
200900059078,0,07,000,00,2,2,14,A01
200900059078,0,01,000,00,2,4,01,B01
200900059079,0,07,000,00,2,2,16,A01
200900059079,0,01,000,00,2,8,01,B01
200900059080,0,02,000,00,2,1,01,B01
200900059080,0,07,000,00,2,3,09,A01
200900059081,0,07,000,00,2,3,15,A01
200900059081,0,02,000,00,2,1,01,B01
200900059082,0,07,000,00,2,1,01,A01
200900059082,0,07,000,00,2,2,15,B01
200900059083,0,31,000,00,2,1,01,B01
200900059083,0,07,000,00,2,6,04,A01
200900059084,0,31,000,00,2,2,01,B01
200900059084,0,07,000,00,2,6,11,A01
200900059085,0,31,000,00,2,1,02,B01
200900059085,0,07,000,00,2,6,15,A01
200900059086,0,07,000,00,2,3,13,A01
200900059086,0,31,000,00,2,8,01,B01
200900059087,0,07,000,00,1,1,01,A01
200900059088,0,30,000,00,0,0,01,A01
200900059089,0,07,000,00,1,6,04,A01
200900059090,0,07,000,00,2,3,01,A01
200900059090,0,33,000,00,2,5,09,B02
200900059091,0,14,000,00,2,2,02,A01
200900059091,0,30,000,00,0,4,02,B02
200900059092,0,33,000,05,0,7,01,A01
200900059093,0,07,000,00,2,4,02,C01
200900059093,0,07,000,00,2,1,01,A01
200900059093,0,07,000,00,2,4,02,B01
200900059094,0,07,000,00,2,4,02,B01
200900059094,0,07,000,00,2,1,01,A01
200900059095,0,32,000,00,1,1,01,A01
200900059096,0,32,000,00,0,0,01,A01
200900059096,0,07,000,00,0,0,01,B01
200900059097,0,07,000,06,0,3,01,A01
200900059098,0,38,003,00,1,2,01,A01
200900059099,0,07,000,13,0,2,14,A01
200900059100,0,30,000,00,1,1,17,A01
200900059101,0,02,000,00,0,7,01,B01
200900059101,1,07,000,00,2,8,16,A01
200900059102,0,07,000,16,2,7,15,A01
200900059102,0,07,000,14,2,1,01,B01
200900059103,0,07,000,00,0,2,09,A01
200900059103,0,33,000,00,0,6,01,B01
200900059104,0,07,000,00,2,5,01,A01
200900059104,0,07,000,00,2,1,01,B01
200900059105,0,07,000,00,2,3,19,A01
200900059105,0,07,000,00,2,2,01,B01
200900059106,0,33,000,00,2,1,01,B01
200900059106,0,07,000,00,2,3,15,A01
200900059107,0,07,000,00,1,7,01,A01
200900059108,0,01,000,00,2,1,01,A01
200900059108,0,07,000,00,2,4,23,B01
200900059109,0,34,000,00,2,1,01,B01
200900059109,0,07,000,00,2,3,15,A01
200900059110,0,01,000,00,2,8,15,A01
200900059110,0,32,000,00,2,2,01,B01
200900059111,0,01,000,00,0,1,13,A01
200900059111,0,07,000,00,0,0,02,B01
200900059112,0,07,000,00,0,0,00,A01
200900059113,0,38,005,02,0,2,01,A01
200900059114,0,07,000,15,0,9,01,A01
200900059115,0,07,000,16,0,9,01,A01
200900059116,0,33,000,13,0,1,17,A01
200900059117,0,07,000,02,0,7,13,A01
200900059118,0,10,000,13,0,3,01,A01
200900059118,0,10,000,00,2,2,17,B01
200900059119,0,07,000,13,0,2,01,A01
200900059120,0,07,000,00,2,1,02,A01
200900059120,0,07,000,00,2,6,02,C01
200900059120,0,07,000,00,2,3,02,D01
200900059120,0,07,000,00,2,7,02,B01
200900059121,0,07,000,00,2,1,02,A01
200900059121,0,07,000,00,2,4,02,B01
200900059122,0,30,000,00,2,4,15,B01
200900059122,0,07,000,00,2,1,15,A01
200900059123,0,07,000,00,2,4,02,C01
200900059123,0,07,000,00,2,1,02,A01
200900059123,0,07,000,00,2,4,02,B01
200900059124,0,07,000,00,2,1,15,A01
200900059124,0,07,000,00,2,1,01,B01
200900059125,0,07,000,00,2,2,01,B01
200900059125,0,07,000,00,2,3,15,A01
200900059126,0,07,000,04,0,9,01,A01
200900059126,1,17,000,00,2,0,01,Z01
200900059127,0,07,000,00,1,3,01,A01
200900059128,0,30,000,00,0,0,01,A01
200900059129,0,07,000,00,2,1,01,B01
200900059129,0,07,000,00,2,6,09,A01
200900059130,0,37,001,00,2,8,15,A01
200900059130,0,01,000,00,2,7,15,B01
200900059131,0,30,000,01,0,1,02,A01
200900059131,0,15,000,00,2,4,24,B01
200900059132,0,10,000,00,2,3,16,A01
200900059132,0,07,000,00,2,1,02,B01
200900059133,0,07,000,03,0,1,02,A01
200900059134,0,07,000,00,2,1,02,B01
200900059134,0,07,000,00,2,1,02,A01
200900059135,0,07,000,00,2,7,02,B01
200900059135,0,07,000,00,2,1,02,A01
200900059136,0,03,000,00,2,1,15,A01
200900059136,0,14,000,00,2,3,01,B01
200900059137,0,07,000,00,1,1,02,A01
200900059138,0,07,000,00,2,1,02,A01
200900059138,0,07,000,00,2,4,02,C01
200900059138,0,07,000,00,2,4,02,B01
200900059139,0,30,000,00,2,1,02,B01
200900059139,0,07,000,00,1,8,10,A01
200900059140,0,07,000,00,1,1,01,A01
200900059141,0,07,000,13,0,1,01,A01
200900059142,0,07,000,00,2,2,02,B01
200900059142,0,07,000,01,2,1,02,A01
200900059143,0,07,000,09,0,1,02,A01
200900059144,0,07,000,00,2,1,02,B01
200900059144,0,07,000,00,2,4,02,A01
200900059145,0,07,000,00,2,6,09,A01
200900059145,0,31,000,00,2,1,02,B01
200900059146,0,07,000,06,0,4,02,A01
200900059147,0,07,000,00,2,2,02,B01
200900059147,0,07,000,00,0,1,02,A01
200900059148,0,07,000,00,2,4,02,A01
200900059148,0,07,000,00,2,1,02,B01
200900059149,0,07,000,00,2,2,02,A01
200900059149,0,07,000,00,2,4,01,B01
200900059150,0,07,000,00,2,1,02,A01
200900059150,0,07,000,00,2,7,02,B01
200900059151,0,07,000,09,0,2,01,A01
200900059152,0,07,000,00,2,7,15,A01
200900059152,0,31,000,00,2,1,01,B01
200900059153,0,07,000,11,0,1,01,A01
200900059154,0,07,000,00,2,3,13,A01
200900059154,0,07,000,00,2,3,01,B01
200900059155,0,07,000,00,2,2,01,B01
200900059155,0,07,000,00,2,3,19,A01
200900059156,0,07,000,04,0,1,02,A01
200900059157,0,30,000,16,0,1,02,A01
200900059158,0,07,000,03,0,1,02,A01
200900059159,0,07,000,00,2,2,15,A01
200900059159,0,31,000,00,2,1,02,B01
200900059160,0,07,000,03,0,1,02,A01
200900059161,0,07,000,16,0,1,02,A01
200900059162,0,07,000,00,1,2,02,A01
200900059163,0,07,000,00,1,1,02,A01
200900059164,0,07,000,00,2,2,02,A01
200900059164,0,07,000,08,2,4,01,B01
200900059165,0,07,000,02,0,1,01,B01
200900059165,0,07,000,08,0,4,01,A01
200900059166,0,07,000,00,1,2,01,A01
200900059167,0,02,000,00,2,1,09,A01
200900059167,0,07,000,00,2,2,01,B02
200900059168,0,07,000,00,1,3,15,A01
200900059169,0,07,000,03,2,2,17,A01
200900059169,0,02,000,00,2,1,01,B02
200900059170,0,07,000,00,2,1,15,A01
200900059170,0,07,000,00,2,1,01,B02
200900059171,0,17,000,00,0,0,15,B02
200900059171,0,07,000,00,2,3,01,C03
200900059171,0,17,000,00,2,3,17,A01
200900059172,0,07,000,00,2,1,01,A01
200900059172,0,21,000,00,2,4,01,B02
200900059173,0,07,000,00,1,2,09,A01
200900059174,0,07,000,03,0,2,01,A01
200900059175,0,07,000,00,2,1,01,A01
200900059175,0,07,000,00,2,4,23,B02
200900059175,0,07,000,00,0,4,23,D04
200900059175,0,07,000,00,2,4,23,C03
200900059176,0,07,000,00,1,2,01,A01
200900059177,0,10,000,08,0,1,01,A01
200900059178,0,07,000,00,1,7,01,A01
200900059179,0,07,000,00,2,1,01,B02
200900059179,0,07,000,03,2,8,13,A01
200900059180,0,01,000,00,2,1,01,B02
200900059180,0,07,000,00,9,2,15,A01
200900059181,0,07,000,00,2,4,23,C03
200900059181,0,07,000,00,2,1,01,A01
200900059181,0,07,000,00,2,4,23,B02
200900059182,0,07,000,00,0,9,01,A01
200900059183,0,07,000,00,1,3,00,A01
200900059184,0,07,000,00,2,1,05,A01
200900059184,0,07,000,00,2,1,01,B02
200900059185,0,02,000,00,2,1,19,A01
200900059185,0,07,000,00,2,8,01,B02
200900059186,0,17,000,00,2,2,01,B02
200900059186,0,07,000,00,2,8,19,A01
200900059187,0,30,000,00,2,1,01,B02
200900059187,0,07,000,00,2,3,15,A01
200900059188,0,07,000,13,0,3,13,A01
200900059189,0,07,000,00,1,1,01,A01
200900059190,0,03,000,00,0,9,01,A01
200900059191,0,34,000,00,2,3,15,B01
200900059191,0,07,000,00,2,4,20,A01
200900059192,0,10,000,00,2,8,15,B01
200900059192,0,33,000,00,2,0,02,A01
200900059193,0,07,000,00,1,1,01,A01
200900059194,0,33,000,00,2,1,01,A01
200900059194,0,07,000,00,2,5,19,B01
200900059195,1,07,000,00,2,3,02,A01
200900059195,0,31,000,00,2,1,01,B01
200900059196,0,34,000,00,2,1,21,B01
200900059196,0,07,000,00,2,3,09,A01
200900059197,0,07,000,00,1,2,01,A01
200900059198,0,02,000,00,2,8,01,B01
200900059198,0,07,000,00,2,3,16,A01
200900059199,0,14,000,00,0,5,24,B01
200900059199,0,07,000,01,0,9,11,A01
200900059200,0,07,000,00,2,7,17,A01
200900059200,0,37,001,00,2,1,01,B01
200900059201,0,07,000,00,2,3,15,A01
200900059201,0,32,000,00,2,1,01,B01
200900059202,0,07,000,00,2,1,15,A01
200900059202,0,07,000,00,2,7,01,B01
200900059203,0,07,000,00,2,3,01,B01
200900059203,0,07,000,00,2,3,01,C01
200900059203,0,02,000,00,2,1,13,A01
200900059204,0,07,000,00,2,2,17,A01
200900059204,0,07,000,00,2,3,15,B02
200900059205,0,07,000,13,0,1,01,A01
200900059206,0,21,000,00,2,3,01,B02
200900059206,0,07,000,00,2,1,13,A01
200900059207,0,01,000,00,2,2,01,A01
200900059207,0,10,000,00,2,3,09,B02
200900059208,0,31,000,00,2,1,01,A01
200900059208,0,07,000,00,2,2,15,B02
200900059209,0,07,000,00,2,1,01,A01
200900059209,0,01,000,00,2,3,15,B02
200900059210,0,07,000,00,2,3,01,B02
200900059210,0,10,000,13,2,2,15,A01
200900059211,0,10,000,00,1,3,01,A01
200900059212,0,07,000,03,0,3,02,A01
200900059213,0,07,000,01,0,1,14,A01
200900059213,0,07,000,00,2,1,24,B02
200900059214,0,07,000,07,0,7,14,A01
200900059215,0,30,000,00,2,8,19,B02
200900059215,0,07,000,00,2,2,01,A01
200900059216,0,14,000,00,0,0,15,A01
200900059217,0,07,000,13,0,1,14,A01
200900059218,0,07,000,00,2,3,15,A01
200900059218,0,07,000,00,2,1,01,B02
200900059219,0,32,000,00,2,3,19,B02
200900059219,0,07,000,00,2,7,01,A01
200900059220,0,07,000,07,0,2,14,A01
200900059221,0,07,000,00,2,3,01,A01
200900059221,0,20,000,00,2,1,01,B02
200900059222,0,14,000,00,1,2,01,A01
200900059223,0,10,000,00,2,3,15,B01
200900059223,0,02,000,00,2,1,15,A01
200900059224,0,07,000,00,2,8,13,A01
200900059224,0,10,000,00,2,1,02,C01
200900059224,0,07,000,13,2,2,17,B01
200900059225,0,07,000,00,1,1,15,A01
200900059226,0,07,000,00,1,1,01,A01
200900059227,0,07,000,00,2,3,09,A01
200900059227,0,02,000,00,2,1,01,B01
200900059228,0,07,000,00,1,1,01,A01
200900059229,0,10,000,00,2,3,09,A01
200900059229,0,30,000,00,2,1,01,B01
200900059230,0,10,000,00,1,1,01,A01
200900059231,0,02,000,00,1,3,21,A01
200900059232,0,17,000,00,2,6,13,A01
200900059232,0,07,000,00,2,8,01,C01
200900059232,0,07,000,00,2,8,01,B01
200900059233,0,02,000,12,0,1,14,A01
200900059234,0,07,000,00,1,2,01,A01
200900059235,0,07,000,00,2,1,13,A01
200900059235,0,07,000,03,2,2,17,B01
200900059236,0,07,000,00,1,1,01,A01
200900059237,1,30,000,00,1,1,16,A01
200900059238,0,07,000,00,2,2,15,A01
200900059238,0,07,000,00,2,1,01,B01
200900059239,0,07,000,14,0,3,13,A01
200900059240,0,07,000,00,2,1,01,B01
200900059240,0,10,000,00,2,7,15,A01
200900059241,0,07,000,00,2,1,02,A01
200900059241,0,07,000,00,2,4,23,B01
200900059242,0,37,001,00,1,0,01,A01
200900059243,0,07,000,00,2,3,10,A01
200900059243,0,02,000,00,2,2,17,B01
200900059244,0,07,000,00,2,2,02,A01
200900059244,0,07,000,00,2,4,23,B01
200900059245,0,07,000,00,2,4,01,C01
200900059245,0,07,000,00,2,1,01,B01
200900059245,0,07,000,00,2,1,01,A01
200900059246,0,07,000,00,2,8,11,B01
200900059246,0,32,000,00,2,1,08,A01
200900059247,0,02,000,00,2,1,15,A01
200900059247,0,07,000,00,2,2,01,B01
200900059248,0,07,000,00,1,1,15,A01
200900059249,0,07,000,00,1,1,01,A01