Num_Acc,senc,catv,occutc,obs,obsm,choc,manv,num_veh
200900059636,0,10,000,00,2,6,13,A01
200900059636,0,07,000,00,2,1,01,B01
200900059637,0,07,000,00,2,2,15,A01
200900059637,0,02,000,00,2,1,01,B01
200900059638,0,07,000,00,1,5,04,A01
200900059639,0,31,000,00,2,8,00,B01
200900059639,0,07,000,00,2,8,00,A01
200900059640,0,07,000,02,0,8,01,A01
200900059641,0,15,000,00,0,0,01,A01
200900059642,0,07,000,03,0,2,14,A01
200900059643,0,07,000,13,0,1,01,A01
200900059644,0,07,000,02,0,1,00,A01
200900059645,0,07,000,02,0,4,01,A01
200900059646,0,07,000,00,2,3,15,B02
200900059646,0,07,000,00,2,1,01,A01
200900059647,0,30,000,00,2,1,01,A01
200900059647,0,07,000,00,2,2,15,B01
200900059648,0,02,000,00,0,0,00,A01
200900059649,0,07,000,01,0,1,13,A01
200900059650,0,07,000,15,0,1,01,A01
200900059651,0,31,000,00,2,2,01,A01
200900059651,0,07,000,00,0,7,15,B01
200900059652,0,33,000,00,2,1,01,A01
200900059652,0,07,000,00,2,8,15,B01
200900059653,0,33,000,00,2,1,17,A01
200900059653,0,07,000,00,2,8,15,B01
200900059654,1,07,000,00,1,0,01,A01
200900059655,0,07,000,00,2,3,01,B01
200900059655,0,07,000,00,2,2,15,A01
200900059656,0,07,000,00,2,1,01,A01
200900059656,0,07,000,00,2,4,01,B01
200900059657,0,07,000,00,1,4,04,A01
200900059658,0,37,000,00,1,3,01,A01
200900059659,0,07,000,00,2,1,01,C01
200900059659,0,07,000,00,2,1,01,A01
200900059659,0,34,000,00,2,7,15,B01
200900059660,0,07,000,00,1,1,01,A01
200900059661,0,07,000,00,1,7,01,A01
200900059662,0,07,000,00,2,3,15,B01
200900059662,0,07,000,00,2,1,01,A01
200900059663,0,07,000,00,1,2,01,A01
200900059664,0,07,000,00,2,6,04,A01
200900059664,0,02,000,00,2,2,00,B01
200900059665,0,07,000,00,1,2,01,A01
200900059666,0,07,000,00,0,1,01,A01
200900059666,0,01,000,00,0,0,01,B01
200900059667,0,07,000,00,2,3,01,B01
200900059667,0,07,000,00,2,3,05,A01
200900059668,0,02,000,00,2,1,01,B01
200900059668,0,07,000,00,2,2,09,A01
200900059669,0,07,000,00,2,8,15,B01
200900059669,0,07,000,00,2,3,01,A01
200900059670,0,02,000,00,2,1,17,A01
200900059670,0,07,000,00,2,6,15,B01
200900059671,0,07,000,00,2,3,01,B01
200900059671,0,07,000,00,2,7,01,A01
200900059672,0,07,000,,1,0,01,A01
200900059673,0,07,000,01,2,5,00,A01
200900059673,0,07,000,00,2,2,23,B01
200900059674,2,07,000,00,2,1,01,A01
200900059674,0,07,000,01,2,6,00,B01
200900059675,0,07,000,15,0,3,00,A01
200900059676,0,07,000,00,0,5,12,A01
200900059676,0,33,000,00,2,3,01,B01
200900059677,0,07,000,00,2,1,05,A01
200900059677,0,07,000,00,2,1,01,B01
200900059678,0,07,000,00,2,2,01,A01
200900059678,0,07,000,00,2,1,01,B01
200900059679,0,07,000,00,1,2,01,A01
200900059680,0,30,000,13,2,1,05,A01
200900059680,0,21,000,00,2,3,01,B02
200900059681,0,07,000,00,2,6,01,A01
200900059681,0,10,000,00,2,1,01,B02
200900059682,0,10,000,00,2,3,01,B02
200900059682,0,07,000,00,2,1,06,A01
200900059683,0,07,000,02,0,3,01,A01
200900059684,0,07,000,00,2,2,01,B02
200900059684,0,07,000,00,2,1,19,A01
200900059685,0,10,000,01,2,6,24,A01
200900059685,0,15,000,01,2,2,14,B02
200900059686,0,02,000,00,0,8,02,B02
200900059686,0,17,000,00,2,7,17,A01
200900059687,0,07,000,00,2,3,19,A01
200900059687,0,33,000,00,2,1,01,B02
200900059688,0,07,000,00,2,8,01,B02
200900059688,0,07,000,00,2,1,01,A01
200900059689,0,07,000,02,0,1,01,A01
200900059690,0,07,000,00,0,2,01,A01
200900059690,0,30,000,00,0,4,01,B02
200900059691,0,33,000,08,0,1,01,A01
200900059692,0,07,000,00,0,3,01,A01
200900059693,0,07,000,02,0,7,01,A01
200900059694,0,07,000,00,2,4,23,C01
200900059694,0,07,000,00,2,6,13,B01
200900059694,0,07,000,00,2,8,03,A01
200900059695,0,07,000,02,0,6,01,A01
200900059696,0,07,000,00,2,1,00,D04
200900059696,0,07,000,00,2,1,00,E05
200900059696,0,07,000,00,2,1,02,C03
200900059696,0,07,000,04,0,3,01,A01
200900059696,0,07,000,00,2,1,02,B02
200900059697,0,07,000,00,2,3,13,A01
200900059697,0,07,000,13,0,2,21,C03
200900059697,0,07,000,00,2,3,01,B02
200900059698,0,07,000,04,0,3,01,A01
200900059699,0,07,000,13,0,3,01,A01
200900059700,0,07,000,00,2,1,01,A01
200900059700,0,07,000,00,2,1,01,B02
200900059701,0,07,000,00,2,2,01,A01
200900059701,1,07,000,00,2,6,13,B01
200900059702,0,07,000,00,0,8,01,A01
200900059702,0,17,000,00,2,2,12,B01
200900059703,0,07,000,00,0,5,02,A01
200900059703,0,33,000,00,0,1,02,B01
200900059704,0,33,000,16,0,2,02,A01
200900059705,0,31,000,00,2,1,01,A01
200900059705,0,07,000,00,2,8,15,B02
200900059706,0,31,000,00,0,0,02,A01
200900059706,0,10,000,00,0,0,02,B01
200900059707,0,33,000,00,0,7,01,A01
200900059708,0,07,000,00,0,8,14,A01
200900059708,0,02,000,00,0,1,17,B01
200900059709,0,33,000,02,0,1,01,A01
200900059710,0,07,000,00,2,1,01,B01
200900059710,0,15,000,00,2,7,01,A01
200900059711,0,07,000,02,0,8,00,A01
200900059712,0,07,000,00,0,9,01,A01
200900059713,0,07,000,00,2,7,15,A01
200900059713,0,33,000,00,2,1,01,B01
200900059714,0,30,000,00,2,2,02,A01
200900059714,0,07,000,00,9,3,02,B01
200900059715,0,33,000,00,2,8,03,B01
200900059715,0,07,000,00,2,7,12,A01
200900059716,0,07,000,00,2,2,01,B01
200900059716,0,07,000,00,2,3,01,A01
200900059717,0,02,000,00,0,7,16,A01
200900059718,0,33,000,00,0,7,02,A01
200900059719,0,07,000,00,2,5,24,D01
200900059719,0,33,000,00,2,9,00,B01
200900059719,0,07,000,00,2,3,15,A01
200900059719,0,33,000,00,2,9,00,C01
200900059720,0,31,000,12,0,2,02,A01
200900059721,0,33,000,14,9,1,00,A01
200900059722,0,31,000,01,0,1,01,A01
200900059723,0,38,009,00,0,3,01,B01
200900059723,0,07,000,00,2,3,13,A01
200900059724,0,07,000,00,2,1,02,A01
200900059724,0,07,000,00,0,4,23,B01
200900059725,0,33,000,00,2,7,12,A01
200900059725,0,07,000,00,2,8,02,B01
200900059726,1,07,000,00,2,3,13,C03
200900059726,0,33,000,00,2,7,00,A01
200900059726,0,15,000,00,2,3,01,B02
200900059727,0,33,000,00,0,8,01,A01
200900059728,0,15,000,00,0,8,16,A01
200900059729,0,07,000,00,0,1,02,A01
200900059729,0,07,000,00,0,4,02,B02
200900059730,0,07,000,00,0,4,00,B01
200900059730,0,07,000,00,2,1,12,A01
200900059730,0,07,000,00,0,6,00,C01
200900059731,0,07,000,00,2,1,01,A01
200900059731,0,07,000,00,2,1,13,B02
200900059732,0,31,000,00,2,3,01,A01
200900059732,0,33,000,00,2,3,01,B02
200900059733,0,30,000,00,2,1,01,B01
200900059733,0,07,000,00,2,8,10,A01
200900059734,0,07,000,00,2,7,12,A01
200900059734,0,32,000,00,2,1,03,B01
200900059735,0,07,000,00,0,8,10,A01
200900059735,0,33,000,00,2,1,01,B01
200900059736,0,33,000,00,1,2,03,A01
200900059737,0,07,000,00,2,1,02,B01
200900059737,0,07,000,00,0,9,12,A01
200900059738,0,07,000,00,0,4,23,A01
200900059738,0,07,000,00,2,1,02,B01
200900059739,0,10,000,00,2,1,01,A01
200900059739,0,07,000,00,0,5,01,B02
200900059740,0,33,000,00,2,6,01,B01
200900059740,0,07,000,00,2,3,15,A01
200900059741,0,07,000,00,1,3,01,A01
200900059741,0,07,000,00,1,1,01,B01
200900059742,0,10,000,00,2,2,01,B01
200900059742,0,07,000,00,2,6,21,A01
200900059743,0,07,000,00,2,4,02,B01
200900059743,0,10,000,00,2,1,02,A01
200900059744,0,07,000,00,2,1,05,A01
200900059744,0,07,000,00,2,1,01,B01
200900059745,0,07,000,00,2,6,11,A01
200900059745,0,33,000,00,2,1,01,B01
200900059746,0,07,000,00,2,4,14,A01
200900059746,0,33,000,00,2,1,01,B01
200900059747,0,07,000,00,0,8,11,A01
200900059747,0,07,000,00,0,5,01,B01
200900059748,0,07,000,10,0,1,01,A01
200900059749,0,32,000,00,0,8,03,A01
200900059750,0,33,000,00,0,7,09,A01
200900059751,0,07,000,00,2,1,15,A01
200900059751,0,01,000,00,2,2,21,B01
200900059752,0,07,000,00,0,0,11,A01
200900059753,0,16,000,00,2,3,01,B01
200900059753,0,07,000,00,2,5,12,A01
200900059754,0,15,000,00,2,2,00,A01
200900059754,0,07,000,00,2,6,00,B01
200900059755,0,07,000,12,0,3,01,A01
200900059756,0,30,000,00,2,1,13,A01
200900059756,0,07,000,00,2,2,01,B01
200900059757,0,07,000,01,0,6,24,B01
200900059757,0,17,000,00,2,1,02,A01
200900059758,0,07,000,00,2,7,01,B01
200900059758,0,01,000,00,2,0,00,A01
200900059759,0,07,000,00,2,3,15,A01
200900059759,0,07,000,00,2,3,01,B01
200900059760,0,07,000,00,0,3,15,B01
200900059760,0,33,000,00,2,2,17,A01
200900059761,0,02,000,08,0,1,01,A01
200900059762,0,07,000,01,0,1,14,A01
200900059763,0,10,000,02,0,1,14,A01
200900059764,0,02,000,00,2,1,18,A01
200900059764,0,07,000,00,2,7,16,B01
200900059765,1,07,000,00,2,8,13,A01
200900059765,0,07,000,00,2,8,01,B01
200900059766,0,07,000,14,0,1,00,A01
200900059767,0,07,000,00,2,1,01,D01
200900059767,0,07,000,01,2,9,00,A01
200900059768,0,33,000,00,0,1,01,A01
200900059769,0,10,000,00,2,2,05,A01
200900059769,0,07,000,00,2,1,02,B01
200900059770,0,07,000,00,2,1,15,A01
200900059770,0,01,000,00,2,1,01,B01
200900059771,0,33,000,00,2,1,02,B01
200900059771,0,07,000,00,0,5,02,A01
200900059772,0,07,000,01,0,7,00,C01
200900059772,0,14,000,00,2,6,11,A01
200900059772,0,10,000,00,2,2,01,B01
200900059772,0,15,000,00,2,6,24,D01
200900059773,0,33,000,00,2,1,17,B01
200900059773,0,07,000,00,2,8,10,A01
200900059774,0,01,000,01,0,1,01,A01
200900059775,0,01,000,00,2,1,19,B01
200900059775,0,07,000,00,1,1,01,A01
200900059776,0,07,000,00,2,3,01,A01
200900059776,0,07,000,00,2,1,01,B02
200900059777,0,33,000,00,2,1,17,A01
200900059777,0,10,000,00,0,8,15,B02
200900059778,0,07,000,13,0,1,16,A01
200900059779,0,07,000,00,0,0,01,B02
200900059779,0,30,000,00,2,0,09,A01
200900059780,0,10,000,00,0,1,01,B02
200900059780,0,07,000,00,0,4,15,A01
200900059781,0,07,000,00,0,2,13,A01
200900059782,0,07,000,13,0,9,01,A01
200900059783,0,02,000,16,0,3,01,A01
200900059784,0,07,000,13,0,9,01,A01
200900059785,0,10,000,00,2,3,15,A01
200900059785,0,33,000,00,2,1,17,B02
200900059786,0,33,000,11,0,1,01,A01
200900059787,0,07,000,00,2,1,01,A01
200900059787,0,07,000,00,2,7,01,B02
200900059788,0,02,000,00,0,0,01,A01
200900059789,0,07,000,08,0,3,01,A01
200900059790,0,07,000,04,0,3,11,A01
200900059791,0,07,000,03,0,0,11,A01
200900059791,0,07,000,00,2,2,01,B02
200900059792,0,07,000,00,2,8,13,A01
200900059792,0,02,000,11,2,7,01,B01
200900059793,0,07,000,00,1,2,01,A01
200900059794,0,10,000,00,1,4,04,A01
200900059795,0,07,000,00,2,8,09,A01
200900059795,0,33,000,00,2,1,01,B01
200900059796,0,02,000,00,2,1,17,B01
200900059796,0,07,000,00,0,4,15,A01
200900059797,0,07,000,00,2,3,15,A01
200900059797,0,07,000,11,2,1,01,B01
200900059798,0,07,000,03,2,1,02,A01
200900059798,0,32,000,00,2,4,01,B01
200900059799,0,07,000,00,2,4,02,B01
200900059799,0,07,000,00,0,4,02,C01
200900059799,0,07,000,00,2,1,02,A01
200900059800,0,10,000,00,2,2,00,B01
200900059800,0,10,000,00,2,9,00,A01
200900059801,0,10,000,00,2,8,23,B01
200900059801,0,02,000,01,0,1,01,A01
200900059802,0,02,000,00,0,4,02,B01
200900059802,0,33,000,00,2,1,02,A01
200900059803,0,07,000,00,2,2,15,A01
200900059803,0,33,000,00,2,1,01,B01
200900059804,0,07,000,13,0,5,01,A01
200900059805,0,07,000,00,2,3,02,B01
200900059805,0,07,000,00,2,3,19,A01
200900059806,0,07,000,00,2,3,01,A01
200900059806,0,01,000,00,2,4,15,B02
200900059807,0,07,000,00,2,8,19,A01
200900059807,0,33,000,00,2,1,01,B02
200900059808,0,07,000,00,2,3,13,B02
200900059808,0,14,000,00,2,3,01,A01
200900059809,0,07,000,00,0,4,02,A01
200900059809,0,07,000,00,0,3,02,B02
200900059810,0,01,000,00,2,8,16,B02
200900059810,0,03,000,00,9,1,15,A01
200900059811,0,36,000,00,0,6,02,B02
200900059811,0,33,000,00,2,2,02,A01
200900059812,0,07,000,04,0,3,21,A01
200900059813,0,07,000,00,0,3,00,A01
200900059813,0,07,000,00,0,2,00,B02
200900059814,0,07,000,00,2,3,02,A01
200900059814,0,07,000,00,0,4,02,C03
200900059814,0,07,000,00,2,4,02,B02
200900059815,0,07,000,00,9,5,09,B02
200900059815,0,33,000,00,2,1,01,A01
200900059816,0,33,000,12,0,2,01,A01
200900059817,0,07,000,00,0,3,01,A01
200900059817,0,01,000,00,0,1,13,B02
200900059818,0,33,000,00,0,8,01,A01
200900059819,0,07,000,00,1,2,01,A01
200900059820,0,07,000,00,2,8,01,A01
200900059820,0,07,000,00,0,1,19,B02
200900059821,0,07,000,02,0,8,14,A01
200900059822,0,15,000,00,2,1,13,A01
200900059822,0,07,000,00,2,3,01,B02
200900059823,0,14,000,00,0,4,13,B02
200900059823,0,07,000,00,0,1,02,A01
200900059824,0,07,000,16,0,1,21,A01
200900059825,0,15,000,00,0,5,02,A01
200900059825,0,01,000,00,0,3,02,B02
200900059826,0,10,000,02,0,1,00,A01
200900059827,0,07,000,00,1,3,13,A01
200900059828,0,07,000,00,0,0,14,A01
200900059829,0,02,000,00,2,1,01,A01
200900059829,0,07,000,00,2,5,01,B02
200900059830,0,07,000,13,0,1,19,A01
200900059831,0,17,000,00,0,0,00,A01
200900059832,0,33,000,00,2,1,01,A01
200900059833,0,07,000,00,2,3,13,A01
200900059833,0,07,000,00,2,3,14,B02
200900059834,0,07,000,00,0,0,01,A01
200900059834,0,07,000,00,0,9,00,B01
200900059835,0,07,000,03,0,1,01,A01
200900059836,0,37,000,00,1,7,09,A01
200900059837,0,07,000,00,1,2,00,A01
200900059838,0,30,000,00,2,1,17,B01
200900059838,0,07,000,00,2,2,01,A01
200900059839,1,07,000,00,1,1,01,A01
200900059840,0,07,000,00,1,1,01,A01
200900059841,0,02,000,00,2,1,01,B01
200900059841,0,07,000,00,2,2,15,A01
200900059842,0,07,000,00,2,8,09,B01
200900059842,0,34,000,00,2,2,01,A01
200900059843,0,15,000,00,2,2,02,A01
200900059843,0,07,000,00,2,4,01,B01
200900059844,0,07,000,15,0,2,14,A01
200900059845,0,07,000,13,0,1,01,A01
200900059846,0,07,000,00,2,6,01,A01
200900059846,0,07,000,00,2,2,02,B01
200900059847,0,13,000,00,2,1,02,B01
200900059847,0,07,000,00,0,4,01,A01
200900059848,0,15,000,00,2,1,01,A01
200900059848,0,07,000,00,0,8,09,B01
200900059849,0,07,000,03,0,8,01,A01
200900059850,0,07,000,06,0,9,21,A01
200900059851,0,07,000,00,0,4,02,A01
200900059851,0,07,000,00,2,1,02,B01
200900059852,0,33,000,00,2,0,01,A01
200900059853,0,33,000,00,2,8,09,A01
200900059853,0,17,000,00,2,2,01,B01
200900059854,0,07,000,13,0,0,21,A01
200900059855,1,07,000,00,2,1,00,B01
200900059855,0,31,000,00,0,4,01,A01
200900059856,0,31,000,00,0,1,02,A01
200900059857,0,07,000,16,0,2,14,A01
200900059858,0,07,000,00,2,6,02,C01
200900059858,0,07,000,00,0,1,21,A01
200900059858,0,07,000,00,9,1,02,B01
200900059858,0,07,000,00,9,1,02,D01
200900059859,0,33,000,00,2,1,03,A01
200900059859,0,15,000,00,0,5,01,B01
200900059860,0,07,000,00,2,1,14,B01
200900059860,0,07,000,03,0,4,00,A01
200900059861,0,07,000,00,2,8,00,B01
200900059861,0,07,000,00,2,1,00,A01
200900059862,0,37,001,00,1,7,01,A01
200900059863,0,33,000,00,0,7,18,A01
200900059864,0,07,000,13,2,1,13,A01
200900059864,0,14,000,13,2,3,01,B01
200900059865,0,07,000,00,2,1,02,A01
200900059865,0,07,000,00,1,4,23,B01
200900059866,0,07,000,00,2,8,01,B01
200900059866,0,07,000,00,2,8,00,D01
200900059866,0,07,000,00,2,1,00,E01
200900059866,0,07,000,00,2,6,00,C01
200900059866,0,33,000,00,2,1,05,A01
200900059867,0,16,000,04,0,1,01,A01
200900059868,0,07,000,00,2,1,17,A01
200900059868,0,07,000,00,2,3,15,B01
200900059869,0,07,000,00,0,0,15,B01
200900059869,0,02,000,12,0,0,21,A01
200900059870,1,07,000,00,1,0,00,A01
200900059871,0,07,000,00,1,3,23,B01
200900059871,0,07,000,00,1,2,01,A01
200900059872,0,07,000,00,1,4,04,A01
200900059873,0,33,000,00,2,8,09,A01
200900059873,0,07,000,00,0,5,00,B01
200900059874,0,07,000,00,0,3,01,B01
200900059874,0,07,000,00,2,3,01,C01
200900059874,2,07,000,00,0,3,13,A01
200900059875,0,33,000,12,0,1,01,A01
200900059876,0,07,000,00,2,1,02,B01
200900059876,0,07,000,00,0,7,01,A01
200900059876,0,07,000,00,0,8,01,C01
200900059877,0,07,000,00,2,4,15,A01
200900059877,0,07,000,00,2,1,01,B01
200900059878,0,07,000,00,1,1,02,A01
200900059879,0,07,000,13,2,3,14,B01
200900059879,0,07,000,00,2,3,13,A01
200900059880,0,07,000,00,2,7,13,A01
200900059880,0,07,000,00,2,1,02,B01
200900059881,0,07,000,00,2,4,23,B01
200900059881,0,02,000,00,0,0,00,A01
200900059882,0,07,000,00,1,3,01,A01
200900059883,0,10,000,00,0,3,02,B01
200900059883,0,30,000,00,0,7,02,A01
200900059884,0,10,000,00,1,3,00,A01
200900059885,1,07,000,00,0,0,00,A01
200900059886,0,07,000,13,2,1,01,B01
200900059886,0,07,000,00,2,3,19,A01
200900059887,0,01,000,00,1,1,01,A01
200900059888,0,10,000,00,2,1,02,A01
200900059888,0,07,000,00,2,4,02,C01
200900059888,0,07,000,00,2,9,02,B01
200900059889,0,33,000,00,2,1,02,A01
200900059889,0,07,000,00,2,5,01,B01
200900059890,0,14,000,00,2,1,02,A01
200900059890,0,07,000,00,2,4,02,B01
200900059891,0,07,000,00,0,6,11,A01
200900059891,0,31,000,00,2,1,01,B01
200900059892,0,07,000,00,1,2,01,A01
200900059893,0,07,000,08,0,7,09,A01
200900059894,0,07,000,00,9,1,09,A01
200900059894,0,01,000,00,2,1,01,B01
200900059895,0,34,000,15,0,1,01,A01
200900059896,0,14,000,00,1,1,01,A01
200900059897,0,07,000,00,2,1,02,A01
200900059897,0,07,000,00,0,4,02,B02
200900059898,0,07,000,03,0,9,01,A01
200900059899,0,15,000,00,2,1,01,B02
200900059899,0,03,000,00,2,7,01,A01
200900059900,0,10,000,13,0,3,14,A01
200900059901,0,15,000,00,0,6,02,B02
200900059901,0,07,000,00,2,1,02,A01
200900059902,0,07,000,11,0,1,01,A01
200900059903,0,07,000,00,1,3,01,A01
200900059904,0,07,000,08,0,2,01,A01
200900059905,0,07,000,00,2,5,15,A01
200900059905,0,07,000,00,2,2,01,B02
200900059906,0,07,000,00,2,3,00,A01
200900059906,0,07,000,00,2,3,00,B02
200900059907,0,33,000,00,6,1,01,A01
200900059908,0,07,000,16,0,9,01,A01
200900059909,0,33,000,00,2,1,01,B02
200900059909,0,33,000,00,2,4,15,A01
200900059910,0,07,000,00,2,3,01,B02
200900059910,0,07,000,00,2,7,09,A01
200900059911,0,07,000,06,0,1,14,A01
200900059912,0,10,000,01,0,2,01,A01
200900059913,0,07,000,00,2,8,01,A01
200900059913,0,07,000,09,2,1,05,B02
200900059914,0,07,000,13,2,1,01,A01
200900059914,0,07,000,00,0,0,19,B02
200900059915,0,14,000,00,2,3,01,B02
200900059915,0,07,000,00,2,3,13,A01
200900059916,0,07,000,00,2,3,01,B02
200900059916,0,07,000,00,2,1,13,A01
200900059917,0,07,000,00,2,8,15,B02
200900059917,0,02,000,00,2,1,19,A01
200900059918,0,07,000,00,2,8,15,A01
200900059918,0,10,000,00,2,2,17,B02
200900059919,0,02,000,12,0,2,01,A01
200900059920,0,07,000,15,0,1,00,A01
200900059921,0,07,000,00,2,7,15,A01
200900059921,0,33,000,00,2,1,01,B01
200900059922,0,37,001,00,2,1,01,B01
200900059922,0,07,000,00,2,3,09,A01
200900059923,0,07,000,00,2,1,00,A01
200900059923,0,07,000,00,2,1,00,B01
200900059924,0,07,000,00,1,1,15,A01
200900059925,0,07,000,00,2,1,01,A01
200900059925,0,07,000,00,2,1,01,B01
200900059926,0,30,000,16,0,2,01,A01
200900059927,0,07,000,00,1,1,00,A01
200900059928,0,07,000,00,2,1,01,A01
200900059928,0,07,000,00,2,4,01,B01
200900059929,0,07,000,00,0,7,01,A01
200900059930,0,07,000,00,1,2,02,A01
200900059931,0,07,000,00,2,2,01,A01
200900059931,0,07,000,00,2,1,01,B01
200900059932,0,33,000,07,2,8,05,A01
200900059933,0,07,000,00,1,3,01,A01
200900059934,1,07,000,00,2,3,15,A01
200900059934,0,07,000,00,2,8,15,B01
200900059935,0,07,000,04,0,1,01,A01
200900059936,0,10,000,00,2,5,02,B01
200900059936,0,07,000,00,2,1,02,A01
200900059937,0,07,000,14,9,1,00,C01
200900059937,0,07,000,00,2,2,14,B01
200900059937,0,07,000,00,2,6,18,A01
200900059937,0,07,000,14,9,1,00,D01
200900059938,0,07,000,07,0,8,02,A01
200900059939,0,07,000,00,2,1,01,A01
200900059939,0,07,000,00,0,7,13,B01
200900059940,0,07,000,00,0,0,00,A01
200900059941,0,07,000,00,0,0,17,A01
200900059942,0,07,000,05,0,8,01,A01
200900059943,0,07,000,00,0,4,01,A01
200900059943,0,07,000,00,2,1,02,B01
200900059944,0,33,000,00,0,0,09,A01
200900059945,0,07,000,00,2,3,13,A01
200900059945,0,33,000,00,2,2,03,B01
200900059946,0,07,000,03,0,9,00,A01
200900059947,0,07,000,03,2,4,01,A01
200900059948,0,14,000,03,0,7,01,A01
200900059949,0,07,000,04,0,8,00,A01
200900059950,0,07,000,00,0,1,00,A01
200900059951,0,07,000,00,2,6,11,A01
200900059951,0,07,000,00,2,2,01,B01
200900059952,0,07,000,03,0,1,15,A01
200900059953,0,07,000,00,2,1,02,A01
200900059953,0,07,000,03,0,4,01,B01
200900059954,0,07,000,00,2,3,02,A01
200900059954,0,01,000,00,0,4,01,B01
200900059955,0,99,000,00,1,1,01,A01
200900059956,0,07,000,04,0,1,02,A01
200900059957,0,07,000,07,0,1,00,A01
200900059958,1,07,000,00,1,1,02,A01
200900059959,0,07,000,00,1,1,01,A01
200900059960,0,07,000,00,2,1,11,A01
200900059960,0,30,000,00,2,1,01,B01
200900059961,0,02,000,00,2,8,00,B01
200900059961,0,07,000,00,2,1,00,A01
200900059962,0,07,000,00,1,3,15,A01
200900059963,0,10,000,00,1,1,00,A01
200900059964,0,33,000,00,2,5,02,B01
200900059964,0,33,000,00,2,3,02,A01
200900059965,0,07,000,00,9,7,02,A01
200900059965,0,01,000,00,2,8,02,B01
200900059966,0,07,000,00,0,0,01,A01
200900059966,0,07,000,00,2,8,23,C01
200900059966,0,07,000,00,2,3,23,D01
200900059966,0,07,000,01,0,1,01,B01
200900059967,0,33,000,03,0,0,00,A01
200900059968,0,07,000,00,2,1,13,A01
200900059968,0,10,000,00,2,1,01,B01
200900059969,1,07,000,00,1,2,01,A01
200900059970,0,14,000,03,2,1,13,A01
200900059970,0,07,000,00,2,1,01,B01
200900059971,0,07,000,00,1,3,15,A01
200900059972,0,07,000,01,2,1,02,A01
200900059972,0,07,000,00,2,4,02,B01
200900059973,0,07,000,16,0,9,11,A01
200900059974,0,15,000,00,2,8,01,A01
200900059974,0,07,000,03,2,7,14,B01
200900059975,0,07,000,00,0,4,02,A01
200900059975,0,07,000,00,2,1,02,B01
200900059976,0,17,000,00,2,2,14,A01
200900059976,0,07,000,00,0,6,01,B01
200900059977,0,07,000,04,2,7,00,A01
200900059977,0,07,000,03,0,1,00,C01
200900059977,0,07,000,03,0,1,00,D01
200900059977,0,10,000,00,2,8,01,B01
200900059978,0,07,000,00,2,7,01,C01
200900059978,0,07,000,00,0,6,23,A01
200900059978,0,15,000,01,2,2,02,B01
200900059979,0,07,000,03,2,7,02,A01
200900059979,0,07,000,03,2,6,02,B01
200900059980,0,07,000,00,2,4,02,B01
200900059980,0,10,000,00,2,1,02,C01
200900059980,0,07,000,03,0,4,02,A01
200900059981,0,07,000,00,0,4,02,A01
200900059981,0,07,000,00,2,1,02,B01
200900059982,0,07,000,04,0,1,01,A01
200900059983,0,13,000,00,0,7,00,A01
200900059984,0,07,000,00,0,0,01,A01
200900059985,0,07,000,00,9,3,01,C03
200900059985,0,07,000,00,2,3,13,A01
200900059985,0,07,000,00,2,3,01,B02
200900059986,0,07,000,00,2,3,15,A01
200900059986,0,07,000,00,2,3,01,B02
200900059987,0,07,000,00,1,1,01,A01
200900059988,0,07,000,00,1,2,01,A01
200900059989,0,10,000,00,2,3,21,B02
200900059989,0,07,000,00,2,7,13,A01
200900059990,0,07,000,06,0,2,01,A01
200900059991,0,07,000,00,2,1,01,A01
200900059991,0,07,000,00,2,4,01,B01
200900059992,0,07,000,00,2,1,00,A01
200900059992,0,07,000,00,2,1,00,B01
200900059993,0,10,000,00,2,1,02,A01
200900059993,0,07,000,00,2,4,02,B01
200900059994,0,30,000,00,2,1,00,B01
200900059994,0,07,000,00,2,0,09,A01
200900059995,0,07,000,00,1,1,15,A01
200900059996,0,10,000,00,2,2,00,B01
200900059996,0,10,000,00,2,1,00,A01
200900059997,0,07,000,00,1,4,04,A01
200900059998,0,10,000,00,2,2,15,A01
200900059998,0,07,000,00,2,1,02,B01
200900059999,0,07,000,00,1,6,01,A01
200900060000,0,07,000,13,0,1,01,A01
200900060001,0,07,000,00,2,1,15,A01
200900060001,0,02,000,00,2,1,01,B01
200900060002,0,07,000,13,0,3,13,A01
200900060003,0,07,000,00,0,4,02,B01
200900060003,0,07,000,00,2,1,02,A01
200900060004,0,33,000,00,2,8,19,A01
200900060004,0,07,000,00,0,8,01,C01
200900060004,0,33,000,14,9,1,01,B01
200900060005,0,13,000,00,1,1,01,A01
200900060006,0,07,000,00,0,0,15,B01
200900060007,0,07,000,00,2,3,01,A01
200900060007,0,30,000,00,2,1,01,B01
200900060008,0,01,000,00,0,4,02,B01
200900060008,0,07,000,00,9,2,02,A01
200900060009,0,07,000,00,2,7,01,B01
200900060009,0,07,000,01,2,1,01,A01
200900060010,0,01,000,00,2,2,00,A01
200900060010,0,99,000,00,9,3,02,B01
200900060011,0,01,000,00,2,1,05,A01
200900060011,0,07,000,00,2,1,01,B01
200900060012,0,01,000,00,2,1,01,B01
200900060012,0,07,000,00,2,2,09,A01
200900060013,0,07,000,00,2,8,15,B01
200900060013,0,07,000,00,2,1,01,A01
200900060014,0,14,000,00,2,1,01,A01
200900060014,0,01,000,00,2,7,15,B01