Num_Acc,senc,catv,occutc,obs,obsm,choc,manv,num_veh
200900060387,0,30,000,00,0,1,00,A01
200900060388,0,07,000,00,2,1,00,A01
200900060388,0,07,000,00,0,4,00,B01
200900060389,0,33,000,00,2,8,01,B01
200900060389,0,07,000,00,2,3,11,A01
200900060390,0,01,000,00,2,1,01,B01
200900060390,0,07,000,00,2,3,15,A01
200900060391,0,07,000,00,1,2,01,A01
200900060392,0,07,000,00,2,3,09,A01
200900060392,0,02,000,00,2,1,01,B01
200900060393,0,07,000,00,1,3,15,A01
200900060394,0,07,000,00,2,1,19,A01
200900060394,0,07,000,00,2,1,02,C01
200900060394,0,07,000,00,2,1,02,B01
200900060395,0,07,000,08,0,6,01,A01
200900060396,0,07,000,00,2,7,01,B01
200900060396,0,07,000,00,2,1,01,A01
200900060397,0,07,000,00,1,1,01,A01
200900060398,0,07,000,02,0,4,13,A01
200900060399,0,07,000,00,2,5,15,A01
200900060399,0,33,000,00,2,1,01,B01
200900060399,0,07,000,00,2,1,01,C01
200900060400,0,07,000,00,2,3,15,B01
200900060400,0,01,000,00,2,1,05,A01
200900060401,0,01,000,14,0,1,01,A01
200900060402,0,07,000,00,2,1,15,A01
200900060402,0,01,000,00,2,1,01,B01
200900060403,0,07,000,00,2,3,01,B01
200900060403,0,10,000,00,2,3,13,A01
200900060404,0,07,000,00,2,7,01,A01
200900060404,0,01,000,00,0,1,01,B01
200900060405,0,07,000,00,2,8,00,B01
200900060405,0,30,000,00,2,1,05,A01
200900060406,0,01,000,00,2,1,01,B01
200900060406,0,07,000,00,2,3,22,A01
200900060407,0,33,000,00,1,1,21,A01
200900060408,0,31,000,00,2,5,01,B01
200900060408,1,07,000,00,2,0,01,Z01
200900060409,0,01,000,00,2,1,01,B01
200900060409,0,10,000,00,2,7,01,A01
200900060410,0,07,000,07,0,1,01,A01
200900060411,0,07,000,00,1,1,01,A01
200900060412,0,33,000,06,0,1,01,A01
200900060413,0,07,000,00,2,4,00,B02
200900060413,0,02,000,00,2,1,01,A01
200900060414,0,36,000,13,0,2,01,A01
200900060415,0,07,000,00,2,1,01,B02
200900060415,0,07,000,00,2,1,17,A01
200900060416,0,36,000,00,2,3,13,A01
200900060416,0,07,000,00,2,3,01,B02
200900060417,0,33,000,00,2,3,01,B02
200900060417,0,07,000,00,2,3,15,A01
200900060418,0,38,001,00,2,3,01,B02
200900060418,0,33,000,00,2,1,01,A01
200900060419,0,07,000,00,2,6,15,A01
200900060419,0,02,000,00,2,2,01,B02
200900060420,0,07,000,00,2,3,01,B02
200900060420,0,30,000,00,2,8,13,A01
200900060421,0,07,000,00,2,2,01,A01
200900060421,0,01,000,00,0,8,19,B02
200900060422,0,07,000,00,2,5,11,C03
200900060422,0,07,000,00,6,1,01,A01
200900060422,0,33,000,00,2,1,02,B02
200900060423,0,15,000,00,2,3,01,B02
200900060423,0,07,000,06,2,3,01,A01
200900060424,0,07,000,00,2,1,01,B01
200900060424,0,07,000,00,2,1,13,A02
200900060425,0,07,000,00,1,2,01,A01
200900060426,0,07,000,00,2,2,16,A01
200900060426,0,30,000,00,2,6,01,B02
200900060427,0,33,000,00,2,1,01,B02
200900060427,0,07,000,00,2,5,10,A01
200900060428,0,07,000,00,2,2,17,A01
200900060428,0,33,000,00,2,1,01,B02
200900060429,0,10,000,00,0,9,02,A01
200900060430,0,33,000,00,2,1,01,B02
200900060430,0,07,000,00,2,3,09,A01
200900060431,0,07,000,02,0,3,13,A01
200900060432,0,33,000,00,2,1,17,A02
200900060432,0,07,000,00,2,6,15,B01
200900060433,0,10,000,00,2,6,09,A01
200900060433,0,02,000,00,2,1,01,B02
200900060434,0,07,000,00,2,6,18,B01
200900060434,0,15,000,00,2,2,12,A01
200900060434,0,07,000,00,2,2,17,C01
200900060435,0,02,000,00,2,1,16,B01
200900060435,0,07,000,00,2,1,01,A01
200900060436,0,07,000,00,1,4,20,A01
200900060437,0,07,000,12,2,8,00,B01
200900060437,0,07,000,00,2,2,02,A01
200900060438,0,02,000,00,2,0,15,A01
200900060438,0,07,000,01,2,3,01,B01
200900060439,0,30,000,00,0,5,16,B01
200900060439,0,07,000,00,2,3,02,A01
200900060440,0,07,000,00,1,2,16,A01
200900060441,0,30,000,00,0,0,01,A01
200900060442,0,15,000,00,1,6,04,A01
200900060443,0,01,000,00,2,1,01,A01
200900060443,0,07,000,00,0,2,15,B02
200900060444,0,07,000,00,2,3,09,A01
200900060444,0,02,000,00,2,2,16,B02
200900060445,0,33,000,00,2,1,01,A01
200900060445,0,07,000,00,2,2,01,B02
200900060446,0,21,000,10,0,0,01,A01
200900060447,0,07,000,00,2,3,01,B02
200900060447,0,07,000,00,2,3,13,A01
200900060448,0,02,000,00,2,1,13,A01
200900060448,0,07,000,00,2,3,01,B02
200900060449,0,07,000,04,0,1,17,A01
200900060450,0,07,000,03,2,6,02,A01
200900060450,0,07,000,03,2,2,03,B02
200900060451,0,07,000,00,2,1,01,C03
200900060451,0,07,000,00,2,2,01,B02
200900060451,0,07,000,00,2,1,19,A01
200900060452,0,33,000,09,0,1,01,A01
200900060453,0,14,000,00,2,2,19,B02
200900060453,0,07,000,00,2,1,01,A01
200900060454,0,31,000,12,0,1,01,A01
200900060455,0,07,000,01,0,2,02,B02
200900060455,0,07,000,00,2,6,23,A01
200900060456,0,10,000,00,2,8,15,A01
200900060456,0,07,000,00,2,2,01,B02
200900060457,0,30,000,00,1,1,01,A01
200900060458,0,07,000,00,2,1,01,C03
200900060458,0,07,000,00,2,1,01,B02
200900060458,0,07,000,00,2,5,13,A01
200900060459,0,02,000,00,2,1,09,A01
200900060459,0,14,000,00,2,5,01,B02
200900060460,0,02,000,12,0,2,15,A01
200900060461,0,01,000,00,2,8,00,B02
200900060461,0,07,000,00,2,2,17,A01
200900060462,0,33,000,00,2,1,17,B02
200900060462,0,07,000,00,2,8,15,A01
200900060463,0,07,000,00,2,1,13,A01
200900060463,0,07,000,00,2,1,02,B02
200900060464,0,07,000,06,0,1,01,A01
200900060465,0,07,000,00,2,2,05,A01
200900060465,0,33,000,00,2,1,01,B02
200900060466,0,07,000,02,0,7,01,A01
200900060467,0,07,000,04,0,1,01,A01
200900060468,0,07,000,00,2,1,13,A01
200900060468,0,07,000,00,2,2,01,B02
200900060469,0,10,000,02,0,1,01,A01
200900060470,0,07,000,00,2,1,09,A01
200900060470,0,17,000,00,2,7,01,B02
200900060471,0,30,000,08,0,1,14,A01
200900060472,0,30,000,02,0,1,00,A01
200900060473,0,02,000,00,2,1,01,A01
200900060473,0,10,000,00,2,3,01,B01
200900060474,0,07,000,00,2,1,01,B01
200900060474,0,07,000,00,2,3,01,A01
200900060475,0,07,000,00,1,3,01,A01
200900060476,0,07,000,00,2,5,17,A01
200900060476,0,01,000,00,2,1,02,B01
200900060477,0,07,000,00,2,4,02,B01
200900060477,0,07,000,00,2,4,02,A01
200900060477,1,07,000,00,0,0,15,Z01
200900060477,0,07,000,00,2,1,02,C01
200900060478,0,07,000,00,1,1,01,A01
200900060479,0,07,000,00,2,1,02,A01
200900060479,0,07,000,00,2,2,15,B01
200900060480,0,07,000,01,2,8,02,B01
200900060480,0,07,000,00,2,1,01,A01
200900060481,0,07,000,13,0,1,14,B01
200900060481,0,07,000,00,0,0,12,A01
200900060482,0,07,000,00,1,7,01,A01
200900060483,0,07,000,00,1,3,16,A01
200900060484,0,10,000,00,1,6,20,A01
200900060485,0,07,000,00,1,2,15,A01
200900060486,0,31,000,00,2,1,01,B01
200900060486,0,07,000,00,2,6,01,A01
200900060487,0,07,000,00,1,5,04,A01
200900060488,0,07,000,00,2,1,01,A01
200900060488,0,07,000,00,2,7,01,B01
200900060489,0,07,000,07,2,7,01,B01
200900060489,0,07,000,00,2,1,19,A01
200900060490,0,01,000,00,1,1,01,A01
200900060491,0,07,000,08,2,1,02,A01
200900060491,0,07,000,00,2,4,23,C01
200900060491,0,07,000,00,2,4,23,B01
200900060492,0,33,000,00,2,8,01,B01
200900060492,0,07,000,00,2,3,09,A01
200900060493,0,07,000,15,4,8,16,A01
200900060493,0,40,032,00,2,2,01,B01
200900060494,0,07,000,00,2,4,23,C01
200900060494,0,07,000,00,2,4,23,B01
200900060494,0,07,000,00,2,1,02,A01
200900060495,0,07,000,00,0,4,01,B01
200900060495,0,07,000,00,0,0,12,A01
200900060495,0,10,000,00,2,1,12,C01
200900060496,0,02,000,01,0,7,16,A01
200900060497,0,02,000,00,2,3,16,A01
200900060497,1,07,000,00,0,0,00,B01
200900060498,0,07,000,00,2,3,16,A01
200900060498,0,01,000,00,2,1,01,B01
200900060499,0,07,000,00,2,2,01,B01
200900060499,0,01,000,00,2,1,09,A01
200900060500,0,01,000,00,2,8,19,B01
200900060500,0,07,000,00,2,3,01,A01
200900060501,0,07,000,00,2,4,01,B01
200900060501,0,07,000,00,2,1,02,A01
200900060502,0,07,000,,,,01,B02
200900060502,0,07,000,,,4,01,C02
200900060502,0,07,000,,,4,01,A01
200900060503,0,38,001,00,1,8,20,A01
200900060504,0,07,000,00,1,1,00,A01
200900060505,0,07,000,00,2,4,02,B01
200900060505,0,07,000,00,2,4,02,C01
200900060505,0,38,001,00,2,1,02,A01
200900060506,0,07,000,00,2,1,00,A01
200900060506,0,07,000,00,2,0,00,B01
200900060507,0,07,000,00,1,4,04,A01
200900060508,0,33,000,00,2,1,01,A01
200900060508,0,07,000,00,9,4,01,B01
200900060509,0,07,000,00,2,1,00,A01
200900060509,0,07,000,00,2,4,00,B01
200900060510,0,07,000,00,2,1,00,A01
200900060510,0,07,000,00,2,4,00,B01
200900060511,1,07,000,00,2,0,00,A01
200900060511,0,01,000,00,2,0,00,B01
200900060512,0,07,000,00,1,1,00,A01
200900060513,0,02,000,00,2,1,00,A01
200900060513,0,07,000,00,9,7,00,B01
200900060514,0,02,000,00,2,1,00,A01
200900060514,0,07,000,00,2,4,00,B01
200900060515,0,07,000,00,2,1,00,A01
200900060515,0,07,000,00,2,1,00,B01
200900060516,0,07,000,00,0,1,00,A01
200900060516,0,07,000,00,2,0,00,B01
200900060517,0,07,000,00,2,1,01,C01
200900060517,0,07,000,00,2,1,01,B01
200900060517,0,07,000,00,2,4,00,A01
200900060518,0,33,000,00,0,0,01,A01
200900060519,0,07,000,00,0,9,01,A01
200900060520,0,02,000,00,2,1,01,A01
200900060520,0,07,000,00,2,3,13,B01
200900060521,0,07,000,02,0,6,01,A01
200900060522,0,07,000,00,2,2,15,B01
200900060522,0,30,000,00,2,1,01,A01
200900060523,0,07,000,02,0,3,01,A01
200900060524,0,17,000,13,0,7,14,A01
200900060525,0,07,000,00,2,6,13,B01
200900060525,0,07,000,00,2,2,01,A01
200900060526,0,07,000,13,0,1,01,A01
200900060527,0,07,000,00,0,3,09,A01
200900060528,0,07,000,04,0,3,01,A01
200900060529,0,07,000,00,2,1,01,B01
200900060529,0,07,000,00,2,7,01,A01
200900060530,0,13,000,00,2,2,01,B01
200900060530,0,14,000,00,2,7,15,A01
200900060531,0,07,000,08,0,1,00,A01
200900060532,0,07,000,02,6,1,21,A01
200900060533,0,07,000,00,1,2,01,A01
200900060534,0,10,000,00,2,8,01,B01
200900060534,0,10,000,00,2,8,13,A01
200900060535,0,07,000,00,2,4,02,B01
200900060535,0,07,000,00,2,1,02,A01
200900060536,2,07,000,00,2,2,05,A01
200900060536,0,07,000,00,2,2,02,B01
200900060537,0,07,000,00,2,3,02,B01
200900060537,0,07,000,00,2,1,00,A01
200900060538,0,07,000,00,2,1,02,A01
200900060538,0,07,000,00,2,4,02,B01
200900060539,0,02,000,00,2,1,01,B01
200900060539,0,07,000,00,2,2,15,A01
200900060540,0,07,000,00,2,4,02,B01
200900060540,0,07,000,00,2,1,00,A01
200900060541,1,07,000,00,1,2,01,A01
200900060542,0,07,000,00,1,8,15,A01
200900060543,0,07,000,06,0,7,01,A01
200900060544,0,10,000,00,2,8,01,B02
200900060544,0,10,000,00,2,3,13,A01
200900060544,0,10,000,00,2,1,01,C03
200900060545,0,07,000,00,2,1,05,A01
200900060545,0,07,000,00,2,1,17,B02
200900060546,0,07,000,00,2,4,01,A01
200900060546,0,10,000,00,2,2,01,B02
200900060547,0,07,000,00,2,1,02,A01
200900060547,0,07,000,00,2,4,23,B02
200900060548,0,07,000,00,2,3,17,A01
200900060548,0,07,000,00,2,3,00,B02
200900060548,0,07,000,00,2,3,01,C03
200900060549,0,07,000,00,0,8,15,A01
200900060549,0,31,000,00,0,1,01,B02
200900060550,0,07,000,06,0,8,01,A01
200900060551,0,07,000,00,2,1,01,B02
200900060551,0,10,000,00,2,2,01,A01
200900060552,0,07,000,00,2,1,01,B02
200900060552,0,07,000,00,2,1,17,A01
200900060553,0,07,000,13,0,9,01,A01
200900060554,0,07,000,13,0,9,01,A01
200900060555,0,10,000,00,2,6,01,B02
200900060555,0,02,000,00,2,1,17,A01
200900060556,0,10,000,00,1,1,01,A01
200900060557,0,07,000,00,2,3,01,A01
200900060557,0,07,000,00,2,1,01,B02
200900060558,0,07,000,00,1,7,01,A01
200900060559,0,01,000,00,2,1,01,A01
200900060559,0,07,000,00,2,1,01,B02
200900060560,0,07,000,00,2,3,01,A01
200900060560,0,30,000,00,2,1,01,B02
200900060561,0,07,000,00,1,3,17,A01
200900060562,0,33,000,00,2,1,01,A01
200900060562,0,07,000,00,2,7,19,B02
200900060563,0,14,000,00,0,9,01,A01
200900060564,0,07,000,03,0,7,01,A01
200900060565,0,07,000,13,0,1,01,A01
200900060566,0,07,000,13,0,1,01,A01
200900060567,0,01,000,13,0,1,01,A01
200900060568,0,07,000,00,0,4,01,A01
200900060568,0,07,000,00,2,1,01,B02
200900060569,0,07,000,02,0,1,01,A01
200900060570,0,07,000,00,2,4,15,B02
200900060570,0,07,000,00,2,1,01,A01
200900060570,0,07,000,00,2,1,01,C03
200900060571,0,15,000,00,2,4,23,A01
200900060571,0,10,000,00,2,1,02,B02
200900060572,0,07,000,00,0,7,14,A01
200900060572,0,07,000,00,2,1,01,B02
200900060573,0,07,000,00,2,2,01,B02
200900060573,0,07,000,00,2,3,13,A01
200900060574,0,07,000,13,0,0,01,A01
200900060575,0,07,000,00,2,1,19,A01
200900060575,0,07,000,00,2,3,01,B02
200900060576,0,07,000,00,1,1,01,A01
200900060577,0,07,000,00,1,2,16,A01
200900060578,0,07,000,00,2,1,01,A01
200900060578,0,07,000,00,2,8,01,B01
200900060579,0,07,000,00,2,4,02,B01
200900060579,0,07,000,01,2,1,02,A01
200900060580,0,01,000,00,2,1,01,B01
200900060580,0,07,000,00,2,0,09,A01
200900060581,0,07,000,00,2,1,09,A01
200900060581,0,07,000,00,2,8,16,B01
200900060582,0,07,000,00,2,1,09,A01
200900060582,0,10,000,00,2,5,01,B01
200900060583,0,07,000,00,2,1,16,A01
200900060583,0,07,000,00,2,7,01,B01
200900060584,0,07,000,13,0,1,01,A01
200900060585,0,07,000,00,2,3,09,A01
200900060585,0,07,000,00,2,2,01,B01
200900060586,0,07,000,00,0,0,00,A01
200900060587,0,07,000,00,1,0,01,A01
200900060588,0,07,000,00,2,1,00,A01
200900060588,0,07,000,00,0,4,00,B01
200900060589,0,33,000,00,2,1,09,B01
200900060589,0,07,000,00,2,1,01,A01
200900060590,0,34,000,00,0,0,00,B01
200900060590,0,07,000,00,2,3,00,A01
200900060591,0,07,000,00,0,0,00,A01
200900060592,0,07,000,00,2,0,01,A01
200900060592,0,30,000,00,2,1,01,B01
200900060593,0,07,000,13,0,0,01,A01
200900060594,0,07,000,13,0,0,14,A01
200900060595,0,07,000,00,2,1,01,A01
200900060595,0,07,000,00,2,0,01,B01
200900060596,0,02,000,00,2,7,01,B01
200900060596,0,07,000,00,2,8,11,A01
200900060597,0,33,000,00,2,1,01,B01
200900060597,0,07,000,00,2,1,09,A01
200900060598,0,30,000,00,0,0,01,A01
200900060599,0,07,000,00,0,1,00,A01
200900060600,0,07,000,13,0,1,01,A01
200900060601,0,30,000,00,0,7,01,A01
200900060602,0,30,000,00,2,4,01,B01
200900060602,0,02,000,00,2,1,01,A01
200900060603,0,33,000,00,2,0,01,B01
200900060603,0,07,000,00,2,1,01,A01
200900060604,0,07,000,00,2,3,19,B01
200900060604,0,02,000,00,2,1,01,A01
200900060605,0,07,000,00,2,3,01,A01
200900060605,0,02,000,00,2,4,01,B01
200900060606,0,07,000,00,2,4,23,B01
200900060606,0,07,000,00,2,2,14,A01
200900060607,0,32,000,00,0,8,01,A01
200900060608,0,07,000,00,2,1,01,B01
200900060608,0,07,000,00,2,7,01,A01
200900060609,0,07,000,00,1,0,01,A01
200900060610,0,07,000,00,1,2,01,A01
200900060611,0,07,000,06,0,1,00,A01
200900060612,0,07,000,00,2,1,15,A01
200900060612,0,07,000,00,2,8,01,B01
200900060613,0,10,000,00,2,4,23,C01
200900060613,0,07,000,00,2,1,01,A01
200900060613,0,07,000,00,2,4,23,B01
200900060613,0,07,000,00,2,4,23,D01
200900060614,0,07,000,00,2,8,09,B01
200900060614,0,07,000,00,2,1,01,A01
200900060615,0,13,000,00,1,2,09,A01
200900060616,0,07,000,00,2,1,01,B01
200900060616,0,07,000,00,2,4,15,A01
200900060617,0,07,000,00,2,2,01,A01
200900060617,0,30,000,00,2,4,01,B01
200900060618,2,07,000,00,1,2,01,A01
200900060619,0,30,000,00,2,1,01,A01
200900060619,0,07,000,00,2,1,01,B01
200900060620,0,07,000,00,2,8,01,C01
200900060620,0,07,000,00,2,1,01,B01
200900060620,0,07,000,00,0,1,15,A01
200900060621,0,07,000,00,0,0,14,A01
200900060622,0,01,000,00,2,1,01,B01
200900060622,0,07,000,00,2,2,15,A01
200900060623,0,07,000,00,0,0,16,A01
200900060623,0,02,000,12,0,1,00,B01
200900060624,0,07,000,00,2,1,01,B01
200900060624,0,07,000,00,2,7,01,A01
200900060625,0,07,000,00,2,2,15,A01
200900060625,0,07,000,00,2,3,01,B01
200900060626,0,07,000,00,2,3,13,A01
200900060626,0,07,000,00,2,3,01,B01
200900060627,0,07,000,00,2,4,02,C01
200900060627,0,07,000,00,2,4,02,B01
200900060627,0,07,000,00,2,1,02,A01
200900060628,0,07,000,00,2,6,02,B01
200900060628,0,07,000,00,2,2,02,A01
200900060629,0,07,000,00,0,0,15,A01
200900060629,0,33,000,00,2,1,01,B01
200900060630,0,33,000,00,2,3,01,A01
200900060631,0,07,000,00,2,4,02,B01
200900060631,0,07,000,00,2,1,02,A01
200900060632,0,07,000,00,1,0,01,A01
200900060633,0,07,000,15,0,7,13,A01
200900060634,0,33,000,16,0,2,00,A01
200900060635,0,07,000,00,1,1,01,A01
200900060636,0,01,000,00,2,0,01,B01
200900060636,0,07,000,00,2,1,01,A01
200900060637,0,07,000,00,2,6,02,B01
200900060637,0,07,000,00,2,5,01,C01
200900060637,0,02,000,00,2,1,02,A01
200900060638,0,07,000,04,,,21,A01
200900060639,0,01,000,,,,,B02
200900060639,0,01,000,,,,,A01
200900060640,0,07,000,02,0,7,01,A01
200900060641,0,07,000,00,1,2,01,A01
200900060642,0,07,000,00,0,4,01,B01
200900060642,0,07,000,00,2,1,02,A01
200900060643,0,07,000,00,1,2,01,A01
200900060644,0,07,000,00,0,4,23,B01
200900060644,0,07,000,01,0,1,02,A01
200900060645,0,07,000,00,1,3,02,A01
200900060646,0,02,000,00,2,1,01,B01
200900060646,0,07,000,00,2,3,05,A01
200900060647,0,07,000,00,1,4,04,A01
200900060648,0,32,000,00,2,4,02,B01
200900060648,0,07,000,00,2,1,02,A01
200900060649,0,15,000,00,2,2,12,A01
200900060649,0,07,000,00,2,1,01,C01
200900060649,0,07,000,00,0,6,01,B01
200900060649,0,07,000,00,2,1,01,D01
200900060650,0,07,000,00,1,1,01,A01
200900060651,0,07,000,00,1,2,01,A01
200900060652,0,07,000,00,1,2,02,A01
200900060653,0,07,000,02,0,1,01,A01
200900060654,0,10,000,00,0,4,23,B02
200900060654,0,07,000,00,0,4,23,C03
200900060654,0,07,000,01,0,1,02,A01
200900060655,0,10,000,02,0,1,01,A01
200900060656,0,17,000,00,2,5,02,B02
200900060656,0,07,000,00,2,3,02,A01
200900060657,0,02,000,00,2,1,01,B02
200900060657,0,07,000,00,2,6,15,A01
200900060658,0,21,000,00,0,0,10,B02
200900060658,0,33,000,00,2,7,01,A01
200900060659,0,07,000,00,2,3,13,B02
200900060659,0,14,000,00,2,1,01,A01
200900060660,0,07,000,00,2,2,01,C03
200900060660,0,07,000,00,2,4,23,A01
200900060660,0,07,000,00,2,5,23,B02
200900060661,0,07,000,00,1,3,01,A01
200900060662,0,07,000,00,2,2,20,A01
200900060662,0,07,000,00,2,7,01,B02
200900060663,0,07,000,00,1,2,01,A01
200900060664,0,07,000,00,2,2,01,B02
200900060664,0,30,000,00,2,1,13,A01
200900060665,0,02,000,00,2,1,02,B02
200900060665,0,07,000,00,2,3,15,A01
200900060666,0,33,000,16,0,0,01,A01
200900060667,0,07,000,00,2,1,13,A01
200900060667,0,07,000,00,2,1,01,B02
200900060668,0,01,000,00,0,4,13,A01
200900060669,0,10,000,00,2,3,13,A01
200900060669,0,10,000,00,2,3,01,B01
200900060670,0,07,000,00,1,2,01,A01
200900060671,0,07,000,00,1,3,00,A01
200900060672,0,10,000,00,1,5,04,A01
200900060673,0,32,000,00,0,0,02,A01
200900060674,0,07,000,00,1,3,20,A01
200900060675,0,10,000,00,2,1,01,A01
200900060675,0,07,000,00,2,2,01,B01
200900060676,0,07,000,01,0,1,02,A01
200900060676,0,07,000,00,0,4,02,C01
200900060676,0,07,000,00,0,4,02,B01
200900060677,0,10,000,00,5,2,01,A01
200900060678,0,02,000,01,0,1,02,B01
200900060678,0,07,000,00,2,4,02,A01
200900060679,0,02,000,00,2,1,01,B01
200900060679,0,07,000,00,2,1,15,A01
200900060680,0,07,000,02,0,1,14,A01
200900060681,0,30,000,00,2,1,01,B01
200900060681,1,07,000,00,2,5,15,Z01
200900060682,0,07,000,00,2,3,15,A01
200900060682,0,07,000,00,2,3,01,B01
200900060683,0,30,000,00,0,0,21,B01
200900060684,0,07,000,00,1,1,15,A01
200900060685,0,07,000,06,2,6,01,A01
200900060685,0,33,000,00,2,1,01,B01
200900060686,0,07,000,00,1,7,01,A01
200900060687,1,07,000,00,0,0,19,B01
200900060687,0,07,000,02,0,1,01,A01
200900060688,0,07,000,04,2,0,01,A01
200900060689,0,30,000,00,1,1,19,A01
200900060690,0,07,000,00,2,1,13,A01
200900060691,0,07,000,00,1,2,01,A01
200900060692,0,07,000,00,2,2,01,B02
200900060692,0,07,000,00,0,6,16,A01
200900060693,0,07,000,00,1,2,01,A01
200900060694,0,10,000,00,2,1,01,A01
200900060694,0,07,000,00,2,1,01,B02
200900060695,0,10,000,00,2,1,01,B02
200900060695,0,07,000,00,2,8,13,A01
200900060696,0,07,000,00,1,2,01,A01
200900060697,0,07,000,02,0,1,01,A01
200900060698,0,07,000,00,1,1,01,A01
200900060699,0,10,000,00,9,5,15,B02
200900060699,0,10,000,00,2,5,15,A01
200900060700,0,07,000,00,1,2,02,A01
200900060701,0,07,000,00,2,3,01,B02
200900060701,0,07,000,00,2,1,13,A01
200900060702,0,07,000,00,2,2,05,B02
200900060702,0,10,000,00,2,2,01,A01
200900060703,0,07,000,00,2,1,01,B02
200900060703,0,10,000,00,2,1,01,A01
200900060704,0,07,000,00,1,1,01,A01
200900060705,0,07,000,06,0,8,14,A01
200900060706,0,07,000,06,0,1,01,A01
200900060707,0,07,000,00,1,3,01,A01
200900060708,0,07,000,13,0,7,01,A01
200900060709,0,07,000,00,2,2,19,A01
200900060709,0,30,000,00,2,1,01,B02
200900060710,0,07,000,00,2,1,01,B02
200900060710,0,07,000,00,2,1,17,A01
200900060710,0,07,000,15,0,8,00,D04
200900060710,0,07,000,00,2,8,20,C03
200900060711,0,30,000,00,2,1,05,A01
200900060711,0,07,000,00,9,3,05,B02
200900060712,0,07,000,00,2,1,05,B02
200900060712,0,07,000,00,0,0,01,A01
200900060713,0,07,000,05,0,1,01,A01
200900060714,0,07,000,00,2,1,01,B02
200900060714,0,07,000,00,2,3,13,A01
200900060715,0,14,000,16,0,1,16,A01
200900060716,0,30,000,00,2,9,03,B02
200900060716,0,07,000,00,2,3,15,A01
200900060717,0,10,000,00,1,1,15,A01
200900060718,1,07,000,00,2,0,00,A01
200900060718,0,01,000,00,2,1,01,B01
200900060719,0,07,000,00,2,3,09,A01
200900060719,0,02,000,00,2,1,01,B01
200900060720,0,07,000,00,1,1,01,A01
200900060721,0,07,000,00,2,1,13,A01
200900060721,0,07,000,00,2,2,21,B02
200900060721,0,33,000,00,2,7,21,C03
200900060722,0,10,000,00,2,6,11,A01
200900060722,0,32,000,00,2,7,01,B01
200900060723,0,07,000,00,1,3,01,A01
200900060724,0,31,000,00,2,1,02,B01
200900060724,1,07,000,00,9,2,10,A01
200900060725,0,07,000,00,0,4,23,C01
200900060725,0,07,000,00,2,1,01,A01
200900060725,0,07,000,00,2,1,23,B01
200900060726,0,07,000,00,1,3,01,A01
200900060727,0,07,000,00,1,5,02,A01
200900060728,0,38,005,00,2,7,01,B01
200900060728,0,31,000,00,2,1,00,A01
200900060729,0,07,000,00,0,2,01,A01
200900060729,0,07,000,00,0,3,15,B01
200900060730,0,01,000,00,2,3,19,B01
200900060730,0,07,000,00,2,2,09,A01
200900060731,0,01,000,00,2,1,09,B01
200900060731,0,07,000,00,2,3,16,A01
200900060732,0,07,000,00,2,3,01,B02
200900060732,0,07,000,03,2,7,17,A01
200900060733,0,02,000,00,2,1,01,B02
200900060733,0,07,000,00,2,2,15,A01
200900060734,0,07,000,00,1,3,01,A01
200900060735,0,07,000,00,2,3,02,C03
200900060735,0,07,000,00,2,3,01,D04
200900060735,0,07,000,00,2,1,13,A01
200900060735,0,07,000,00,2,1,01,B02
200900060736,0,07,000,16,0,9,00,A01
200900060737,0,13,000,00,2,6,13,B02
200900060737,0,38,012,00,2,3,01,A01
200900060738,0,07,000,02,0,8,21,A01
200900060739,0,07,000,00,2,1,01,B02
200900060739,0,07,000,00,2,3,01,A01
200900060740,0,07,000,00,0,9,01,A01
200900060741,0,37,005,00,1,2,01,A01
200900060742,0,07,000,06,0,1,13,A01
200900060743,0,07,000,02,0,1,14,A01
200900060744,0,17,000,03,2,9,17,A01
200900060744,0,07,000,00,2,8,01,B02
200900060745,0,07,000,00,1,1,01,A01
200900060746,0,07,000,00,1,1,01,A01
200900060747,0,07,000,00,1,2,01,A01
200900060748,0,07,000,13,0,1,09,A01
200900060749,0,01,000,00,2,7,19,B01
200900060749,1,07,000,00,2,1,16,Z01
200900060750,0,07,000,00,2,8,02,B01
200900060750,0,07,000,00,2,1,01,A01
200900060751,0,07,000,00,2,3,15,B01
200900060751,0,01,000,00,1,8,06,A01
200900060752,0,07,000,00,2,3,01,B01
200900060752,0,10,000,00,0,2,01,A01
200900060753,0,07,000,00,1,1,01,A01
200900060754,0,10,000,00,1,4,04,A01
200900060755,0,07,000,00,2,8,23,C01
200900060755,0,07,000,00,2,2,19,A01
200900060755,0,07,000,00,2,1,01,B01
200900060756,0,07,000,00,1,1,15,A01
200900060757,0,01,000,,,,,A01
200900060758,0,01,000,14,9,1,02,A01
200900060758,0,07,000,00,0,4,23,B01
200900060759,0,33,000,08,0,1,14,B01
200900060759,0,07,000,00,0,0,00,A01
200900060760,0,01,000,00,2,1,01,B01
200900060760,0,07,000,01,2,1,13,A01
200900060761,0,02,000,00,1,1,17,A01
200900060762,0,38,001,00,2,1,01,A01
200900060762,0,07,000,00,2,4,01,C01
200900060762,0,07,000,00,2,4,01,B01
200900060763,0,07,000,00,1,2,01,A01
200900060764,0,07,000,00,1,7,14,A01
200900060765,0,14,000,00,2,2,01,A01