Num_Acc,senc,catv,occutc,obs,obsm,choc,manv,num_veh
200900061144,2,07,000,00,2,2,15,A01
200900061145,0,07,000,01,1,1,01,A01
200900061146,0,07,000,12,2,1,01,A01
200900061146,0,07,000,00,2,4,02,B01
200900061147,1,07,000,00,2,0,00,A01
200900061147,0,02,000,12,2,7,01,B01
200900061148,0,07,000,00,1,2,01,A01
200900061149,0,07,000,00,2,2,14,A01
200900061149,0,07,000,00,2,1,01,B01
200900061149,0,07,000,00,2,1,01,C01
200900061149,0,07,000,00,0,0,00,D01
200900061150,0,07,000,11,0,7,21,A01
200900061151,0,07,000,00,2,7,15,A01
200900061151,0,31,000,00,2,2,01,B01
200900061152,0,07,000,00,1,2,02,A01
200900061153,0,99,000,00,2,5,15,B01
200900061153,0,07,000,00,2,1,01,A01
200900061154,0,07,000,00,2,1,01,B01
200900061154,0,07,000,00,0,3,13,A01
200900061155,0,07,000,08,0,8,01,A01
200900061156,0,07,000,00,1,2,01,A01
200900061157,0,07,000,00,1,1,01,A01
200900061158,0,07,000,00,2,1,02,A01
200900061158,0,07,000,00,2,4,23,B01
200900061159,0,07,000,10,0,2,00,A01
200900061160,0,07,000,00,2,4,02,B01
200900061160,0,07,000,03,2,1,01,A01
200900061160,0,07,000,00,2,4,02,C01
200900061161,0,37,001,09,1,7,16,A01
200900061162,0,07,000,00,1,1,02,A01
200900061163,0,07,000,00,2,2,01,A01
200900061163,0,01,000,00,2,7,13,B01
200900061164,0,07,000,00,2,1,01,B01
200900061164,0,07,000,01,2,1,15,A01
200900061165,0,07,000,00,0,5,17,B01
200900061165,0,33,000,00,0,2,21,C01
200900061165,0,07,000,04,0,3,01,A01
200900061166,0,07,000,00,1,3,00,A01
200900061167,0,07,000,02,0,8,00,A01
200900061168,0,02,000,00,1,1,01,A01
200900061169,1,07,000,00,1,0,01,A01
200900061170,0,10,000,00,1,0,15,A01
200900061171,0,10,000,13,0,0,00,A01
200900061172,0,30,000,00,1,1,17,A01
200900061172,0,07,000,00,2,3,01,B01
200900061173,0,07,000,15,0,9,01,A01
200900061174,1,07,000,00,1,1,01,A01
200900061175,0,30,000,00,2,0,00,B01
200900061175,0,07,000,00,0,2,24,A01
200900061176,0,02,000,00,2,1,01,A01
200900061176,1,34,000,00,2,3,01,B01
200900061177,1,10,000,00,2,0,00,A01
200900061177,0,30,000,00,2,4,00,B01
200900061178,0,07,000,00,1,1,15,A01
200900061179,0,30,000,00,1,1,01,A01
200900061180,1,07,000,00,1,7,01,A01
200900061181,0,07,000,15,0,7,01,A01
200900061182,0,07,000,00,0,4,23,B01
200900061182,1,07,000,00,2,4,02,A01
200900061183,0,07,000,00,1,3,15,A01
200900061184,0,37,001,00,0,4,23,B01
200900061184,0,30,000,01,0,1,02,A01
200900061185,1,07,000,00,2,7,01,B01
200900061185,0,07,000,00,2,1,01,A01
200900061186,0,07,000,00,1,2,01,A01
200900061187,0,02,000,01,0,1,01,A01
200900061188,1,30,000,00,1,6,01,A01
200900061189,0,07,000,00,2,6,01,B01
200900061189,0,07,000,00,2,3,01,C01
200900061189,0,33,000,00,2,7,21,A01
200900061190,0,07,000,00,2,3,01,B01
200900061190,0,15,000,00,2,5,12,A01
200900061191,0,07,000,13,0,3,13,A01
200900061192,0,07,000,00,0,3,00,A01
200900061192,0,07,000,00,0,2,00,B02
200900061193,0,30,000,00,2,1,01,A01
200900061193,0,07,000,00,2,6,19,B02
200900061194,0,07,000,00,2,1,01,A01
200900061194,0,07,000,00,2,8,01,B02
200900061195,0,07,000,00,2,1,01,A01
200900061195,0,07,000,00,2,1,13,B02
200900061196,0,10,000,00,1,2,01,A01
200900061197,0,07,000,00,2,2,01,A01
200900061197,0,02,000,00,2,3,01,B02
200900061198,0,33,000,13,0,1,01,A01
200900061199,0,07,000,00,2,3,13,A01
200900061199,0,07,000,00,2,3,01,B02
200900061200,0,07,000,00,2,7,01,B02
200900061200,0,07,000,15,2,1,16,A01
200900061201,0,30,000,00,2,1,13,A01
200900061201,0,07,000,00,2,2,01,B02
200900061202,0,31,000,00,9,1,01,A01
200900061202,0,01,000,00,2,0,00,B02
200900061203,0,30,000,00,2,3,01,A01
200900061203,0,30,000,00,2,3,01,B02
200900061204,0,07,000,00,2,1,01,C03
200900061204,0,07,000,00,2,1,01,B02
200900061204,0,07,000,00,2,1,01,A01
200900061205,0,33,000,00,9,7,17,A01
200900061205,0,01,000,00,2,8,01,B02
200900061206,0,07,000,00,2,4,01,C03
200900061206,0,07,000,00,2,1,01,A01
200900061206,0,07,000,00,2,4,01,B02
200900061207,0,31,000,00,2,1,01,A01
200900061207,0,07,000,00,2,8,15,B02
200900061208,0,07,000,00,2,1,13,A01
200900061208,0,07,000,00,2,3,01,B02
200900061209,0,07,000,00,2,1,01,A01
200900061209,0,07,000,00,2,8,01,B02
200900061210,0,07,000,00,2,1,01,A01
200900061210,0,01,000,00,2,0,00,B01
200900061211,0,07,000,00,2,1,01,B01
200900061211,0,07,000,00,2,1,13,A01
200900061212,0,07,000,02,0,1,13,A01
200900061213,0,32,000,00,2,2,01,B01
200900061213,0,15,000,00,2,3,11,A01
200900061214,0,07,000,00,1,2,01,A01
200900061215,0,07,000,00,2,1,00,A01
200900061215,0,07,000,00,2,0,01,B01
200900061216,0,30,000,00,1,1,01,A01
200900061217,0,07,000,00,2,8,09,A01
200900061217,0,30,000,00,2,1,01,B01
200900061218,0,02,000,00,2,1,00,A01
200900061218,0,07,000,00,2,0,00,B01
200900061219,0,07,000,00,2,4,01,B01
200900061219,0,30,000,00,2,1,01,A01
200900061220,0,07,000,05,0,1,01,A01
200900061221,0,02,000,00,2,8,01,B01
200900061221,0,10,000,00,2,1,15,A01
200900061222,0,07,000,00,1,3,01,A01
200900061223,0,07,000,00,1,3,15,A01
200900061224,0,07,000,00,1,1,00,A01
200900061225,0,07,000,00,2,4,23,B01
200900061225,0,30,000,00,2,1,01,A01
200900061226,0,07,000,00,2,8,16,A01
200900061226,0,99,000,00,2,7,00,B01
200900061227,0,07,000,00,1,1,01,A01
200900061227,0,07,000,00,2,4,01,B01
200900061228,0,07,000,00,2,5,15,A01
200900061228,0,33,000,00,2,1,01,B01
200900061229,0,07,000,00,2,1,13,A01
200900061229,0,07,000,00,2,3,01,B01
200900061230,1,07,000,00,1,5,04,A01
200900061231,0,07,000,00,0,0,00,A01
200900061232,0,07,000,04,0,2,01,A01
200900061233,0,33,000,01,0,1,00,A01
200900061234,0,31,000,00,1,1,18,A01
200900061235,0,07,000,00,9,1,15,A01
200900061235,0,02,000,00,2,1,00,B01
200900061236,0,07,000,00,2,0,16,A01
200900061237,0,07,000,00,2,1,01,B01
200900061237,0,07,000,00,2,7,01,A01
200900061238,0,07,000,00,2,1,01,A01
200900061238,0,07,000,00,2,4,23,B01
200900061239,0,34,000,00,2,8,11,A01
200900061239,0,02,000,00,2,7,01,B01
200900061240,0,07,000,06,2,0,01,B01
200900061240,0,07,000,00,2,1,19,A01
200900061241,0,07,000,00,1,1,15,A01
200900061242,0,32,000,00,0,0,00,A01
200900061243,0,07,000,00,2,7,15,A01
200900061243,0,30,000,00,2,1,01,B01
200900061244,0,07,000,00,2,4,01,B01
200900061244,0,07,000,00,2,1,01,A01
200900061245,0,07,000,09,2,3,01,A01
200900061245,0,07,000,00,2,7,01,B01
200900061246,0,07,000,00,2,8,01,B01
200900061246,0,07,000,00,2,3,00,A01
200900061247,0,07,000,00,2,7,01,A01
200900061247,0,07,000,00,2,1,01,B01
200900061248,0,07,000,00,2,1,15,A01
200900061249,0,07,000,00,2,2,00,A01
200900061249,0,07,000,00,2,3,00,B01
200900061250,0,07,000,01,2,5,15,B01
200900061250,0,07,000,01,2,1,01,A01
200900061251,0,33,000,00,2,8,01,B01
200900061251,0,07,000,00,2,1,01,A01
200900061252,0,01,000,00,2,7,19,A01
200900061252,0,30,000,00,9,1,01,B01
200900061253,0,07,000,00,2,4,01,B01
200900061253,0,02,000,00,2,1,01,A01
200900061254,0,32,000,00,2,1,01,B01
200900061254,0,07,000,00,9,1,01,A01
200900061255,0,07,000,00,0,8,24,C03
200900061255,0,14,000,00,0,6,24,D04
200900061255,0,17,000,01,0,2,01,A01
200900061256,0,07,000,00,2,9,02,A01
200900061256,0,07,000,00,2,9,02,B02
200900061257,0,07,000,00,1,1,01,A01
200900061258,0,17,000,00,0,0,02,B02
200900061258,0,07,000,00,2,1,02,A01
200900061259,0,07,000,08,0,2,01,A01
200900061260,0,07,000,00,1,0,01,A01
200900061261,0,07,000,00,2,3,01,A01
200900061261,0,07,000,00,2,3,01,B02
200900061262,0,07,000,00,1,2,01,A01
200900061263,0,07,000,02,0,1,14,A01
200900061264,0,07,000,00,0,3,17,A01
200900061264,0,07,000,00,0,3,01,B02
200900061265,0,07,000,00,2,1,15,A01
200900061265,0,30,000,00,2,1,01,B02
200900061266,0,07,000,00,2,3,20,A01
200900061266,0,30,000,00,2,1,01,B02
200900061267,0,07,000,00,2,1,05,B02
200900061267,0,07,000,00,2,2,05,A01
200900061268,0,07,000,00,2,3,01,B02
200900061268,0,31,000,00,2,1,01,A01
200900061269,0,07,000,00,1,0,00,A01
200900061270,0,07,000,00,2,4,23,B01
200900061270,1,07,000,00,2,1,01,A01
200900061271,0,07,000,00,1,2,01,A01
200900061272,0,07,000,04,0,1,00,A01
200900061273,0,07,000,00,2,1,01,A01
200900061273,0,07,000,00,2,1,01,B01
200900061274,0,07,000,00,2,1,01,B01
200900061275,0,07,000,00,9,2,02,A01
200900061275,0,02,000,00,2,4,00,B01
200900061276,0,07,000,01,2,2,14,A01
200900061276,0,07,000,00,0,8,00,B01
200900061277,0,07,000,00,1,1,01,A01
200900061278,0,07,000,00,2,4,01,B01
200900061278,0,07,000,00,2,1,01,A01
200900061279,0,02,000,00,1,1,01,A01
200900061280,0,02,000,00,2,1,15,A01
200900061280,0,07,000,00,2,1,01,B01
200900061281,0,31,000,00,2,1,01,A01
200900061281,0,07,000,00,0,4,23,B01
200900061282,0,07,000,00,2,4,23,B01
200900061282,0,07,000,00,2,1,01,A01
200900061283,0,07,000,00,2,1,01,B01
200900061283,0,07,000,00,2,4,09,A01
200900061284,0,07,000,00,2,1,15,A01
200900061284,0,07,000,00,2,3,01,B01
200900061285,0,07,000,00,1,3,01,A01
200900061286,0,07,000,00,1,5,01,A01
200900061287,0,07,000,08,0,2,01,A01
200900061288,0,07,000,00,2,7,15,A01
200900061288,0,07,000,00,2,1,01,B01
200900061289,1,10,000,00,2,1,01,A01
200900061289,0,07,000,00,2,7,01,B01
200900061290,0,07,000,00,1,7,01,A01
200900061291,0,02,000,09,0,8,01,A01
200900061292,0,02,000,01,0,1,01,A01
200900061293,0,07,000,13,0,1,01,A01
200900061294,0,07,000,03,2,7,17,B02
200900061294,0,17,000,03,2,8,13,A01
200900061295,0,07,000,00,2,3,01,A01
200900061295,0,07,000,00,2,3,01,B02
200900061296,0,02,000,06,2,1,13,A01
200900061296,0,07,000,00,2,3,01,B01
200900061297,0,07,000,00,2,3,01,B01
200900061297,0,07,000,00,2,2,01,A01
200900061298,0,07,000,00,1,2,01,A01
200900061299,0,10,000,00,2,8,19,A01
200900061299,0,33,000,00,2,1,01,B02
200900061300,0,07,000,03,2,1,02,A01
200900061300,0,07,000,00,0,6,02,B01
200900061301,0,38,057,00,2,2,01,B02
200900061301,0,01,000,00,2,8,19,A01
200900061302,0,33,000,00,2,8,13,A01
200900061302,0,21,000,00,2,8,01,B02
200900061303,0,07,000,15,0,1,13,A01
200900061304,0,07,000,00,2,7,15,A01
200900061304,0,33,000,00,2,1,01,B01
200900061305,0,07,000,00,2,2,01,B01
200900061305,0,07,000,00,2,3,19,A01
200900061306,0,07,000,00,0,3,13,A01
200900061306,0,07,000,00,0,3,01,B02
200900061307,0,10,000,00,2,3,16,B01
200900061307,0,01,000,00,2,1,19,A01
200900061308,0,02,000,00,2,1,01,B02
200900061308,0,07,000,00,2,7,01,A01
200900061309,0,07,000,00,2,3,15,B01
200900061309,0,33,000,00,2,1,05,A01
200900061310,0,07,000,00,2,7,17,B02
200900061310,0,07,000,00,2,2,01,C03
200900061310,0,07,000,00,2,3,23,A01
200900061311,0,36,000,00,2,3,13,A01
200900061311,0,33,000,00,2,1,01,B02
200900061312,0,07,000,13,0,2,14,A01
200900061313,0,07,000,00,2,1,14,A01
200900061313,0,38,009,00,0,8,23,B02
200900061314,0,32,000,00,2,2,01,A01
200900061314,0,07,000,00,2,1,01,B01
200900061315,0,31,000,00,2,1,05,A01
200900061315,0,01,000,00,2,1,01,B02
200900061316,0,07,000,00,2,3,15,A01
200900061316,0,02,000,00,2,1,17,B02
200900061317,0,33,000,13,0,1,13,A01
200900061318,0,07,000,00,1,2,01,A01
200900061319,0,07,000,15,0,1,01,A01
200900061320,0,07,000,00,2,3,16,A01
200900061320,0,02,000,00,2,1,17,B02
200900061321,0,07,000,00,2,3,01,B02
200900061321,0,07,000,00,2,3,13,A01
200900061322,0,07,000,13,0,9,14,A01
200900061323,0,02,000,12,0,7,01,A01
200900061324,0,07,000,00,2,1,01,B02
200900061324,0,07,000,00,2,8,13,A01
200900061325,0,17,000,16,0,7,14,A01
200900061326,0,33,000,00,0,8,01,A01
200900061327,0,07,000,00,2,1,15,A01
200900061327,0,07,000,00,2,1,01,B02
200900061328,0,07,000,15,0,1,01,A01
200900061329,0,10,000,00,2,3,01,A01
200900061329,0,02,000,00,2,1,01,B02
200900061330,0,07,000,00,2,1,01,A01
200900061330,0,01,000,00,2,2,15,B02
200900061331,0,30,000,00,2,8,01,A01
200900061331,1,07,000,00,2,0,10,B01
200900061332,0,01,000,00,2,1,02,A01
200900061332,0,07,000,00,2,4,23,B02
200900061333,0,33,000,00,2,2,17,A01
200900061334,0,33,000,14,0,1,01,A01
200900061335,0,07,000,00,2,7,15,A02
200900061335,0,31,000,00,2,9,01,A01
200900061336,0,07,000,15,0,5,00,A01
200900061337,0,33,000,00,2,3,13,A01
200900061337,0,33,000,00,2,6,13,B02
200900061338,0,10,000,02,0,1,01,A01
200900061339,0,07,000,00,2,2,01,A01
200900061339,0,33,000,00,2,1,13,B01
200900061340,0,07,000,10,0,1,13,A01
200900061341,0,01,000,00,2,1,13,A02
200900061341,0,01,000,00,2,3,19,A01
200900061342,0,07,000,00,2,1,01,B02
200900061342,0,07,000,00,2,8,01,D04
200900061342,0,07,000,00,2,4,21,F06
200900061342,0,07,000,03,0,5,21,E05
200900061342,0,07,000,00,2,2,01,C03
200900061342,0,07,000,00,2,1,05,A01
200900061343,0,07,000,00,9,6,04,A01
200900061343,0,01,000,00,2,4,02,B02
200900061344,0,10,000,02,0,2,01,A01
200900061345,0,07,000,00,1,3,01,A01
200900061346,0,32,000,00,2,1,01,B02
200900061346,0,07,000,00,2,7,19,A01
200900061347,0,07,000,00,2,3,01,B02
200900061347,0,07,000,00,2,3,13,A01
200900061348,0,07,000,16,0,3,01,A01
200900061349,0,10,000,02,0,8,01,A01
200900061350,0,30,000,01,0,1,01,A01
200900061351,0,07,000,13,0,2,01,A01
200900061352,0,20,000,00,2,6,01,B02
200900061352,0,07,000,00,2,1,01,A01
200900061353,0,07,000,00,1,1,01,A01
200900061354,0,07,000,02,0,1,21,A01
200900061355,0,07,000,02,0,9,01,A01
200900061356,0,07,000,02,0,4,01,A01
200900061357,0,17,000,00,2,2,12,A01
200900061357,0,07,000,03,2,6,01,B02
200900061358,0,07,000,00,1,1,01,A01
200900061359,0,01,000,00,2,8,01,A01
200900061359,0,10,000,00,2,7,01,B01
200900061360,0,07,000,00,2,1,01,A01
200900061360,0,07,000,00,2,5,01,B01
200900061361,0,07,000,00,1,3,01,A01
200900061362,0,07,000,00,1,1,01,A01
200900061363,0,40,000,00,1,3,01,A01
200900061364,0,07,000,06,0,1,16,A01
200900061365,0,07,000,00,1,3,01,A01
200900061366,1,07,000,00,1,0,00,A01
200900061367,0,07,000,00,2,2,01,A01
200900061367,0,07,000,00,2,1,01,B01
200900061368,0,07,000,00,1,1,01,A01
200900061369,0,07,000,00,2,4,04,A01
200900061369,0,07,000,00,2,1,01,B01
200900061370,0,07,000,00,2,0,10,A01
200900061370,0,30,000,00,2,1,01,C01
200900061370,0,07,000,00,2,4,01,D01
200900061370,0,30,000,00,2,0,01,B01
200900061371,0,07,000,00,2,1,24,C01
200900061371,0,07,000,00,2,8,15,B01
200900061371,0,07,000,00,2,1,17,A01
200900061372,0,07,000,00,1,1,01,A01
200900061372,0,07,000,00,0,0,24,B01
200900061373,0,07,000,00,2,4,02,B01
200900061373,0,30,000,00,2,1,02,A01
200900061374,0,07,000,00,2,4,02,B01
200900061374,0,07,000,00,2,1,02,A01
200900061375,1,07,000,00,2,0,15,A01
200900061375,0,01,000,00,2,4,01,B01
200900061376,0,02,000,00,2,1,01,A01
200900061376,0,07,000,00,9,3,15,B01
200900061377,0,07,000,00,1,1,01,A01
200900061378,0,02,000,00,2,4,23,B01
200900061378,0,07,000,00,2,1,01,A01
200900061379,0,07,000,00,2,4,02,B01
200900061379,0,01,000,00,2,1,02,A01
200900061380,0,40,000,00,2,0,01,B01
200900061380,0,07,000,00,4,7,01,A01
200900061381,0,07,000,00,2,1,15,A01
200900061381,0,07,000,00,2,3,01,B01
200900061382,0,33,000,00,2,3,01,B01
200900061382,0,07,000,00,2,2,15,A01
200900061383,0,37,004,00,1,0,01,A01
200900061384,0,07,000,00,2,3,01,B01
200900061384,0,07,000,00,2,7,15,A01
200900061385,0,40,000,00,1,1,01,B01
200900061386,0,07,000,00,2,5,12,A01
200900061386,0,32,000,00,2,8,01,B01
200900061387,0,07,000,00,1,1,01,A01
200900061388,0,07,000,00,2,1,01,B01
200900061388,0,07,000,00,2,3,15,A01
200900061389,0,07,000,00,2,2,15,B01
200900061389,0,30,000,00,2,1,18,A01
200900061390,0,17,000,00,2,2,12,A01
200900061390,0,07,000,00,0,3,02,B01
200900061391,0,17,000,00,0,2,01,B01
200900061391,0,07,000,00,2,8,11,A01
200900061392,0,07,000,03,0,6,01,A01
200900061392,0,15,000,00,2,2,12,B01
200900061393,0,07,000,03,0,8,21,A01
200900061394,0,07,000,04,2,3,01,A01
200900061394,0,10,000,00,0,7,01,B01
200900061395,0,33,000,00,0,7,01,A01
200900061396,0,07,000,04,1,2,02,A01
200900061396,0,07,000,00,2,7,24,B01
200900061397,0,07,000,00,2,3,02,B01
200900061397,0,07,000,00,2,3,11,A01
200900061398,0,07,000,08,0,1,16,A01
200900061399,1,07,000,00,2,0,15,A01
200900061399,0,40,000,00,2,0,01,B01
200900061400,0,10,000,00,2,4,01,B01
200900061400,0,07,000,00,2,1,01,A01
200900061401,0,07,000,00,2,1,01,A01
200900061401,0,37,020,00,2,4,01,B01
200900061402,0,07,000,00,1,1,00,A01
200900061403,0,07,000,00,2,1,01,A01
200900061403,0,07,000,00,2,4,23,C01
200900061403,0,07,000,00,2,4,23,B01
200900061404,0,07,000,00,2,1,02,A01
200900061404,0,07,000,00,2,4,23,B01
200900061405,0,07,000,01,0,7,01,A01
200900061405,0,07,000,00,2,6,24,B01
200900061406,0,07,000,00,2,1,01,B01
200900061406,0,07,000,00,2,1,01,A01
200900061407,0,07,000,00,2,3,15,A01
200900061407,0,07,000,00,2,3,01,B01
200900061408,0,07,000,00,2,7,14,A01
200900061408,0,30,000,00,2,8,01,B01
200900061409,0,40,000,00,1,2,01,A01
200900061410,0,07,000,00,2,3,16,A01
200900061410,0,02,000,00,2,7,01,B01
200900061411,0,07,000,00,2,3,01,B01
200900061411,0,07,000,00,2,2,01,A01
200900061412,0,07,000,00,2,1,01,A01
200900061412,0,07,000,00,2,4,01,B01
200900061413,0,07,000,00,2,1,16,A01
200900061413,0,01,000,00,2,8,01,B01
200900061414,0,07,000,00,1,1,16,A01
200900061415,0,07,000,00,2,1,15,A01
200900061415,0,01,000,00,2,7,19,B01
200900061416,0,01,000,00,2,1,01,B01
200900061416,0,07,000,00,2,7,01,A01
200900061417,0,07,000,00,2,3,12,A01
200900061417,0,07,000,00,2,5,01,B01
200900061418,0,07,000,11,0,1,01,A01
200900061419,0,07,000,00,1,1,01,A01
200900061420,0,07,000,00,9,0,00,B01
200900061420,0,30,000,00,0,7,21,A01
200900061421,0,07,000,00,2,2,01,A01
200900061421,0,01,000,00,2,7,01,B01
200900061422,0,02,000,00,2,1,05,A01
200900061422,0,07,000,00,2,2,01,B01
200900061423,0,07,000,00,2,7,01,B01
200900061423,0,02,000,00,2,1,09,A01
200900061424,0,07,000,00,1,1,01,A01
200900061425,0,07,000,00,1,2,01,A01
200900061426,0,07,000,00,1,2,01,A01
200900061427,0,07,000,00,1,1,01,A01
200900061428,0,07,000,00,2,1,19,A01
200900061428,0,07,000,00,2,9,01,B02
200900061429,0,07,000,00,2,1,01,A01
200900061429,0,17,000,00,2,1,01,B02
200900061430,0,01,000,00,2,7,05,B02
200900061430,0,07,000,00,2,3,15,A01
200900061431,0,10,000,00,2,1,21,A01
200900061431,0,07,000,00,2,1,05,B02
200900061432,0,14,000,01,0,1,01,B02
200900061432,0,07,000,00,0,4,23,A01
200900061433,0,10,000,00,2,3,01,B02
200900061433,0,07,000,00,2,8,15,A01
200900061434,0,07,000,00,4,5,23,A01
200900061434,0,39,000,01,0,2,01,B02
200900061435,0,07,000,08,0,8,01,A01
200900061436,0,07,000,06,0,1,01,A01
200900061437,0,07,000,13,0,1,01,A01
200900061438,0,07,000,00,2,2,02,A01
200900061438,0,31,000,00,2,4,02,B02
200900061439,0,07,000,00,2,7,17,B02
200900061439,0,01,000,00,2,0,01,A01
200900061440,0,10,000,00,2,1,05,A01
200900061440,0,15,000,00,2,3,01,B02
200900061441,0,07,000,00,2,4,23,A01
200900061441,0,07,000,01,0,1,02,B02
200900061442,0,07,000,00,2,1,01,C03
200900061442,0,14,000,00,2,1,15,A01
200900061442,0,99,000,00,0,0,00,B02
200900061443,0,15,000,00,0,3,01,B02
200900061443,0,07,000,13,2,5,17,A01
200900061444,0,07,000,00,2,1,01,B02
200900061444,0,07,000,00,2,1,13,A01
200900061445,0,07,000,00,1,2,01,A01
200900061446,0,07,000,00,1,1,15,A01
200900061447,0,07,000,00,2,1,01,A01
200900061447,0,07,000,00,2,4,01,B01
200900061448,0,10,000,00,2,3,23,C01
200900061448,0,10,000,00,2,6,01,B01
200900061448,0,07,000,00,2,1,19,A01
200900061449,0,31,000,00,0,0,01,A01
200900061450,0,07,000,00,0,6,15,B01
200900061450,0,30,000,00,2,1,02,A01
200900061451,0,07,000,00,2,8,00,B01
200900061451,0,07,000,00,2,1,00,A01
200900061452,0,07,000,00,2,8,13,B01
200900061452,0,33,000,00,2,1,17,A01
200900061453,0,07,000,00,2,1,01,A01
200900061453,0,07,000,00,0,4,01,B02
200900061454,0,07,000,00,1,2,01,A01
200900061455,0,07,000,00,2,2,15,A01
200900061455,0,07,000,00,2,1,01,B02
200900061456,0,07,000,00,1,1,01,A01
200900061457,0,07,000,00,2,8,01,A01
200900061457,0,30,000,00,2,1,01,B02
200900061458,0,07,000,00,1,0,01,A01
200900061459,0,07,000,00,2,3,09,A01
200900061459,0,30,000,00,2,1,01,B02
200900061460,0,07,000,00,2,3,01,B02
200900061460,0,30,000,00,2,1,13,A01
200900061461,0,17,000,00,0,1,01,A01
200900061462,0,07,000,02,0,2,13,A01
200900061463,0,15,000,00,2,8,01,A01
200900061463,0,07,000,00,2,2,01,B02
200900061464,0,07,000,00,2,8,01,A01
200900061464,0,34,000,00,2,1,17,B02
200900061465,0,07,000,13,0,3,06,A01
200900061466,0,39,000,00,2,1,01,B02
200900061466,0,07,000,00,4,8,01,A01
200900061467,0,30,000,00,2,1,01,A01
200900061467,1,17,000,00,2,5,15,B01
200900061468,0,07,000,00,2,3,13,A01
200900061468,0,07,000,00,2,3,01,B01
200900061469,0,07,000,00,1,1,01,A01
200900061470,0,07,000,00,1,2,01,A01
200900061471,0,10,000,00,0,4,23,B01
200900061471,0,07,000,00,2,1,01,A01
200900061472,0,07,000,00,2,7,15,A01
200900061472,0,07,000,00,2,1,01,B01
200900061473,0,07,000,00,2,1,01,A01
200900061473,0,07,000,00,2,8,01,B01
200900061474,0,07,000,00,0,0,00,A01
200900061475,0,34,000,00,2,1,01,B01
200900061475,0,07,000,00,2,6,10,A01
200900061476,0,30,000,00,2,1,18,A01
200900061476,0,37,001,00,2,7,16,B01
200900061477,0,07,000,00,2,0,01,B01
200900061477,0,07,000,00,2,0,01,C01
200900061477,0,07,000,00,2,0,09,A01
200900061478,0,07,000,01,0,0,00,A01
200900061479,0,33,000,00,2,2,13,B01
200900061479,0,07,000,00,0,8,19,A01
200900061480,0,07,000,00,2,1,01,B01
200900061480,0,30,000,00,2,7,01,A01
200900061481,0,07,000,01,2,2,01,A01
200900061482,0,07,000,00,2,1,01,A01
200900061482,0,33,000,00,2,4,23,B01
200900061483,0,07,000,00,2,1,01,A01
200900061483,0,07,000,00,2,7,00,B01
200900061484,0,07,000,00,1,1,00,A01
200900061485,0,07,000,00,2,3,01,B01
200900061485,0,07,000,00,2,1,15,A01
200900061486,0,07,000,00,2,1,00,A01
200900061486,0,33,000,00,2,0,00,B01
200900061487,2,07,000,01,1,1,01,A01
200900061488,0,07,000,00,2,1,01,A01
200900061488,0,07,000,00,2,4,23,B01
200900061489,0,07,000,00,1,1,01,A01
200900061490,0,07,000,00,2,1,00,A01
200900061490,0,32,000,00,1,1,00,B01
200900061491,0,07,000,00,2,5,15,A01
200900061491,0,33,000,00,2,1,01,B01
200900061492,0,01,000,00,2,1,01,A01
200900061492,0,21,000,00,2,8,15,A02
200900061493,0,07,000,00,1,5,21,A01
200900061494,0,07,000,13,0,2,15,A01
200900061495,0,99,000,00,1,2,01,A01
200900061496,0,33,000,00,2,1,01,A01
200900061496,0,07,000,00,2,2,15,B02
200900061497,0,07,000,00,2,2,14,A01
200900061498,0,07,000,00,2,1,05,A01
200900061498,0,07,000,00,2,2,01,B01
200900061499,0,07,000,13,0,0,01,A01
200900061500,0,07,000,00,2,1,01,B01
200900061500,2,07,000,01,0,1,01,A01
200900061501,0,07,000,00,2,1,01,A01
200900061501,0,30,000,00,0,7,02,B01
200900061502,0,07,000,00,2,3,13,A01
200900061502,0,07,000,00,0,3,01,B01
200900061503,0,33,000,00,2,1,01,A01
200900061503,0,10,000,00,0,3,01,C01
200900061503,0,07,000,00,0,6,01,B01
200900061504,0,07,000,00,1,2,00,A01
200900061505,0,07,000,00,1,1,01,A01
200900061506,0,07,000,00,2,1,01,A01
200900061506,0,07,000,00,0,4,01,C01
200900061506,0,07,000,00,2,4,01,B01
200900061507,0,07,000,00,0,4,01,B01
200900061507,0,07,000,00,2,1,01,A01
200900061508,0,07,000,00,2,1,01,B01
200900061508,0,07,000,00,2,1,01,A01
200900061509,0,10,000,00,2,8,15,A01
200900061509,0,33,000,00,2,1,01,B01
200900061510,0,07,000,00,0,8,15,B01
200900061510,0,07,000,00,2,3,01,A01
200900061511,0,07,000,00,2,2,15,A01
200900061511,0,07,000,00,2,2,01,B01
200900061512,0,02,000,00,2,3,01,B01
200900061512,0,07,000,00,2,6,15,A01
200900061513,0,31,000,00,0,3,01,A01
200900061514,0,07,000,00,2,4,01,A01
200900061514,0,07,000,00,2,1,01,C01
200900061514,0,07,000,00,2,1,01,B01
200900061514,0,07,000,00,2,1,01,F02
200900061514,0,07,000,00,2,1,01,E01
200900061514,0,07,000,00,2,1,01,H02
200900061514,0,07,000,00,2,1,01,L03
200900061514,0,07,000,00,2,1,01,K03
200900061514,0,07,000,00,2,1,01,J02
200900061514,0,07,000,00,2,1,01,I02
200900061514,0,07,000,00,2,1,01,G02