Num_Acc,senc,catv,occutc,obs,obsm,choc,manv,num_veh
200900061891,0,07,000,07,0,3,13,A01
200900061892,0,07,000,00,6,1,01,A01
200900061893,0,33,000,07,0,7,01,A01
200900061894,0,33,000,00,2,1,01,B02
200900061894,0,07,000,00,2,5,15,A01
200900061895,0,10,000,00,1,2,01,A01
200900061896,0,07,000,00,0,3,14,B02
200900061896,0,33,000,00,2,1,05,A01
200900061897,0,07,000,00,1,1,01,A01
200900061898,0,07,000,00,2,1,01,B02
200900061898,0,07,000,00,2,8,01,A01
200900061899,0,33,000,00,0,0,12,A01
200900061899,0,07,000,00,0,0,01,B02
200900061900,0,02,000,15,0,1,01,A01
200900061901,0,33,000,03,0,1,01,A01
200900061902,0,07,000,16,0,9,01,A01
200900061903,0,10,000,13,0,1,00,A01
200900061904,0,07,000,04,0,9,17,A01
200900061905,0,33,000,00,2,7,01,A01
200900061905,0,14,000,00,2,8,11,B02
200900061906,0,07,000,08,0,1,01,A01
200900061907,0,33,000,04,0,1,01,A01
200900061908,0,07,000,00,2,1,19,B02
200900061908,0,07,000,00,0,8,01,A01
200900061909,0,07,000,13,0,1,01,A01
200900061910,0,02,000,00,2,1,00,C03
200900061910,0,07,000,00,2,5,00,B02
200900061910,0,01,000,00,2,4,01,A01
200900061911,0,07,000,00,2,1,01,A01
200900061911,0,17,000,00,2,4,01,B02
200900061912,1,07,000,00,1,2,00,A01
200900061913,0,33,000,00,2,7,17,A01
200900061913,0,10,000,00,2,8,17,B02
200900061914,0,07,000,03,0,2,00,A01
200900061915,0,31,000,00,1,1,01,A01
200900061916,0,07,000,00,2,3,01,B01
200900061916,0,07,000,00,2,3,15,A01
200900061917,0,02,000,00,0,7,01,A01
200900061918,0,07,000,00,2,8,15,B01
200900061918,0,30,000,00,2,1,17,A01
200900061919,0,07,000,00,2,3,15,A01
200900061919,0,30,000,06,2,2,01,B01
200900061920,0,02,000,12,2,3,01,B01
200900061920,0,07,000,00,2,1,19,A01
200900061921,0,33,000,00,2,7,15,A01
200900061921,0,07,000,00,2,1,01,B01
200900061922,0,32,000,00,2,8,01,B01
200900061922,0,07,000,00,2,1,01,A01
200900061923,0,03,000,00,2,7,15,A01
200900061923,0,07,000,00,2,1,01,B01
200900061924,0,33,000,11,0,1,01,A01
200900061925,0,07,000,00,1,1,15,A01
200900061926,1,02,000,00,1,1,01,A01
200900061927,0,07,000,11,0,1,01,A01
200900061928,1,07,000,00,1,1,01,A01
200900061929,1,07,000,00,2,1,01,B01
200900061929,0,07,000,03,2,4,01,A01
200900061930,0,07,000,00,1,3,01,A01
200900061931,0,30,000,14,0,7,01,A01
200900061932,0,30,000,00,2,2,01,B01
200900061932,0,07,000,00,2,3,00,A01
200900061933,0,33,000,14,0,7,01,A01
200900061934,0,07,000,00,1,3,01,A01
200900061935,0,36,000,08,0,2,00,A01
200900061936,0,07,000,00,2,8,01,A01
200900061936,0,01,000,00,2,1,01,B01
200900061937,0,02,000,08,0,0,20,A01
200900061938,0,07,000,00,2,1,16,A01
200900061938,0,07,000,00,2,1,01,B01
200900061939,0,07,000,00,2,3,13,A01
200900061939,0,33,000,00,2,3,01,B01
200900061940,0,07,000,09,0,3,00,A01
200900061941,0,01,000,00,0,8,01,B01
200900061941,0,07,000,00,2,6,01,A01
200900061942,0,07,000,00,2,2,21,B01
200900061942,0,07,000,00,2,7,00,A01
200900061943,0,07,000,12,2,1,02,A01
200900061943,0,07,000,09,2,4,01,B01
200900061944,0,33,000,00,2,4,01,B01
200900061944,0,07,000,00,0,2,02,A01
200900061945,0,07,000,15,0,1,15,A01
200900061946,0,07,000,00,1,1,01,A01
200900061947,0,37,001,00,1,7,00,A01
200900061948,0,33,000,00,2,1,02,A01
200900061948,0,07,000,00,2,4,01,B01
200900061949,0,07,000,00,2,1,01,B01
200900061949,0,33,000,00,2,1,13,A01
200900061950,0,07,000,00,2,6,01,B01
200900061950,0,33,000,00,2,1,02,A01
200900061951,0,30,000,02,0,8,01,A01
200900061952,0,07,000,00,2,1,01,A01
200900061952,0,07,000,00,2,8,16,B01
200900061953,0,07,000,00,2,1,01,A01
200900061953,0,07,000,00,2,4,01,B01
200900061953,0,07,000,00,2,4,01,C01
200900061953,0,07,000,00,2,4,01,D01
200900061954,0,07,000,00,0,5,15,A01
200900061954,0,01,000,00,2,8,01,B01
200900061955,0,07,000,00,1,2,01,A01
200900061956,0,07,000,00,2,2,16,A01
200900061956,0,01,000,02,0,1,01,B01
200900061957,0,07,000,00,2,8,01,B01
200900061957,0,30,000,00,2,6,01,A01
200900061958,0,07,000,00,2,4,02,B01
200900061958,0,07,000,00,2,1,02,A01
200900061959,0,31,000,00,2,1,00,A01
200900061959,1,07,000,00,2,0,00,B01
200900061960,0,07,000,00,2,2,15,A01
200900061960,0,33,000,00,0,9,01,B01
200900061961,0,07,000,00,2,1,01,A01
200900061961,0,07,000,09,2,7,02,B01
200900061962,0,30,000,00,1,8,02,A01
200900061962,0,07,000,00,2,4,01,B01
200900061963,0,99,000,00,1,4,04,A01
200900061964,0,07,000,00,2,1,01,B01
200900061964,0,07,000,00,2,8,15,A01
200900061965,0,31,000,00,2,1,01,B01
200900061965,0,07,000,00,2,3,16,A01
200900061966,0,07,000,00,2,2,00,A01
200900061966,0,01,000,00,2,8,19,B01
200900061967,0,07,000,00,2,4,01,C01
200900061967,0,07,000,00,2,2,02,A01
200900061967,0,07,000,00,2,4,02,B01
200900061968,0,02,000,00,2,8,15,B01
200900061968,2,02,000,00,2,5,17,A01
200900061969,0,07,000,00,1,3,16,A01
200900061970,0,07,000,00,2,4,23,B01
200900061970,0,07,000,00,2,1,01,A01
200900061971,0,07,000,00,2,4,01,B01
200900061971,0,07,000,00,2,1,01,A01
200900061972,0,02,000,00,9,7,16,A01
200900061973,0,07,000,00,2,3,02,B01
200900061973,0,07,000,03,0,1,02,A01
200900061974,0,07,000,00,2,8,15,B01
200900061974,0,33,000,00,2,1,13,A01
200900061975,0,02,000,00,9,7,01,B01
200900061976,0,07,000,00,2,3,15,A01
200900061976,0,31,000,00,2,3,01,B01
200900061977,0,01,000,00,0,0,00,A01
200900061978,0,07,000,00,2,5,13,A01
200900061978,0,30,000,00,2,8,01,B01
200900061979,0,07,000,00,2,2,12,A01
200900061979,0,33,000,01,2,8,01,B01
200900061980,0,07,000,09,0,2,01,A01
200900061981,0,07,000,00,2,4,01,B01
200900061981,0,07,000,00,2,1,01,A01
200900061982,0,30,000,00,2,1,17,A01
200900061982,0,07,000,00,2,3,15,B01
200900061983,0,07,000,00,2,8,20,A01
200900061983,0,07,000,00,2,1,02,B01
200900061984,0,01,000,00,0,4,00,A01
200900061985,0,07,000,00,1,1,00,A01
200900061986,0,10,000,13,0,2,01,A01
200900061987,0,07,000,00,0,8,00,B02
200900061987,0,07,000,00,0,8,00,A01
200900061988,0,33,000,00,2,1,01,B02
200900061988,0,07,000,00,2,7,15,A01
200900061989,0,07,000,02,0,7,01,A01
200900061990,0,07,000,00,2,8,15,A01
200900061990,0,33,000,00,2,1,01,B02
200900061991,0,02,000,00,2,8,01,B02
200900061991,0,07,000,00,2,8,17,A01
200900061992,0,07,000,00,2,1,01,A01
200900061992,0,10,000,00,2,1,01,B02
200900061993,0,07,000,06,0,8,01,A01
200900061994,0,07,000,14,2,3,05,B02
200900061994,0,07,000,14,2,3,05,A01
200900061995,0,07,000,02,0,1,01,A01
200900061996,0,07,000,00,0,3,15,B02
200900061996,0,10,000,00,0,3,01,A01
200900061997,0,07,000,02,0,3,13,A01
200900061998,0,99,000,00,0,8,15,A01
200900061998,0,99,000,00,2,1,01,B02
200900061999,0,07,000,13,0,3,21,A01
200900062000,0,07,000,00,2,1,01,A01
200900062000,0,07,000,00,2,2,19,B02
200900062001,0,33,000,00,0,1,01,A01
200900062002,0,07,000,00,2,1,13,A01
200900062002,0,07,000,00,2,1,01,B02
200900062003,0,07,000,16,0,1,01,A01
200900062004,0,07,000,13,0,1,13,A01
200900062005,0,21,000,00,0,6,00,A01
200900062005,0,07,000,00,2,1,01,B02
200900062006,0,07,000,00,0,0,00,A01
200900062007,0,07,000,00,2,4,02,A01
200900062007,0,07,000,00,2,1,02,B01
200900062008,0,07,000,00,1,1,01,A01
200900062009,0,07,000,00,2,8,01,B01
200900062009,0,07,000,00,2,1,15,A01
200900062010,0,07,000,00,1,4,20,A01
200900062011,0,02,000,00,2,1,02,A01
200900062011,0,07,000,00,2,4,23,B01
200900062012,0,07,000,00,2,3,09,A01
200900062012,0,33,000,00,2,7,02,B01
200900062013,0,07,000,00,1,3,01,A01
200900062014,0,02,000,00,2,1,02,A01
200900062014,0,07,000,00,2,3,02,B01
200900062015,0,10,000,00,2,4,02,B01
200900062015,0,07,000,00,2,1,01,A01
200900062015,0,07,000,00,0,4,23,C01
200900062016,0,31,000,00,2,1,02,A01
200900062016,0,07,000,00,2,4,02,B01
200900062017,0,02,000,01,0,4,01,A01
200900062017,0,07,000,00,2,4,23,B01
200900062018,0,10,000,00,2,1,02,A01
200900062018,0,07,000,00,2,4,02,C01
200900062018,0,10,000,00,2,1,02,B01
200900062019,0,07,000,00,0,9,01,A01
200900062020,0,10,000,00,6,9,01,A01
200900062021,0,07,000,00,1,1,01,A01
200900062022,0,02,000,00,2,1,01,B01
200900062022,0,07,000,00,2,2,00,A01
200900062023,0,07,000,08,0,8,17,A01
200900062024,0,07,000,00,2,2,01,B01
200900062024,0,07,000,00,2,8,09,A01
200900062025,0,07,000,00,2,2,15,A01
200900062025,0,30,000,00,2,1,01,B01
200900062026,0,07,000,01,0,1,01,A01
200900062027,0,02,000,00,2,1,01,B01
200900062027,0,07,000,00,2,2,15,A01
200900062028,0,13,000,00,0,4,02,B01
200900062028,0,02,000,00,2,1,02,A01
200900062029,0,33,000,00,2,1,02,A01
200900062029,0,07,000,00,0,4,02,B01
200900062030,0,01,000,00,2,7,02,B01
200900062030,0,07,000,00,2,8,02,A01
200900062031,0,07,000,00,2,8,02,B01
200900062031,0,33,000,00,2,2,02,A01
200900062032,0,31,000,00,0,8,02,A01
200900062033,0,07,000,00,2,4,23,B01
200900062033,0,30,000,00,2,7,02,A01
200900062034,2,07,000,00,2,2,01,A01
200900062034,0,07,000,00,2,3,01,B01
200900062035,0,07,000,00,2,1,15,A01
200900062035,0,02,000,00,2,1,00,B01
200900062036,0,07,000,13,0,9,13,A01
200900062037,0,07,000,00,2,8,11,B02
200900062037,0,33,000,00,2,2,21,A01
200900062038,0,07,000,00,2,1,01,B02
200900062038,0,33,000,00,2,9,01,A01
200900062039,0,07,000,00,2,2,15,A01
200900062039,0,07,000,00,2,1,01,B02
200900062040,0,10,000,00,2,1,01,A01
200900062040,0,07,000,00,2,3,09,B02
200900062041,0,07,000,03,0,4,01,C03
200900062041,0,07,000,03,0,0,01,A01
200900062041,0,07,000,03,0,7,01,B02
200900062042,0,07,000,03,0,1,01,A01
200900062043,0,14,000,00,2,1,01,C03
200900062043,0,21,000,00,2,1,01,B02
200900062043,0,07,000,00,2,1,13,A01
200900062044,0,07,000,00,1,2,01,A01
200900062045,0,07,000,00,2,1,01,B02
200900062045,0,07,000,00,0,0,00,A01
200900062046,0,07,000,00,2,2,21,A01
200900062046,0,02,000,00,2,1,05,B02
200900062047,0,07,000,02,0,3,01,A01
200900062048,0,14,000,01,0,1,02,A01
200900062048,0,17,000,00,0,4,24,B02
200900062049,0,07,000,02,0,2,14,A01
200900062050,0,07,000,00,2,3,01,B02
200900062050,0,07,000,00,2,3,13,A01
200900062051,0,10,000,00,1,1,02,A01
200900062052,0,15,000,00,2,3,01,B02
200900062052,0,99,000,00,2,3,01,A01
200900062053,0,07,000,00,2,2,19,A01
200900062053,0,02,000,00,2,1,01,B01
200900062054,0,07,000,00,2,1,02,B01
200900062054,0,07,000,00,2,2,01,A01
200900062055,0,07,000,09,0,7,01,A01
200900062056,0,07,000,00,0,4,02,C01
200900062056,0,07,000,00,2,1,02,B01
200900062056,0,07,000,00,2,1,02,A01
200900062057,0,30,000,00,2,1,01,B01
200900062057,0,07,000,00,2,3,15,A01
200900062058,0,07,000,00,2,1,01,B01
200900062058,0,07,000,00,0,5,15,A01
200900062059,0,07,000,00,2,2,17,A01
200900062059,0,02,000,00,2,8,15,B02
200900062060,0,33,000,00,0,8,01,A01
200900062061,0,01,000,00,2,7,05,B02
200900062061,0,07,000,00,9,3,19,A01
200900062062,0,07,000,13,0,3,01,A01
200900062063,0,07,000,00,2,2,01,B02
200900062063,0,02,000,00,2,3,01,A01
200900062064,0,33,000,02,0,1,02,A01
200900062065,0,07,000,13,0,3,19,A01
200900062066,0,30,000,03,0,2,01,A01
200900062067,0,07,000,15,0,9,01,A01
200900062068,0,07,000,00,2,3,01,B02
200900062068,0,07,000,00,2,3,15,A01
200900062069,0,30,000,00,2,1,13,A01
200900062069,0,07,000,00,2,3,01,B02
200900062070,0,07,000,02,0,2,01,A01
200900062071,0,21,000,00,2,6,19,A01
200900062071,0,31,000,00,2,1,01,B02
200900062072,0,02,000,00,2,1,01,B02
200900062072,0,07,000,00,2,7,01,A01
200900062073,0,07,000,00,2,3,01,B02
200900062073,0,02,000,00,2,1,13,A01
200900062074,0,10,000,00,2,4,02,B02
200900062074,0,10,000,00,2,1,02,A01
200900062074,0,10,000,00,2,4,02,C03
200900062075,0,10,000,15,0,4,01,A01
200900062076,0,30,000,00,2,1,01,B02
200900062076,0,07,000,00,2,3,09,A01
200900062077,0,33,000,00,5,1,01,A01
200900062078,0,10,000,13,2,3,01,B02
200900062078,0,17,000,00,2,8,01,A01
200900062079,0,07,000,00,2,3,01,A01
200900062079,0,07,000,00,2,1,01,B02
200900062080,0,07,000,00,2,2,02,A01
200900062080,0,01,000,00,2,4,02,B02
200900062081,0,07,000,00,2,8,23,C03
200900062081,0,07,000,00,2,1,19,A01
200900062081,0,07,000,14,2,8,14,B02
200900062082,0,07,000,06,0,1,01,A01
200900062083,0,03,000,00,2,7,20,A01
200900062083,0,02,000,00,2,1,01,B02
200900062084,0,07,000,07,0,1,01,A01
200900062085,0,07,000,00,2,2,02,A01
200900062085,0,07,000,00,2,6,23,B02
200900062086,0,07,000,13,0,2,14,A01
200900062087,0,07,000,13,0,1,01,A01
200900062088,0,07,000,02,0,1,01,A01
200900062089,0,31,000,00,2,8,01,B01
200900062089,1,07,000,00,2,7,17,A01
200900062090,0,32,000,00,2,1,01,B01
200900062090,0,07,000,00,2,8,10,A01
200900062091,0,10,000,00,2,3,15,B01
200900062091,0,30,000,00,2,7,17,A01
200900062092,0,07,000,00,2,8,15,A01
200900062092,0,07,000,00,2,1,01,B01
200900062093,1,07,000,00,1,1,01,A01
200900062094,0,07,000,11,0,1,01,A01
200900062095,0,07,000,00,1,1,17,A01
200900062096,0,37,000,00,0,5,01,B01
200900062096,0,31,000,00,0,5,00,A01
200900062097,0,07,000,00,2,5,01,B01
200900062097,0,33,000,06,2,7,17,A01
200900062098,0,07,000,11,0,8,01,A01
200900062099,0,30,000,00,0,7,01,A01
200900062100,0,07,000,00,2,7,02,B01
200900062100,0,07,000,14,2,2,01,A01
200900062101,0,02,000,00,2,6,15,B01
200900062101,0,02,000,00,2,3,01,A01
200900062102,0,07,000,00,0,4,23,B01
200900062102,0,07,000,14,0,1,01,A01
200900062103,0,07,000,00,2,4,02,A01
200900062103,1,07,000,00,2,1,02,B01
200900062104,0,30,000,00,2,1,01,A01
200900062104,0,07,000,00,2,7,01,B01
200900062105,0,32,000,00,2,7,00,A01
200900062105,0,07,000,00,0,6,11,B01
200900062106,0,07,000,08,0,3,01,A01
200900062107,0,33,000,00,2,0,01,A01
200900062108,0,07,000,00,1,4,04,A01
200900062109,0,10,000,00,2,3,13,A01
200900062109,0,07,000,00,2,3,01,B01
200900062110,0,07,000,00,1,6,04,A01
200900062111,0,07,000,00,0,8,01,B01
200900062111,0,02,000,00,0,1,01,A01
200900062112,0,07,000,00,2,4,01,C01
200900062112,0,07,000,03,2,4,01,B01
200900062112,0,07,000,00,2,1,01,A01
200900062113,0,07,000,09,2,1,01,B01
200900062113,0,07,000,00,2,2,15,A01
200900062114,0,07,000,00,1,2,01,A01
200900062115,0,33,000,00,1,4,01,A01
200900062116,0,07,000,00,2,4,01,C01
200900062116,0,07,000,01,0,9,01,B01
200900062116,0,07,000,00,2,1,02,A01
200900062116,0,07,000,00,2,4,02,D01
200900062117,0,07,000,00,2,3,10,A01
200900062117,0,30,000,00,2,7,17,B01
200900062118,0,07,000,12,1,1,01,A01
200900062119,0,30,000,12,2,1,01,A01
200900062119,0,07,000,00,0,4,01,B01
200900062120,0,07,000,00,2,1,13,A01
200900062120,0,07,000,13,0,3,01,B01
200900062121,0,07,000,00,2,5,23,B01
200900062121,0,07,000,00,1,6,04,A01
200900062122,0,33,000,01,2,8,01,B01
200900062122,0,07,000,00,2,2,01,A01
200900062123,0,07,000,03,2,1,01,A01
200900062123,0,07,000,03,2,4,02,B01
200900062124,0,07,000,15,0,9,17,A01
200900062125,0,37,015,06,0,1,01,A01
200900062126,0,07,000,00,2,7,09,A01
200900062126,0,33,000,00,2,1,01,B01
200900062127,0,30,000,00,2,1,00,B01
200900062127,0,07,000,09,0,6,16,A01
200900062128,0,07,000,03,2,1,01,C01
200900062128,0,07,000,03,2,1,01,B01
200900062128,0,07,000,00,0,0,00,D01
200900062128,0,07,000,00,0,1,01,A01
200900062129,0,30,000,00,2,1,02,A01
200900062129,0,07,000,00,0,4,16,B01
200900062130,1,07,000,00,0,0,00,A01
200900062130,0,02,000,00,0,8,00,B01
200900062131,0,07,000,00,2,2,01,B01
200900062131,0,30,000,00,2,1,18,A01
200900062132,0,30,000,00,0,8,01,A01
200900062133,0,17,000,04,0,1,01,A01
200900062134,0,07,000,00,1,6,04,A01
200900062135,0,07,000,00,2,2,19,A01
200900062135,0,30,000,00,2,8,05,B01
200900062136,0,30,000,00,2,1,02,A01
200900062136,0,10,000,00,2,4,02,B01
200900062137,0,07,000,06,0,3,01,A01
200900062138,0,07,000,03,2,3,01,A01
200900062138,0,07,000,03,2,3,01,B01
200900062139,0,30,000,00,2,7,16,B01
200900062139,0,07,000,00,2,1,01,A01
200900062140,1,07,000,00,0,0,17,B01
200900062140,0,07,000,02,0,1,21,A01
200900062141,0,07,000,00,2,5,15,B01
200900062141,0,33,000,00,2,1,01,A01
200900062142,0,07,000,00,2,6,00,B01
200900062142,0,02,000,00,2,1,01,A01
200900062143,0,01,000,00,2,8,01,B01
200900062143,0,07,000,00,9,3,01,A01
200900062144,0,07,000,00,2,1,01,B01
200900062144,0,07,000,00,2,1,05,A01
200900062145,0,07,000,03,2,1,01,C01
200900062145,0,07,000,03,2,6,18,A01
200900062145,0,15,000,03,2,1,01,B01
200900062146,2,07,000,00,2,6,00,A01
200900062146,0,07,000,00,2,2,01,B01
200900062147,0,07,000,00,1,0,01,A01
200900062148,0,30,000,00,2,1,13,A01
200900062148,0,07,000,00,2,3,01,B01
200900062149,0,07,000,00,2,8,01,B01
200900062149,0,02,000,00,2,1,16,A01
200900062150,0,07,000,13,0,2,14,A01
200900062151,0,02,000,01,2,1,14,A01
200900062151,0,07,000,00,2,5,23,C01
200900062152,0,07,000,03,0,1,01,A01
200900062153,0,07,000,13,0,1,01,A01
200900062154,0,01,000,00,2,1,19,B01
200900062154,0,14,000,00,2,7,16,A01
200900062155,0,07,000,00,2,3,15,A01
200900062155,0,02,000,00,2,8,01,B01
200900062156,0,01,000,00,2,1,19,B01
200900062156,0,07,000,00,2,2,15,A01
200900062157,0,07,000,00,2,3,16,B01
200900062157,0,07,000,00,2,3,16,A01
200900062158,0,07,000,00,2,2,20,A01
200900062158,0,07,000,00,2,3,01,B01
200900062159,0,07,000,00,2,2,01,B01
200900062159,0,07,000,01,2,4,04,A01
200900062160,0,02,000,00,2,1,02,B01
200900062160,0,07,000,00,2,2,16,A01
200900062161,0,07,000,01,0,3,01,A01
200900062162,0,07,000,07,1,0,01,A01
200900062163,0,07,000,00,2,2,16,A01
200900062163,0,32,000,00,2,1,16,B01
200900062164,0,32,000,00,2,8,01,B01
200900062164,0,07,000,00,2,0,15,A01
200900062165,0,31,000,00,2,8,02,A01
200900062165,0,07,000,00,2,4,15,B01
200900062166,0,07,000,00,1,1,01,A01
200900062167,0,33,000,00,0,7,01,A01
200900062168,0,33,000,00,0,7,01,A01
200900062169,0,14,000,00,1,2,01,A01
200900062170,0,07,000,00,2,3,15,A01
200900062170,0,33,000,00,0,8,01,B01
200900062171,0,07,000,00,2,2,16,A01
200900062171,0,01,000,00,0,5,01,B01
200900062172,0,02,000,00,2,1,02,A01
200900062172,0,15,000,00,0,0,24,C01
200900062172,0,07,000,01,0,6,23,B01
200900062173,1,07,000,00,1,1,01,A01
200900062174,0,07,000,00,1,3,01,A01
200900062175,0,07,000,00,2,8,15,A01
200900062175,0,07,000,00,2,1,01,B01
200900062176,0,07,000,06,0,1,01,A01
200900062177,0,10,000,04,0,1,01,A01
200900062178,0,10,000,00,2,2,01,A01
200900062178,0,01,000,00,2,3,01,B01
200900062179,0,07,000,00,2,3,01,A01
200900062179,0,14,000,00,2,3,01,B01
200900062180,0,07,000,00,2,8,01,B01
200900062180,0,07,000,00,2,1,01,A01
200900062181,0,31,000,00,2,1,01,B01
200900062181,0,07,000,00,2,1,01,A01
200900062182,0,07,000,00,2,1,13,A01
200900062182,0,07,000,00,2,1,01,B01
200900062183,0,34,000,00,0,0,00,A01
200900062184,0,07,000,00,2,1,01,A01
200900062184,0,07,000,00,2,4,02,B01
200900062185,0,07,000,00,2,7,11,A01
200900062185,0,33,000,00,2,1,01,B01
200900062186,0,07,000,10,0,9,01,A01
200900062187,0,01,000,00,2,7,09,A01
200900062187,0,14,000,00,2,1,01,B01
200900062188,0,33,000,00,2,1,01,B01
200900062188,0,07,000,00,0,8,10,A01
200900062189,0,07,000,00,1,1,19,A01
200900062190,0,07,000,00,1,2,01,A01
200900062191,0,07,000,00,1,2,01,A01
200900062192,0,07,000,00,1,2,01,A01
200900062193,0,07,000,00,0,8,24,A01
200900062193,0,01,000,01,0,1,01,B01
200900062194,0,33,000,00,1,8,01,A01
200900062195,0,32,000,00,2,1,01,C01
200900062195,0,30,000,00,2,1,01,B01
200900062195,0,07,000,00,2,8,01,A01
200900062196,0,07,000,00,2,3,16,A01
200900062196,0,15,000,00,2,2,01,B02
200900062197,0,07,000,00,0,0,01,A01
200900062198,0,33,000,13,0,1,17,A01
200900062199,0,02,000,00,2,1,01,B01
200900062199,2,07,000,00,2,8,01,A02
200900062200,0,07,000,13,0,1,01,A01
200900062201,0,07,000,02,0,3,13,A01
200900062202,0,07,000,00,1,3,01,A01
200900062203,0,07,000,00,2,1,02,A01
200900062203,0,07,000,00,2,4,02,B01
200900062204,0,07,000,00,0,4,02,A01
200900062204,0,02,000,00,2,1,02,B01
200900062205,0,10,000,00,1,3,01,A01
200900062206,0,10,000,15,2,1,15,B01
200900062206,0,07,000,15,2,1,01,A01
200900062207,0,07,000,00,2,2,15,B01
200900062207,0,02,000,00,2,1,01,A01
200900062208,0,07,000,16,0,2,01,A01
200900062209,0,07,000,00,2,5,15,B01
200900062209,0,33,000,00,2,0,01,A01
200900062210,0,07,000,00,2,1,01,B02
200900062210,0,07,000,00,0,7,13,A01
200900062211,0,07,000,00,1,1,00,A01
200900062212,0,07,000,00,2,1,02,B01
200900062212,0,07,000,00,2,4,01,A01
200900062213,0,07,000,00,2,1,09,A01
200900062213,0,31,000,00,2,0,01,B01
200900062214,0,07,000,00,1,0,01,A01
200900062215,0,07,000,00,2,1,01,B01
200900062215,0,07,000,00,2,7,01,A01
200900062216,0,07,000,07,2,8,01,A01
200900062216,0,07,000,00,2,1,01,B01
200900062217,0,07,000,00,2,2,01,B01
200900062217,0,07,000,00,2,3,20,A01
200900062218,0,07,000,00,1,0,01,A01
200900062219,0,07,000,00,2,7,01,B01
200900062219,0,02,000,00,2,1,05,A01
200900062220,0,07,000,00,1,0,16,A01
200900062221,0,07,000,00,2,3,01,B01
200900062221,0,07,000,00,2,3,13,A01
200900062222,0,07,000,00,1,0,16,A01
200900062223,0,07,000,07,2,7,23,C01
200900062223,0,07,000,07,2,7,01,A01
200900062223,0,07,000,00,2,1,01,B01
200900062224,0,07,000,01,1,2,01,A01
200900062225,0,07,000,07,2,2,01,A01
200900062225,0,02,000,00,2,9,01,B01
200900062226,0,07,000,07,2,1,01,B01
200900062226,0,02,000,07,2,1,01,A01
200900062227,0,07,000,01,1,4,04,A01
200900062228,0,07,000,14,1,0,01,A01
200900062229,0,07,000,07,2,1,02,A01
200900062229,0,07,000,07,2,4,23,B01
200900062230,0,07,000,00,2,4,23,B01
200900062230,0,07,000,00,2,4,23,C01
200900062230,0,07,000,00,2,1,02,A01
200900062231,0,31,000,00,1,8,13,A01
200900062232,0,01,000,00,2,0,01,B01
200900062232,0,07,000,00,2,1,01,A01
200900062233,0,07,000,00,2,9,15,A01
200900062233,0,07,000,00,2,9,01,B01
200900062234,0,07,000,07,2,1,01,A01
200900062234,0,07,000,00,2,7,15,B01
200900062235,0,07,000,00,1,3,01,A01
200900062236,0,07,000,00,1,0,04,A01
200900062237,0,07,000,00,1,1,01,A01
200900062238,0,13,000,00,1,0,16,A01
200900062239,0,07,000,00,1,0,01,A01
200900062240,0,37,001,00,1,3,01,A01
200900062241,0,01,000,00,2,1,00,B01
200900062241,0,07,000,00,2,1,00,A01
200900062242,0,10,000,00,1,2,16,A01
200900062242,0,30,000,00,2,2,14,B01
200900062243,0,07,000,00,2,1,11,A01
200900062243,0,33,000,00,2,1,00,B01
200900062244,0,33,000,00,2,9,01,A01
200900062244,0,10,000,00,2,6,01,B01
200900062245,0,33,000,01,0,0,00,A01
200900062246,0,07,000,00,1,2,01,A01
200900062247,0,32,000,00,2,7,17,A01
200900062247,0,07,000,00,2,3,01,B01
200900062248,0,07,000,00,2,8,09,A01
200900062248,0,02,000,00,2,1,17,B01
200900062249,0,30,000,00,2,1,01,B01
200900062249,0,07,000,00,2,0,01,A01
200900062250,0,07,000,00,2,8,15,B01
200900062250,0,02,000,00,2,1,17,A01
200900062251,0,07,000,00,2,2,01,B01
200900062251,0,07,000,00,2,3,10,A01
200900062252,0,07,000,00,1,1,14,A01
200900062253,0,30,000,00,2,1,01,A01
200900062253,0,07,000,00,2,6,16,B01
200900062254,0,33,000,00,2,1,01,B01
200900062254,0,07,000,00,2,2,15,A01
200900062255,0,07,000,13,0,9,01,A01
200900062256,0,07,000,00,2,1,02,A01
200900062256,0,07,000,00,2,4,01,B01
200900062257,0,07,000,00,2,1,02,B01
200900062257,2,07,000,00,2,2,01,A01
200900062258,0,01,000,00,2,1,01,B01
200900062258,0,07,000,00,2,1,15,A01
200900062259,0,07,000,00,2,1,15,A01
200900062259,0,33,000,00,2,1,01,B01
200900062260,0,07,000,00,1,1,01,B01
200900062261,0,33,000,00,2,1,01,A01
200900062261,0,10,000,00,2,4,01,B01
200900062262,0,10,000,00,1,1,01,A01
200900062263,1,30,000,00,1,0,00,A01
200900062264,0,07,000,00,2,1,01,A01
200900062264,2,07,000,00,2,2,01,B01
200900062265,0,07,000,00,2,3,15,A01
200900062265,0,33,000,00,2,1,01,B01
200900062266,0,10,000,01,0,6,06,A01
200900062266,0,10,000,00,1,1,24,B01
200900062267,0,07,000,00,2,2,16,A01
200900062267,0,30,000,00,2,1,02,B01
200900062268,0,07,000,00,2,1,01,A01
200900062269,0,07,000,00,2,7,22,A01
200900062269,0,30,000,00,2,1,01,B01
200900062270,0,07,000,00,2,9,12,A01
200900062270,0,07,000,00,2,2,01,B01
200900062271,0,07,000,00,2,2,14,A01
200900062271,0,01,000,00,2,1,01,B01