Num_Acc,senc,catv,occutc,obs,obsm,choc,manv,num_veh
200900062272,0,07,000,00,2,1,01,A01
200900062272,0,07,000,00,2,4,23,B01
200900062273,0,30,000,00,2,1,09,A01
200900062273,0,07,000,00,2,2,01,B01
200900062274,0,07,000,00,2,1,23,B01
200900062274,0,33,000,13,2,1,01,A01
200900062275,0,10,000,09,0,9,13,A01
200900062276,0,07,000,00,2,3,09,A01
200900062276,0,30,000,00,2,1,17,B01
200900062277,0,34,000,00,2,9,01,B01
200900062277,0,07,000,00,2,1,09,A01
200900062278,0,07,000,00,2,2,01,B01
200900062278,0,10,000,00,2,8,01,A01
200900062279,0,33,000,00,2,7,15,A01
200900062279,0,07,000,00,2,3,01,B01
200900062280,0,07,000,00,2,0,01,A01
200900062280,0,01,000,00,2,0,19,B01
200900062281,0,07,000,00,2,7,09,B01
200900062281,0,07,000,00,2,8,16,A01
200900062282,0,07,000,00,2,1,01,A01
200900062282,0,01,000,00,2,0,19,B01
200900062283,0,07,000,00,2,1,23,B01
200900062283,0,02,000,00,2,1,14,A01
200900062284,0,32,000,00,2,1,01,B01
200900062284,0,07,000,00,2,2,16,A01
200900062285,0,02,000,12,0,1,00,A01
200900062286,0,33,000,03,0,1,01,A01
200900062287,0,02,000,00,1,8,01,A01
200900062288,0,07,000,00,2,4,01,B01
200900062288,0,36,000,00,2,1,02,A01
200900062289,0,07,000,14,1,0,16,A01
200900062290,0,07,000,00,2,1,02,A01
200900062290,0,07,000,00,2,4,02,B01
200900062291,0,07,000,12,0,1,01,A01
200900062292,0,07,000,14,2,3,01,A01
200900062292,0,07,000,00,2,1,01,B01
200900062293,0,07,000,00,2,8,01,B01
200900062293,0,02,000,14,2,1,01,A01
200900062294,0,07,000,07,2,3,01,B01
200900062294,0,07,000,07,2,9,01,A01
200900062295,0,02,000,00,2,1,17,A01
200900062295,0,07,000,00,2,8,01,B01
200900062296,0,07,000,00,1,0,01,A01
200900062297,0,02,000,00,2,1,01,B01
200900062297,0,07,000,14,2,2,15,A01
200900062298,0,07,000,00,2,1,01,B01
200900062298,0,02,000,14,2,9,01,A01
200900062299,0,07,000,00,2,1,01,B01
200900062299,0,07,000,00,2,1,15,A01
200900062300,0,07,000,00,2,2,15,A01
200900062300,0,02,000,00,2,1,01,B01
200900062301,0,07,000,00,1,0,01,A01
200900062302,0,07,000,00,1,0,01,A01
200900062303,0,07,000,00,1,0,04,A01
200900062304,0,07,000,01,2,9,01,B01
200900062304,0,07,000,00,2,1,01,A01
200900062305,0,07,000,00,1,0,15,A01
200900062306,0,07,000,00,1,1,15,A01
200900062307,0,07,000,00,2,0,23,C01
200900062307,0,07,000,00,2,6,23,B01
200900062307,0,07,000,00,2,1,02,A01
200900062308,0,07,000,00,2,1,15,A01
200900062308,0,37,000,00,2,1,01,B01
200900062309,0,07,000,00,2,1,01,A01
200900062309,0,01,000,00,2,4,01,B01
200900062310,0,02,000,00,0,8,00,A01
200900062311,0,07,000,00,2,1,02,A01
200900062311,0,07,000,00,0,5,15,B01
200900062312,0,03,000,00,2,2,15,A01
200900062312,0,07,000,00,2,1,01,B01
200900062313,0,07,000,00,2,7,16,A01
200900062313,0,30,000,00,2,1,01,B01
200900062314,0,07,000,00,2,3,23,C01
200900062314,0,07,000,00,2,1,00,A01
200900062314,0,07,000,00,2,1,23,D01
200900062314,0,99,000,00,0,3,01,B01
200900062315,0,17,000,06,0,1,01,A01
200900062316,0,07,000,00,2,8,11,A01
200900062316,0,17,000,00,2,7,01,B01
200900062316,0,17,000,00,2,0,01,C01
200900062317,0,15,000,00,2,1,01,A01
200900062317,0,07,000,00,2,8,11,B01
200900062318,0,15,000,00,0,4,02,C01
200900062318,0,15,000,00,2,1,02,A01
200900062318,0,07,000,00,2,4,02,B01
200900062319,0,33,000,08,0,9,21,A01
200900062320,0,07,000,00,2,3,01,B02
200900062320,0,07,000,00,2,3,13,A01
200900062321,0,07,000,00,2,1,15,A01
200900062321,0,02,000,00,2,1,01,B02
200900062322,0,07,000,00,2,7,19,B02
200900062322,0,07,000,00,2,1,01,A01
200900062323,0,07,000,00,1,2,01,A01
200900062324,0,33,000,00,0,9,01,A01
200900062325,0,07,000,00,1,1,01,A01
200900062326,0,07,000,00,2,0,01,B02
200900062326,0,07,000,00,2,3,01,A01
200900062327,0,07,000,00,2,1,01,B01
200900062327,0,10,000,00,2,3,19,A01
200900062328,0,07,000,00,2,0,02,B01
200900062328,0,07,000,00,2,1,02,A01
200900062329,0,07,000,00,1,1,01,A01
200900062330,0,01,000,00,2,0,02,B01
200900062330,0,07,000,00,2,7,02,A01
200900062331,0,07,000,00,2,3,20,A01
200900062331,0,33,000,00,2,1,01,B01
200900062332,0,07,000,00,2,3,01,B01
200900062332,0,07,000,12,2,3,13,A01
200900062333,0,07,000,00,2,3,18,B01
200900062333,0,07,000,00,0,7,15,A01
200900062334,0,07,000,00,1,0,20,A01
200900062335,0,07,000,00,2,2,15,A01
200900062335,0,07,000,00,2,1,01,B01
200900062336,0,07,000,00,2,2,02,A01
200900062336,0,02,000,00,2,1,01,B01
200900062337,0,07,000,00,2,3,13,A01
200900062337,0,07,000,00,2,3,01,B01
200900062338,0,37,001,00,1,1,00,A01
200900062339,0,07,000,02,2,4,23,B01
200900062339,0,10,000,00,2,1,01,A01
200900062340,0,01,000,00,2,4,01,B01
200900062340,1,10,000,00,2,1,20,A01
200900062341,0,07,000,00,2,1,06,A01
200900062341,0,07,000,00,2,1,02,B01
200900062342,0,07,000,00,1,2,01,A01
200900062343,0,07,000,00,2,6,04,A01
200900062343,0,07,000,00,2,3,20,B01
200900062344,0,02,000,00,2,1,02,A01
200900062344,0,07,000,00,9,4,23,B01
200900062345,0,07,000,00,2,1,01,B01
200900062345,0,03,000,00,2,7,01,A01
200900062346,0,07,000,00,1,7,01,A01
200900062347,0,07,000,00,2,1,02,A01
200900062347,0,10,000,00,2,4,02,C01
200900062347,0,07,000,00,2,4,02,B01
200900062348,0,07,000,00,2,2,15,A01
200900062348,0,07,000,00,2,2,01,B01
200900062349,1,07,000,00,1,0,01,A01
200900062350,0,14,000,00,2,2,04,A01
200900062350,0,07,000,00,2,6,01,B01
200900062351,0,07,000,00,2,1,02,A01
200900062351,0,07,000,00,2,4,02,B01
200900062352,0,10,000,00,1,1,16,A01
200900062353,0,07,000,00,1,1,00,A01
200900062354,0,07,000,00,2,8,22,A01
200900062354,0,01,000,00,2,1,07,B01
200900062355,0,40,000,00,2,3,02,A01
200900062355,0,01,000,00,9,1,00,B01
200900062356,0,07,000,03,0,8,01,B01
200900062356,0,10,000,00,2,7,17,A01
200900062357,0,07,000,00,2,2,13,B01
200900062357,0,07,000,00,2,1,01,C01
200900062357,0,07,000,00,9,6,01,A01
200900062357,0,07,000,00,2,2,02,D01
200900062358,0,33,000,00,0,8,01,A01
200900062359,0,02,000,01,0,1,02,A01
200900062359,0,07,000,00,9,4,02,B01
200900062360,0,02,000,00,2,4,00,A01
200900062360,0,07,000,00,2,1,01,B01
200900062361,0,07,000,00,2,2,15,A01
200900062361,0,07,000,00,2,1,01,B01
200900062362,0,07,000,00,2,6,02,B01
200900062362,0,02,000,00,2,8,02,A01
200900062363,0,07,000,00,2,5,02,D01
200900062363,0,07,000,00,2,4,02,B01
200900062363,0,07,000,00,2,4,02,C01
200900062363,0,07,000,00,2,1,02,A01
200900062364,0,07,000,00,9,1,00,A01
200900062364,0,32,000,00,2,7,00,B01
200900062365,0,01,000,00,0,0,00,B01
200900062365,0,07,000,00,0,0,00,A01
200900062366,0,07,000,00,2,7,15,A01
200900062366,0,07,000,00,2,1,02,B01
200900062367,0,07,000,00,2,1,02,A01
200900062367,0,07,000,00,2,4,02,B01
200900062367,0,07,000,00,0,4,02,C01
200900062368,0,07,000,00,1,6,04,A01
200900062369,0,07,000,01,0,0,00,A01
200900062370,0,07,000,00,1,1,16,A01
200900062371,0,07,000,00,2,1,01,B01
200900062371,0,07,000,00,2,2,15,A01
200900062372,0,07,000,00,2,4,01,B01
200900062372,0,07,000,00,2,1,01,A01
200900062373,0,10,000,06,0,3,06,A01
200900062374,0,07,000,00,1,3,15,A01
200900062375,0,37,001,00,2,3,09,B01
200900062375,0,01,000,00,2,1,01,A01
200900062376,0,07,000,00,2,7,16,A01
200900062376,0,01,000,00,2,8,01,B01
200900062377,0,31,000,12,0,8,01,A01
200900062378,0,07,000,00,2,3,15,A01
200900062378,0,02,000,00,2,1,01,B01
200900062379,0,07,000,00,2,1,00,A01
200900062379,0,07,000,00,2,3,00,B01
200900062380,0,33,000,08,0,1,01,A01
200900062381,0,32,000,00,2,1,01,B01
200900062381,0,07,000,00,0,3,15,A01
200900062382,0,01,000,00,2,0,13,B01
200900062382,1,07,000,00,2,0,01,Z01
200900062383,0,07,000,00,2,9,01,A01
200900062383,0,07,000,00,2,1,01,B01
200900062384,0,07,000,00,2,1,00,A01
200900062384,0,33,000,00,2,7,01,B01
200900062385,0,07,000,00,2,3,09,A01
200900062385,0,33,000,01,2,1,01,B01
200900062386,1,07,000,00,1,0,00,Z01
200900062387,0,07,000,00,2,4,01,A01
200900062387,0,10,000,14,0,1,01,B01
200900062387,0,07,000,14,0,1,01,C01
200900062388,0,07,000,00,2,5,15,A01
200900062388,0,07,000,00,2,2,02,B01
200900062389,0,02,000,00,2,8,01,B01
200900062389,1,07,000,00,2,1,01,A01
200900062390,0,07,000,00,2,8,19,A01
200900062390,0,32,000,00,2,1,01,B01
200900062391,0,10,000,00,1,1,01,A01
200900062391,0,07,000,00,0,0,22,B01
200900062392,0,07,000,00,1,1,01,A01
200900062393,2,14,000,00,2,7,17,A01
200900062393,0,07,000,00,2,8,17,B01
200900062394,1,07,000,00,2,1,15,B01
200900062394,0,32,000,00,2,1,01,A01
200900062395,0,07,000,00,2,2,01,A01
200900062395,0,30,000,00,2,7,15,B01
200900062396,0,07,000,00,2,1,00,A01
200900062396,0,07,000,00,2,4,01,B01
200900062397,0,30,000,00,2,7,21,B01
200900062397,0,30,000,00,2,8,01,A01
200900062398,0,10,000,00,2,8,15,B01
200900062398,0,30,000,00,2,2,17,A01
200900062399,0,07,000,00,0,5,23,B01
200900062399,0,30,000,00,2,1,02,A01
200900062400,0,07,000,00,2,7,01,B01
200900062400,0,30,000,00,2,8,03,A01
200900062401,0,34,000,00,2,8,01,B01
200900062401,0,07,000,00,2,1,15,A01
200900062402,0,30,000,00,2,9,01,A01
200900062403,0,33,000,00,2,1,01,B01
200900062403,0,07,000,00,2,3,01,A01
200900062404,0,07,000,00,2,1,01,A01
200900062404,0,02,000,00,2,8,01,B01
200900062405,0,07,000,00,2,1,01,A01
200900062405,0,01,000,00,2,7,05,B01
200900062406,0,07,000,00,2,1,01,A01
200900062406,0,07,000,00,2,9,23,B01
200900062406,0,07,000,00,2,4,23,C01
200900062407,0,07,000,00,1,1,01,A01
200900062408,0,07,000,00,0,4,01,C01
200900062408,0,07,000,00,0,9,01,B01
200900062408,0,10,000,00,2,1,01,A01
200900062409,0,30,000,00,0,2,01,A01
200900062410,0,07,000,00,0,0,10,A01
200900062410,0,33,000,00,0,0,01,B01
200900062411,1,07,000,00,2,6,01,A01
200900062411,0,30,000,00,2,1,12,B01
200900062412,0,07,000,00,1,3,13,A01
200900062413,0,07,000,00,2,2,01,B01
200900062413,0,01,000,00,2,1,01,C01
200900062414,0,07,000,00,2,4,23,C01
200900062414,0,07,000,00,2,9,01,B01
200900062414,0,07,000,00,2,1,01,A01
200900062415,0,07,000,00,2,3,01,B01
200900062415,0,07,000,00,2,2,01,A01
200900062416,1,07,000,00,2,0,00,A01
200900062417,0,07,000,00,1,3,01,A01
200900062418,1,30,000,00,1,1,00,A01
200900062419,0,02,000,00,1,1,01,A01
200900062420,0,07,000,00,2,1,01,A01
200900062420,0,10,000,00,2,1,01,B01
200900062421,0,07,000,00,1,1,01,A01
200900062422,0,30,000,00,0,2,00,A01
200900062422,0,07,000,00,0,3,01,B01
200900062423,0,07,000,00,2,8,01,A01
200900062423,0,01,000,00,0,1,01,B01
200900062424,0,07,000,00,1,2,01,A01
200900062425,0,07,000,00,1,3,01,A01
200900062426,0,33,000,00,2,7,01,B01
200900062426,0,07,000,00,2,1,01,A01
200900062427,0,07,000,00,1,6,04,A01
200900062428,0,07,000,00,1,2,01,A01
200900062429,0,07,000,00,2,4,23,B01
200900062429,0,10,000,00,2,1,01,A01
200900062430,0,07,000,00,2,1,01,C01
200900062430,0,31,000,00,2,9,01,B01
200900062430,0,07,000,00,2,8,01,D01
200900062430,0,07,000,00,2,8,20,A01
200900062431,0,33,000,00,2,8,01,A01
200900062431,0,07,000,00,0,0,00,B01
200900062432,0,30,000,00,2,1,13,A01
200900062432,0,07,000,00,2,1,01,B01
200900062433,0,07,000,00,1,4,00,A01
200900062434,0,07,000,00,2,1,01,A01
200900062434,0,02,000,00,2,6,15,B01
200900062435,0,32,000,00,2,1,01,B01
200900062435,0,07,000,00,2,8,10,A01
200900062436,0,02,000,00,2,9,01,A01
200900062436,0,07,000,00,2,8,01,B01
200900062437,0,02,000,00,2,9,02,A01
200900062437,0,07,000,00,2,1,21,C01
200900062437,0,07,000,00,2,4,16,B01
200900062438,0,07,000,00,2,9,23,B01
200900062438,0,10,000,00,2,9,23,C01
200900062438,0,07,000,00,2,1,01,A01
200900062438,0,07,000,00,2,4,23,D01
200900062439,0,33,000,00,2,1,01,A01
200900062439,0,07,000,00,2,3,16,B01
200900062440,0,07,000,02,2,7,09,A01
200900062440,0,07,000,00,2,7,02,B01
200900062441,0,10,000,00,2,7,16,B01
200900062441,0,31,000,00,2,8,16,A01
200900062442,0,01,000,00,2,1,01,B01
200900062442,0,07,000,00,9,5,10,A01
200900062443,0,07,000,00,1,1,00,A01
200900062444,0,30,000,00,2,2,17,B01
200900062444,0,07,000,00,2,8,15,A01
200900062445,0,07,000,00,2,1,02,A01
200900062445,0,02,000,00,2,4,02,B01
200900062446,0,07,000,00,2,3,01,A01
200900062447,0,10,000,00,2,2,17,A01
200900062447,0,33,000,00,2,8,01,B01
200900062448,0,07,000,00,1,1,01,A01
200900062449,0,07,000,00,2,6,11,A01
200900062449,0,01,000,00,2,7,02,B01
200900062450,0,07,000,00,1,1,01,A01
200900062451,0,02,000,00,2,4,01,B01
200900062451,0,33,000,00,2,1,01,A01
200900062452,0,07,000,00,1,1,01,A01
200900062453,0,31,000,00,1,1,01,A01
200900062454,0,07,000,00,2,6,18,B01
200900062454,0,07,000,00,2,3,16,A01
200900062455,0,32,000,00,2,1,02,B01
200900062455,0,07,000,00,2,0,09,A01
200900062456,0,33,000,00,2,1,01,B01
200900062456,0,07,000,00,2,0,01,C01
200900062456,0,07,000,00,2,8,10,A01
200900062457,0,07,000,00,1,1,01,A01
200900062458,0,07,000,00,2,8,13,A01
200900062458,0,07,000,00,2,7,01,B01
200900062459,0,07,000,00,2,3,00,A01
200900062459,0,32,000,00,2,0,01,B01
200900062460,1,07,000,00,1,1,01,A01
200900062461,0,33,000,00,2,1,01,A01
200900062461,0,07,000,00,2,0,15,B01
200900062462,0,07,000,00,2,1,00,A01
200900062462,0,30,000,00,2,7,00,B01
200900062463,0,07,000,00,1,0,16,A01
200900062464,0,07,000,00,2,4,04,A01
200900062464,0,07,000,00,2,1,23,B01
200900062465,0,33,000,00,2,9,01,B01
200900062465,0,10,000,00,2,3,13,A01
200900062466,0,07,000,00,2,8,22,A01
200900062466,0,01,000,01,0,1,01,B01
200900062467,0,07,000,00,2,4,01,B01
200900062467,0,32,000,00,2,1,03,A01
200900062468,0,02,000,00,2,1,01,B01
200900062468,0,07,000,00,2,8,15,A01
200900062469,0,07,000,00,2,2,10,A01
200900062469,0,33,000,00,2,1,03,B01
200900062470,0,07,000,00,1,7,22,A01
200900062471,0,30,000,00,2,7,01,B01
200900062471,0,07,000,00,2,8,15,A01
200900062472,0,34,000,00,2,7,17,B01
200900062472,0,07,000,00,2,8,10,A01
200900062473,0,10,000,00,2,1,15,B01
200900062473,0,31,000,00,2,1,01,A01
200900062474,0,07,000,00,1,2,01,A01
200900062475,0,07,000,00,2,4,23,B01
200900062475,0,07,000,00,2,1,01,A01
200900062476,0,07,000,00,2,2,15,A01
200900062476,0,33,000,00,2,1,01,B01
200900062477,0,01,000,00,1,2,01,A01
200900062478,0,07,000,00,1,1,15,A01
200900062479,0,33,000,00,2,1,01,A01
200900062479,0,07,000,00,2,4,15,B01
200900062480,0,07,000,00,2,2,15,A01
200900062480,0,31,000,00,2,8,01,B01
200900062481,0,01,000,00,0,0,00,B01
200900062481,0,07,000,00,2,0,02,A01
200900062482,0,07,000,00,2,3,15,A01
200900062482,0,33,000,00,2,8,01,B01
200900062483,0,07,000,00,0,1,09,A01
200900062484,0,10,000,00,1,1,01,A01
200900062485,0,07,000,00,1,1,00,A01
200900062486,0,07,000,00,2,3,15,A01
200900062486,0,33,000,01,0,1,01,B01
200900062487,0,33,000,00,2,8,02,B01
200900062487,1,07,000,00,2,8,11,A01
200900062488,0,33,000,00,2,3,00,B01
200900062488,0,07,000,00,2,3,11,A01
200900062489,0,07,000,00,2,3,15,A01
200900062489,0,02,000,00,2,1,01,B01
200900062490,0,33,000,00,2,1,01,A01
200900062490,0,07,000,00,2,6,00,B01
200900062491,0,07,000,00,2,1,14,A01
200900062492,0,07,000,00,2,3,15,A01
200900062492,0,32,000,00,2,1,01,B01
200900062493,0,07,000,06,0,1,16,A01
200900062494,0,07,000,15,2,7,15,B01
200900062494,0,31,000,00,2,1,01,A01
200900062495,0,07,000,00,2,7,10,A01
200900062495,0,33,000,00,2,1,01,B01
200900062496,0,07,000,00,0,1,01,A01
200900062496,0,07,000,00,0,8,09,B01
200900062497,0,07,000,00,0,1,01,A01
200900062498,0,33,000,00,2,6,23,B01
200900062498,0,14,000,00,2,2,01,A01
200900062499,0,37,000,00,2,1,01,A01
200900062499,0,07,000,00,2,4,01,B01
200900062500,0,07,000,00,2,1,01,A01
200900062500,0,07,000,07,2,1,01,B01
200900062501,0,99,000,00,0,1,09,A01
200900062502,0,30,000,00,2,9,00,A01
200900062502,0,07,000,00,2,7,01,B01
200900062503,0,07,000,00,2,8,15,B01
200900062503,0,33,000,00,2,1,17,A01
200900062504,0,07,000,00,0,2,00,A01
200900062505,0,02,000,01,0,1,01,B01
200900062505,0,07,000,00,2,5,04,A01
200900062506,0,07,000,00,1,1,01,A01
200900062507,0,34,000,00,1,2,01,A01
200900062508,0,07,000,00,2,4,02,B01
200900062508,0,32,000,00,2,1,02,A01
200900062509,0,07,000,00,0,1,01,A01
200900062509,0,07,000,00,0,4,01,B01
200900062510,0,07,000,00,1,1,01,A01
200900062511,0,07,000,00,1,1,00,A01
200900062512,1,02,000,00,2,0,08,B01
200900062512,0,01,000,00,2,0,14,A01
200900062513,0,07,000,00,2,4,02,B01
200900062513,0,30,000,00,2,1,02,A01
200900062514,0,07,000,00,2,2,01,A01
200900062514,0,33,000,00,2,1,01,B01
200900062515,0,07,000,00,1,1,00,A01
200900062516,0,02,000,00,2,1,01,A01
200900062516,0,07,000,00,2,7,16,B01
200900062517,0,07,000,00,2,1,01,B01
200900062517,0,01,000,00,2,7,01,A01
200900062518,0,07,000,00,1,1,01,A01
200900062519,0,07,000,00,2,1,01,A01
200900062519,0,07,000,00,2,4,23,B01
200900062520,0,01,000,00,0,0,01,B01
200900062520,0,07,000,00,0,8,12,A01
200900062521,0,02,000,00,1,1,01,A01
200900062522,0,07,000,00,2,2,12,A01
200900062522,0,07,000,00,2,6,01,B01
200900062523,0,07,000,00,2,6,01,C01
200900062523,0,02,000,00,2,1,17,B01
200900062523,0,07,000,00,2,8,15,A01
200900062524,0,07,000,00,2,3,10,A01
200900062524,0,31,000,00,2,1,17,B01
200900062525,0,07,000,00,1,5,01,A01
200900062526,0,07,000,00,9,2,01,A01
200900062526,0,01,000,00,2,2,19,B01
200900062527,0,07,000,01,0,1,02,A01
200900062528,0,30,000,00,2,1,01,A01
200900062528,0,07,000,00,2,4,15,B01
200900062529,0,33,000,00,1,1,01,A01
200900062530,0,30,000,00,0,0,02,A01
200900062531,0,30,000,00,1,1,01,A01
200900062532,0,32,000,00,2,1,19,A01
200900062532,0,32,000,00,2,7,01,B01
200900062533,0,32,000,00,1,2,17,A01
200900062534,0,07,000,00,0,1,01,B01
200900062534,0,30,000,00,0,1,00,A01
200900062535,0,01,000,00,2,1,15,B01
200900062535,0,07,000,00,2,3,01,A01
200900062536,0,33,000,00,2,9,01,B01
200900062536,0,07,000,00,2,1,01,A01
200900062537,0,33,000,00,2,1,09,A01
200900062537,0,07,000,00,2,6,15,B01
200900062538,0,37,001,00,1,1,07,A01
200900062539,0,07,000,00,2,1,15,A01
200900062539,0,32,000,00,2,3,01,B01
200900062540,0,07,000,00,2,2,15,A01
200900062540,0,31,000,00,2,1,01,B01
200900062540,0,07,000,00,2,6,01,C01
200900062541,0,30,000,00,2,8,01,B01
200900062541,0,07,000,00,2,1,15,A01
200900062542,0,01,000,00,2,2,01,B01
200900062542,0,07,000,00,9,1,15,A01
200900062543,0,07,000,00,1,1,01,A01
200900062544,0,10,000,00,2,2,01,A01
200900062544,0,10,000,00,2,6,10,B01
200900062545,0,07,000,00,1,1,01,A01
200900062546,0,32,000,00,2,4,01,B01
200900062546,0,32,000,00,2,1,01,A01
200900062547,0,07,000,00,1,1,01,A01
200900062548,0,33,000,00,0,0,00,A01
200900062549,0,07,000,15,1,1,00,A01
200900062550,0,10,000,00,2,2,16,A01
200900062550,0,07,000,00,2,3,01,B01
200900062551,0,07,000,00,2,1,09,A01
200900062551,0,30,000,00,2,7,01,B01
200900062552,0,07,000,00,2,3,00,B01
200900062552,0,01,000,00,2,1,19,A01
200900062553,0,07,000,00,1,1,15,A01
200900062554,0,07,000,00,1,1,16,A01
200900062555,0,07,000,00,2,1,15,A01
200900062555,0,02,000,00,2,1,01,B01
200900062556,0,10,000,00,1,3,01,A01
200900062557,0,33,000,00,1,1,01,A01
200900062558,0,07,000,00,2,4,01,B01
200900062558,0,07,000,00,2,1,01,A01
200900062559,0,02,000,00,2,1,01,B01
200900062559,0,07,000,00,2,3,09,A01
200900062560,0,07,000,00,2,1,01,B01
200900062560,0,31,000,00,2,1,01,A01
200900062561,0,07,000,00,2,4,23,C01
200900062561,0,07,000,00,2,1,01,A01
200900062561,0,07,000,00,2,5,23,B01
200900062562,0,31,000,00,2,1,01,A01
200900062562,0,07,000,00,2,3,01,B01
200900062563,0,07,000,00,1,2,15,A01
200900062564,0,30,000,00,2,8,01,B01
200900062564,0,07,000,00,2,3,01,A01
200900062565,0,07,000,00,2,1,02,A01
200900062566,0,07,000,00,1,3,01,A01
200900062567,0,30,000,00,2,1,02,B01
200900062567,0,07,000,00,2,8,00,A01
200900062568,0,32,000,00,2,1,01,B01
200900062568,0,02,000,00,2,1,17,A01
200900062569,0,02,000,00,2,1,21,A01
200900062569,0,07,000,00,0,0,20,B01
200900062570,0,02,000,00,2,1,01,A01
200900062570,0,07,000,00,2,2,13,B01
200900062571,0,02,000,00,1,1,01,A01
200900062572,0,30,000,00,0,9,01,A01
200900062573,0,01,000,00,1,1,17,A01
200900062574,0,31,000,00,2,7,17,A01
200900062574,0,07,000,00,2,8,15,B01
200900062575,1,07,000,00,2,4,01,A01
200900062575,0,33,000,00,2,1,01,B01
200900062576,0,07,000,00,2,1,01,A01
200900062576,0,07,000,00,2,1,01,B01
200900062577,0,07,000,00,1,1,02,A01
200900062578,0,07,000,00,2,9,01,B01
200900062578,0,07,000,00,2,4,01,C01
200900062578,0,07,000,00,2,1,01,A01
200900062579,0,32,000,00,2,1,01,A01
200900062579,0,07,000,00,2,4,01,B01
200900062580,0,37,012,01,0,2,01,A01
200900062581,0,33,000,00,2,1,02,A01
200900062581,0,15,000,00,0,6,02,B01
200900062582,0,07,000,00,1,1,01,A01
200900062583,0,10,000,00,2,1,01,A01
200900062583,0,07,000,00,2,1,01,B01
200900062584,0,07,000,00,1,0,00,A01
200900062585,0,07,000,06,0,9,01,A01
200900062586,0,07,000,00,2,1,00,A01
200900062586,0,10,000,00,2,3,00,B02
200900062587,0,07,000,00,2,1,01,A01
200900062587,0,01,000,00,0,4,01,B02
200900062588,0,07,000,02,0,3,01,A01
200900062589,0,07,000,00,2,3,01,B02
200900062589,0,07,000,00,2,3,01,A01
200900062590,0,07,000,02,0,8,01,A01
200900062591,0,07,000,00,2,1,01,B02
200900062591,0,07,000,00,2,7,01,A01
200900062592,0,07,000,00,2,1,01,B02
200900062592,0,07,000,00,2,8,19,A01
200900062593,0,07,000,08,0,1,16,A01
200900062594,0,39,150,00,2,2,01,B02
200900062594,0,36,000,00,4,8,01,A01
200900062595,0,10,000,02,0,2,01,A01
200900062596,0,07,000,07,2,1,14,A01
200900062596,0,07,000,00,2,1,01,C03
200900062596,0,07,000,00,0,6,01,B02
200900062597,0,07,000,03,0,8,01,A01
200900062598,0,07,000,00,2,1,13,A01
200900062598,0,15,000,00,2,1,01,B02
200900062599,0,07,000,00,2,2,10,B02
200900062599,0,33,000,00,2,1,01,A01
200900062600,0,07,000,00,2,3,01,A01
200900062600,0,07,000,00,2,3,01,B02
200900062601,1,07,000,00,1,3,01,A01
200900062602,0,02,000,00,2,8,00,B02
200900062602,0,07,000,00,2,2,19,A01
200900062603,0,10,000,13,0,1,13,A01
200900062604,0,30,000,00,2,1,01,B01
200900062604,0,07,000,00,2,3,09,A01
200900062605,0,30,000,00,0,4,09,A01
200900062605,0,33,000,06,2,1,01,B01
200900062606,0,99,000,06,0,2,01,A01
200900062607,0,07,000,13,0,4,01,B02
200900062607,0,07,000,00,2,1,01,A01
200900062608,0,07,000,00,1,1,01,A01
200900062609,0,07,000,00,2,1,02,A01
200900062609,0,07,000,00,2,4,23,B01
200900062610,0,07,000,00,2,2,15,B01
200900062610,0,02,000,00,2,1,01,A01
200900062611,0,07,000,06,0,1,01,A01
200900062612,0,07,000,00,1,1,01,A01
200900062613,0,07,000,00,2,8,01,B01
200900062613,0,02,000,00,2,1,01,A01
200900062614,0,30,000,00,2,0,01,A01
200900062614,0,07,000,00,2,1,01,B01
200900062615,0,02,000,00,2,1,01,B01
200900062615,0,07,000,00,2,1,15,A01
200900062616,0,07,000,00,2,4,23,B01
200900062616,0,02,000,00,2,0,14,A01
200900062617,0,07,000,03,0,2,14,A01
200900062618,0,07,000,00,2,4,23,C01
200900062618,0,07,000,00,2,1,02,A01
200900062618,0,07,000,02,2,9,23,B01
200900062619,0,07,000,00,1,1,01,A01
200900062620,0,07,000,00,1,1,01,A01
200900062621,0,10,000,00,2,2,01,B01
200900062621,0,07,000,00,2,8,01,A01
200900062622,0,10,000,00,2,1,01,B01
200900062622,0,07,000,00,2,0,13,A01
200900062623,0,30,000,00,2,0,02,A01
200900062623,0,07,000,00,2,4,01,B01
200900062624,0,07,000,00,2,1,01,C01
200900062624,0,10,000,00,2,9,01,B01
200900062624,0,37,002,00,2,1,13,A01
200900062625,0,10,000,00,1,1,16,A01
200900062626,0,07,000,00,2,4,01,B01
200900062626,0,07,000,00,2,1,01,A01
200900062627,0,07,000,06,0,0,13,A01
200900062628,0,13,000,00,2,0,00,A01
200900062629,0,07,000,00,2,4,23,B01
200900062629,0,10,000,00,2,1,02,A01
200900062630,0,07,000,00,1,1,01,A01
200900062631,0,07,000,00,2,6,15,A01
200900062631,0,02,000,00,2,1,01,B01
200900062632,0,07,000,00,2,4,23,B01
200900062632,0,07,000,00,2,1,01,A01
200900062633,0,33,000,03,0,0,21,A01
200900062633,1,07,000,,,,,Z03
200900062633,0,07,000,00,0,0,01,B02
200900062634,0,07,000,00,1,2,01,A01
200900062635,0,30,000,00,2,3,13,B01