Num_Acc,senc,catv,occutc,obs,obsm,choc,manv,num_veh
200900062635,0,07,000,00,2,7,01,A01
200900062636,0,07,000,00,2,7,01,A01
200900062636,0,30,000,00,2,8,17,B01
200900062637,0,07,000,00,1,1,01,A01
200900062638,0,07,000,00,0,4,02,B01
200900062638,0,07,000,00,2,5,02,C01
200900062638,0,33,000,00,2,1,02,A01
200900062639,0,07,000,00,2,3,01,B01
200900062639,0,07,000,00,2,3,13,A01
200900062640,0,10,000,00,2,2,11,B02
200900062640,0,13,000,00,0,6,01,A01
200900062641,0,07,000,03,0,3,00,A01
200900062641,0,07,000,14,0,1,00,C03
200900062641,0,07,000,14,0,1,00,B02
200900062642,0,07,000,13,0,0,01,A01
200900062643,0,30,000,00,2,1,21,B02
200900062643,0,07,000,00,2,6,19,A01
200900062644,0,07,000,00,2,3,01,B02
200900062644,0,10,000,00,2,3,15,A01
200900062645,0,07,000,00,2,4,01,A01
200900062645,0,07,000,00,2,1,15,B02
200900062646,0,33,000,00,0,9,01,A01
200900062647,0,33,000,00,2,1,00,A01
200900062647,0,10,000,00,0,5,00,B02
200900062648,0,07,000,00,2,3,01,B02
200900062648,0,30,000,00,2,1,05,A01
200900062649,0,36,000,00,0,9,01,A01
200900062650,0,07,000,00,1,3,01,A01
200900062651,0,07,000,00,0,9,17,A01
200900062652,0,07,000,03,0,3,13,A01
200900062653,0,07,000,00,0,4,23,B02
200900062653,0,07,000,01,0,8,01,C03
200900062653,0,10,000,01,0,1,03,A01
200900062654,0,07,000,06,0,3,01,A01
200900062655,0,02,000,00,2,8,10,B01
200900062655,0,10,000,00,2,2,01,A01
200900062656,0,07,000,00,1,2,01,A01
200900062657,1,07,000,00,2,0,00,A01
200900062657,0,02,000,00,2,0,00,B01
200900062658,0,33,000,00,2,8,02,B01
200900062658,0,07,000,00,2,3,15,A01
200900062659,0,01,000,00,2,1,01,B01
200900062659,0,07,000,00,2,1,15,A01
200900062660,0,01,000,00,2,1,19,B01
200900062660,0,07,000,00,2,2,01,A01
200900062661,0,07,000,15,0,1,14,A01
200900062662,0,02,000,00,1,2,01,A01
200900062663,0,07,000,00,2,1,09,A01
200900062663,0,07,000,00,2,1,21,B01
200900062663,0,07,000,00,2,4,02,C01
200900062664,0,07,000,00,1,2,01,A01
200900062665,0,15,000,00,1,4,10,A01
200900062666,0,33,000,15,0,2,14,A01
200900062667,0,07,000,00,0,3,15,B01
200900062667,0,32,000,15,2,1,17,A01
200900062668,2,07,000,00,2,1,17,A01
200900062668,0,07,000,00,2,8,15,B01
200900062669,0,07,000,00,1,2,10,A01
200900062670,0,07,000,03,0,1,01,A01
200900062671,0,07,000,00,2,1,01,A01
200900062671,0,07,000,00,2,8,01,B01
200900062672,0,07,000,00,1,7,20,A01
200900062673,0,07,000,00,2,1,11,A01
200900062673,0,07,000,00,2,7,01,B01
200900062674,0,07,000,01,2,1,01,B01
200900062674,0,30,000,00,2,7,01,A01
200900062675,0,07,000,00,2,3,20,A01
200900062675,0,01,000,00,2,1,19,B01
200900062676,0,07,000,04,0,1,01,A01
200900062677,0,33,000,04,0,2,21,A01
200900062678,0,02,000,00,2,1,17,B01
200900062678,0,07,000,00,2,8,10,A01
200900062679,1,07,000,00,2,0,00,A01
200900062679,0,10,000,00,2,4,02,C01
200900062679,0,07,000,00,2,4,02,D01
200900062679,0,07,000,00,2,4,21,B01
200900062679,0,38,001,00,2,1,02,E01
200900062680,0,07,000,00,1,3,20,A01
200900062681,0,07,000,00,2,1,05,A01
200900062681,0,07,000,00,2,1,17,B01
200900062682,0,07,000,00,2,8,22,A01
200900062682,0,01,000,00,2,1,01,B01
200900062683,0,07,000,00,1,6,04,A01
200900062684,0,10,000,04,2,3,17,A01
200900062684,0,10,000,00,2,8,01,B01
200900062685,0,07,000,00,2,5,14,B01
200900062685,0,32,000,00,2,3,03,A01
200900062686,1,13,000,00,0,0,01,B01
200900062686,0,33,000,00,2,2,09,A01
200900062687,0,31,000,00,2,1,03,A01
200900062687,0,07,000,00,2,6,11,B01
200900062688,0,07,000,03,0,2,00,A01
200900062689,0,07,000,00,2,8,13,A01
200900062689,0,15,000,00,2,5,01,B01
200900062690,0,33,000,00,2,3,03,A01
200900062690,0,07,000,00,2,7,12,B01
200900062691,0,07,000,04,0,3,01,A01
200900062692,0,07,000,00,2,4,23,C01
200900062692,0,07,000,00,0,4,23,D01
200900062692,0,07,000,00,2,4,02,B01
200900062692,0,07,000,00,2,1,12,A01
200900062693,0,07,000,04,0,3,19,A01
200900062694,0,07,000,00,2,5,09,B01
200900062694,0,07,000,00,2,3,18,A01
200900062695,0,07,000,03,2,1,00,A01
200900062695,0,10,000,00,2,3,01,B01
200900062696,0,07,000,03,0,3,02,A01
200900062697,0,07,000,00,2,4,01,C01
200900062697,0,07,000,00,2,3,11,A01
200900062697,0,33,000,00,2,7,01,B01
200900062698,0,07,000,00,2,3,02,A01
200900062698,0,07,000,00,2,5,02,B01
200900062699,0,07,000,04,0,8,21,A01
200900062700,0,07,000,02,0,2,02,A01
200900062701,0,07,000,01,0,5,21,A01
200900062702,0,10,000,00,2,4,02,B01
200900062702,0,07,000,00,2,1,02,A01
200900062703,0,07,000,03,0,3,14,A01
200900062704,0,32,000,00,2,1,03,A01
200900062704,0,07,000,00,2,5,12,B01
200900062705,0,07,000,04,0,2,01,A01
200900062706,0,07,000,04,0,3,21,A01
200900062707,0,34,000,00,0,0,03,A01
200900062708,0,33,000,00,2,1,21,A01
200900062708,0,10,000,00,2,7,12,B01
200900062709,0,07,000,00,2,1,02,A01
200900062709,0,07,000,03,2,4,02,B01
200900062710,0,33,000,00,2,1,11,A01
200900062710,0,07,000,00,2,5,01,B01
200900062711,0,10,000,00,0,9,21,A01
200900062712,0,07,000,04,0,1,00,A01
200900062713,0,07,000,03,0,8,01,A01
200900062714,0,33,000,00,2,1,05,A01
200900062714,0,07,000,00,2,3,16,B01
200900062715,0,07,000,00,2,5,15,B01
200900062715,0,07,000,00,2,1,02,A01
200900062716,0,07,000,00,1,0,00,A01
200900062717,0,33,000,00,2,1,02,A01
200900062717,0,07,000,00,2,5,21,B01
200900062718,0,07,000,03,0,1,01,A01
200900062719,0,15,000,00,2,7,01,B01
200900062719,0,15,000,00,2,8,01,C01
200900062719,0,32,000,00,2,8,03,A01
200900062720,0,07,000,00,2,1,01,B01
200900062720,0,30,000,00,2,1,13,A01
200900062721,0,07,000,00,1,2,01,A01
200900062722,0,10,000,00,2,3,00,A01
200900062722,0,10,000,00,2,5,00,B01
200900062723,0,07,000,00,2,6,01,B01
200900062723,0,07,000,00,2,4,01,C01
200900062723,0,07,000,00,2,4,01,D01
200900062723,0,07,000,00,2,1,02,A01
200900062724,0,07,000,03,0,1,01,A01
200900062724,1,07,000,00,0,0,01,B01
200900062725,0,07,000,00,0,4,23,B01
200900062725,0,07,000,00,2,1,02,A01
200900062726,0,07,000,00,2,3,00,B01
200900062726,0,07,000,00,2,5,00,A01
200900062727,0,07,000,00,0,3,00,A01
200900062728,0,07,000,00,2,5,02,B01
200900062728,0,10,000,00,2,6,02,C01
200900062728,0,07,000,00,2,1,02,A01
200900062729,0,33,000,00,2,7,11,A01
200900062729,0,07,000,00,2,5,02,C01
200900062729,0,07,000,03,2,7,21,B01
200900062730,0,07,000,00,2,7,11,A01
200900062730,0,38,045,00,0,8,00,B01
200900062731,0,33,000,00,2,1,02,A01
200900062731,0,07,000,00,0,4,02,B01
200900062732,0,33,000,04,0,8,00,A01
200900062733,0,07,000,00,2,2,12,B01
200900062733,0,32,000,00,2,6,03,A01
200900062734,0,07,000,04,2,3,13,A01
200900062734,0,07,000,04,2,5,02,B01
200900062735,0,07,000,00,2,6,09,A01
200900062735,0,15,000,00,2,2,01,B01
200900062736,0,07,000,04,0,3,01,A01
200900062737,0,07,000,00,0,4,21,B01
200900062737,0,13,000,00,2,1,21,A01
200900062738,0,32,000,00,2,1,03,A01
200900062738,0,07,000,00,2,3,11,B01
200900062739,0,07,000,03,2,5,14,A01
200900062739,0,07,000,00,2,8,01,B01
200900062740,0,07,000,00,2,3,11,A01
200900062740,0,07,000,03,0,4,01,B01
200900062741,0,07,000,00,2,6,01,B01
200900062741,0,07,000,03,2,2,21,A01
200900062742,0,07,000,04,0,1,02,A01
200900062743,0,07,000,13,0,1,00,A01
200900062744,0,07,000,04,0,1,00,A01
200900062745,0,07,000,08,0,1,01,A01
200900062746,0,07,000,01,0,9,01,A01
200900062747,0,07,000,00,1,3,20,B01
200900062748,0,07,000,01,1,1,21,A01
200900062749,0,07,000,12,0,1,01,A01
200900062750,0,07,000,00,1,3,15,A01
200900062751,0,07,000,01,0,1,01,A01
200900062752,0,07,000,00,2,6,15,B01
200900062752,0,33,000,00,2,7,17,A01
200900062753,0,30,000,04,0,1,06,A01
200900062754,0,07,000,00,2,2,15,A01
200900062754,0,07,000,00,0,3,17,B02
200900062755,0,07,000,00,1,2,01,A01
200900062756,0,14,000,00,2,1,01,B02
200900062756,0,33,000,00,2,1,03,A01
200900062757,0,07,000,08,0,1,15,A01
200900062758,0,07,000,03,0,2,11,A01
200900062759,0,07,000,00,0,9,00,A01
200900062760,0,31,000,00,0,1,01,A01
200900062761,0,07,000,02,0,2,01,A01
200900062762,0,07,000,00,2,7,02,A01
200900062762,0,07,000,00,2,3,13,B02
200900062763,0,07,000,02,0,7,00,A01
200900062764,0,01,000,00,2,8,19,A01
200900062764,0,33,000,00,2,1,01,B02
200900062765,0,30,000,06,0,2,01,A01
200900062766,0,07,000,00,2,8,15,A01
200900062766,0,31,000,00,2,1,01,B01
200900062767,0,07,000,00,2,7,15,B01
200900062767,0,02,000,00,2,1,01,A01
200900062768,0,01,000,00,2,8,01,B01
200900062768,0,07,000,00,2,7,16,A01
200900062769,0,33,000,15,0,1,01,A01
200900062770,0,13,000,00,1,4,04,A01
200900062771,0,37,036,00,1,2,01,A01
200900062772,0,07,000,00,2,2,16,A01
200900062772,0,02,000,00,2,1,07,B01
200900062773,0,07,000,00,2,2,01,A01
200900062773,0,07,000,00,2,1,01,B01
200900062774,0,07,000,00,0,9,01,A01
200900062775,0,07,000,00,2,7,01,A01
200900062775,0,30,000,00,2,1,01,B01
200900062776,0,07,000,00,1,1,01,A01
200900062777,0,32,000,00,2,1,17,A01
200900062777,0,07,000,00,2,1,15,B01
200900062778,0,01,000,01,0,1,01,B01
200900062779,0,07,000,00,2,1,02,A01
200900062779,0,07,000,00,2,4,23,B01
200900062780,0,33,000,00,2,8,01,C01
200900062780,0,13,000,00,2,3,12,A01
200900062780,0,07,000,00,2,6,02,B01
200900062781,0,07,000,00,2,1,13,A01
200900062781,0,31,000,00,2,1,01,B01
200900062782,0,30,000,00,0,0,00,A01
200900062783,0,07,000,00,2,1,02,A01
200900062783,0,07,000,00,2,4,02,B01
200900062784,0,10,000,00,1,1,01,A01
200900062785,0,01,000,00,2,5,16,A01
200900062785,0,32,000,00,2,1,02,B01
200900062786,0,30,000,00,9,0,00,A01
200900062787,0,34,000,00,1,1,01,A01
200900062788,0,07,000,00,2,3,15,B01
200900062788,0,33,000,00,2,7,01,A01
200900062789,0,07,000,00,2,2,17,A01
200900062789,0,07,000,00,2,4,16,B01
200900062790,0,01,000,00,2,8,19,B01
200900062790,0,07,000,00,2,1,01,A01
200900062791,0,33,000,00,2,1,02,A01
200900062791,0,07,000,00,2,4,23,B01
200900062792,0,33,000,03,0,2,01,A01
200900062793,0,07,000,00,2,3,13,A01
200900062793,0,07,000,00,2,3,01,B01
200900062794,0,07,000,00,0,9,21,A01
200900062795,0,07,000,00,1,2,15,A01
200900062796,0,02,000,00,2,9,17,A01
200900062796,0,07,000,00,2,3,15,B01
200900062797,0,30,000,00,2,1,17,A01
200900062797,0,37,010,00,2,1,02,B01
200900062798,0,07,000,00,2,7,01,A01
200900062798,0,07,000,00,2,2,02,B01
200900062799,0,07,000,00,1,1,01,A01
200900062800,0,07,000,00,2,3,02,A01
200900062800,0,01,000,00,2,4,02,B01
200900062801,0,07,000,00,2,1,01,A01
200900062801,0,07,000,00,2,4,23,C01
200900062801,0,07,000,00,2,4,01,B01
200900062802,0,07,000,00,2,1,02,A01
200900062802,0,07,000,00,0,6,02,B01
200900062803,0,33,000,00,0,9,01,A01
200900062804,0,07,000,00,2,1,01,A01
200900062804,0,07,000,00,2,5,01,B01
200900062805,0,07,000,03,0,4,02,A01
200900062806,0,10,000,00,2,4,02,B01
200900062806,0,07,000,00,0,4,02,C01
200900062806,0,10,000,00,2,1,00,A01
200900062807,0,07,000,16,0,1,19,A01
200900062808,0,07,000,00,2,3,02,B01
200900062808,0,07,000,00,2,2,02,A01
200900062809,0,07,000,00,2,5,12,A01
200900062809,0,07,000,00,2,3,21,B01
200900062810,0,33,000,00,2,7,02,B01
200900062810,0,07,000,00,0,5,09,A01
200900062811,0,33,000,00,2,1,02,A01
200900062811,0,07,000,00,0,5,02,B01
200900062812,0,07,000,03,0,9,00,A01
200900062813,0,07,000,04,2,1,00,A01
200900062813,0,10,000,00,0,1,00,B01
200900062814,0,10,000,00,2,5,02,C01
200900062814,0,10,000,00,2,4,02,B01
200900062814,0,10,000,00,2,1,02,A01
200900062815,0,17,000,00,2,2,02,B01
200900062815,0,07,000,03,2,2,01,A01
200900062816,0,10,000,00,0,2,02,C01
200900062816,0,15,000,00,0,7,12,A01
200900062816,0,07,000,00,0,8,01,B01
200900062817,0,07,000,04,0,1,01,A01
200900062818,0,07,000,00,2,3,11,B01
200900062818,0,33,000,00,2,2,03,A01
200900062819,0,33,000,00,0,0,01,A01
200900062820,0,14,000,00,2,0,14,B01
200900062820,0,07,000,00,2,2,02,A01
200900062821,0,07,000,04,0,0,17,A01
200900062822,0,30,000,00,0,0,00,B01
200900062822,1,38,000,00,0,0,00,C01
200900062823,0,07,000,00,2,1,01,A01
200900062823,0,33,000,00,2,4,01,B01
200900062823,0,07,000,00,2,4,23,C01
200900062824,0,07,000,00,2,5,17,B01
200900062824,0,01,000,00,2,8,13,A01
200900062825,0,07,000,00,2,3,09,A01
200900062825,0,02,000,00,2,1,17,B01
200900062826,0,07,000,00,2,4,01,B01
200900062826,0,07,000,00,2,1,01,A01
200900062827,0,07,000,00,2,3,20,A01
200900062827,0,32,000,00,2,1,01,B01
200900062828,0,07,000,00,2,3,13,A01
200900062828,0,33,000,00,2,2,17,B01
200900062829,0,07,000,00,2,8,22,A01
200900062829,0,01,000,01,0,1,01,B01
200900062830,0,07,000,00,1,2,20,A01
200900062831,0,02,000,00,0,4,15,B01
200900062831,0,07,000,00,2,1,01,A01
200900062832,0,10,000,00,2,8,20,A01
200900062832,0,07,000,00,2,2,01,B01
200900062833,0,33,000,00,0,0,01,A01
200900062834,0,07,000,00,2,7,01,A01
200900062834,0,30,000,00,2,8,02,B01
200900062835,0,10,000,00,2,8,15,A01
200900062835,0,33,000,00,2,7,17,B01
200900062836,0,33,000,00,2,1,17,A01
200900062836,0,07,000,00,2,8,15,B01
200900062837,0,30,000,00,0,0,01,A01
200900062838,0,07,000,00,2,1,01,A01
200900062838,0,07,000,00,2,7,01,B01
200900062839,0,02,000,00,2,1,01,B01
200900062839,0,07,000,00,0,7,15,A01
200900062840,1,07,000,00,1,0,01,A01
200900062841,0,02,000,00,2,1,02,A01
200900062841,0,07,000,00,0,4,02,B01
200900062842,0,07,000,00,2,2,01,A01
200900062842,0,07,000,00,0,6,01,B01
200900062843,0,07,000,00,2,1,02,A01
200900062843,0,07,000,00,2,4,02,B01
200900062844,0,07,000,00,1,7,16,A01
200900062845,0,07,000,00,2,1,02,A01
200900062845,0,07,000,00,2,4,02,B01
200900062846,0,02,000,00,0,0,01,A01
200900062847,0,14,000,00,2,2,12,A01
200900062847,0,07,000,00,2,6,01,B01
200900062848,0,30,000,00,0,0,13,A01
200900062849,0,07,000,00,1,7,01,A01
200900062850,0,32,000,14,0,2,02,A01
200900062851,0,33,000,12,0,1,21,B01
200900062851,0,31,000,00,2,7,02,C01
200900062851,0,31,000,00,0,0,01,A01
200900062852,0,99,000,01,0,1,00,A01
200900062853,0,33,000,00,0,1,01,A01
200900062854,0,07,000,00,2,1,02,A01
200900062854,0,07,000,00,0,4,02,B01
200900062855,0,07,000,00,2,4,02,B01
200900062855,0,07,000,00,2,1,02,A01
200900062856,0,07,000,00,2,4,23,B01
200900062856,0,07,000,00,2,1,02,A01
200900062857,0,13,000,00,2,2,11,A01
200900062857,0,07,000,00,2,6,12,B01
200900062858,0,07,000,01,0,2,01,A01
200900062859,0,07,000,00,1,4,24,A01
200900062860,0,07,000,00,2,4,02,C01
200900062860,0,07,000,00,2,1,02,A01
200900062860,0,07,000,00,2,4,02,B01
200900062861,0,07,000,00,2,1,01,B01
200900062861,0,07,000,00,2,8,11,A01
200900062862,0,07,000,00,0,2,01,A01
200900062863,0,07,000,00,2,3,20,B02
200900062863,0,33,000,01,2,1,17,A01
200900062864,0,33,000,07,0,1,01,A01
200900062865,0,07,000,00,1,1,01,C03
200900062865,0,07,000,00,1,2,21,A01
200900062865,0,07,000,00,1,1,01,B02
200900062866,0,07,000,00,2,7,22,A01
200900062866,0,31,000,00,2,8,17,B02
200900062867,0,07,000,10,0,2,13,A01
200900062868,0,07,000,02,0,7,01,A01
200900062869,0,07,000,00,2,3,15,A01
200900062869,0,07,000,00,2,2,01,B02
200900062870,0,10,000,00,0,0,00,A01
200900062871,0,07,000,00,2,6,15,B02
200900062871,0,33,000,00,2,1,17,A01
200900062872,0,07,000,00,2,2,01,B02
200900062872,0,07,000,06,2,1,13,A01
200900062873,0,07,000,00,2,2,15,A01
200900062873,0,07,000,04,2,7,01,B02
200900062874,0,30,000,00,0,0,01,A01
200900062875,0,07,000,00,2,2,00,A01
200900062875,0,31,000,00,2,1,01,B02
200900062876,0,07,000,02,0,9,01,A01
200900062877,0,02,000,00,2,5,01,B01
200900062877,0,07,000,00,2,6,13,A01
200900062878,0,07,000,00,2,3,01,B01
200900062878,0,30,000,00,2,0,01,A01
200900062879,0,10,000,00,2,8,01,B01
200900062879,0,02,000,00,2,3,06,A01
200900062880,0,07,000,00,2,8,15,B01
200900062880,0,33,000,00,2,1,17,A01
200900062881,0,07,000,01,2,1,01,A01
200900062881,0,01,000,00,2,4,01,B01
200900062882,0,07,000,00,1,1,01,A01
200900062883,1,07,000,00,1,0,00,Z01
200900062884,0,07,000,00,2,3,15,A01
200900062884,0,02,000,00,2,1,01,B01
200900062885,0,07,000,00,2,2,15,A01
200900062885,0,33,000,00,2,1,01,B01
200900062886,0,31,000,00,6,1,21,A01
200900062887,0,07,000,02,0,3,01,A01
200900062888,0,07,000,00,2,6,15,A01
200900062888,0,33,000,00,2,1,01,B02
200900062889,0,07,000,00,0,2,13,B02
200900062889,0,07,000,03,0,2,01,A01
200900062890,0,07,000,11,0,5,01,B02
200900062890,0,07,000,00,0,3,19,A01
200900062891,0,10,000,00,2,6,09,A01
200900062891,0,07,000,00,2,1,01,B02
200900062892,0,07,000,00,2,7,01,A01
200900062892,0,33,000,00,2,7,13,B02
200900062893,0,07,000,00,1,1,15,A01
200900062894,0,01,000,08,0,1,21,B01
200900062895,0,07,000,00,2,7,15,A01
200900062895,0,07,000,00,2,1,01,B01
200900062896,0,02,000,00,2,1,17,A01
200900062896,0,07,000,00,2,8,15,B01
200900062897,0,33,000,00,2,6,15,A01
200900062897,0,07,000,00,2,3,01,B01
200900062898,0,31,000,00,2,1,05,A01
200900062898,0,07,000,00,2,2,01,B01
200900062899,0,07,000,00,2,1,15,B01
200900062899,0,07,000,00,2,1,01,A01
200900062899,0,07,000,00,2,1,15,C01
200900062900,0,07,000,00,1,1,16,A01
200900062901,0,07,000,00,2,8,13,A01
200900062901,0,07,000,00,2,6,01,B01
200900062902,0,33,000,06,0,1,02,A01
200900062903,0,07,000,00,2,4,23,B01
200900062903,0,07,000,00,2,1,02,A01
200900062904,0,07,000,00,1,1,01,A01
200900062905,0,01,000,00,2,8,19,B01
200900062905,0,10,000,00,2,3,16,A01
200900062906,0,02,000,00,2,1,01,B01
200900062906,0,07,000,00,2,2,15,A01
200900062907,0,01,000,00,2,8,19,B01
200900062907,0,07,000,00,2,3,01,A01
200900062908,0,07,000,00,2,3,13,A01
200900062908,0,07,000,00,2,3,21,B01
200900062909,0,32,000,00,0,8,21,A01
200900062910,0,01,000,00,2,1,16,B01
200900062910,1,10,000,00,2,1,05,A01
200900062911,0,07,000,04,0,0,00,A01
200900062912,0,33,000,00,0,5,01,B01
200900062912,0,07,000,00,2,8,04,A01
200900062913,0,07,000,00,2,1,02,A01
200900062913,0,07,000,00,0,4,02,B01
200900062914,0,07,000,04,0,1,00,A01
200900062915,0,07,000,00,0,1,00,A01
200900062916,0,07,000,00,0,4,02,D01
200900062916,0,07,000,00,0,4,02,B01
200900062916,0,07,000,00,2,9,02,C01
200900062916,0,07,000,00,2,1,02,A01
200900062917,0,07,000,00,0,2,02,A01
200900062917,0,07,000,00,0,4,02,B01
200900062918,0,34,000,00,2,1,03,A01
200900062918,0,07,000,00,0,5,01,B01
200900062919,0,33,000,00,2,1,01,A01
200900062919,0,07,000,00,2,5,14,B01
200900062920,0,07,000,03,0,5,02,B01
200900062920,0,07,000,03,0,1,02,A01
200900062921,0,33,000,00,2,6,03,B01
200900062921,0,07,000,00,2,7,12,A01
200900062922,0,33,000,00,2,3,00,A01
200900062922,0,07,000,00,2,2,01,B01
200900062923,0,07,000,03,0,1,14,A01
200900062924,0,07,000,00,2,6,11,A01
200900062924,0,10,000,00,2,2,01,B01
200900062925,0,07,000,00,0,7,12,A01
200900062925,0,33,000,00,2,1,02,B01
200900062926,0,07,000,00,0,8,02,A01
200900062926,1,07,000,00,0,0,00,B01
200900062927,0,07,000,00,2,8,02,B01
200900062927,0,14,000,00,2,2,03,A01
200900062928,0,07,000,03,0,2,15,A01
200900062929,0,07,000,03,0,2,02,A01
200900062930,0,07,000,00,2,4,01,A01
200900062930,0,07,000,00,2,4,21,C01
200900062930,0,07,000,00,2,1,00,B01
200900062931,0,33,000,00,2,1,02,A01
200900062931,0,10,000,00,2,7,14,B01
200900062932,0,07,000,00,0,1,02,A01
200900062932,1,07,000,00,0,0,00,B01
200900062933,0,07,000,00,2,1,14,A01
200900062933,0,07,000,04,0,4,00,B01
200900062934,0,10,000,03,0,1,01,A01
200900062935,0,07,000,00,0,4,02,B01
200900062935,0,07,000,00,2,1,02,A01
200900062936,0,31,000,00,0,3,01,A01
200900062937,0,07,000,00,2,4,02,B01
200900062937,0,07,000,00,2,1,02,A01
200900062938,0,07,000,00,2,1,02,A01
200900062938,0,07,000,00,0,4,02,B01
200900062939,0,07,000,00,2,2,12,A01
200900062939,0,15,000,00,0,8,01,B01
200900062940,0,07,000,04,0,1,00,A01
200900062941,0,07,000,00,2,4,23,B01
200900062941,0,07,000,00,2,1,00,A01
200900062941,0,07,000,00,2,4,23,D01
200900062941,0,07,000,00,2,4,23,C01
200900062942,0,07,000,00,2,4,02,B01
200900062942,0,07,000,00,2,1,02,A01
200900062943,0,07,000,00,2,1,02,B01
200900062943,0,07,000,00,2,4,04,A01
200900062944,0,07,000,04,0,5,01,A01
200900062945,0,07,000,00,0,3,11,B01
200900062945,0,07,000,00,0,4,01,C01
200900062945,0,33,000,00,2,1,03,A01
200900062946,0,10,000,03,0,1,00,A01
200900062947,0,07,000,00,0,3,11,A01
200900062947,0,07,000,04,2,3,21,B01
200900062948,0,07,000,00,0,0,23,D01
200900062948,0,07,000,00,2,6,23,C01
200900062948,0,07,000,01,2,2,12,A01
200900062948,0,07,000,00,2,5,02,B01
200900062949,0,07,000,00,2,3,02,A01
200900062949,0,07,000,00,0,5,01,B01
200900062950,0,07,000,15,1,1,16,A01
200900062951,0,07,000,00,2,1,02,A01
200900062951,0,07,000,00,2,4,02,C01
200900062951,0,07,000,00,2,4,02,B01
200900062952,0,15,000,00,0,0,00,A01
200900062952,0,07,000,00,2,4,00,B01
200900062953,0,07,000,00,1,8,01,A01
200900062954,0,07,000,00,2,7,12,A01
200900062954,0,33,000,00,2,8,01,B01
200900062955,0,01,000,00,2,2,01,B01
200900062955,0,07,000,00,2,3,09,A01
200900062956,0,07,000,00,2,5,23,B01
200900062956,0,33,000,03,2,2,14,A01
200900062957,1,33,000,00,2,1,17,A01
200900062957,0,01,000,00,2,5,19,B01
200900062958,0,07,000,00,1,3,15,A01
200900062959,0,07,000,00,1,2,01,A01
200900062960,0,07,000,00,2,6,09,A01
200900062960,0,31,000,00,2,1,01,B01
200900062961,0,07,000,00,0,9,01,A01
200900062962,0,07,000,00,2,1,02,A01
200900062962,0,07,000,00,2,9,00,B01
200900062962,0,07,000,00,2,4,00,C01
200900062963,0,07,000,00,2,7,09,A01
200900062963,0,07,000,01,2,3,01,B01
200900062964,0,33,000,00,2,2,17,A01
200900062964,0,07,000,00,2,3,15,B01
200900062965,0,07,000,00,2,5,01,B01
200900062965,0,07,000,00,2,1,16,A01
200900062966,0,07,000,00,2,1,02,A01
200900062966,0,07,000,00,2,4,23,C01
200900062966,0,07,000,00,2,4,23,B01
200900062967,0,07,000,00,2,1,09,A01
200900062967,0,33,000,00,2,1,15,B01
200900062968,0,07,000,00,2,1,09,A01
200900062968,0,01,000,00,2,1,01,B01
200900062969,0,10,000,00,2,4,23,B01
200900062969,0,07,000,00,2,4,23,C01
200900062969,0,07,000,00,2,1,02,A01
200900062970,0,07,000,00,1,1,01,A01
200900062971,0,07,000,07,0,9,01,A01
200900062972,0,07,000,00,2,4,02,B01
200900062972,0,07,000,00,2,1,02,A01
200900062972,0,07,000,00,2,4,02,C01
200900062973,0,07,000,00,1,1,01,A01
200900062974,1,07,000,00,1,1,01,A01
200900062975,0,07,000,00,2,8,11,A01
200900062975,0,33,000,00,2,7,17,B01
200900062976,0,10,000,00,2,2,02,B01
200900062976,0,07,000,00,2,1,02,A01
200900062977,0,07,000,00,1,0,15,A01
200900062978,0,07,000,00,2,3,01,A01
200900062978,0,07,000,00,2,3,13,B01
200900062979,0,07,000,00,2,1,01,B01
200900062979,0,07,000,00,0,4,23,A01
200900062980,0,07,000,00,1,1,01,A01
200900062981,0,33,000,00,0,7,02,A01
200900062982,0,07,000,00,0,8,01,A01
200900062982,0,07,000,00,2,1,15,B01
200900062983,0,07,000,00,1,1,17,A01
200900062984,0,07,000,02,0,8,01,A01
200900062985,0,14,000,00,1,2,01,A01
200900062986,0,07,000,00,6,6,00,A01
200900062986,0,07,000,00,2,1,02,B02
200900062987,0,30,000,00,2,1,17,A01
200900062987,0,07,000,00,2,3,01,B02
200900062988,0,07,000,00,2,3,01,B02
200900062988,0,07,000,00,2,3,01,A01
200900062989,0,07,000,08,0,1,17,A01
200900062989,0,07,000,00,2,1,00,B02
200900062990,0,15,000,00,2,8,01,B02
200900062990,0,07,000,00,0,6,01,A01
200900062991,0,07,000,02,0,2,14,A01
200900062992,0,07,000,00,2,2,09,A01
200900062992,0,01,000,00,2,4,01,B02
200900062993,0,07,000,00,2,7,13,A01
200900062993,0,10,000,00,2,1,01,B02
200900062994,0,31,000,00,2,1,01,B02
200900062994,0,07,000,02,2,8,01,A01
200900062995,1,30,000,00,1,8,00,A01
200900062996,0,07,000,00,2,8,15,B01
200900062996,0,32,000,00,2,2,17,A01
200900062997,0,07,000,00,2,3,01,A01
200900062997,0,32,000,00,2,1,01,B01
200900062998,0,07,000,00,1,1,01,A01
200900062999,0,07,000,00,1,3,01,A01
200900063000,0,07,000,00,2,3,20,A01
200900063000,0,33,000,00,2,1,01,B01
200900063001,0,07,000,00,1,7,01,A01
200900063002,0,07,000,00,2,2,01,A01
200900063002,0,01,000,00,2,0,01,B01