Num_Acc,senc,catv,occutc,obs,obsm,choc,manv,num_veh
200900063345,0,07,000,00,2,3,09,A01
200900063345,0,33,000,00,2,2,01,B01
200900063346,1,07,000,00,2,2,01,B01
200900063346,0,30,000,00,2,1,05,A01
200900063347,0,07,000,00,1,1,01,A01
200900063348,0,07,000,00,1,4,04,A01
200900063349,0,30,000,00,2,1,05,A01
200900063349,0,07,000,00,2,1,15,B01
200900063350,0,10,000,00,2,4,02,C01
200900063350,0,07,000,00,2,1,02,A01
200900063350,0,07,000,00,2,4,02,B01
200900063351,2,10,000,00,1,1,01,A01
200900063352,0,07,000,00,2,5,02,B01
200900063352,0,30,000,00,2,2,03,A01
200900063353,0,33,000,00,0,4,21,A01
200900063353,0,07,000,00,0,0,00,B01
200900063354,0,07,000,00,2,1,02,A01
200900063354,0,30,000,00,2,4,02,B01
200900063355,0,07,000,00,2,2,02,A01
200900063355,0,30,000,00,2,4,01,B01
200900063356,0,07,000,00,2,2,16,B01
200900063356,0,07,000,00,2,3,01,A01
200900063357,0,07,000,00,0,1,01,B01
200900063357,0,07,000,00,0,8,15,A01
200900063358,0,07,000,00,2,2,17,B01
200900063358,0,07,000,00,2,3,10,A01
200900063359,0,33,000,00,1,1,01,A01
200900063360,0,02,000,00,2,1,01,A01
200900063360,0,07,000,00,2,1,01,B01
200900063361,0,30,000,00,0,8,01,A01
200900063362,0,34,000,00,2,3,00,A01
200900063362,0,10,000,00,2,7,16,B01
200900063363,0,34,000,00,2,7,02,B01
200900063363,0,10,000,00,9,2,02,A01
200900063364,0,07,000,00,2,1,01,B01
200900063364,0,07,000,00,2,3,15,A01
200900063365,0,07,000,00,1,1,01,A01
200900063366,0,07,000,00,2,1,01,B01
200900063366,0,07,000,00,2,8,15,A01
200900063367,0,07,000,00,1,3,00,A01
200900063368,0,07,000,00,0,2,02,A01
200900063368,0,33,000,00,2,1,02,B01
200900063369,0,07,000,00,2,1,02,A01
200900063369,0,10,000,00,2,5,02,B01
200900063370,0,33,000,00,1,0,02,A01
200900063371,0,07,000,00,2,2,01,A01
200900063371,0,07,000,00,2,3,15,B01
200900063372,0,33,000,00,9,1,01,A01
200900063372,0,07,000,00,9,1,01,B01
200900063373,0,07,000,00,2,7,16,A01
200900063373,0,34,000,00,2,1,18,B01
200900063374,0,07,000,00,1,1,01,A01
200900063375,0,07,000,00,2,4,23,B01
200900063375,0,10,000,00,2,1,01,A01
200900063376,0,07,000,00,0,3,16,A01
200900063376,0,32,000,00,2,1,01,B01
200900063377,0,07,000,07,0,1,16,A01
200900063378,0,07,000,00,2,2,15,A01
200900063378,0,30,000,00,2,1,01,B01
200900063379,0,07,000,00,2,2,01,B01
200900063379,0,07,000,00,2,9,02,A01
200900063380,0,02,000,00,2,1,17,A01
200900063380,0,07,000,00,2,8,15,B01
200900063381,0,10,000,00,1,1,01,A01
200900063382,0,33,000,00,2,8,01,C01
200900063382,0,07,000,00,2,9,01,B01
200900063382,0,07,000,00,2,1,11,A01
200900063383,0,07,000,00,2,4,01,B01
200900063383,0,02,000,00,2,1,01,A01
200900063384,0,07,000,00,2,8,02,C01
200900063384,0,02,000,00,2,4,01,A01
200900063384,0,10,000,00,2,5,02,B01
200900063385,0,07,000,00,2,1,02,C01
200900063385,0,07,000,00,2,4,02,B01
200900063385,0,33,000,00,2,9,02,A01
200900063386,0,07,000,00,2,3,15,B01
200900063386,0,02,000,00,2,1,17,A01
200900063387,0,07,000,00,2,4,02,B01
200900063387,0,07,000,00,2,1,01,A01
200900063388,0,31,000,00,0,0,01,A01
200900063388,0,07,000,00,0,0,01,B01
200900063389,0,33,000,00,2,5,11,B01
200900063389,0,30,000,00,2,1,02,A01
200900063390,0,07,000,00,1,2,01,A01
200900063391,0,07,000,00,2,7,01,A01
200900063391,0,10,000,00,2,1,01,B01
200900063392,0,07,000,00,2,1,09,B01
200900063392,0,32,000,00,2,9,01,A01
200900063393,0,10,000,00,2,1,00,A01
200900063393,0,30,000,00,2,4,23,B01
200900063394,0,30,000,00,2,1,01,A01
200900063394,0,10,000,00,2,9,01,C01
200900063394,0,07,000,00,2,4,01,D01
200900063394,0,07,000,00,2,1,01,B01
200900063395,0,31,000,00,2,1,01,A01
200900063395,0,07,000,00,2,8,01,B01
200900063396,0,32,000,00,2,1,01,B01
200900063396,0,07,000,00,2,3,15,A01
200900063397,0,17,000,00,2,1,01,A01
200900063397,0,07,000,00,2,4,01,B01
200900063398,0,34,000,11,2,1,01,B01
200900063398,0,07,000,00,2,1,15,A01
200900063399,0,07,000,00,2,3,15,A01
200900063399,0,31,000,00,2,1,01,B01
200900063400,0,02,000,00,2,1,00,A01
200900063400,0,30,000,00,2,4,00,B01
200900063401,0,07,000,00,2,1,01,A01
200900063401,0,34,000,00,2,8,19,B01
200900063402,0,07,000,00,2,1,02,A01
200900063402,0,07,000,00,2,4,02,B01
200900063402,0,07,000,00,2,4,02,C01
200900063403,0,30,000,00,2,1,17,B01
200900063403,0,07,000,00,2,1,09,A01
200900063404,0,07,000,00,2,1,01,A01
200900063404,0,07,000,00,2,4,01,B01
200900063405,0,01,000,00,2,1,01,B01
200900063405,0,07,000,00,2,8,22,A01
200900063406,0,07,000,00,2,1,01,A01
200900063406,0,07,000,00,2,4,01,B01
200900063407,0,07,000,00,2,8,01,A01
200900063407,0,33,000,00,2,7,01,B01
200900063408,0,07,000,00,1,1,01,A01
200900063409,0,07,000,00,1,1,01,A01
200900063410,0,02,000,00,2,1,01,B01
200900063410,0,07,000,00,2,1,15,A01
200900063411,0,07,000,00,1,2,01,A01
200900063412,0,32,000,00,1,1,01,A01
200900063413,0,07,000,00,2,2,15,A01
200900063413,0,30,000,00,2,1,01,B01
200900063414,0,33,000,00,2,4,01,B01
200900063414,1,07,000,00,2,1,01,A01
200900063415,0,17,000,00,2,2,01,B01
200900063415,0,07,000,00,2,8,20,A01
200900063416,0,10,000,00,2,1,15,A01
200900063416,0,02,000,00,0,1,01,B01
200900063417,0,30,000,00,2,8,15,B01
200900063417,0,07,000,00,2,2,01,A01
200900063418,0,33,000,00,0,7,01,A01
200900063419,0,32,000,00,0,0,21,B01
200900063419,0,07,000,00,0,0,01,A01
200900063420,2,10,000,00,2,1,12,B01
200900063420,0,07,000,00,0,6,01,A01
200900063421,0,34,000,00,0,7,00,A01
200900063422,0,07,000,00,9,8,15,A01
200900063422,0,33,000,00,2,7,01,B01
200900063423,0,10,000,06,0,8,02,A01
200900063424,0,34,000,00,2,1,01,B01
200900063424,0,07,000,00,2,3,15,A01
200900063425,0,07,000,00,9,5,00,A01
200900063426,0,07,000,00,1,1,01,A01
200900063427,0,13,000,00,2,1,02,A01
200900063427,0,13,000,00,0,4,01,B01
200900063428,1,07,000,00,1,1,00,A01
200900063429,0,07,000,00,2,2,00,B01
200900063429,0,37,010,00,2,3,00,A01
200900063430,0,10,000,00,2,1,01,A01
200900063430,0,07,000,00,2,1,01,B01
200900063431,0,07,000,00,1,3,00,A01
200900063432,0,02,000,00,2,0,00,B01
200900063432,0,07,000,00,2,4,04,A01
200900063433,0,02,000,00,2,7,00,B01
200900063433,1,07,000,00,0,0,00,A01
200900063434,0,07,000,00,2,3,15,A01
200900063434,0,30,000,00,2,1,00,B01
200900063435,0,33,000,00,1,7,00,A01
200900063436,0,07,000,11,2,7,01,B01
200900063436,0,07,000,00,2,3,00,A01
200900063437,0,30,000,00,2,1,01,A01
200900063437,0,17,000,00,2,4,23,B01
200900063438,0,07,000,00,0,0,15,A01
200900063438,0,33,000,00,0,0,01,B01
200900063439,0,07,000,00,0,5,16,B01
200900063439,0,31,000,00,0,2,00,A01
200900063440,0,07,000,00,1,3,01,A01
200900063441,0,07,000,00,2,3,10,A01
200900063441,0,31,000,00,2,1,01,B01
200900063441,0,07,000,00,2,1,01,C01
200900063442,0,32,000,00,2,7,03,A01
200900063442,0,07,000,00,2,6,23,B01
200900063443,0,33,000,00,2,1,01,B01
200900063443,0,07,000,00,2,2,19,A01
200900063444,0,33,000,00,2,1,15,A01
200900063444,0,32,000,00,2,1,01,B01
200900063445,0,07,000,01,2,1,15,A01
200900063445,0,30,000,00,2,7,07,B01
200900063446,0,32,000,11,0,1,01,A01
200900063447,0,07,000,00,2,8,15,B01
200900063447,0,31,000,00,2,1,17,A01
200900063448,0,07,000,00,2,1,01,B01
200900063448,0,30,000,00,2,1,17,A01
200900063449,0,07,000,00,0,2,04,A01
200900063449,0,01,000,00,0,0,01,B01
200900063450,0,07,000,00,2,1,16,B01
200900063450,0,07,000,00,2,1,15,A01
200900063451,0,07,000,01,2,7,01,B01
200900063451,0,07,000,00,2,1,01,A01
200900063452,0,07,000,06,9,1,01,A01
200900063453,0,07,000,00,2,3,15,B01
200900063453,0,07,000,00,2,2,01,A01
200900063454,0,07,000,00,0,6,01,B01
200900063454,0,32,000,00,2,1,02,A01
200900063455,0,32,000,00,0,0,01,A01
200900063456,0,07,000,00,2,1,01,A01
200900063456,0,01,000,00,2,4,01,B01
200900063457,0,07,000,00,1,7,01,A01
200900063458,0,10,000,00,0,7,15,A01
200900063458,0,32,000,00,0,1,01,B01
200900063459,0,07,000,00,1,2,01,A01
200900063460,1,31,000,00,0,1,01,A01
200900063461,0,07,000,01,0,1,01,A01
200900063462,0,02,000,01,0,0,18,A01
200900063462,0,07,000,00,0,7,23,B01
200900063463,0,07,000,00,2,3,15,A01
200900063463,0,33,000,00,2,0,01,B01
200900063464,0,02,000,00,1,1,01,A01
200900063465,0,07,000,12,2,5,01,B01
200900063465,0,07,000,06,2,1,09,A01
200900063466,0,07,000,00,1,1,01,A01
200900063467,0,01,000,00,2,0,17,A01
200900063467,0,37,001,00,2,0,09,B01
200900063468,0,07,000,00,1,2,01,A01
200900063469,0,10,000,00,2,8,09,A01
200900063469,0,02,000,00,2,1,01,B01
200900063470,0,32,000,00,1,7,01,A01
200900063471,0,99,000,01,0,1,01,A01
200900063472,0,07,000,00,0,4,23,B01
200900063472,0,07,000,00,0,1,01,A01
200900063473,0,37,030,00,0,1,01,A01
200900063474,0,02,000,00,2,1,01,A01
200900063474,0,07,000,00,2,8,01,B01
200900063475,0,10,000,00,2,8,09,A01
200900063475,0,34,000,00,2,1,01,B01
200900063476,0,07,000,03,0,3,01,A01
200900063477,0,07,000,03,0,1,02,A01
200900063478,0,07,000,00,0,0,00,A01
200900063479,0,07,000,00,2,8,02,B01
200900063479,0,15,000,00,2,2,14,A01
200900063480,0,07,000,00,0,4,01,B01
200900063480,0,07,000,00,0,1,02,A01
200900063481,0,07,000,00,2,1,01,A01
200900063481,0,15,000,00,2,1,01,B01
200900063482,0,07,000,00,1,1,01,A01
200900063483,0,01,000,00,2,1,01,B01
200900063483,0,07,000,00,2,6,15,A01
200900063484,0,10,000,00,2,1,00,A01
200900063484,0,10,000,00,2,4,23,B01
200900063485,0,33,000,00,2,8,16,B01
200900063485,0,07,000,00,2,2,16,A01
200900063486,0,31,000,00,1,1,01,A01
200900063487,0,32,000,00,2,1,17,B01
200900063487,0,07,000,00,2,1,10,A01
200900063488,0,10,000,03,0,1,00,A01
200900063488,0,07,000,00,2,4,01,B01
200900063488,0,07,000,00,2,1,02,C01
200900063488,0,07,000,00,2,1,00,D01
200900063489,0,07,000,04,0,4,16,A01
200900063490,0,07,000,00,2,1,00,A01
200900063490,1,07,000,00,0,0,00,B01
200900063491,0,07,000,15,0,8,14,A01
200900063492,0,33,000,00,2,1,11,A01
200900063492,0,10,000,00,2,6,02,B01
200900063493,0,33,000,04,0,3,13,A01
200900063494,0,07,000,00,2,5,02,B01
200900063494,0,07,000,00,2,4,23,C01
200900063494,0,07,000,00,2,1,02,A01
200900063495,0,07,000,00,2,1,02,A01
200900063495,0,07,000,00,0,4,02,C01
200900063495,0,07,000,00,2,1,02,B01
200900063495,0,32,000,00,0,0,00,D01
200900063496,0,07,000,00,2,1,02,A01
200900063496,0,07,000,00,2,4,02,C01
200900063496,0,34,000,00,2,4,02,B01
200900063497,0,07,000,00,2,6,11,B01
200900063497,0,33,000,00,2,1,03,A01
200900063498,0,07,000,00,2,4,02,B01
200900063498,0,07,000,00,0,4,02,C01
200900063498,0,07,000,00,2,1,02,A01
200900063498,0,07,000,00,2,4,02,D01
200900063499,0,10,000,04,0,3,00,A01
200900063500,0,07,000,00,2,1,02,B01
200900063500,0,07,000,00,2,4,02,A01
200900063501,0,33,000,00,2,3,01,B01
200900063501,0,07,000,00,2,5,12,A01
200900063502,0,07,000,04,0,3,00,A01
200900063503,0,07,000,00,2,5,02,B01
200900063503,0,33,000,00,2,3,02,A01
200900063504,0,17,000,00,0,8,01,A01
200900063505,0,31,000,00,2,8,00,A01
200900063505,0,07,000,00,0,5,01,B01
200900063506,0,33,000,00,0,8,00,C01
200900063506,0,07,000,00,2,5,00,B01
200900063506,0,07,000,00,2,3,00,A01
200900063507,0,07,000,00,2,4,02,A01
200900063507,0,07,000,00,2,1,02,B01
200900063507,0,07,000,00,2,1,02,E01
200900063507,0,07,000,00,2,1,02,C01
200900063507,0,07,000,00,2,4,02,D01
200900063508,0,31,000,00,2,1,01,A01
200900063509,0,07,000,00,2,1,02,A01
200900063509,0,07,000,00,2,4,02,B01
200900063510,0,07,000,00,2,4,02,B01
200900063510,0,07,000,00,0,6,02,A01
200900063510,0,07,000,00,2,1,02,C01
200900063510,0,07,000,00,2,1,02,D01
200900063511,0,32,000,00,2,3,01,A01
200900063511,0,07,000,00,2,7,12,B01
200900063512,0,10,000,00,2,2,12,B01
200900063512,0,32,000,00,2,3,01,A01
200900063513,0,07,000,00,2,5,01,B01
200900063513,0,34,000,00,2,3,11,A01
200900063514,0,32,000,00,0,0,00,A01
200900063515,0,07,000,00,2,4,01,B01
200900063515,0,07,000,00,2,1,01,A01
200900063516,1,07,000,00,2,6,11,A01
200900063516,0,33,000,00,2,2,00,B01
200900063517,0,33,000,00,0,8,13,A01
200900063518,0,15,000,01,0,2,14,A01
200900063519,0,07,000,00,1,3,01,A01
200900063520,0,10,000,00,2,3,15,A01
200900063520,0,32,000,00,2,7,01,B01
200900063521,0,07,000,00,2,4,02,A01
200900063521,0,07,000,00,2,1,02,B01
200900063522,0,02,000,00,2,1,17,A01
200900063522,0,07,000,00,2,6,15,B01
200900063523,1,30,000,00,1,0,00,A01
200900063524,0,34,000,14,0,0,00,A01
200900063524,0,07,000,00,2,0,21,B01
200900063525,0,10,000,00,1,7,01,A01
200900063526,0,07,000,00,2,3,15,B01
200900063526,0,30,000,00,2,1,01,A01
200900063527,0,07,000,00,2,1,01,B01
200900063527,0,07,000,08,2,5,10,A01
200900063528,0,32,000,00,2,8,01,B01
200900063528,1,07,000,00,2,7,11,A01
200900063529,0,07,000,00,1,1,01,A01
200900063530,0,07,000,06,0,9,11,A01
200900063531,0,07,000,00,0,1,01,B01
200900063531,0,07,000,00,0,7,00,A01
200900063532,0,10,000,00,2,2,15,A01
200900063532,0,32,000,00,2,1,01,B01
200900063533,0,32,000,00,2,7,01,A01
200900063533,0,07,000,00,2,8,15,B01
200900063534,0,01,000,01,0,1,01,A01
200900063535,0,07,000,00,2,1,01,A01
200900063535,0,07,000,00,2,8,15,B01
200900063536,0,02,000,00,2,1,01,A01
200900063536,0,07,000,00,2,1,15,B01
200900063537,1,07,000,00,1,3,15,A01
200900063538,0,07,000,00,2,1,02,A01
200900063538,0,07,000,00,2,4,02,B01
200900063538,0,07,000,00,2,4,02,C01
200900063539,0,32,000,00,2,1,17,B01
200900063539,0,10,000,00,2,1,15,A01
200900063540,0,07,000,00,1,3,15,A01
200900063541,0,07,000,00,1,4,04,A01
200900063542,0,30,000,00,2,1,02,B01
200900063542,0,07,000,00,2,4,23,A01
200900063543,0,07,000,00,2,1,15,A01
200900063543,0,33,000,00,2,1,01,B01
200900063544,1,07,000,00,2,1,01,A01
200900063544,0,33,000,00,2,4,01,B01
200900063545,0,07,000,00,2,1,01,B01
200900063545,0,07,000,00,2,3,09,A01
200900063546,1,32,000,00,1,0,01,A01
200900063547,0,33,000,00,2,1,01,A01
200900063547,0,07,000,00,2,3,01,B01
200900063548,0,07,000,00,0,0,01,A01
200900063549,0,07,000,01,0,1,02,A01
200900063550,0,07,000,00,1,2,01,A01
200900063551,0,33,000,00,2,0,01,B01
200900063551,0,07,000,00,2,3,15,A01
200900063552,0,07,000,00,1,2,01,A01
200900063553,0,07,000,00,2,3,01,B01
200900063553,0,30,000,00,2,7,15,A01
200900063554,0,30,000,00,2,7,01,A01
200900063554,0,07,000,00,2,3,15,B01
200900063555,0,07,000,00,1,5,04,A01
200900063556,0,31,000,00,0,8,00,A01
200900063557,1,07,000,00,1,0,00,A01
200900063558,0,07,000,00,2,1,01,A01
200900063558,0,10,000,00,2,3,15,B01
200900063559,0,07,000,00,2,1,05,A01
200900063559,0,07,000,00,2,1,01,B01
200900063560,0,32,000,00,1,3,01,A01
200900063561,0,31,000,00,1,8,01,A01
200900063562,0,07,000,00,9,5,16,A01
200900063562,0,37,001,00,2,3,00,B01
200900063563,0,32,000,00,2,0,00,B01
200900063563,0,07,000,00,2,3,00,A01
200900063564,1,07,000,00,1,2,15,A01
200900063565,0,33,000,00,2,8,15,B01
200900063565,0,07,000,00,2,7,16,A01
200900063566,0,30,000,00,2,1,02,A01
200900063566,0,07,000,00,2,4,23,B01
200900063567,0,01,000,00,2,1,01,B01
200900063567,0,07,000,00,2,1,22,A01
200900063568,0,07,000,00,2,7,01,A01
200900063568,0,07,000,00,2,1,01,B01
200900063569,0,30,000,00,2,3,03,A01
200900063569,0,07,000,00,2,2,01,B01
200900063570,0,07,000,00,1,1,01,A01
200900063571,0,07,000,15,0,1,01,A01
200900063572,0,07,000,00,1,1,15,A01
200900063573,0,07,000,00,1,7,01,A01
200900063574,0,01,000,00,2,1,01,B01
200900063574,0,07,000,00,2,2,01,A01
200900063575,0,07,000,00,2,1,02,A01
200900063575,0,07,000,00,2,4,02,B01
200900063576,1,07,000,00,1,4,04,A01
200900063577,0,07,000,00,0,1,01,A01
200900063578,0,07,000,00,2,1,01,A01
200900063578,0,07,000,00,2,7,01,B01
200900063579,0,07,000,00,2,2,01,A01
200900063580,0,34,000,00,2,8,01,A01
200900063580,0,07,000,00,2,1,01,B01
200900063581,0,07,000,00,2,8,00,B01
200900063581,0,30,000,00,2,1,01,A01
200900063582,0,07,000,00,9,1,16,A01
200900063582,0,01,000,00,2,8,01,B01
200900063583,0,10,000,00,2,2,01,A01
200900063583,0,01,000,00,2,0,01,B01
200900063584,0,13,000,00,1,5,01,A01
200900063585,0,03,000,00,2,1,01,A01
200900063585,0,07,000,00,2,1,00,B01
200900063586,0,02,000,00,1,1,20,A01
200900063587,0,07,000,00,1,1,15,A01
200900063588,0,07,000,08,0,1,21,A01
200900063588,0,07,000,00,0,0,15,B01
200900063589,0,10,000,00,2,8,20,A01
200900063589,0,32,000,00,2,2,17,B01
200900063590,0,32,000,00,0,1,00,A01
200900063590,0,07,000,00,0,4,00,B01
200900063591,0,07,000,00,1,8,01,A01
200900063592,0,07,000,00,1,3,01,A01
200900063593,0,10,000,00,1,1,15,A01
200900063594,0,07,000,00,0,4,02,B01
200900063594,0,10,000,00,2,1,02,A01
200900063595,0,07,000,01,0,2,00,A01
200900063596,0,07,000,00,2,8,23,B01
200900063596,0,07,000,04,2,1,01,A01
200900063597,0,10,000,00,2,3,00,A01
200900063597,0,33,000,00,2,1,00,B01
200900063598,0,07,000,00,2,4,01,B01
200900063598,0,10,000,00,2,1,01,A01
200900063598,0,07,000,00,2,3,15,C01
200900063599,0,07,000,00,1,3,00,A01
200900063600,0,02,000,00,2,7,15,A01
200900063600,0,07,000,00,2,1,01,B01
200900063601,0,30,000,00,0,0,01,A01
200900063602,0,07,000,00,2,1,16,B01
200900063602,0,31,000,00,2,1,13,A01
200900063603,0,31,000,00,9,9,21,B01
200900063603,0,07,000,00,0,0,00,A01
200900063604,0,31,000,00,1,1,17,A01
200900063605,0,07,000,00,2,1,15,A01
200900063605,0,03,000,00,2,3,01,B01
200900063606,0,30,000,00,2,8,15,A01
200900063606,0,33,000,00,2,1,17,B01
200900063607,0,07,000,00,2,3,14,A01
200900063607,0,30,000,00,2,2,01,B01
200900063608,0,07,000,00,1,3,01,A01
200900063609,0,07,000,00,1,1,01,A01
200900063610,0,07,000,00,1,1,01,A01
200900063611,0,07,000,00,1,1,01,A01
200900063612,0,31,000,00,2,1,01,B01
200900063612,0,07,000,00,2,5,15,A01
200900063613,0,33,000,00,2,1,17,A01
200900063613,0,07,000,00,2,1,01,B01
200900063614,0,07,000,00,2,3,01,B01
200900063614,0,30,000,00,2,1,05,A01
200900063615,0,07,000,00,2,3,01,A01
200900063616,0,07,000,00,2,4,01,B01
200900063616,0,30,000,00,2,1,01,A01
200900063617,0,07,000,00,1,1,01,A01
200900063618,0,07,000,00,1,3,00,A01
200900063619,0,32,000,00,2,1,02,A01
200900063619,0,10,000,00,0,4,23,B01
200900063620,0,32,000,00,2,4,01,A01
200900063620,0,07,000,00,2,1,01,B01
200900063621,0,07,000,00,1,1,01,A01
200900063621,0,07,000,00,2,1,01,B01
200900063622,0,07,000,08,2,1,02,A01
200900063622,0,07,000,00,2,4,02,B01
200900063623,0,07,000,00,2,3,16,A01
200900063623,0,07,000,01,2,3,01,B01
200900063624,0,07,000,00,1,3,15,A01
200900063625,0,31,000,00,2,3,01,B01
200900063625,0,07,000,00,2,7,09,A01
200900063626,0,07,000,00,2,1,01,B01
200900063626,0,07,000,02,2,1,05,A01
200900063627,0,07,000,00,2,0,01,B01
200900063627,0,14,000,00,0,0,01,A01
200900063628,0,07,000,00,2,4,01,B01
200900063628,0,07,000,00,2,1,01,A01
200900063629,0,07,000,00,2,4,02,B01
200900063629,0,07,000,00,2,1,02,A01
200900063630,0,33,000,01,0,7,00,A01
200900063631,0,07,000,00,1,3,16,A01
200900063632,0,33,000,00,2,1,21,A01
200900063632,0,07,000,00,2,4,01,B01
200900063633,0,07,000,00,2,1,02,A01
200900063633,0,07,000,00,2,4,02,B01
200900063634,0,02,000,00,0,0,21,A01
200900063635,0,07,000,00,9,3,00,A01
200900063635,0,33,000,00,0,0,00,B01
200900063636,0,10,000,00,2,1,00,A01
200900063636,0,07,000,00,2,4,23,B01
200900063637,0,07,000,00,2,5,16,B01
200900063637,0,02,000,00,2,3,02,A01
200900063638,0,07,000,00,2,1,01,A01
200900063638,0,01,000,00,2,9,01,B01
200900063639,0,32,000,00,2,9,01,B01
200900063639,0,07,000,00,2,4,01,C01
200900063639,0,07,000,00,2,1,01,A01
200900063640,0,33,000,00,2,9,02,B01
200900063640,0,33,000,00,2,9,02,A01
200900063641,0,33,000,00,2,8,01,B01
200900063641,0,07,000,00,2,1,16,A01
200900063642,0,33,000,00,2,4,02,A01
200900063642,1,07,000,00,2,0,02,B01
200900063643,0,36,000,00,0,0,00,A01
200900063644,0,07,000,00,2,1,02,A01
200900063644,0,31,000,00,0,4,23,B01
200900063645,0,07,000,00,0,4,02,C01
200900063645,0,10,000,00,2,1,02,A01
200900063645,0,07,000,00,2,4,02,B01
200900063646,0,32,000,00,0,0,21,A01
200900063647,0,07,000,00,2,4,02,B01
200900063647,0,07,000,00,2,1,02,A01
200900063648,0,07,000,00,2,2,09,A01
200900063648,0,31,000,00,2,9,01,B01
200900063649,0,07,000,00,2,1,01,A01
200900063649,0,14,000,00,2,7,15,B01
200900063650,0,02,000,00,0,8,16,A01
200900063651,0,07,000,00,1,1,00,A01
200900063652,0,07,000,00,1,3,20,A01
200900063653,0,07,000,13,0,1,01,A01
200900063654,0,33,000,00,2,1,01,A01
200900063654,0,07,000,00,2,3,19,B02
200900063655,0,07,000,00,2,0,00,B02
200900063655,0,07,000,00,2,0,00,A01
200900063655,0,07,000,00,0,1,23,C03
200900063656,0,07,000,02,0,2,01,A01
200900063657,0,07,000,04,0,1,17,A01
200900063658,0,07,000,06,0,3,14,A01
200900063659,0,07,000,00,2,8,19,A01
200900063659,0,30,000,00,2,1,01,B02
200900063660,0,10,000,01,0,3,13,A01
200900063661,0,07,000,00,2,1,01,C03
200900063661,0,07,000,00,2,3,13,A01
200900063661,0,07,000,00,2,3,01,B02
200900063662,0,07,000,00,2,3,02,C03
200900063662,0,07,000,00,2,1,02,B02
200900063662,0,07,000,00,2,3,13,A01
200900063663,0,07,000,04,0,9,01,A01
200900063664,0,07,000,00,1,2,01,A01
200900063665,0,37,001,00,2,2,01,A01
200900063665,0,07,000,00,9,6,15,B01
200900063666,0,07,000,00,1,1,01,A01
200900063667,0,10,000,00,2,8,09,B01
200900063667,0,10,000,00,2,2,02,A01
200900063668,0,01,000,00,2,7,15,A01
200900063668,0,07,000,00,9,1,01,B01
200900063669,0,07,000,00,1,2,01,A01
200900063670,0,07,000,00,1,2,01,A01
200900063671,0,30,000,03,0,1,14,A01
200900063672,0,07,000,00,2,3,13,A01
200900063672,0,07,000,00,2,0,01,C01
200900063672,0,07,000,00,2,3,01,B01
200900063673,0,02,000,01,0,1,14,A01
200900063674,0,02,000,00,2,8,15,B01
200900063674,0,07,000,00,2,2,17,A01
200900063675,0,07,000,00,0,9,00,A01
200900063676,0,07,000,14,0,1,02,A01
200900063676,0,03,000,00,2,4,23,C01
200900063676,0,07,000,14,0,4,23,B01
200900063677,1,07,000,00,2,1,02,A01
200900063677,0,07,000,00,0,4,02,B01
200900063678,0,03,000,00,2,8,15,B01
200900063678,0,33,000,00,2,2,18,A01
200900063679,0,07,000,01,0,1,06,A01
200900063680,0,02,000,15,0,1,00,A01
200900063681,0,07,000,08,0,0,14,A01
200900063682,0,07,000,09,0,2,14,A01
200900063683,0,02,000,00,0,0,21,B01
200900063683,0,07,000,00,0,0,15,A01
200900063684,0,30,000,00,2,1,01,A01
200900063684,0,07,000,00,9,8,15,B01
200900063685,0,07,000,00,2,7,15,A01
200900063685,0,30,000,00,2,1,01,B01
200900063686,0,02,000,00,2,1,01,B01
200900063686,0,07,000,00,2,5,15,A01
200900063687,0,07,000,00,2,2,00,B01
200900063687,0,07,000,00,0,3,19,A01
200900063688,0,07,000,00,1,1,01,A01
200900063689,0,37,015,00,2,6,01,B01
200900063689,0,07,000,00,2,1,01,A01
200900063690,0,30,000,00,2,1,01,B01
200900063690,0,07,000,00,2,2,15,A01
200900063691,0,07,000,00,2,3,09,A01
200900063691,0,01,000,00,2,2,01,B01
200900063692,0,07,000,00,2,1,00,A01
200900063693,0,07,000,00,0,3,16,A01
200900063693,0,07,000,08,2,1,01,B01
200900063694,0,10,000,00,1,1,01,A01
200900063695,0,07,000,03,0,0,00,A01
200900063696,0,07,000,00,2,8,11,B01
200900063696,0,10,000,00,2,7,17,A01
200900063697,0,07,000,00,2,4,02,B01
200900063697,0,07,000,00,2,4,02,C01
200900063697,0,17,000,00,2,1,02,A01
200900063698,0,07,000,04,0,3,13,C01
200900063698,0,07,000,00,1,8,01,B01
200900063698,0,07,000,00,1,1,01,A01
200900063699,0,10,000,00,2,4,02,C01
200900063699,0,07,000,00,2,1,02,A01
200900063699,0,07,000,00,2,4,02,B01
200900063700,0,33,000,00,2,1,02,A01
200900063700,0,07,000,00,2,4,02,B01
200900063701,0,07,000,00,1,8,02,A01
200900063702,0,30,000,07,0,7,01,A01
200900063703,0,07,000,16,0,9,00,A01
200900063704,0,30,000,14,0,0,00,A01
200900063705,0,07,000,00,1,0,15,A01
200900063706,0,07,000,00,1,2,01,A01
200900063707,0,31,000,00,1,1,01,A01
200900063708,0,01,000,00,2,1,01,B01
200900063708,0,10,000,00,2,8,05,A01
200900063709,0,07,000,00,1,3,01,A01
200900063710,0,01,000,00,2,1,21,B01
200900063710,0,07,000,00,2,1,15,A01
200900063711,0,07,000,00,2,1,02,A01