Num_Acc,senc,catv,occutc,obs,obsm,choc,manv,num_veh
200900063711,0,07,000,00,2,4,02,B01
200900063712,0,07,000,00,1,2,01,A01
200900063713,0,10,000,06,0,1,00,A01
200900063714,0,31,000,00,2,8,05,A01
200900063714,0,07,000,00,2,3,05,B01
200900063715,0,01,000,00,0,0,01,A01
200900063716,0,01,000,00,2,1,01,B01
200900063716,0,07,000,00,2,7,17,A01
200900063717,0,07,000,00,2,3,01,A01
200900063717,0,02,000,00,2,1,01,B01
200900063718,0,02,000,00,2,8,17,A01
200900063718,0,07,000,00,2,3,15,B01
200900063719,0,07,000,00,9,1,02,A01
200900063719,0,21,000,00,0,4,02,B01
200900063720,0,30,000,00,1,1,01,A01
200900063721,0,07,000,00,2,2,15,A01
200900063721,0,30,000,00,2,1,01,B01
200900063722,0,07,000,00,2,2,10,A01
200900063722,0,02,000,00,2,1,02,B01
200900063723,0,07,000,00,1,2,01,A01
200900063724,0,07,000,00,1,8,01,A01
200900063725,0,07,000,00,9,3,01,A01
200900063725,0,33,000,00,2,0,01,B01
200900063726,0,30,000,00,2,1,01,B01
200900063726,1,07,000,00,9,2,15,A01
200900063727,0,07,000,00,2,8,00,B01
200900063727,0,30,000,00,2,2,09,A01
200900063728,0,30,000,00,2,1,01,B01
200900063728,0,07,000,00,2,3,16,A01
200900063729,0,07,000,00,1,1,01,A01
200900063730,0,07,000,00,2,5,01,A01
200900063730,0,30,000,00,2,1,01,B01
200900063731,0,07,000,00,1,1,01,A01
200900063732,0,02,000,00,2,8,08,A01
200900063732,0,07,000,00,2,1,15,B01
200900063733,0,07,000,00,2,4,23,B01
200900063733,0,07,000,00,2,4,23,D01
200900063733,0,07,000,00,2,1,01,A01
200900063733,0,07,000,00,2,4,23,C01
200900063734,0,02,000,01,0,1,01,A01
200900063735,0,07,000,00,2,1,16,A01
200900063735,0,02,000,00,2,8,01,B01
200900063736,0,07,000,00,9,1,01,A01
200900063736,0,15,000,00,2,1,15,B01
200900063737,0,02,000,00,1,1,01,A01
200900063738,0,07,000,00,1,1,01,A01
200900063739,0,02,000,00,2,1,01,B01
200900063739,0,07,000,00,2,7,15,A01
200900063740,0,33,000,00,2,1,01,B01
200900063740,0,07,000,00,2,6,09,A01
200900063741,0,30,000,00,2,1,01,A01
200900063741,0,07,000,00,2,3,01,B01
200900063742,0,07,000,00,1,1,01,A01
200900063743,0,07,000,00,2,3,01,B01
200900063743,0,10,000,00,2,2,13,A01
200900063744,0,07,000,00,2,6,19,A01
200900063744,0,07,000,00,2,8,09,B01
200900063745,0,07,000,00,1,3,01,A01
200900063746,0,07,000,00,0,4,02,A01
200900063746,0,07,000,00,2,1,02,B01
200900063747,0,07,000,00,9,6,01,B01
200900063747,0,30,000,00,2,1,15,A01
200900063748,0,07,000,00,2,5,01,B01
200900063748,0,33,000,00,2,8,09,A01
200900063749,0,07,000,00,2,1,01,C01
200900063749,0,07,000,00,2,1,05,A01
200900063749,0,07,000,00,2,1,01,B01
200900063750,0,07,000,03,2,2,17,A01
200900063750,0,07,000,03,0,6,01,B02
200900063751,0,07,000,00,1,1,01,A01
200900063752,0,07,000,00,2,1,01,B02
200900063752,0,07,000,00,2,1,13,A01
200900063753,0,07,000,00,2,7,19,B02
200900063753,0,07,000,05,2,8,01,A01
200900063754,0,33,000,00,2,1,01,B02
200900063754,0,07,000,00,2,8,10,A01
200900063755,0,07,000,01,0,1,21,B02
200900063755,0,17,000,01,0,6,23,A01
200900063756,0,07,000,00,1,3,01,A01
200900063757,0,07,000,00,2,1,15,A01
200900063757,0,07,000,00,2,2,01,B02
200900063758,0,07,000,00,2,3,01,A01
200900063758,0,07,000,00,2,6,13,B02
200900063759,0,07,000,00,2,1,19,B02
200900063759,0,07,000,00,2,8,01,A01
200900063760,0,07,000,02,0,3,01,A01
200900063761,0,07,000,02,0,6,02,A01
200900063762,0,01,000,00,2,0,00,B02
200900063762,0,14,000,00,9,1,16,A01
200900063763,0,07,000,00,2,6,01,B02
200900063763,0,07,000,08,2,2,17,A01
200900063764,0,07,000,16,0,0,01,A01
200900063765,0,02,000,00,2,1,21,B01
200900063765,0,07,000,00,2,8,15,A01
200900063766,0,07,000,00,2,1,01,A01
200900063766,0,07,000,00,2,8,16,B01
200900063767,0,07,000,00,9,4,02,B01
200900063767,0,16,000,00,2,1,02,A01
200900063767,0,07,000,00,2,4,02,C01
200900063768,0,01,000,00,2,1,13,A01
200900063768,0,07,000,00,2,2,17,B01
200900063769,0,07,000,00,1,3,01,A01
200900063770,0,02,000,00,2,1,17,B01
200900063770,0,07,000,00,9,3,10,A01
200900063771,0,07,000,00,1,1,00,A01
200900063772,0,30,000,00,2,1,01,B01
200900063772,0,07,000,00,2,3,19,A01
200900063773,0,07,000,00,1,1,00,A01
200900063774,0,01,000,00,0,0,00,B01
200900063774,0,07,000,00,0,0,00,A01
200900063775,0,30,000,00,0,0,01,A01
200900063776,0,02,000,00,2,8,01,A01
200900063776,0,02,000,00,0,1,01,B01
200900063777,0,33,000,08,0,3,00,A01
200900063778,0,07,000,00,1,1,17,A01
200900063779,0,07,000,00,2,3,15,B01
200900063779,0,30,000,00,2,1,17,A01
200900063780,0,07,000,00,2,3,24,B01
200900063780,0,07,000,00,1,2,16,A01
200900063781,0,30,000,00,0,1,21,A01
200900063781,0,07,000,00,0,2,15,B01
200900063782,0,07,000,00,1,1,01,A01
200900063783,0,07,000,00,0,9,14,A01
200900063784,0,14,000,00,0,4,01,B02
200900063784,0,10,000,00,2,1,01,A01
200900063785,0,10,000,00,2,1,01,B02
200900063785,0,07,000,00,2,7,13,A01
200900063786,0,07,000,02,0,1,01,A01
200900063787,0,07,000,00,2,1,23,C03
200900063787,0,07,000,00,2,5,15,B02
200900063787,0,33,000,00,2,1,17,A01
200900063788,0,07,000,00,2,8,19,B02
200900063788,0,07,000,00,2,1,01,A01
200900063789,0,31,000,01,0,3,13,A01
200900063789,0,07,000,00,2,1,01,B02
200900063790,0,07,000,00,9,1,16,A01
200900063790,0,01,000,00,2,7,15,B02
200900063791,0,07,000,00,2,3,13,A01
200900063791,0,03,000,00,2,1,01,B02
200900063792,0,10,000,00,0,0,00,A01
200900063793,0,01,000,00,2,1,13,B02
200900063793,0,07,000,00,2,8,01,A01
200900063794,0,37,000,00,2,1,01,A01
200900063794,0,21,000,00,2,1,15,B02
200900063795,0,07,000,00,2,3,01,B02
200900063795,0,07,000,00,2,3,13,A01
200900063796,0,07,000,02,0,8,01,A01
200900063797,0,07,000,00,2,3,13,A01
200900063797,0,01,000,00,2,1,01,B02
200900063798,0,07,000,00,1,2,01,A01
200900063799,0,02,000,00,0,7,01,A01
200900063800,0,07,000,00,1,2,01,A01
200900063801,0,07,000,13,0,3,01,A01
200900063802,0,07,000,00,2,8,00,A01
200900063802,0,07,000,00,2,1,00,B02
200900063803,0,07,000,13,0,1,01,A01
200900063804,0,07,000,00,2,1,19,A01
200900063804,0,17,000,00,2,8,01,B02
200900063805,0,07,000,04,0,1,01,A01
200900063806,0,07,000,00,1,2,01,A01
200900063807,0,21,000,00,2,6,19,B02
200900063807,0,33,000,00,2,1,01,A01
200900063808,0,07,000,00,2,2,01,A01
200900063808,0,30,000,00,2,1,16,B02
200900063809,0,30,000,00,2,0,17,A01
200900063809,0,07,000,00,9,8,15,B01
200900063810,0,07,000,00,1,2,01,A01
200900063811,1,10,000,00,1,0,15,A01
200900063812,0,07,000,00,9,3,11,A01
200900063812,0,33,000,00,2,2,17,B01
200900063813,0,33,000,00,2,1,01,B01
200900063813,0,07,000,00,2,3,15,A01
200900063814,0,07,000,00,2,5,15,A01
200900063814,0,02,000,00,2,1,01,B01
200900063815,0,07,000,00,1,1,01,A01
200900063816,0,01,000,00,1,1,01,A01
200900063817,0,01,000,00,2,1,01,B01
200900063817,0,10,000,00,2,8,01,A01
200900063818,0,07,000,00,2,3,23,C01
200900063818,0,07,000,00,2,7,01,B01
200900063818,0,07,000,00,2,1,01,A01
200900063819,0,07,000,00,2,1,01,A01
200900063819,0,07,000,00,2,3,01,B01
200900063820,0,99,000,00,1,7,01,A01
200900063821,0,07,000,00,2,5,04,A01
200900063821,0,07,000,00,2,1,01,B01
200900063822,0,07,000,00,1,1,01,A01
200900063823,0,30,000,01,0,2,14,A01
200900063824,0,07,000,00,2,1,17,A01
200900063824,0,07,000,00,2,1,01,B01
200900063825,0,07,000,00,2,2,01,B01
200900063825,0,07,000,00,2,1,01,A01
200900063826,0,07,000,02,0,9,02,A01
200900063826,0,07,000,16,2,6,05,B01
200900063827,0,07,000,00,2,1,13,A01
200900063827,0,07,000,00,2,1,01,B01
200900063828,0,07,000,15,0,1,01,A01
200900063829,0,30,000,00,2,2,17,A01
200900063829,0,07,000,00,2,3,16,B01
200900063830,0,07,000,00,1,2,01,A01
200900063831,0,07,000,00,2,4,02,C01
200900063831,0,07,000,00,2,4,02,B01
200900063831,0,07,000,00,2,4,02,E01
200900063831,0,07,000,00,2,1,02,A01
200900063831,0,07,000,00,2,4,02,D01
200900063832,0,07,000,00,1,1,00,A01
200900063833,0,01,000,01,0,1,01,A01
200900063834,0,07,000,00,0,0,00,A01
200900063834,0,01,000,00,0,0,00,B01
200900063835,0,07,000,00,2,3,09,A01
200900063835,0,33,000,00,2,0,00,B01
200900063836,0,07,000,06,1,3,21,A01
200900063837,0,07,000,00,1,1,01,A01
200900063838,0,07,000,00,2,8,01,B01
200900063838,0,07,000,00,2,1,23,C01
200900063838,0,01,000,00,2,8,23,D01
200900063838,0,07,000,00,2,2,01,A01
200900063839,0,07,000,00,1,0,02,A01
200900063840,0,07,000,00,2,0,01,B01
200900063840,0,07,000,00,2,1,02,A01
200900063840,0,07,000,00,2,4,02,C01
200900063841,0,07,000,09,0,1,01,A01
200900063842,0,10,000,00,1,6,02,A01
200900063843,0,02,000,00,2,1,01,A01
200900063843,0,07,000,00,2,4,01,B01
200900063844,0,33,000,00,0,0,06,A01
200900063845,1,07,000,00,1,1,00,A01
200900063846,0,02,000,00,2,1,01,B01
200900063846,0,07,000,00,2,3,01,A01
200900063847,0,01,000,00,2,1,01,A01
200900063847,0,07,000,01,2,1,01,B01
200900063848,0,07,000,00,2,7,15,A01
200900063848,0,02,000,00,2,1,01,B01
200900063849,0,07,000,00,9,2,15,A01
200900063849,0,01,000,00,2,7,01,B01
200900063850,0,07,000,00,2,1,13,A01
200900063850,0,01,000,00,2,1,01,B01
200900063851,0,07,000,00,1,0,16,A01
200900063852,0,07,000,00,1,1,15,A01
200900063853,0,02,000,00,0,2,02,A01
200900063854,0,07,000,00,2,4,02,B01
200900063854,0,07,000,00,2,1,02,A01
200900063854,1,07,000,00,2,4,02,C01
200900063855,0,07,000,16,2,2,01,A01
200900063855,0,07,000,13,2,2,01,B01
200900063856,0,07,000,00,2,4,02,B01
200900063856,0,07,000,00,2,1,02,A01
200900063857,0,15,000,00,0,7,09,A01
200900063858,0,07,000,00,1,4,04,A01
200900063859,0,07,000,00,9,2,01,A01
200900063860,1,07,000,00,0,0,17,B01
200900063860,0,33,000,00,0,9,21,A01
200900063861,0,07,000,00,2,1,01,B01
200900063861,0,07,000,00,2,2,15,A01
200900063861,0,07,000,00,2,1,23,C01
200900063862,0,07,000,00,9,1,02,A01
200900063862,0,01,000,00,2,7,19,B01
200900063863,0,03,000,00,0,0,01,A01
200900063863,0,33,000,08,0,0,01,B01
200900063864,0,37,001,00,1,3,09,A01
200900063865,0,10,000,00,1,4,04,A01
200900063866,1,10,000,00,0,0,00,A01
200900063866,0,07,000,01,0,8,22,B01
200900063867,1,07,000,00,2,1,00,A01
200900063867,0,07,000,00,2,8,00,B01
200900063868,1,13,000,00,0,0,00,A01
200900063868,0,03,000,00,0,0,00,B01
200900063869,0,07,000,00,1,2,08,A01
200900063870,0,33,000,00,2,7,21,B01
200900063870,0,07,000,00,0,0,15,A01
200900063871,0,07,000,00,2,1,00,B01
200900063871,0,07,000,00,2,8,10,A01
200900063872,0,07,000,01,0,1,01,A01
200900063872,0,10,000,00,2,3,00,B01
200900063873,1,07,000,00,0,0,00,C01
200900063873,0,07,000,00,2,6,01,B01
200900063873,0,07,000,00,2,2,12,A01
200900063874,0,40,000,00,1,1,01,A01
200900063875,0,07,000,00,0,8,15,A01
200900063875,0,02,000,00,0,1,17,B01
200900063876,0,07,000,00,2,1,00,B01
200900063876,0,07,000,00,2,2,13,A01
200900063877,0,07,000,00,1,3,01,A01
200900063878,0,07,000,00,2,6,01,B01
200900063878,0,10,000,00,2,2,02,A01
200900063879,0,30,000,00,2,1,11,B01
200900063879,0,07,000,00,0,6,15,A01
200900063880,0,07,000,00,0,0,10,A01
200900063880,0,30,000,00,0,8,01,B01
200900063881,0,07,000,00,0,7,15,A01
200900063881,0,02,000,00,2,1,01,B01
200900063882,0,07,000,01,0,2,02,A01
200900063883,0,07,000,00,1,2,01,A01
200900063884,0,07,000,00,2,7,16,B01
200900063884,0,31,000,00,2,1,01,A01
200900063885,0,07,000,00,2,4,02,E01
200900063885,0,07,000,00,2,1,02,B01
200900063885,0,07,000,00,2,4,02,C01
200900063885,0,07,000,00,2,1,02,A01
200900063885,0,07,000,00,2,4,02,D01
200900063886,0,32,000,00,1,1,02,A01
200900063887,0,02,000,00,2,1,01,A01
200900063887,0,07,000,00,2,3,09,B01
200900063888,0,07,000,00,0,1,01,B01
200900063888,0,02,000,00,0,2,15,A01
200900063889,0,07,000,00,2,3,01,B01
200900063889,0,03,000,00,2,2,15,A01
200900063890,0,30,000,00,1,1,02,A01
200900063891,0,07,000,08,0,1,00,A01
200900063892,0,33,000,00,1,1,01,A01
200900063893,0,02,000,00,2,7,15,A01
200900063893,0,34,000,00,2,1,01,B01
200900063894,0,07,000,00,2,2,02,A01
200900063895,0,07,000,11,0,1,00,A01
200900063896,0,32,000,00,1,1,01,A01
200900063897,0,30,000,00,2,3,10,B01
200900063897,0,34,000,00,2,3,02,A01
200900063898,0,33,000,04,2,7,01,A01
200900063898,0,07,000,00,2,3,11,B01
200900063899,0,07,000,09,0,1,01,A01
200900063900,0,07,000,00,2,1,02,A01
200900063900,0,07,000,00,0,4,02,B01
200900063901,0,07,000,00,2,2,19,A01
200900063901,0,33,000,00,2,8,14,B01
200900063902,0,33,000,00,2,1,18,A01
200900063902,0,07,000,00,0,7,23,B01
200900063903,0,10,000,00,2,3,13,A01
200900063903,0,07,000,00,2,3,00,B01
200900063904,0,13,000,06,0,1,23,A01
200900063905,0,30,000,00,1,1,00,A01
200900063906,0,07,000,00,1,3,01,A01
200900063907,0,07,000,00,2,1,02,A01
200900063907,0,10,000,00,0,4,02,B01
200900063908,1,07,000,00,1,2,01,A01
200900063909,0,07,000,00,0,2,01,A01
200900063910,0,33,000,00,0,1,00,B01
200900063910,0,07,000,00,0,2,01,A01
200900063911,0,07,000,00,2,1,01,B01
200900063911,0,07,000,00,2,7,01,A01
200900063912,1,07,000,00,2,1,17,A01
200900063912,0,07,000,00,2,3,15,B01
200900063913,0,02,000,01,0,1,02,A01
200900063914,0,33,000,12,0,1,01,A01
200900063915,0,07,000,02,0,1,01,A01
200900063916,0,99,000,00,1,2,00,A01
200900063917,0,32,000,00,2,8,01,A01
200900063917,0,07,000,00,2,2,01,B01
200900063918,0,07,000,09,0,3,01,A01
200900063919,0,07,000,00,9,8,00,A01
200900063919,0,01,000,00,2,1,02,B01
200900063920,0,07,000,08,0,1,00,A01
200900063921,0,07,000,00,2,1,01,A01
200900063921,0,07,000,00,2,3,01,B01
200900063922,0,07,000,00,0,1,00,A01
200900063922,0,30,000,00,0,1,00,B01
200900063923,0,07,000,00,1,2,02,A01
200900063924,0,33,000,00,0,1,00,A01
200900063925,0,07,000,00,2,3,00,A01
200900063925,0,32,000,00,2,1,00,B01
200900063926,0,07,000,00,9,2,15,A01
200900063926,0,30,000,00,2,1,01,B01
200900063927,0,07,000,00,2,3,17,B01
200900063927,0,34,000,00,0,7,17,A01
200900063928,0,10,000,00,2,3,01,A01
200900063928,0,10,000,00,2,3,02,B01
200900063929,0,07,000,00,2,2,00,B01
200900063929,0,07,000,00,2,2,00,A01
200900063930,0,10,000,00,0,3,01,A01
200900063931,0,07,000,00,1,7,02,A01
200900063932,0,34,000,00,1,3,02,A01
200900063933,0,07,000,00,0,6,10,A01
200900063933,0,33,000,00,2,1,01,B01
200900063934,0,07,000,00,1,8,00,A01
200900063935,0,07,000,12,0,2,00,A01
200900063936,0,07,000,00,2,2,11,B01
200900063936,0,02,000,00,2,5,19,A01
200900063937,0,07,000,06,0,1,13,A01
200900063938,0,07,000,00,2,7,01,A01
200900063938,0,07,000,00,2,3,01,B01
200900063939,0,10,000,12,0,1,02,A01
200900063940,0,07,000,00,0,4,23,B01
200900063940,0,10,000,00,2,1,02,A01
200900063940,0,07,000,00,0,4,23,C01
200900063941,0,07,000,00,1,8,01,A01
200900063942,0,30,000,00,2,0,18,B01
200900063942,0,10,000,00,2,2,10,A01
200900063943,0,07,000,00,2,1,01,A01
200900063943,0,07,000,00,2,4,02,B01
200900063944,0,32,000,00,1,0,00,A01
200900063945,0,10,000,00,2,6,01,B01
200900063945,0,33,000,00,2,1,01,A01
200900063946,0,07,000,00,1,3,01,A01
200900063947,0,07,000,00,0,1,13,A01
200900063948,0,07,000,00,0,7,01,B01
200900063948,1,07,000,00,0,0,01,A01
200900063949,0,37,000,00,1,7,01,A01
200900063950,0,07,000,00,2,1,13,A01
200900063950,0,07,000,00,2,1,01,B01
200900063951,0,01,000,00,2,8,19,B01
200900063951,0,07,000,00,2,2,01,A01
200900063952,0,02,000,00,1,1,01,A01
200900063953,0,07,000,00,2,1,01,A01
200900063953,0,07,000,00,2,4,01,B01
200900063954,0,07,000,00,0,2,01,A01
200900063954,0,01,000,00,0,0,00,B02
200900063955,0,10,000,00,1,4,04,A01
200900063956,0,07,000,06,0,1,01,A01
200900063957,0,07,000,00,2,1,01,A01
200900063957,0,07,000,00,2,1,01,B01
200900063958,0,31,000,00,2,8,01,B02
200900063958,0,07,000,00,2,3,15,A01
200900063959,0,17,000,00,0,4,02,B02
200900063959,0,17,000,00,2,1,02,A01
200900063960,0,10,000,16,0,1,14,A01
200900063961,0,33,000,13,0,8,01,A01
200900063962,0,07,000,00,2,3,01,A01
200900063962,0,30,000,00,0,4,01,B02
200900063963,0,07,000,00,1,2,01,A01
200900063964,0,33,000,00,2,8,13,A01
200900063964,0,17,000,00,2,8,01,B02
200900063965,0,07,000,02,0,1,01,A01
200900063966,0,07,000,00,4,3,01,A01
200900063966,0,39,000,00,2,1,01,B02
200900063967,0,07,000,00,1,1,01,A01
200900063968,0,07,000,00,2,3,01,B02
200900063968,0,07,000,00,2,3,13,A01
200900063969,0,33,000,00,2,1,01,B02
200900063969,0,01,000,00,2,4,01,A01
200900063970,0,07,000,00,2,1,01,A01
200900063970,0,07,000,00,2,4,01,B02
200900063970,0,07,000,00,2,1,01,C03
200900063971,0,07,000,00,0,8,01,B02
200900063971,0,07,000,14,0,1,01,D04
200900063971,0,07,000,00,2,3,01,C03
200900063971,0,17,000,00,2,2,12,A01
200900063972,0,07,000,13,0,1,01,A01
200900063973,0,07,000,13,0,9,14,A01
200900063974,0,10,000,00,2,1,01,B02
200900063974,0,07,000,00,2,1,13,A01
200900063975,0,30,000,00,2,1,01,B01
200900063975,0,10,000,00,2,3,15,A01
200900063976,0,07,000,01,2,0,00,B01
200900063976,0,07,000,00,2,0,00,A01
200900063977,0,07,000,13,0,9,14,A01
200900063978,0,07,000,00,1,0,01,A01
200900063979,0,07,000,00,2,0,00,B01
200900063979,0,07,000,00,2,0,00,A01
200900063980,0,07,000,00,1,1,00,A01
200900063981,0,07,000,00,0,0,00,A01
200900063981,0,07,000,00,2,0,00,B01
200900063982,0,02,000,00,0,1,00,A01
200900063983,1,07,000,00,1,0,00,A01
200900063984,0,31,000,00,2,1,01,B01
200900063984,0,07,000,00,2,3,15,A01
200900063985,0,30,000,00,0,0,00,A01
200900063986,0,07,000,00,2,7,00,B01
200900063986,0,07,000,00,2,8,00,A01
200900063987,0,07,000,00,1,1,00,A01
200900063988,0,33,000,00,9,0,01,A01
200900063989,0,07,000,00,1,1,01,A01
200900063990,0,07,000,00,2,1,02,A01
200900063990,0,07,000,00,0,4,00,C01
200900063990,0,07,000,00,2,4,02,B01
200900063991,0,07,000,00,2,1,01,B01
200900063991,0,07,000,00,2,4,10,A01
200900063992,0,07,000,00,2,0,00,B01
200900063992,0,33,000,00,2,0,00,A01
200900063993,0,07,000,00,2,5,01,B01
200900063993,0,07,000,15,1,3,20,A01
200900063994,0,07,000,00,2,2,15,A01
200900063994,0,07,000,00,2,3,01,A02
200900063995,0,07,000,00,2,3,15,B01
200900063995,0,07,000,06,2,2,17,A01
200900063996,0,02,000,00,0,0,00,A01
200900063997,0,07,000,00,2,0,00,A01
200900063997,0,07,000,00,2,4,02,B01
200900063998,0,07,000,00,2,1,15,B01
200900063998,0,02,000,06,2,1,17,A01
200900063999,0,07,000,00,2,4,02,B01
200900063999,0,02,000,00,2,1,00,A01
200900064000,0,02,000,00,0,0,20,A01
200900064001,0,02,000,00,0,0,00,B01
200900064001,1,07,000,00,0,0,00,A01
200900064002,0,02,000,00,2,1,07,B01
200900064002,0,07,000,00,2,2,16,A01
200900064003,0,07,000,00,2,8,01,A01
200900064003,0,17,000,00,2,1,01,B02
200900064004,0,07,000,00,2,7,01,B01
200900064004,0,07,000,00,2,3,19,A02
200900064005,0,07,000,00,1,3,01,A01
200900064006,0,07,000,02,0,3,13,A01
200900064007,0,07,000,03,2,1,13,A01
200900064007,0,07,000,00,2,8,01,B02
200900064008,0,07,000,00,2,0,00,B01
200900064008,0,07,000,00,2,7,00,A01
200900064009,0,02,000,00,2,8,01,B02
200900064009,0,07,000,00,2,8,17,A01
200900064010,0,07,000,00,1,0,00,A01
200900064011,0,07,000,00,1,1,00,A01
200900064012,0,07,000,00,2,0,00,A01
200900064012,0,02,000,00,0,0,00,B01
200900064013,0,07,000,00,1,0,20,A01
200900064014,0,07,000,00,2,0,09,A01
200900064014,0,07,000,00,2,0,02,B01
200900064015,0,07,000,00,2,0,00,B01
200900064015,0,07,000,00,2,0,00,A01
200900064016,0,33,000,00,2,1,16,A01
200900064016,0,07,000,00,2,0,00,B01
200900064017,0,07,000,00,2,0,00,A01
200900064017,0,07,000,00,2,0,00,B01
200900064018,0,01,000,00,2,1,01,B01
200900064018,0,07,000,00,2,3,01,A01
200900064019,0,02,000,00,2,8,15,A01
200900064019,0,33,000,00,2,1,01,B01
200900064020,0,07,000,13,0,1,14,A01
200900064021,0,07,000,00,1,0,15,A01
200900064022,0,07,000,00,1,0,01,A01
200900064023,0,07,000,00,2,3,01,B01
200900064023,0,07,000,00,2,1,01,A01
200900064024,0,13,000,00,2,6,15,B01
200900064024,0,01,000,00,2,1,01,A01
200900064025,0,10,000,00,2,7,10,A01
200900064025,0,33,000,00,2,1,01,B01
200900064026,0,99,000,00,0,7,10,A01
200900064027,0,33,000,00,2,1,01,A01
200900064027,0,07,000,00,2,4,23,B01
200900064028,0,07,000,00,2,1,01,B01
200900064028,0,07,000,00,2,1,13,A01
200900064029,0,07,000,00,2,8,15,B01
200900064029,0,01,000,00,2,1,15,A01
200900064030,0,07,000,00,2,8,15,A01
200900064030,0,31,000,00,2,2,17,B01
200900064031,0,07,000,00,2,1,01,A01
200900064031,0,01,000,00,2,7,01,B01
200900064032,0,07,000,00,2,1,02,A01
200900064032,0,07,000,00,0,4,01,B01
200900064033,0,07,000,00,1,1,01,A01
200900064034,0,07,000,01,0,1,02,A01
200900064034,0,07,000,00,2,4,02,B01
200900064035,0,33,000,01,2,7,01,B01
200900064035,0,07,000,00,2,1,01,A01
200900064036,0,01,000,00,2,4,01,A01
200900064036,1,07,000,00,2,1,00,B01
200900064037,0,02,000,00,0,1,02,A01
200900064037,0,07,000,00,2,4,01,B01
200900064038,0,30,000,00,2,8,01,A01
200900064038,1,07,000,00,2,7,17,B01
200900064039,0,07,000,00,2,6,01,B01
200900064039,0,07,000,00,2,1,01,A01
200900064040,0,07,000,00,2,3,13,A01
200900064040,0,07,000,00,2,6,01,B01
200900064041,0,07,000,00,2,4,04,A01
200900064041,0,30,000,00,2,2,01,B01
200900064042,1,07,000,00,2,1,02,B01
200900064042,0,07,000,00,2,4,02,A01
200900064043,0,07,000,03,0,8,17,A01
200900064044,0,07,000,04,0,1,02,A01
200900064045,0,03,000,00,2,3,05,A01
200900064045,0,14,000,00,2,2,01,B01
200900064046,0,30,000,00,0,4,02,B01
200900064046,0,07,000,00,2,1,02,A01
200900064047,0,07,000,00,2,1,01,A01
200900064047,0,07,000,00,2,1,01,B02
200900064048,0,07,000,14,0,1,01,A01
200900064049,0,31,000,13,0,1,16,A01
200900064050,0,03,000,00,2,3,19,A01
200900064050,0,02,000,00,2,1,01,B02
200900064051,0,07,000,00,2,1,01,B02
200900064051,0,10,000,00,2,1,13,A01
200900064052,0,07,000,00,0,7,24,C03
200900064052,0,07,000,00,2,3,19,A01
200900064052,0,33,000,00,2,6,01,B02
200900064053,0,07,000,13,0,7,01,A01
200900064054,0,33,000,00,0,2,00,A01
200900064055,0,07,000,00,2,3,01,A01
200900064055,0,02,000,00,2,1,01,B02
200900064056,0,01,000,00,0,8,15,B02
200900064056,0,07,000,00,2,1,01,A01
200900064057,0,03,000,00,9,3,01,A01
200900064057,0,01,000,00,2,1,13,B02
200900064058,0,07,000,00,2,1,01,B02
200900064058,0,33,000,00,2,1,13,A01
200900064059,0,10,000,02,0,2,01,A01
200900064060,0,07,000,00,2,1,00,B01
200900064060,0,07,000,00,2,1,13,A01
200900064061,0,07,000,05,0,1,16,A01
200900064062,0,07,000,00,2,7,00,A01
200900064062,0,07,000,00,2,1,00,B01
200900064063,0,07,000,00,2,3,15,B01
200900064063,0,07,000,00,2,1,16,A01
200900064063,0,07,000,00,2,3,16,C01
200900064064,0,07,000,00,2,3,01,B01
200900064064,0,07,000,00,2,1,01,A01
200900064065,0,07,000,00,0,3,09,A01
200900064065,0,33,000,00,2,0,01,B01
200900064066,0,07,000,00,9,1,01,B01
200900064066,1,07,000,00,0,0,13,A01
200900064067,0,07,000,00,0,7,15,A01
200900064067,0,07,000,00,2,1,01,B01
200900064068,0,07,000,08,2,1,01,B01
200900064068,0,07,000,00,2,2,01,A01
200900064069,0,07,000,08,0,1,01,A01
200900064070,0,07,000,00,1,5,04,A01
200900064071,0,07,000,00,2,5,01,A01
200900064071,0,07,000,00,2,3,16,B01
200900064072,0,07,000,12,0,2,15,A01
200900064073,0,33,000,00,2,1,00,B01
200900064073,0,07,000,00,2,3,15,A01
200900064074,0,10,000,00,2,3,01,A01
200900064074,0,07,000,01,2,1,01,B01
200900064075,0,32,000,00,0,0,00,A01
200900064076,0,07,000,00,0,0,00,A01
200900064077,0,07,000,00,0,6,00,B01
200900064077,1,07,000,01,2,1,00,A01
200900064078,0,07,000,00,2,1,02,C01
200900064078,0,07,000,00,2,4,02,A01
200900064078,0,07,000,00,2,1,02,B01
200900064079,0,07,000,00,2,3,01,B01
200900064079,0,07,000,00,2,1,15,A01
200900064080,0,07,000,00,2,1,01,B01
200900064080,0,36,000,00,2,1,16,A01
200900064081,0,07,000,00,1,3,01,A01
200900064082,0,07,000,00,1,2,15,A01
200900064083,0,07,000,06,0,2,01,A01
200900064084,0,03,000,00,0,9,01,A01
200900064085,0,07,000,00,2,1,01,B01
200900064085,0,07,000,00,2,3,19,A01
200900064086,0,13,000,00,2,3,16,B02
200900064086,0,07,000,06,2,1,21,A01
200900064087,0,31,000,00,0,8,01,A01
200900064088,0,01,000,00,2,1,01,B01