Num_Acc,senc,catv,occutc,obs,obsm,choc,manv,num_veh
200900064845,0,07,000,00,2,1,01,A01
200900064845,0,01,000,00,2,8,01,B02
200900064846,0,07,000,00,2,1,01,A01
200900064846,0,10,000,00,2,7,01,B02
200900064847,0,07,000,00,2,3,16,A01
200900064847,0,02,000,00,2,1,01,B02
200900064848,0,07,000,02,0,1,13,A01
200900064849,0,30,000,00,2,4,02,B02
200900064849,0,30,000,00,2,1,02,A01
200900064850,0,07,000,00,2,2,01,A01
200900064850,0,01,000,00,2,1,19,B02
200900064851,0,07,000,00,2,6,15,B02
200900064851,0,33,000,00,2,1,17,A01
200900064852,0,30,000,00,0,0,01,A01
200900064853,0,33,000,00,2,1,01,B02
200900064853,0,07,000,00,2,1,15,A01
200900064854,0,07,000,00,2,1,15,A01
200900064854,0,33,000,00,2,8,01,B02
200900064855,0,07,000,00,2,2,17,A01
200900064855,0,21,000,00,2,8,15,B02
200900064856,0,07,000,00,2,8,09,A01
200900064856,0,33,000,00,2,2,01,B02
200900064857,0,02,000,00,2,8,01,B02
200900064857,0,07,000,00,2,1,01,A01
200900064858,0,31,000,00,2,1,01,A01
200900064858,0,07,000,00,2,2,19,B02
200900064859,0,33,000,00,0,0,01,A01
200900064860,0,07,000,06,0,8,01,A01
200900064861,0,07,000,01,0,1,02,A01
200900064861,0,10,000,00,0,4,23,B02
200900064862,0,33,000,00,2,1,01,B02
200900064862,0,07,000,00,2,2,15,A01
200900064863,0,01,000,00,0,4,15,B02
200900064863,0,07,000,00,2,2,01,A01
200900064864,0,01,000,00,9,1,01,A01
200900064865,0,07,000,00,2,1,13,A01
200900064865,0,07,000,00,2,1,01,C03
200900064865,0,07,000,00,2,6,21,B02
200900064866,0,07,000,13,0,2,01,A01
200900064867,0,07,000,00,2,6,16,A01
200900064867,0,30,000,00,2,1,01,B02
200900064868,0,33,000,13,0,0,15,A01
200900064869,0,33,000,13,0,1,01,A01
200900064870,0,07,000,00,2,7,15,A01
200900064870,0,30,000,00,2,1,01,B02
200900064871,0,07,000,00,2,3,15,A01
200900064871,0,31,000,00,2,1,01,B01
200900064872,0,02,000,00,1,1,01,A01
200900064873,1,10,000,00,1,2,01,A01
200900064874,0,07,000,00,0,4,02,C01
200900064874,0,07,000,14,0,4,02,B01
200900064874,0,07,000,00,2,1,02,A01
200900064875,0,07,000,00,2,1,01,B01
200900064875,0,07,000,00,2,6,01,A01
200900064876,0,30,000,01,0,1,02,A01
200900064877,0,13,000,00,2,3,02,A01
200900064877,0,07,000,00,0,4,09,B01
200900064878,0,07,000,00,2,1,06,A01
200900064878,0,17,000,00,2,1,01,B02
200900064879,0,07,000,00,2,8,01,B02
200900064879,0,07,000,00,2,1,17,A01
200900064880,0,07,000,00,2,7,19,A01
200900064880,0,30,000,00,2,1,01,B01
200900064881,0,07,000,00,2,2,19,A01
200900064881,0,33,000,00,2,1,01,B02
200900064882,0,02,000,00,1,1,01,A01
200900064883,0,33,000,00,2,1,01,B02
200900064883,0,07,000,00,2,6,15,A01
200900064884,0,07,000,00,0,9,14,A01
200900064885,0,07,000,00,1,4,04,A01
200900064886,0,07,000,15,0,1,13,A01
200900064887,0,02,000,00,2,8,01,B01
200900064887,0,07,000,00,2,1,19,A01
200900064888,0,31,000,00,2,0,01,B01
200900064888,0,01,000,00,2,0,01,A01
200900064889,0,07,000,00,0,0,00,B01
200900064889,0,07,000,00,0,0,00,A01
200900064890,0,07,000,00,2,3,15,A01
200900064890,0,02,000,00,2,8,01,B01
200900064891,0,07,000,00,2,1,15,A01
200900064891,0,07,000,00,2,1,01,B01
200900064892,0,30,000,00,0,1,01,A01
200900064893,0,07,000,00,2,3,01,A01
200900064893,0,02,000,00,2,4,15,B01
200900064894,0,07,000,00,2,4,02,C01
200900064894,0,07,000,00,2,1,01,A01
200900064894,0,07,000,00,2,4,02,B01
200900064895,0,07,000,00,2,1,15,A01
200900064895,0,30,000,00,2,1,18,B01
200900064896,0,07,000,00,2,1,01,A01
200900064896,0,30,000,00,2,4,23,B01
200900064897,0,10,000,00,2,1,11,A01
200900064897,0,07,000,00,2,4,02,B01
200900064898,0,30,000,00,2,1,01,B01
200900064898,0,07,000,00,2,2,15,A01
200900064899,0,30,000,00,0,0,01,A01
200900064900,0,01,000,00,2,1,19,A01
200900064900,0,07,000,00,2,2,01,B01
200900064901,0,07,000,00,2,0,09,A01
200900064901,0,30,000,00,2,0,01,B01
200900064902,0,02,000,00,2,1,01,B01
200900064902,0,07,000,00,2,7,15,A01
200900064903,0,07,000,00,2,1,13,A01
200900064903,0,07,000,00,2,3,01,B01
200900064904,0,33,000,00,2,1,01,B01
200900064904,0,07,000,00,2,3,15,A01
200900064905,1,07,000,00,1,0,01,A01
200900064906,0,01,000,00,0,1,01,A01
200900064907,0,30,000,00,2,1,01,B01
200900064907,0,07,000,00,2,1,17,A01
200900064908,0,07,000,00,2,4,15,B01
200900064908,0,02,000,00,2,1,17,A01
200900064909,0,07,000,00,2,4,01,B01
200900064909,0,07,000,00,2,1,01,A01
200900064909,0,07,000,00,2,4,01,C01
200900064910,0,07,000,03,0,9,01,A01
200900064911,0,30,000,00,2,1,01,B01
200900064911,0,32,000,00,2,1,13,A01
200900064912,0,07,000,00,1,1,18,A01
200900064913,0,30,000,00,2,1,01,A01
200900064913,0,07,000,00,2,3,01,B02
200900064914,0,02,000,00,2,7,17,A01
200900064914,0,07,000,00,2,3,15,B02
200900064915,0,07,000,13,0,1,17,A01
200900064916,0,07,000,00,1,2,01,A01
200900064917,0,07,000,00,2,3,21,A01
200900064917,0,30,000,00,2,1,13,B02
200900064918,0,33,000,00,2,1,01,A01
200900064918,0,07,000,00,2,8,15,B02
200900064919,0,07,000,00,2,2,19,B02
200900064919,0,07,000,00,2,1,01,A01
200900064920,0,30,000,01,0,1,01,A01
200900064920,0,07,000,00,0,3,24,C03
200900064920,0,07,000,00,0,8,24,B02
200900064921,0,07,000,00,2,3,01,B02
200900064921,0,10,000,00,2,3,13,A01
200900064922,0,10,000,00,2,1,13,A01
200900064922,0,14,000,00,2,1,01,B02
200900064923,0,07,000,13,0,1,01,A01
200900064924,0,02,000,00,0,0,01,A01
200900064925,0,07,000,00,2,3,05,A01
200900064925,0,07,000,00,2,1,01,B02
200900064926,0,10,000,00,0,3,01,A01
200900064926,0,01,000,00,0,7,01,B02
200900064927,0,14,000,00,2,7,16,A01
200900064927,0,02,000,00,2,1,01,B02
200900064928,0,07,000,00,2,7,15,A01
200900064928,0,07,000,00,2,1,01,B02
200900064929,0,10,000,00,1,5,20,A01
200900064930,0,07,000,00,1,2,01,A01
200900064931,0,33,000,00,2,1,02,A01
200900064931,0,07,000,00,2,6,02,B02
200900064932,0,33,000,00,2,1,02,A01
200900064932,0,07,000,00,0,4,15,B02
200900064933,0,10,000,00,1,2,01,A01
200900064934,0,31,000,00,9,1,16,A01
200900064934,0,01,000,00,2,6,19,B02
200900064935,0,07,000,00,0,3,01,B02
200900064935,0,07,000,00,2,2,17,A01
200900064936,0,07,000,00,1,4,04,A01
200900064937,0,07,000,13,0,1,01,A01
200900064938,0,07,000,00,2,1,02,A01
200900064938,0,07,000,00,2,4,02,B02
200900064939,0,33,000,00,2,1,05,A01
200900064939,0,33,000,00,2,1,01,B02
200900064940,0,07,000,13,0,1,01,A01
200900064941,0,02,000,09,0,2,14,A01
200900064942,0,01,000,14,0,0,02,A01
200900064943,0,10,000,00,1,3,23,B01
200900064943,0,07,000,00,1,3,01,A01
200900064944,0,07,000,00,2,3,01,A01
200900064944,0,02,000,00,2,1,01,B01
200900064945,0,07,000,02,0,2,06,A01
200900064946,0,01,000,01,0,1,01,B01
200900064946,0,07,000,00,2,3,24,A01
200900064946,0,38,001,00,2,5,17,C01
200900064947,0,07,000,00,2,1,15,A01
200900064947,0,02,000,00,2,8,01,B01
200900064948,0,07,000,00,1,3,15,A01
200900064949,0,07,000,00,2,7,09,A01
200900064949,0,30,000,00,2,1,01,B01
200900064950,0,02,000,00,2,1,01,A01
200900064950,0,07,000,00,2,4,01,B01
200900064951,0,07,000,00,2,5,15,B01
200900064951,1,07,000,00,2,1,01,A01
200900064952,0,02,000,00,2,1,07,B01
200900064952,0,07,000,00,2,2,16,A01
200900064953,0,07,000,00,2,4,23,C01
200900064953,0,07,000,00,2,1,01,A01
200900064953,0,07,000,00,2,4,23,B01
200900064954,0,30,000,14,0,1,01,A01
200900064955,0,07,000,00,2,6,01,A01
200900064955,0,01,000,00,2,1,01,B01
200900064956,0,07,000,00,1,1,02,A01
200900064957,0,30,000,00,0,1,01,A01
200900064958,0,32,000,00,2,1,02,A01
200900064958,0,07,000,00,1,4,02,B01
200900064959,0,07,000,13,0,1,01,A01
200900064960,0,10,000,00,2,2,17,A01
200900064960,0,30,000,00,2,1,01,B01
200900064961,0,33,000,00,0,0,01,A01
200900064962,0,07,000,00,1,2,01,A01
200900064963,0,30,000,14,0,0,01,A01
200900064964,0,38,025,00,1,0,07,A01
200900064965,0,13,000,00,2,2,01,B01
200900064965,0,01,000,00,2,1,19,A01
200900064966,0,30,000,00,2,2,02,A01
200900064966,0,07,000,00,2,2,02,B01
200900064967,0,01,000,00,2,7,01,A01
200900064967,0,07,000,00,2,1,14,B01
200900064968,0,07,000,00,1,4,04,A01
200900064969,0,07,000,00,2,3,01,A01
200900064969,0,01,000,00,2,1,19,B01
200900064970,0,07,000,00,2,8,01,B01
200900064970,0,15,000,00,2,7,12,A01
200900064971,0,33,000,00,0,1,01,A01
200900064972,0,07,000,00,1,3,01,A01
200900064973,0,02,000,00,0,0,01,A01
200900064974,1,99,000,00,0,0,00,A01
200900064974,0,30,000,00,0,0,00,B01
200900064975,0,01,000,00,2,1,01,B01
200900064975,1,07,000,00,2,3,09,A01
200900064976,0,07,000,00,1,2,01,A01
200900064977,0,02,000,08,0,1,00,A01
200900064978,0,07,000,00,2,3,19,A01
200900064978,0,33,000,00,2,1,00,B01
200900064979,0,07,000,00,2,1,13,A01
200900064979,0,07,000,00,2,1,01,C01
200900064979,0,07,000,00,2,4,01,D01
200900064979,0,07,000,00,2,4,01,B01
200900064980,0,07,000,00,1,8,01,A01
200900064981,0,02,000,00,2,1,01,B01
200900064981,0,07,000,00,2,8,09,A01
200900064982,0,07,000,00,2,1,01,B02
200900064982,0,01,000,00,2,7,01,A01
200900064983,0,07,000,00,2,1,01,B02
200900064983,0,07,000,00,2,8,01,A01
200900064984,0,07,000,08,0,1,01,A01
200900064985,0,31,000,13,0,1,00,A01
200900064986,0,07,000,00,2,1,13,B02
200900064986,0,07,000,00,2,1,01,A01
200900064987,0,07,000,14,0,2,02,A01
200900064987,0,10,000,00,2,3,23,B02
200900064988,0,07,000,02,0,7,13,A01
200900064989,0,07,000,00,1,2,01,A01
200900064990,0,07,000,03,0,6,23,A01
200900064990,0,07,000,00,2,8,01,D04
200900064990,0,10,000,01,0,2,02,C03
200900064990,0,07,000,00,2,8,02,B02
200900064991,0,07,000,00,0,8,01,B02
200900064991,0,07,000,00,0,2,15,A01
200900064992,0,07,000,00,0,0,00,A01
200900064993,0,07,000,00,0,5,02,A01
200900064993,0,07,000,00,2,3,02,B02
200900064994,0,07,000,00,2,2,02,A01
200900064994,0,10,000,03,0,6,01,B02
200900064995,0,07,000,13,0,9,01,A01
200900064996,0,07,000,00,0,0,01,A01
200900064996,0,07,000,00,2,1,17,B02
200900064997,0,07,000,08,0,7,13,A01
200900064998,0,07,000,00,0,8,01,A01
200900064999,0,07,000,00,2,3,15,A01
200900064999,0,10,000,08,2,1,01,B02
200900065000,0,07,000,00,2,3,15,B02
200900065000,2,07,000,00,2,3,01,A01
200900065001,0,07,000,00,2,1,01,A01
200900065001,0,30,000,00,2,4,01,B02
200900065002,0,10,000,00,1,1,01,A01
200900065003,0,07,000,00,0,2,01,A01
200900065004,0,33,000,00,2,1,01,B01
200900065004,0,33,000,00,2,3,15,A01
200900065005,0,07,000,00,2,4,01,F01
200900065005,0,07,000,00,2,1,01,C01
200900065005,0,07,000,00,2,4,01,D01
200900065005,0,07,000,00,2,1,01,E01
200900065005,0,07,000,00,2,1,01,A01
200900065005,0,07,000,00,2,5,01,B01
200900065006,1,07,000,00,0,0,01,A01
200900065007,0,01,000,00,2,1,01,B01
200900065007,0,01,000,00,2,1,01,A01
200900065008,0,07,000,00,2,7,01,A01
200900065008,0,07,000,00,0,1,01,B01
200900065009,0,07,000,00,2,1,02,A01
200900065009,0,34,000,00,2,4,01,B01
200900065010,0,07,000,00,0,2,01,A01
200900065011,0,07,000,00,2,3,22,A01
200900065011,0,30,000,00,2,8,01,B01
200900065012,0,07,000,00,2,1,15,A01
200900065012,0,07,000,00,2,1,23,C01
200900065012,0,07,000,00,2,1,01,B01
200900065013,0,07,000,00,2,7,23,A01
200900065013,0,01,000,00,2,1,01,B01
200900065014,0,07,000,11,0,9,13,A01
200900065015,0,07,000,00,2,1,15,A01
200900065015,0,32,000,00,2,1,01,B01
200900065016,0,33,000,00,0,0,01,A01
200900065017,0,07,000,00,1,0,01,A01
200900065018,0,07,000,06,0,1,01,A01
200900065019,0,01,000,00,0,0,01,A01
200900065020,0,07,000,00,2,4,15,B01
200900065020,0,07,000,00,2,1,02,A01
200900065021,0,07,000,13,0,9,13,A01
200900065022,0,07,000,00,2,0,02,B01
200900065022,0,10,000,00,2,0,10,A01
200900065023,0,30,000,00,1,1,01,A01
200900065024,0,07,000,00,2,1,16,A01
200900065024,0,01,000,00,2,1,16,B01
200900065025,0,07,000,00,2,3,16,A01
200900065025,0,07,000,00,2,2,01,B01
200900065026,0,30,000,00,2,1,02,A01
200900065026,0,07,000,00,2,5,23,B01
200900065027,0,07,000,00,2,1,01,A01
200900065027,0,07,000,00,2,4,01,B01
200900065028,0,33,000,00,1,4,16,B01
200900065028,0,07,000,00,2,7,01,A01
200900065029,0,07,000,00,2,2,01,A01
200900065029,0,01,000,00,2,0,02,B01
200900065030,0,07,000,03,2,3,01,A01
200900065030,0,13,000,00,2,1,12,B01
200900065031,0,07,000,00,1,1,15,A01
200900065032,0,07,000,00,2,1,01,B01
200900065032,0,07,000,00,2,2,09,A01
200900065033,0,07,000,00,2,3,09,A01
200900065033,0,30,000,00,2,5,00,B01
200900065034,0,07,000,00,1,3,16,A01
200900065035,0,07,000,00,2,8,01,B01
200900065035,0,15,000,00,2,1,16,A01
200900065036,0,31,000,00,0,0,01,A01
200900065037,0,07,000,00,2,3,01,B01
200900065037,0,01,000,00,2,1,19,A01
200900065038,0,01,000,00,2,1,01,A01
200900065038,0,07,000,00,2,8,15,B01
200900065039,0,07,000,00,1,3,01,A01
200900065040,0,07,000,00,1,1,01,A01
200900065041,0,07,000,14,0,1,02,A01
200900065041,0,07,000,00,2,4,02,B01
200900065042,0,02,000,00,2,1,08,B01
200900065042,0,07,000,00,2,2,15,A01
200900065043,0,30,000,00,2,7,01,A01
200900065043,0,07,000,00,2,1,01,B01
200900065044,0,07,000,00,2,1,01,A01
200900065044,0,07,000,00,2,4,02,B01
200900065045,0,01,000,00,0,0,01,A01
200900065046,0,07,000,00,1,0,15,A01
200900065047,1,07,000,00,1,1,01,A01
200900065048,0,07,000,00,2,1,01,A01
200900065048,0,07,000,00,2,4,02,B01
200900065049,0,07,000,00,2,4,16,B01
200900065049,0,30,000,00,2,1,01,A01
200900065050,0,07,000,00,2,1,15,A01
200900065050,0,07,000,00,2,1,01,B01
200900065051,0,07,000,00,1,1,01,A01
200900065052,0,30,000,00,2,7,01,B01
200900065052,0,07,000,00,0,3,01,A01
200900065053,0,01,000,00,0,0,01,B01
200900065053,0,07,000,00,2,0,22,A01
200900065054,0,31,000,00,0,0,01,A01
200900065055,0,07,000,00,1,1,01,A01
200900065056,0,07,000,00,2,2,15,A01
200900065056,0,30,000,00,2,1,01,B01
200900065057,0,01,000,00,2,1,01,B01
200900065057,0,07,000,00,2,1,01,A01
200900065058,0,07,000,00,2,1,01,A01
200900065058,0,07,000,00,2,4,23,B01
200900065059,0,07,000,00,2,3,15,A01
200900065059,0,32,000,00,2,1,01,B01
200900065060,0,30,000,00,0,1,01,A01
200900065061,0,01,000,00,0,1,16,A01
200900065062,0,10,000,00,2,3,01,A01
200900065062,0,07,000,00,2,1,15,B01
200900065063,0,10,000,00,2,1,01,B01
200900065063,0,07,000,00,2,1,15,A01
200900065064,0,07,000,00,2,6,15,A01
200900065064,0,07,000,00,2,2,01,B01
200900065065,0,07,000,00,2,7,15,A01
200900065065,0,01,000,00,2,1,01,B01
200900065066,0,07,000,00,2,0,00,B01
200900065066,0,14,000,00,2,7,01,A01
200900065067,0,01,000,01,0,1,01,A01
200900065068,0,07,000,00,1,7,02,A01
200900065069,0,07,000,00,1,1,02,A01
200900065070,0,07,000,00,2,3,09,B01
200900065070,0,02,000,00,2,7,00,A01
200900065071,0,10,000,00,1,3,01,A01
200900065072,0,07,000,00,2,1,01,B02
200900065072,0,14,000,00,2,1,17,A01
200900065073,1,07,000,00,2,2,19,A01
200900065073,0,02,000,00,2,1,01,B02
200900065074,0,07,000,00,1,2,01,A01
200900065075,0,10,000,00,2,1,01,B02
200900065075,0,07,000,00,0,7,19,A01
200900065076,0,07,000,00,0,0,01,A01
200900065077,0,14,000,06,2,1,01,A01
200900065077,0,07,000,00,2,3,01,B02
200900065078,0,07,000,00,2,1,01,B02
200900065078,0,07,000,00,2,1,01,A01
200900065079,0,07,000,00,1,3,01,A01
200900065080,0,17,000,02,0,2,02,A01
200900065081,0,07,000,00,2,2,01,A01
200900065081,0,01,000,00,2,7,01,B02
200900065082,0,21,000,00,0,0,01,B02
200900065082,0,02,000,00,2,3,13,A01
200900065083,0,07,000,00,2,1,01,B02
200900065083,0,07,000,00,2,7,13,A01
200900065084,0,30,000,00,2,3,19,A01
200900065084,0,07,000,00,2,1,01,B02
200900065085,0,07,000,13,0,1,01,A01
200900065086,0,07,000,13,0,2,01,A01
200900065087,0,10,000,00,2,6,01,B02
200900065087,0,07,000,00,2,2,14,A01
200900065088,0,17,000,00,2,1,01,B02
200900065088,0,07,000,00,2,3,15,A01
200900065089,0,07,000,00,2,3,15,A01
200900065089,0,33,000,00,0,1,17,B02
200900065090,0,07,000,13,0,9,01,A01
200900065091,0,07,000,00,2,8,13,A01
200900065091,0,30,000,00,2,8,01,B02
200900065092,0,30,000,00,0,7,01,A01
200900065093,0,07,000,00,1,8,01,A01
200900065094,0,07,000,00,1,3,01,A01
200900065095,0,07,000,00,2,3,01,B02
200900065095,0,07,000,00,2,1,01,A01
200900065096,0,07,000,00,2,1,01,B01
200900065096,0,33,000,00,2,1,01,A01
200900065097,0,07,000,00,1,2,01,A01
200900065098,2,07,000,00,2,1,01,A01
200900065098,0,07,000,00,2,2,15,B01
200900065099,0,07,000,00,2,1,09,A01
200900065099,0,37,050,00,2,3,13,B01
200900065100,0,07,000,00,2,1,01,A01
200900065100,0,07,000,00,2,4,01,B01
200900065101,0,30,000,00,0,0,01,A01
200900065102,0,07,000,00,1,5,01,A01
200900065103,0,07,000,00,2,3,01,B01
200900065103,0,01,000,00,2,1,01,A01
200900065104,0,02,000,00,2,8,09,B01
200900065104,0,07,000,00,2,1,01,A01
200900065105,0,32,000,00,0,7,01,A01
200900065106,0,07,000,00,2,1,01,A01
200900065106,0,07,000,00,2,6,00,C01
200900065106,0,07,000,00,2,9,01,B01
200900065107,0,07,000,06,2,1,01,B01
200900065107,0,17,000,13,2,7,13,A01
200900065108,0,01,000,00,1,2,15,A01
200900065109,0,07,000,00,1,3,01,A01
200900065110,0,07,000,00,2,4,01,B01
200900065110,0,07,000,00,2,1,01,A01
200900065111,0,30,000,00,2,8,01,B01
200900065111,0,07,000,00,2,1,19,A01
200900065112,0,01,000,00,0,0,01,A01
200900065113,0,07,000,13,0,1,01,A01
200900065114,0,07,000,03,0,3,01,A01
200900065115,0,33,000,00,2,7,01,B01
200900065115,0,10,000,00,2,3,09,A01
200900065116,1,10,000,00,2,4,02,B01
200900065116,0,30,000,00,2,1,01,A01
200900065117,1,07,000,00,1,1,01,A01
200900065118,0,07,000,00,2,3,09,A01
200900065118,0,37,030,00,2,2,01,B01
200900065119,0,07,000,00,2,1,01,B01
200900065119,0,07,000,00,2,6,09,A01
200900065120,0,30,000,00,2,1,01,A01
200900065120,0,07,000,00,2,7,01,B01
200900065121,0,07,000,00,2,3,09,A01
200900065121,0,01,000,00,2,8,15,B01
200900065122,0,14,000,00,1,2,01,A01
200900065123,0,07,000,12,2,3,01,B01
200900065123,0,07,000,12,2,2,15,A01
200900065124,0,32,000,00,2,1,01,B01
200900065124,0,07,000,00,2,3,15,A01
200900065125,0,33,000,00,2,1,01,A01
200900065125,0,07,000,00,2,3,15,B01
200900065126,0,07,000,00,2,4,02,B01
200900065126,0,07,000,00,2,1,01,A01
200900065127,0,07,000,06,0,1,15,A01
200900065128,0,07,000,04,0,7,02,A01
200900065129,0,32,000,04,0,1,21,A01
200900065130,0,33,000,00,2,1,02,B01
200900065130,0,07,000,00,0,4,02,A01
200900065131,0,33,000,00,0,1,00,A01
200900065132,0,33,000,00,2,3,03,A01
200900065132,0,07,000,00,0,5,02,C01
200900065132,0,07,000,00,2,7,12,B01
200900065133,0,07,000,00,0,2,01,A01
200900065133,0,07,000,00,0,4,01,B01
200900065134,0,07,000,00,2,1,02,D01
200900065134,0,07,000,00,2,4,02,C01
200900065134,0,10,000,00,0,4,01,A01
200900065134,0,10,000,00,2,4,02,B01
200900065135,0,33,000,00,0,7,16,A01
200900065136,0,33,000,00,0,8,21,A01
200900065137,0,07,000,00,0,0,01,A01
200900065138,0,07,000,13,0,9,00,A01
200900065139,0,07,000,04,0,1,02,A01
200900065140,0,07,000,00,2,9,01,B01
200900065140,0,07,000,00,2,1,01,A01
200900065141,0,07,000,00,2,4,02,D01
200900065141,0,07,000,00,2,4,02,B01
200900065141,0,07,000,00,2,4,02,C01
200900065141,0,10,000,00,2,1,02,A01
200900065142,0,07,000,00,2,7,02,C01
200900065142,0,07,000,00,2,7,02,A01
200900065142,0,07,000,00,2,7,02,B01
200900065143,0,07,000,00,2,9,18,B01
200900065143,0,07,000,00,2,8,01,A01
200900065143,0,10,000,00,2,2,02,C01
200900065144,0,07,000,00,2,2,12,A01
200900065144,0,33,000,00,2,1,03,B01
200900065144,0,07,000,00,2,6,01,C01
200900065145,0,07,000,00,2,6,13,B01
200900065145,0,15,000,00,2,2,01,A01
200900065146,0,07,000,04,0,1,01,A01
200900065147,0,33,000,00,2,1,03,A01
200900065147,0,07,000,00,2,4,11,C01
200900065147,0,33,000,00,2,4,03,B01
200900065148,0,34,000,00,2,1,02,B01
200900065148,0,15,000,00,0,7,19,A01
200900065149,0,01,000,00,2,1,01,B01
200900065149,0,07,000,00,2,1,01,A01
200900065150,0,07,000,00,2,3,01,B01
200900065150,0,07,000,00,2,3,13,A01
200900065151,0,07,000,00,2,1,01,B01
200900065151,0,30,000,00,2,2,13,A01
200900065152,0,07,000,00,2,8,15,B01
200900065152,0,02,000,00,2,1,18,A01
200900065153,0,07,000,00,2,8,01,B01
200900065153,0,07,000,00,2,1,01,A01
200900065154,0,10,000,00,2,4,02,B01
200900065154,0,02,000,00,2,1,01,A01
200900065155,0,07,000,04,0,5,01,A01
200900065156,0,99,000,00,2,3,09,A01
200900065156,0,01,000,00,2,4,02,B02
200900065157,0,10,000,00,2,2,01,B02
200900065157,0,07,000,00,2,2,15,A01
200900065158,0,07,000,00,2,1,01,A01
200900065158,0,07,000,00,2,8,15,B02
200900065159,0,07,000,00,2,2,02,B02
200900065159,0,07,000,13,0,4,01,A01
200900065160,0,07,000,00,2,1,01,A01
200900065160,0,07,000,00,2,2,15,B02
200900065161,0,07,000,00,2,1,01,A01
200900065161,0,30,000,00,2,1,15,B02
200900065162,0,07,000,00,2,1,14,B01
200900065162,0,01,000,00,2,7,01,A01
200900065163,0,07,000,00,1,3,20,A01
200900065164,0,07,000,00,2,1,13,A01
200900065164,0,07,000,00,2,1,01,B01
200900065165,0,07,000,00,2,3,01,B01
200900065165,0,32,000,00,2,1,13,A01
200900065166,0,33,000,00,2,1,01,B01
200900065166,0,07,000,00,2,1,17,A01
200900065167,0,07,000,06,0,1,01,A01
200900065168,0,30,000,00,0,1,01,A01
200900065169,0,07,000,09,0,1,01,A01
200900065170,0,30,000,00,0,0,00,A01
200900065171,0,07,000,00,2,4,02,B01
200900065171,0,07,000,00,2,1,01,A01
200900065172,0,01,000,00,2,1,05,A01
200900065172,0,07,000,00,2,1,01,B01
200900065173,0,07,000,15,0,1,00,A01
200900065174,0,31,000,00,2,1,01,B01
200900065174,0,07,000,00,2,3,15,A01
200900065175,0,07,000,00,2,8,01,B01
200900065175,0,33,000,00,2,1,01,A01
200900065176,0,34,000,14,0,9,00,A01
200900065177,0,30,000,00,2,1,02,B01
200900065177,0,10,000,00,2,6,01,A01
200900065178,0,07,000,04,2,1,21,C01
200900065178,0,07,000,04,1,1,21,B01
200900065179,0,07,000,00,2,7,01,A01
200900065179,0,02,000,00,2,1,01,B01
200900065180,0,01,000,00,0,1,01,A01
200900065181,0,07,000,03,0,1,01,A01
200900065182,0,07,000,00,2,5,09,B01
200900065182,0,07,000,00,2,1,01,A01
200900065183,0,01,000,00,2,4,01,B01
200900065183,0,07,000,00,2,1,01,A01
200900065184,0,07,000,08,0,1,01,A01
200900065185,0,07,000,12,0,1,00,A01
200900065186,0,07,000,00,1,1,01,A01
200900065187,0,07,000,00,1,2,01,A01
200900065188,0,15,000,00,2,1,00,A01
200900065188,0,07,000,00,2,1,01,C01
200900065188,0,10,000,00,2,4,01,B01
200900065189,0,33,000,00,2,4,23,A01
200900065189,0,33,000,00,2,1,02,B01
200900065190,0,07,000,04,0,3,01,A01
200900065191,0,07,000,00,2,1,20,B01
200900065191,0,07,000,00,2,2,01,A01
200900065192,0,07,000,00,0,8,24,A01
200900065193,0,07,000,00,0,8,01,B01
200900065193,0,07,000,00,2,1,15,A01
200900065194,0,34,000,00,2,1,13,B01
200900065194,0,07,000,00,2,1,00,A01
200900065195,0,07,000,00,1,1,01,A01
200900065196,0,02,000,00,1,3,01,A01
200900065197,0,02,000,00,2,1,05,A01
200900065197,0,07,000,00,2,1,01,B01
200900065198,0,07,000,00,9,0,09,B01
200900065198,0,32,000,00,2,7,02,A01
200900065199,0,34,000,00,0,0,01,A01
200900065200,0,07,000,00,1,1,01,A01
200900065201,0,07,000,00,2,4,00,C01
200900065201,0,07,000,00,2,4,00,A01
200900065201,0,07,000,00,2,4,00,B01
200900065202,0,07,000,00,0,9,01,A01
200900065203,0,07,000,00,0,4,02,A01
200900065203,0,07,000,00,2,1,02,B01
200900065203,0,07,000,00,2,1,02,F02
200900065203,0,07,000,00,2,1,00,E01
200900065203,0,07,000,00,2,1,02,C01
200900065203,0,07,000,00,2,1,02,D01
200900065204,0,30,000,00,0,8,01,A01
200900065205,0,07,000,00,2,7,15,A01
200900065205,0,33,000,00,2,1,01,B01
200900065206,0,07,000,00,2,2,15,B01
200900065206,0,33,000,00,2,1,17,A01
200900065207,0,07,000,00,1,1,01,A01
200900065208,0,02,000,00,2,7,02,B01
200900065208,0,07,000,00,2,3,09,A01
200900065209,0,07,000,00,2,3,13,A01
200900065209,0,07,000,00,2,3,01,B02
200900065210,0,31,000,00,0,0,01,A01
200900065211,0,10,000,13,0,2,01,A01
200900065212,0,32,000,00,2,1,13,A01
200900065212,0,07,000,00,2,3,01,B02
200900065213,0,33,000,13,0,1,01,A01
200900065214,0,07,000,00,0,1,13,A01
200900065214,0,10,000,00,0,1,01,B02
200900065215,0,31,000,00,2,1,01,B02
200900065215,0,07,000,00,2,3,15,A01
200900065216,0,30,000,00,2,1,03,A01