Num_Acc,senc,catv,occutc,obs,obsm,choc,manv,num_veh
200900065595,0,01,000,00,2,1,01,A01
200900065595,0,07,000,00,9,6,23,B01
200900065596,0,07,000,00,9,1,15,B01
200900065596,0,01,000,00,2,1,05,A01
200900065597,0,07,000,00,1,1,01,A01
200900065598,0,07,000,00,2,3,01,A01
200900065598,0,99,000,00,2,3,01,B01
200900065599,0,33,000,00,2,1,02,A01
200900065599,0,07,000,00,0,4,21,B01
200900065600,0,07,000,00,1,2,09,A01
200900065601,0,07,000,00,1,1,01,A01
200900065602,1,07,000,00,1,0,01,A01
200900065603,0,07,000,07,2,1,02,A01
200900065603,1,07,000,00,2,0,09,B01
200900065604,0,07,000,00,2,1,01,A01
200900065604,0,07,000,00,2,3,15,B01
200900065605,0,33,000,00,2,0,01,B01
200900065605,0,07,000,00,9,3,01,A01
200900065606,0,07,000,00,1,3,01,A01
200900065607,0,07,000,00,2,1,01,B01
200900065607,0,30,000,00,2,7,01,A01
200900065608,0,07,000,00,1,0,15,A01
200900065609,0,07,000,00,2,8,01,D01
200900065609,0,07,000,00,2,1,01,A01
200900065609,0,07,000,00,2,4,02,C01
200900065609,0,07,000,00,0,7,02,B01
200900065610,0,07,000,00,2,1,01,B01
200900065610,0,07,000,02,2,3,15,A01
200900065611,0,37,001,00,1,3,01,A01
200900065612,0,07,000,00,1,0,15,A01
200900065613,0,07,000,00,1,4,20,A01
200900065614,0,07,000,00,2,3,16,A01
200900065614,0,33,000,01,2,2,01,B01
200900065614,0,07,000,00,2,1,01,C01
200900065615,0,07,000,00,2,1,01,B01
200900065615,0,10,000,01,2,3,01,A01
200900065616,0,07,000,02,0,1,02,A01
200900065617,0,07,000,00,2,1,01,B01
200900065617,0,10,000,00,2,2,15,A01
200900065618,0,10,000,00,0,4,01,B01
200900065618,0,07,000,00,2,1,02,A01
200900065619,1,10,000,00,0,4,02,B01
200900065619,0,30,000,00,2,1,02,A01
200900065620,0,07,000,00,2,3,01,B01
200900065620,1,07,000,00,2,3,14,A01
200900065621,0,10,000,00,2,2,01,B01
200900065621,0,07,000,11,0,6,09,A01
200900065622,0,07,000,01,2,5,01,B01
200900065622,0,07,000,00,2,3,15,A01
200900065623,0,07,000,00,2,1,02,A01
200900065623,0,07,000,00,2,8,02,B01
200900065624,0,01,000,00,2,0,11,B01
200900065624,0,07,000,00,2,0,00,A01
200900065625,0,07,000,00,1,1,01,A01
200900065626,0,33,000,00,1,1,01,A01
200900065627,0,30,000,00,1,1,02,A01
200900065628,0,14,000,00,2,1,01,B01
200900065628,0,07,000,00,2,8,11,A01
200900065629,0,10,000,00,2,2,01,A01
200900065629,0,01,000,00,2,4,15,B01
200900065630,0,10,000,00,2,2,15,A01
200900065630,0,32,000,00,2,1,01,B01
200900065631,0,07,000,00,2,1,15,B01
200900065631,0,33,000,00,2,1,17,A01
200900065632,0,07,000,00,1,0,04,A01
200900065633,0,07,000,09,0,9,01,A01
200900065634,0,07,000,00,1,0,01,A01
200900065635,0,07,000,00,1,0,01,A01
200900065636,0,07,000,00,2,1,13,B01
200900065636,0,99,000,00,2,6,23,A01
200900065637,0,32,000,00,2,1,02,A01
200900065638,0,10,000,00,2,1,01,A01
200900065638,0,07,000,00,2,3,01,B01
200900065639,0,07,000,00,2,4,23,B02
200900065639,0,07,000,00,2,3,23,C03
200900065639,0,07,000,00,2,1,02,A01
200900065640,0,07,000,00,2,4,23,G02
200900065640,0,07,000,00,2,4,23,H02
200900065640,0,07,000,00,2,4,23,E01
200900065640,0,07,000,00,2,4,23,I02
200900065640,0,07,000,00,2,4,23,D01
200900065640,0,07,000,00,2,4,23,C01
200900065640,0,07,000,00,2,4,23,B01
200900065640,0,37,004,00,2,1,01,A01
200900065640,0,07,000,00,2,4,23,J02
200900065640,0,07,000,00,2,4,23,F02
200900065641,0,07,000,,2,7,,B02
200900065641,0,07,000,,2,1,,A01
200900065642,0,07,000,,2,1,13,B02
200900065642,0,07,000,,2,6,01,A01
200900065643,0,07,000,,2,3,01,B01
200900065643,0,07,000,,2,2,00,A01
200900065644,0,38,001,,2,2,01,B02
200900065644,0,07,000,,2,1,13,A01
200900065645,0,07,000,,2,3,01,B02
200900065645,0,07,000,,2,1,13,A01
200900065646,1,07,000,,2,2,,Z02
200900065646,0,07,000,,0,6,01,A01
200900065647,0,10,000,,2,4,01,A01
200900065647,0,15,000,,2,1,01,B02
200900065648,0,07,000,04,,1,,A01
200900065649,0,07,000,04,,2,,A01
200900065650,0,07,000,,2,5,01,B02
200900065650,0,38,001,,2,7,13,A01
200900065651,0,07,000,03,,3,01,A01
200900065652,0,07,000,04,,9,01,A01
200900065653,0,14,000,04,,7,01,A01
200900065654,0,07,000,,2,4,,A01
200900065654,1,07,000,,,1,,Z02
200900065655,0,07,000,,2,4,,B02
200900065655,0,07,000,,2,1,,A01
200900065656,0,02,000,00,2,7,17,A01
200900065656,0,01,000,00,2,8,15,B02
200900065657,0,07,000,00,2,1,01,B02
200900065657,0,33,000,00,2,7,01,A01
200900065658,0,01,000,00,2,7,01,B02
200900065658,0,07,000,00,2,1,09,A01
200900065659,0,07,000,00,0,4,23,D01
200900065659,0,07,000,00,0,6,23,C01
200900065659,0,07,000,00,2,3,01,B01
200900065659,0,33,000,00,2,8,21,A01
200900065660,0,37,001,00,2,7,01,A01
200900065660,0,07,000,00,2,8,23,B01
200900065661,0,07,000,00,2,1,01,A01
200900065661,0,01,000,00,2,4,01,B01
200900065662,0,07,000,00,2,1,01,A01
200900065663,0,07,000,00,2,1,01,A01
200900065663,0,07,000,00,2,4,23,B01
200900065664,0,07,000,06,0,1,14,A01
200900065665,0,07,000,00,1,3,01,A01
200900065666,0,07,000,00,2,2,15,A01
200900065666,0,01,000,00,2,1,01,B01
200900065667,0,30,000,00,2,2,17,A01
200900065667,0,07,000,00,2,3,01,C01
200900065667,0,07,000,00,2,3,01,B01
200900065668,0,07,000,00,1,3,15,A01
200900065669,0,40,000,00,1,1,01,A01
200900065670,0,07,000,00,2,4,04,A01
200900065670,0,02,000,00,2,7,01,B01
200900065671,0,07,000,00,2,8,15,B01
200900065671,0,07,000,00,2,1,01,A01
200900065672,0,07,000,01,0,8,01,A01
200900065673,0,07,000,00,2,3,10,A01
200900065673,0,02,000,00,2,1,01,B01
200900065674,0,02,000,00,2,2,01,B01
200900065674,0,07,000,00,2,1,01,A01
200900065675,0,07,000,00,2,4,01,B01
200900065675,1,07,000,00,2,1,01,A01
200900065676,0,01,000,00,2,1,01,B01
200900065676,0,14,000,00,2,6,09,A01
200900065677,0,01,000,00,2,2,01,B01
200900065677,0,07,000,00,2,3,01,A01
200900065678,0,07,000,00,2,1,01,A01
200900065678,0,07,000,00,2,4,00,B01
200900065679,0,32,000,00,0,0,01,A01
200900065680,0,01,000,00,2,1,05,B01
200900065680,0,01,000,00,2,1,05,A01
200900065681,0,02,000,00,2,7,15,A01
200900065681,0,07,000,00,2,1,02,B01
200900065682,0,01,000,00,2,1,19,A01
200900065683,0,10,000,00,0,2,01,B01
200900065683,0,07,000,04,2,6,03,A01
200900065684,0,15,000,00,2,2,12,B01
200900065684,0,07,000,03,0,8,01,A01
200900065685,0,07,000,00,2,1,01,A01
200900065685,0,07,000,00,2,3,01,B02
200900065686,0,31,000,00,2,1,01,B02
200900065686,0,07,000,00,2,7,15,A01
200900065687,0,07,000,02,0,1,01,A01
200900065688,0,30,000,00,2,7,01,A01
200900065688,0,07,000,00,2,1,19,B02
200900065689,0,07,000,00,2,1,19,B02
200900065689,0,07,000,00,2,1,01,A01
200900065690,0,30,000,00,2,0,01,B02
200900065690,0,07,000,00,9,5,15,A01
200900065691,0,10,000,13,0,2,21,A01
200900065692,0,07,000,00,1,3,01,A01
200900065693,0,07,000,00,2,1,01,B02
200900065693,0,07,000,00,2,7,13,A01
200900065694,0,07,000,14,0,3,01,A01
200900065695,0,07,000,00,2,7,21,C03
200900065695,0,07,000,00,2,1,13,A01
200900065695,0,07,000,00,2,1,01,B02
200900065696,0,07,000,00,0,1,01,A01
200900065697,0,30,000,01,0,1,01,A01
200900065697,0,07,000,00,0,6,00,B02
200900065698,0,07,000,02,0,7,01,A01
200900065699,0,07,000,00,4,9,19,B02
200900065699,0,39,000,00,4,1,01,A01
200900065700,0,07,000,00,2,2,15,A01
200900065700,0,07,000,00,2,1,01,B02
200900065701,0,31,000,00,0,7,01,A01
200900065702,0,07,000,00,2,1,02,E04
200900065702,0,07,000,00,2,1,02,F04
200900065702,0,07,000,00,0,4,01,G04
200900065702,0,07,000,00,2,1,02,D04
200900065703,0,07,000,00,2,1,13,A01
200900065703,0,07,000,00,2,1,01,B02
200900065704,0,07,000,02,0,1,01,A01
200900065705,0,07,000,00,2,3,13,A01
200900065705,0,07,000,00,2,3,01,B02
200900065706,0,38,000,00,2,2,01,A01
200900065706,0,07,000,00,2,8,19,B02
200900065707,0,07,000,08,0,1,01,A01
200900065708,0,17,000,00,2,2,15,A01
200900065708,0,07,000,00,2,1,01,B02
200900065709,0,07,000,16,2,6,01,A01
200900065709,0,07,000,00,2,1,01,B02
200900065710,0,14,000,14,0,2,01,A01
200900065711,0,10,000,00,2,1,01,A01
200900065711,0,10,000,00,2,1,01,B02
200900065712,0,07,000,00,1,1,01,A01
200900065713,0,30,000,00,1,0,01,A01
200900065714,0,07,000,00,1,1,15,A01
200900065715,0,07,000,00,1,4,04,A01
200900065716,0,01,000,00,2,8,19,B01
200900065716,0,07,000,00,2,1,01,A01
200900065717,0,30,000,00,2,1,02,A01
200900065717,0,07,000,00,2,4,23,B01
200900065718,1,02,000,00,0,0,01,A01
200900065719,0,07,000,00,2,8,01,B01
200900065719,0,07,000,00,2,1,01,C01
200900065719,0,07,000,00,2,1,01,A01
200900065720,0,07,000,02,0,1,01,A01
200900065721,0,07,000,00,2,4,01,B01
200900065721,0,07,000,00,2,1,02,A01
200900065722,0,30,000,02,0,1,01,A01
200900065723,0,07,000,00,1,1,01,A01
200900065724,0,30,000,00,2,2,17,B01
200900065724,0,07,000,00,2,3,15,A01
200900065725,1,40,000,00,1,0,01,A01
200900065726,0,07,000,00,1,2,01,A01
200900065727,0,07,000,00,2,4,02,D01
200900065727,0,07,000,00,0,4,02,A01
200900065727,0,07,000,00,2,1,02,E01
200900065727,0,07,000,00,2,4,02,C01
200900065727,0,07,000,00,2,1,02,B01
200900065728,0,07,000,00,2,3,01,A01
200900065728,0,31,000,00,2,8,05,B02
200900065729,0,07,000,00,2,3,01,A01
200900065729,0,07,000,00,2,1,01,B02
200900065730,0,07,000,00,2,1,01,A01
200900065730,0,07,000,00,2,4,23,B01
200900065731,0,07,000,00,2,1,02,A01
200900065731,0,02,000,00,0,6,15,B01
200900065732,0,07,000,00,2,3,15,B01
200900065732,0,31,000,00,2,8,05,A01
200900065733,0,01,000,00,2,8,15,A01
200900065733,0,07,000,00,2,2,17,B02
200900065734,0,07,000,00,2,3,13,A01
200900065734,0,07,000,00,2,3,01,B02
200900065735,0,07,000,13,0,9,01,A01
200900065736,0,07,000,00,2,3,01,A01
200900065736,0,07,000,00,2,3,01,B02
200900065737,0,07,000,00,2,2,15,A02
200900065737,0,07,000,00,2,1,01,B01
200900065738,0,07,000,00,2,1,01,B02
200900065738,0,02,000,00,2,1,13,A01
200900065739,0,07,000,13,0,1,16,A01
200900065740,0,33,000,00,2,8,01,B02
200900065740,0,07,000,00,2,8,13,A01
200900065741,0,07,000,02,0,3,01,A01
200900065742,0,07,000,00,2,3,00,B02
200900065742,0,02,000,00,2,1,13,A01
200900065743,0,07,000,00,2,8,01,B02
200900065743,0,33,000,00,2,9,13,A01
200900065744,0,07,000,00,2,1,15,A01
200900065744,0,33,000,00,2,1,01,B01
200900065745,0,07,000,00,0,4,01,B01
200900065745,0,07,000,00,2,1,01,A01
200900065746,0,02,000,08,0,7,00,A01
200900065747,0,32,000,00,2,6,21,B01
200900065747,0,10,000,00,0,6,04,A01
200900065748,0,33,000,12,0,9,01,A01
200900065749,0,07,000,13,0,3,00,A01
200900065750,0,07,000,13,0,9,01,A01
200900065751,0,07,000,08,0,3,01,A01
200900065752,0,02,000,08,0,7,14,A01
200900065753,0,33,000,13,0,8,21,A01
200900065754,0,07,000,00,2,3,01,B01
200900065754,0,07,000,00,2,3,15,A02
200900065755,0,01,000,00,2,3,01,B02
200900065755,0,10,000,00,9,3,15,A01
200900065756,0,07,000,13,0,9,01,A01
200900065757,0,07,000,13,0,8,01,A01
200900065758,0,07,000,00,2,1,01,A01
200900065758,0,07,000,00,2,4,00,B02
200900065759,0,07,000,00,1,8,01,A01
200900065760,0,07,000,06,0,1,01,A01
200900065761,0,01,000,00,0,0,00,A01
200900065761,0,07,000,00,9,1,01,B02
200900065762,0,33,000,00,0,8,02,A01
200900065763,0,10,000,00,1,5,09,A01
200900065764,0,07,000,00,0,3,01,A01
200900065765,0,07,000,02,0,2,01,A01
200900065766,0,07,000,00,2,8,15,A02
200900065766,0,07,000,00,2,3,01,B01
200900065767,0,10,000,00,1,2,01,A01
200900065768,0,31,000,00,2,7,01,A01
200900065768,0,07,000,00,2,1,09,B01
200900065769,0,07,000,00,1,3,14,A01
200900065770,0,30,000,00,1,1,01,A01
200900065771,0,07,000,13,6,1,21,A01
200900065772,0,07,000,00,2,3,17,A01
200900065772,0,02,000,00,2,1,01,B02
200900065773,0,07,000,08,0,8,01,A01
200900065774,0,07,000,00,0,3,01,A01
200900065774,0,07,000,00,0,3,13,B02
200900065775,0,07,000,00,1,3,21,A01
200900065776,0,07,000,13,0,2,01,A01
200900065777,0,07,000,00,0,2,01,B02
200900065777,0,07,000,00,0,2,13,A01
200900065778,0,07,000,08,0,0,01,A01
200900065779,0,99,000,00,2,7,12,A01
200900065779,0,07,000,00,2,6,01,B01
200900065780,0,07,000,00,2,1,02,A01
200900065780,0,07,000,00,2,4,02,B01
200900065780,0,07,000,00,2,4,02,C01
200900065781,0,07,000,00,2,4,02,A01
200900065781,0,07,000,00,2,1,02,B01
200900065782,0,07,000,00,0,7,12,A01
200900065782,0,31,000,00,2,1,03,B01
200900065783,0,07,000,04,0,7,15,A01
200900065784,0,07,000,00,2,4,01,B01
200900065784,0,34,000,00,2,1,03,A01
200900065785,0,07,000,03,0,1,01,A01
200900065786,0,33,000,00,0,8,01,A01
200900065787,0,32,000,00,2,3,03,A01
200900065787,0,07,000,00,0,5,09,B01
200900065788,0,10,000,00,0,0,09,B01
200900065788,0,15,000,00,0,7,21,A01
200900065789,0,07,000,00,0,6,01,A01
200900065789,0,07,000,00,2,1,14,B01
200900065790,0,07,000,00,9,0,01,C01
200900065790,0,07,000,00,9,0,01,A01
200900065790,0,07,000,00,0,0,01,B01
200900065791,0,07,000,00,2,4,01,C01
200900065791,0,07,000,00,2,1,01,B01
200900065791,0,33,000,00,2,4,01,A01
200900065792,0,34,000,00,0,1,01,A01
200900065793,0,30,000,00,2,7,02,A01
200900065793,0,32,000,00,2,6,02,B01
200900065794,0,14,000,00,2,6,11,A01
200900065794,0,33,000,00,2,2,01,B01
200900065795,0,07,000,04,0,3,01,A01
200900065796,0,07,000,04,0,1,01,A01
200900065797,0,07,000,00,2,9,02,B01
200900065797,0,07,000,00,0,4,02,C01
200900065797,0,07,000,00,2,1,02,A01
200900065798,0,07,000,00,2,2,15,A01
200900065798,0,33,000,00,2,1,01,B01
200900065799,0,33,000,00,2,2,01,B01
200900065799,0,07,000,00,2,2,15,A01
200900065800,0,07,000,00,2,1,01,A01
200900065800,0,31,000,00,0,4,01,B01
200900065801,0,33,000,12,0,1,02,A01
200900065802,0,07,000,00,2,6,06,A01
200900065802,0,30,000,00,2,1,01,B01
200900065803,0,07,000,00,2,1,05,A01
200900065803,0,07,000,00,2,1,01,B01
200900065804,0,02,000,00,2,1,01,A01
200900065804,0,07,000,00,2,7,09,B01
200900065805,0,30,000,00,0,8,01,A01
200900065806,1,07,000,00,1,4,04,A01
200900065807,0,10,000,00,2,1,01,B01
200900065807,0,07,000,00,0,5,01,A01
200900065808,0,07,000,00,2,4,02,B01
200900065808,0,07,000,00,2,1,02,A01
200900065809,0,07,000,00,1,2,01,A01
200900065810,0,32,000,00,2,1,01,B01
200900065810,0,07,000,00,2,1,02,A01
200900065811,0,07,000,00,1,3,18,A01
200900065812,0,07,000,00,0,4,02,A01
200900065812,0,10,000,00,2,9,02,B01
200900065812,0,10,000,00,2,1,02,C01
200900065813,0,02,000,00,1,1,01,A01
200900065814,0,07,000,00,2,1,02,A01
200900065814,0,07,000,00,0,4,02,B01
200900065815,0,07,000,00,1,3,01,A01
200900065816,0,34,000,00,2,1,01,B01
200900065816,0,07,000,00,2,7,19,A01
200900065817,0,07,000,00,1,3,02,A01
200900065818,0,14,000,04,0,1,01,A01
200900065819,0,07,000,00,1,4,04,A01
200900065820,0,07,000,00,2,5,01,B01
200900065820,0,07,000,08,2,3,13,A01
200900065821,0,33,000,00,2,1,01,B01
200900065821,0,07,000,00,2,1,10,A01
200900065822,0,37,000,00,2,3,01,A01
200900065822,0,07,000,00,2,4,11,B01
200900065823,0,01,000,00,2,6,01,B01
200900065823,0,07,000,00,2,6,04,A01
200900065824,0,02,000,00,0,1,01,A01
200900065825,0,07,000,00,2,3,23,B01
200900065825,0,31,000,00,2,2,01,A01
200900065825,0,02,000,00,2,5,01,C01
200900065826,0,07,000,00,2,3,09,A01
200900065826,0,07,000,00,2,2,01,B01
200900065827,0,07,000,00,0,6,15,B01
200900065827,0,30,000,00,2,1,01,A01
200900065828,0,07,000,08,2,7,15,A01
200900065828,0,07,000,00,2,1,01,B01
200900065829,0,07,000,00,0,8,01,B01
200900065829,1,07,000,00,2,2,09,A01
200900065830,0,07,000,08,1,1,00,A01
200900065831,0,10,000,00,2,2,15,A01
200900065831,0,07,000,00,2,1,01,B01
200900065832,0,07,000,00,1,1,01,A01
200900065833,0,07,000,00,2,4,01,B01
200900065833,0,32,000,00,2,2,09,A01
200900065834,0,30,000,00,0,1,01,A01
200900065835,0,07,000,00,0,2,02,A01
200900065835,0,07,000,00,2,1,15,B01
200900065836,0,33,000,00,2,1,01,B01
200900065836,0,07,000,00,2,2,10,A01
200900065837,0,07,000,00,2,1,15,A01
200900065837,0,30,000,00,2,3,02,B01
200900065838,0,37,001,00,0,5,17,A01
200900065838,0,01,000,00,0,8,02,B01
200900065839,0,07,000,00,1,2,15,A01
200900065840,0,07,000,00,1,3,01,A01
200900065841,0,33,000,00,0,3,01,B01
200900065841,0,07,000,00,2,2,15,A01
200900065842,0,99,000,00,2,3,15,A01
200900065842,0,30,000,00,2,1,02,B01
200900065843,0,02,000,00,2,1,02,A01
200900065843,0,07,000,00,9,6,20,B01
200900065844,0,07,000,00,2,1,01,B01
200900065844,0,07,000,00,2,2,01,A01
200900065845,0,07,000,00,2,4,02,B01
200900065845,0,31,000,00,2,1,02,A01
200900065846,0,31,000,00,2,1,02,A01
200900065846,0,07,000,00,2,8,15,B01
200900065847,0,30,000,00,2,1,01,A01
200900065847,0,07,000,00,2,6,01,B01
200900065848,0,01,000,00,2,8,05,A01
200900065848,0,07,000,00,2,1,15,B01
200900065849,0,07,000,00,1,7,21,A01
200900065849,0,07,000,00,1,2,21,B01
200900065850,0,07,000,00,2,1,00,A01
200900065850,0,07,000,00,2,1,00,B01
200900065851,0,02,000,00,2,1,19,B01
200900065851,0,07,000,00,2,2,02,A01
200900065852,0,07,000,00,1,1,16,A01
200900065853,0,32,000,00,2,9,01,A01
200900065853,0,07,000,00,2,7,01,B01
200900065854,0,33,000,00,2,8,01,B01
200900065854,0,99,000,00,2,7,12,A01
200900065855,0,07,000,00,0,2,01,A01
200900065855,0,07,000,00,2,1,01,B01
200900065856,0,02,000,00,1,1,01,A01
200900065857,0,07,000,00,1,1,01,A01
200900065858,0,02,000,00,0,0,01,A01
200900065859,0,07,000,00,2,1,02,A01
200900065859,0,32,000,00,2,4,23,B01
200900065860,0,07,000,00,1,1,01,A01
200900065861,0,07,000,00,2,1,01,A01
200900065861,0,30,000,00,2,1,21,B01
200900065862,0,01,000,00,2,2,19,B01
200900065862,0,07,000,00,2,2,01,A01
200900065863,0,07,000,00,9,8,15,B01
200900065863,0,33,000,00,2,1,17,A01
200900065864,0,07,000,00,2,1,02,A01
200900065864,0,07,000,00,2,4,02,B01
200900065865,0,10,000,00,1,8,21,A01
200900065866,0,07,000,00,1,3,02,A01
200900065867,0,07,000,00,2,3,15,B01
200900065867,0,30,000,00,2,1,17,A01
200900065868,0,07,000,00,2,7,01,A01
200900065868,0,07,000,00,0,1,15,B01
200900065869,0,02,000,00,2,1,01,A01
200900065869,0,02,000,00,2,3,16,B01
200900065870,0,01,000,00,2,1,01,B01
200900065870,0,07,000,00,2,1,01,A01
200900065871,0,30,000,00,2,1,01,B01
200900065871,0,07,000,00,2,1,15,A01
200900065872,0,07,000,00,2,4,01,B01
200900065872,0,30,000,00,2,1,01,A01
200900065873,0,07,000,00,1,2,00,A01
200900065874,0,31,000,14,2,1,21,A01
200900065874,0,07,000,00,2,3,01,B01
200900065875,0,07,000,00,2,5,11,B01
200900065875,0,31,000,00,2,8,03,A01
200900065876,0,07,000,00,2,1,02,A01
200900065876,0,07,000,00,0,4,02,B01
200900065877,0,30,000,00,2,8,01,B01
200900065877,1,07,000,00,2,7,17,A01
200900065878,0,07,000,00,2,1,01,A01
200900065878,0,34,000,00,2,4,01,B01
200900065879,0,07,000,00,2,2,16,B01
200900065879,0,33,000,00,2,8,18,A01
200900065880,0,01,000,00,2,1,07,A01
200900065880,0,07,000,00,0,4,02,B01
200900065881,0,30,000,00,0,8,00,A01
200900065882,0,07,000,00,2,1,02,A01
200900065882,0,07,000,00,2,4,02,B01
200900065883,0,30,000,00,2,1,02,A01
200900065883,0,07,000,00,2,4,01,B01
200900065884,0,07,000,00,2,1,01,B01
200900065884,0,07,000,00,2,2,01,A01
200900065885,0,10,000,00,2,8,01,C01
200900065885,0,30,000,00,2,1,02,A01
200900065885,0,07,000,00,2,6,01,B01
200900065886,0,07,000,00,1,3,01,A01
200900065887,0,02,000,00,0,1,01,A01
200900065888,0,07,000,08,2,1,01,A01
200900065889,0,14,000,00,2,4,02,C01
200900065889,0,14,000,00,2,1,02,A01
200900065889,0,10,000,00,2,4,02,B01
200900065890,0,01,000,00,2,1,01,B01
200900065890,0,07,000,00,2,3,12,A01
200900065891,0,33,000,00,1,1,01,A01
200900065891,0,07,000,00,2,7,15,B01
200900065892,0,07,000,00,0,6,01,B01
200900065892,0,33,000,00,2,2,12,A01
200900065893,0,07,000,00,0,0,02,B01
200900065893,0,07,000,14,0,9,02,A01
200900065894,0,30,000,14,0,8,01,A01
200900065895,0,07,000,00,2,3,09,A01
200900065895,0,07,000,00,0,2,01,B01
200900065895,0,07,000,00,2,7,01,C01
200900065896,0,07,000,00,2,3,13,A01
200900065896,0,07,000,00,2,3,01,B01
200900065897,0,33,000,00,2,1,03,B01
200900065897,0,10,000,00,0,4,12,A01
200900065898,0,07,000,00,2,6,13,A01
200900065898,0,33,000,00,2,2,03,B01
200900065899,0,15,000,00,2,2,12,A01
200900065899,0,07,000,00,2,8,01,B01
200900065900,0,07,000,00,0,8,05,A01
200900065900,0,34,000,00,2,7,17,B01
200900065901,0,07,000,00,2,1,02,A01
200900065901,0,07,000,00,0,4,14,B01
200900065902,0,33,000,12,0,5,01,A01
200900065903,0,07,000,12,0,7,15,A01
200900065904,0,31,000,00,1,1,01,A01
200900065905,0,07,000,12,0,3,12,A01
200900065906,0,32,000,00,2,7,02,A01
200900065906,0,07,000,00,0,3,02,B01
200900065907,0,07,000,00,2,3,16,B01
200900065907,0,07,000,00,2,1,15,A01
200900065908,0,30,000,01,0,1,02,A01
200900065909,0,07,000,00,0,7,01,B01
200900065909,0,31,000,00,2,2,02,A01
200900065910,0,07,000,00,2,1,15,A01
200900065910,0,33,000,00,2,8,01,B01
200900065911,0,07,000,00,2,1,01,B01
200900065911,0,07,000,00,0,7,15,A01
200900065912,0,07,000,03,0,9,01,A01
200900065913,0,07,000,00,0,4,23,C01
200900065913,0,32,000,00,2,1,11,A01
200900065913,0,07,000,00,2,4,23,B01
200900065914,0,33,000,00,2,1,02,B01
200900065914,0,07,000,00,0,4,10,A01
200900065915,0,33,000,00,0,7,01,A01
200900065916,0,30,000,00,0,2,02,A01
200900065916,1,07,000,00,0,4,02,Z01
200900065917,0,07,000,00,2,1,01,B01
200900065917,0,33,000,00,2,1,15,A01
200900065918,0,03,000,01,2,1,01,A01
200900065918,1,07,000,00,2,0,00,Z01
200900065919,0,33,000,00,2,3,14,A01
200900065919,0,07,000,00,0,5,01,B01
200900065920,0,07,000,00,1,8,15,A01
200900065921,0,07,000,01,1,7,01,A01
200900065922,0,07,000,00,1,3,01,A01
200900065923,0,07,000,00,2,5,01,B01
200900065923,0,31,000,00,2,2,02,A01
200900065924,0,33,000,01,0,7,13,A01
200900065925,0,07,000,00,2,4,02,B01
200900065925,0,07,000,00,2,1,02,A01
200900065926,0,07,000,00,2,2,09,A01
200900065926,0,07,000,00,2,1,01,B01
200900065927,2,07,000,08,0,1,15,A01
200900065928,0,07,000,00,2,9,01,B01
200900065928,0,07,000,00,2,4,01,C01
200900065928,0,07,000,00,2,1,02,A01
200900065929,0,07,000,00,1,1,01,A01
200900065930,0,07,000,00,2,3,15,A01
200900065930,0,33,000,00,2,1,01,B01
200900065931,0,30,000,00,2,7,01,A01
200900065931,0,07,000,00,2,3,13,B01
200900065932,0,07,000,00,2,1,01,A01
200900065932,0,07,000,00,2,8,09,B01
200900065933,0,07,000,00,2,4,01,B01
200900065933,0,07,000,00,2,1,01,A01
200900065934,0,10,000,00,2,4,04,B01
200900065934,0,37,020,01,0,7,21,A01
200900065935,0,07,000,04,0,3,13,A01
200900065936,0,07,000,00,0,4,01,A01
200900065936,0,07,000,00,2,3,11,B01
200900065936,0,31,000,00,2,3,03,C01
200900065937,0,33,000,00,2,1,02,B01
200900065937,0,07,000,00,2,6,02,A01
200900065938,0,33,000,00,2,1,03,A01
200900065938,0,07,000,00,2,5,11,B01
200900065939,0,33,000,00,2,7,02,D01
200900065939,0,07,000,04,0,8,01,A01
200900065939,0,10,000,00,0,0,01,B01
200900065939,0,31,000,00,0,8,02,C01
200900065940,0,33,000,00,0,7,01,A01
200900065941,0,33,000,00,2,1,02,A01
200900065941,0,07,000,00,2,4,02,B01
200900065942,0,07,000,00,2,8,01,A01
200900065942,0,10,000,00,2,7,01,C01
200900065942,0,15,000,00,2,1,09,B01
200900065943,0,33,000,00,0,7,12,A01
200900065943,0,33,000,00,2,1,11,B01
200900065944,0,33,000,00,0,0,01,A01
200900065945,0,31,000,00,2,8,03,A01
200900065945,0,10,000,00,2,6,02,B01
200900065946,0,33,000,00,2,1,01,B01
200900065946,0,07,000,00,2,3,01,A01
200900065947,0,33,000,00,2,3,01,A01
200900065947,1,07,000,00,2,5,12,Z01
200900065948,0,32,000,00,2,1,01,A01
200900065949,0,33,000,00,2,2,03,B01
200900065949,0,07,000,00,2,8,23,A01
200900065950,0,07,000,00,2,4,02,B01
200900065950,0,07,000,00,2,4,02,C01
200900065950,0,07,000,00,0,4,02,D01
200900065950,0,10,000,00,2,1,02,A01
200900065951,0,33,000,00,2,7,16,B01
200900065951,0,33,000,00,2,8,09,A01
200900065952,0,30,000,00,2,1,01,A01
200900065952,0,07,000,00,2,6,15,B01
200900065953,0,07,000,00,1,8,01,A01
200900065954,1,07,000,00,1,2,01,A01
200900065955,0,07,000,00,1,2,01,A01
200900065956,0,07,000,00,0,6,01,B01
200900065956,0,07,000,00,2,2,01,A01
200900065957,0,33,000,12,2,1,02,A01
200900065957,0,07,000,00,0,4,02,B01
200900065958,0,07,000,00,2,4,01,C01