Num_Acc,senc,catv,occutc,obs,obsm,choc,manv,num_veh
200900065958,0,07,000,00,2,1,01,A01
200900065958,0,07,000,00,2,9,01,B01
200900065959,0,34,000,00,2,1,17,A01
200900065959,0,07,000,00,0,8,13,B01
200900065960,0,34,000,00,2,9,01,A01
200900065960,0,07,000,00,2,3,16,B01
200900065961,0,07,000,04,0,3,01,A01
200900065962,1,15,000,00,0,1,01,B01
200900065962,0,30,000,00,2,5,01,A01
200900065963,0,07,000,00,2,2,01,A01
200900065963,0,02,000,00,2,8,01,B01
200900065964,0,07,000,00,2,1,15,A01
200900065964,0,33,000,00,2,7,01,B01
200900065965,0,07,000,00,1,8,01,A01
200900065966,0,07,000,00,1,1,01,A01
200900065967,0,07,000,00,2,3,09,B01
200900065967,0,07,000,00,2,2,01,A01
200900065968,0,07,000,15,0,3,15,A01
200900065969,0,33,000,14,0,7,01,A01
200900065970,0,07,000,00,2,2,01,A01
200900065970,0,32,000,00,2,1,01,B01
200900065971,0,33,000,00,2,1,01,B01
200900065971,0,07,000,00,2,6,01,A01
200900065972,0,07,000,00,2,5,15,B01
200900065972,0,32,000,00,2,3,21,A01
200900065973,0,07,000,00,2,2,16,B01
200900065973,0,32,000,00,2,8,18,A01
200900065974,0,07,000,00,1,1,01,A01
200900065975,0,07,000,00,1,1,01,A01
200900065976,0,01,000,00,2,7,16,A01
200900065976,0,10,000,00,9,2,01,B01
200900065977,0,02,000,00,2,1,02,A01
200900065977,0,07,000,00,0,6,02,B01
200900065978,0,07,000,00,2,6,15,B01
200900065978,0,02,000,00,2,7,17,A01
200900065979,0,07,000,00,2,2,01,A01
200900065979,0,07,000,00,2,3,01,B01
200900065980,0,07,000,00,2,4,23,B01
200900065980,0,07,000,00,2,1,02,A01
200900065981,0,10,000,00,2,1,02,A01
200900065981,0,07,000,00,2,8,15,B01
200900065982,0,07,000,00,1,1,01,A01
200900065983,0,07,000,00,1,1,01,A01
200900065984,0,07,000,00,2,2,01,B01
200900065984,0,34,000,00,2,1,01,A01
200900065985,0,07,000,01,2,1,02,B01
200900065985,0,30,000,01,2,1,02,A01
200900065986,0,07,000,00,1,8,01,A01
200900065987,0,07,000,00,2,1,01,B01
200900065987,0,07,000,00,2,1,15,A01
200900065988,0,01,000,00,2,1,01,B01
200900065988,0,07,000,00,9,2,15,A01
200900065989,0,07,000,00,2,2,00,A01
200900065989,0,32,000,00,2,2,00,B01
200900065990,0,33,000,00,1,3,21,A01
200900065991,0,07,000,00,1,1,01,A01
200900065992,0,07,000,00,1,1,15,A01
200900065993,0,15,000,00,2,1,02,A01
200900065993,0,15,000,00,2,4,23,B01
200900065994,0,07,000,08,0,1,21,A01
200900065995,0,07,000,00,1,2,01,A01
200900065996,0,33,000,00,1,1,17,A01
200900065997,0,07,000,00,2,2,01,A01
200900065997,0,01,000,00,2,7,02,B01
200900065998,0,33,000,00,2,1,01,A01
200900065998,0,07,000,00,2,2,01,B01
200900065999,0,07,000,09,2,5,01,A01
200900065999,0,10,000,00,2,2,16,B01
200900066000,0,07,000,00,2,3,05,A01
200900066000,0,07,000,00,2,3,01,B01
200900066001,0,34,000,00,2,2,01,B01
200900066001,0,07,000,00,2,1,10,A01
200900066002,0,31,000,00,0,1,01,A01
200900066002,0,37,001,00,0,4,23,B01
200900066003,0,37,012,00,1,2,01,A01
200900066004,0,10,000,00,2,8,01,A01
200900066004,0,33,000,00,2,1,01,B01
200900066005,0,07,000,00,2,6,01,B01
200900066005,0,32,000,00,2,1,02,A01
200900066006,0,10,000,00,2,7,01,A01
200900066006,0,30,000,00,2,1,01,B01
200900066007,0,07,000,00,1,1,15,A01
200900066008,0,07,000,00,1,2,17,A01
200900066009,0,33,000,00,2,1,01,A01
200900066009,0,07,000,00,2,8,01,B01
200900066010,0,33,000,00,2,1,01,B01
200900066010,0,07,000,00,2,3,09,A01
200900066011,0,07,000,00,1,1,01,A01
200900066012,0,01,000,00,2,1,19,A01
200900066012,0,07,000,00,2,3,01,B01
200900066013,0,38,001,00,1,3,01,A01
200900066014,0,07,000,00,2,3,09,A01
200900066014,0,02,000,00,2,1,10,B01
200900066015,0,07,000,00,2,1,01,A01
200900066015,0,07,000,00,2,8,01,B01
200900066016,0,07,000,00,2,2,01,B01
200900066016,0,07,000,00,2,3,16,A01
200900066017,0,30,000,00,2,7,17,A01
200900066017,1,10,000,00,2,8,13,Z01
200900066018,0,02,000,00,2,3,01,B01
200900066018,0,07,000,00,2,3,15,A01
200900066019,0,34,000,00,1,2,17,A01
200900066020,0,30,000,00,2,1,01,A01
200900066020,0,07,000,00,2,1,01,B01
200900066021,0,07,000,00,2,6,01,C01
200900066021,0,03,000,00,2,1,05,A01
200900066021,0,07,000,00,2,8,01,B01
200900066022,0,03,000,00,1,3,16,A01
200900066023,0,07,000,00,1,1,01,A01
200900066024,0,02,000,00,1,3,15,A01
200900066025,0,33,000,00,1,2,01,A01
200900066026,0,99,000,12,0,9,01,A01
200900066027,0,02,000,00,0,2,01,A01
200900066028,0,07,000,00,1,3,01,A01
200900066029,0,07,000,00,2,1,09,A01
200900066029,0,33,000,00,2,7,01,B01
200900066030,0,33,000,00,2,3,01,A01
200900066030,0,07,000,00,2,1,15,B01
200900066031,0,07,000,00,9,1,15,A01
200900066031,0,01,000,00,2,8,17,B01
200900066032,0,07,000,00,1,7,01,A01
200900066033,0,07,000,00,1,7,01,A01
200900066034,0,33,000,00,1,3,01,A01
200900066035,0,07,000,00,1,1,01,A01
200900066036,0,30,000,00,2,7,17,A01
200900066036,0,07,000,00,2,3,15,B01
200900066037,0,30,000,00,2,2,17,B01
200900066037,0,07,000,00,2,8,15,A01
200900066038,0,07,000,00,1,3,01,A01
200900066039,0,33,000,00,2,2,01,A01
200900066039,0,07,000,00,2,5,01,B01
200900066040,0,02,000,00,0,8,01,A01
200900066041,0,07,000,00,1,3,01,A01
200900066042,0,02,000,00,2,1,02,A01
200900066042,0,07,000,00,0,4,23,B01
200900066043,0,31,000,00,2,1,02,A01
200900066043,1,33,000,00,2,4,02,Z01
200900066044,0,07,000,00,0,2,15,A01
200900066044,0,02,000,00,0,1,01,B01
200900066045,0,07,000,03,0,1,14,A01
200900066046,0,01,000,00,2,3,19,B01
200900066046,0,30,000,00,9,1,03,A01
200900066047,0,07,000,00,1,2,01,A01
200900066048,0,07,000,00,0,1,15,B01
200900066048,0,01,000,00,2,1,01,A01
200900066049,0,07,000,00,2,1,02,A01
200900066050,0,07,000,01,2,1,02,B01
200900066050,0,07,000,00,2,1,02,C01
200900066051,0,30,000,14,9,1,02,A01
200900066052,0,07,000,00,2,2,15,A01
200900066052,0,30,000,00,2,1,21,B01
200900066053,0,07,000,00,2,1,01,A01
200900066053,0,07,000,01,2,7,01,B01
200900066054,0,07,000,03,0,9,21,A01
200900066055,0,07,000,00,2,1,01,A01
200900066055,0,07,000,00,2,1,01,B01
200900066056,0,07,000,00,2,7,15,B01
200900066056,0,02,000,00,2,1,01,A01
200900066057,0,13,000,00,0,7,09,B01
200900066057,0,33,000,00,2,1,18,A01
200900066058,0,07,000,00,2,2,01,A01
200900066058,0,07,000,00,2,3,01,B01
200900066059,0,07,000,00,1,1,17,A01
200900066060,0,33,000,16,0,2,01,A01
200900066061,0,07,000,00,2,7,02,A01
200900066061,0,01,000,00,2,1,02,B01
200900066062,0,02,000,11,0,1,01,A01
200900066063,0,32,000,01,2,1,13,A01
200900066063,0,07,000,00,2,3,01,B01
200900066064,0,37,062,00,0,2,01,B01
200900066064,0,32,000,00,2,1,01,A01
200900066065,0,30,000,00,2,1,02,A01
200900066065,0,07,000,00,2,6,15,B01
200900066066,0,07,000,00,1,1,01,A01
200900066067,0,33,000,00,2,3,02,A01
200900066067,0,07,000,00,0,6,02,B01
200900066068,0,07,000,01,1,1,01,A01
200900066069,0,07,000,00,2,1,01,B01
200900066069,0,14,000,00,2,3,01,A01
200900066070,1,07,000,00,1,0,20,A01
200900066071,0,07,000,00,1,1,01,A01
200900066072,0,07,000,00,1,3,01,A01
200900066073,0,10,000,00,1,2,01,A01
200900066074,0,07,000,00,2,3,15,A01
200900066074,0,02,000,00,2,8,01,B01
200900066075,0,07,000,00,0,2,01,B01
200900066075,0,07,000,00,0,3,13,A01
200900066076,0,10,000,00,0,8,09,A01
200900066076,0,33,000,00,0,8,17,B01
200900066077,0,07,000,00,2,7,01,A01
200900066077,0,02,000,00,2,1,01,B01
200900066078,0,07,000,00,2,1,01,A01
200900066078,0,07,000,00,2,4,02,B01
200900066078,0,07,000,00,2,4,02,C01
200900066079,0,33,000,00,2,2,17,A01
200900066079,0,07,000,00,2,3,02,B01
200900066079,0,07,000,00,2,1,23,C01
200900066080,0,02,000,06,1,1,01,A01
200900066081,0,07,000,00,2,4,02,C01
200900066081,0,07,000,00,2,4,02,B01
200900066081,0,07,000,00,2,1,01,A01
200900066081,0,07,000,00,2,4,02,D01
200900066082,0,07,000,00,2,2,05,A01
200900066082,0,02,000,00,2,1,01,B01
200900066083,0,07,000,00,0,0,00,A01
200900066084,0,33,000,00,2,7,01,B01
200900066084,0,01,000,00,2,1,16,A01
200900066085,0,07,000,00,0,4,01,B01
200900066085,0,07,000,00,2,1,02,A01
200900066086,0,07,000,16,0,6,11,A01
200900066086,0,33,000,00,2,1,21,B01
200900066087,0,07,000,00,2,5,02,C01
200900066087,0,07,000,00,2,3,09,A01
200900066087,0,07,000,00,2,2,02,B01
200900066088,0,07,000,00,2,2,02,A01
200900066088,0,10,000,00,0,4,02,B01
200900066089,0,33,000,00,2,1,01,B01
200900066089,0,31,000,00,2,1,05,A01
200900066090,0,33,000,00,2,1,02,A01
200900066090,0,14,000,00,0,4,02,B01
200900066091,0,02,000,00,1,2,01,A01
200900066092,0,07,000,04,0,1,02,A01
200900066093,0,07,000,01,0,4,01,B01
200900066093,0,10,000,01,0,5,01,G01
200900066093,0,20,000,00,2,1,02,A01
200900066094,0,10,000,00,2,8,11,A01
200900066094,0,33,000,00,0,1,03,B01
200900066095,0,07,000,00,2,6,10,A01
200900066095,0,37,003,00,2,2,01,B01
200900066096,0,07,000,00,2,5,15,A01
200900066096,0,33,000,00,2,1,01,B01
200900066097,0,07,000,00,1,1,01,A01
200900066098,0,07,000,00,2,1,01,A01
200900066098,0,07,000,00,2,2,21,B01
200900066099,0,31,000,00,2,8,01,B01
200900066099,0,07,000,00,2,2,17,A01
200900066100,0,07,000,00,2,5,01,A01
200900066100,0,33,000,00,2,3,02,B01
200900066101,0,10,000,00,1,1,13,A01
200900066102,0,07,000,00,0,4,02,B01
200900066102,0,07,000,00,0,2,01,A01
200900066103,0,10,000,03,0,1,01,A01
200900066104,0,07,000,02,2,7,01,B01
200900066104,0,07,000,01,2,2,01,A01
200900066105,0,07,000,00,0,4,02,A01
200900066105,0,07,000,14,2,1,02,B01
200900066106,0,07,000,00,2,3,01,B01
200900066106,0,07,000,00,2,1,15,A01
200900066107,0,10,000,00,2,4,02,C01
200900066107,0,10,000,00,0,1,02,D01
200900066107,0,07,000,00,2,4,02,A01
200900066107,0,07,000,00,2,1,02,B01
200900066108,0,33,000,00,0,7,17,A01
200900066108,0,07,000,00,9,3,01,B01
200900066109,0,33,000,00,2,1,03,B01
200900066109,0,07,000,00,2,5,12,A01
200900066110,0,07,000,00,2,4,12,A01
200900066110,0,33,000,00,2,1,03,B01
200900066111,0,33,000,00,2,8,03,A01
200900066111,0,07,000,00,2,7,12,B01
200900066112,0,07,000,01,0,1,21,A01
200900066113,0,07,000,00,2,4,01,A01
200900066113,0,07,000,00,2,8,02,B01
200900066114,0,30,000,12,0,8,02,A01
200900066115,0,30,000,00,0,1,01,A01
200900066116,0,07,000,00,2,5,12,A01
200900066116,0,33,000,00,2,8,01,B01
200900066117,0,07,000,00,2,3,15,B01
200900066117,0,33,000,00,2,1,17,A01
200900066118,0,07,000,00,2,4,01,B01
200900066118,0,02,000,00,2,1,01,A01
200900066119,0,07,000,00,2,3,15,A01
200900066119,0,31,000,00,2,8,01,B01
200900066120,0,07,000,00,1,3,01,A01
200900066121,0,33,000,00,2,2,01,A01
200900066121,0,07,000,00,2,3,16,B01
200900066122,0,07,000,00,0,0,15,A01
200900066122,0,32,000,00,2,8,01,B01
200900066123,0,02,000,00,2,1,01,A01
200900066123,0,07,000,00,0,6,02,B01
200900066124,0,31,000,00,2,1,02,A01
200900066124,0,07,000,00,0,5,01,B01
200900066125,0,10,000,00,2,1,01,A01
200900066125,0,30,000,00,0,4,01,B01
200900066126,0,02,000,00,2,1,01,B01
200900066126,1,02,000,00,2,1,05,A01
200900066127,0,33,000,00,2,7,17,A01
200900066127,0,07,000,00,2,3,15,B01
200900066128,0,07,000,00,1,1,01,A01
200900066129,0,07,000,00,2,7,15,C01
200900066129,0,07,000,00,2,1,15,A01
200900066129,0,07,000,00,2,1,01,B01
200900066130,0,07,000,00,2,8,02,A01
200900066130,0,32,000,00,2,1,02,B01
200900066131,0,07,000,00,2,1,01,A01
200900066131,0,33,000,00,1,1,01,B01
200900066132,0,10,000,12,0,2,02,A01
200900066133,0,30,000,00,0,1,01,A01
200900066134,0,01,000,06,0,1,01,A01
200900066135,0,07,000,00,1,3,09,A01
200900066136,0,30,000,00,2,1,01,A01
200900066136,0,07,000,00,2,4,01,B01
200900066137,0,14,000,00,2,7,14,A01
200900066137,0,02,000,00,2,8,01,B01
200900066138,0,30,000,00,2,1,01,A01
200900066138,0,07,000,00,2,3,01,B01
200900066139,0,07,000,00,2,9,02,B01
200900066139,0,07,000,00,2,4,02,C01
200900066139,0,10,000,00,2,1,02,A01
200900066140,0,07,000,00,2,1,02,B01
200900066140,0,07,000,00,2,1,15,A01
200900066141,0,01,000,00,1,1,01,A01
200900066142,0,02,000,00,0,0,01,A01
200900066143,0,07,000,00,2,8,22,B01
200900066143,0,31,000,01,0,7,17,A01
200900066144,0,07,000,00,1,2,01,A01
200900066145,0,33,000,00,2,1,02,A01
200900066145,0,10,000,00,2,5,23,B01
200900066146,0,07,000,00,1,0,24,A01
200900066146,0,01,000,01,0,7,21,B01
200900066147,0,33,000,00,2,1,02,A01
200900066147,0,10,000,00,2,6,02,B01
200900066148,0,07,000,00,1,3,01,A01
200900066149,0,30,000,14,0,7,01,A01
200900066150,0,10,000,00,2,2,02,A01
200900066150,0,32,000,00,2,4,01,B01
200900066151,0,07,000,05,0,1,01,A01
200900066152,0,10,000,00,1,3,01,A01
200900066153,0,07,000,00,1,2,01,A01
200900066154,0,07,000,00,2,8,10,A01
200900066154,0,37,001,00,2,2,01,B01
200900066155,0,07,000,00,2,1,01,C01
200900066155,0,07,000,00,2,2,09,A01
200900066155,0,07,000,00,2,2,01,B01
200900066156,0,01,000,00,2,7,01,B01
200900066156,0,07,000,00,2,1,09,A01
200900066157,0,07,000,00,2,4,12,A01
200900066157,0,37,005,00,2,1,01,B01
200900066158,0,32,000,00,1,1,01,A01
200900066159,0,31,000,12,2,7,01,B01
200900066159,1,07,000,00,0,0,12,Z01
200900066160,0,33,000,00,2,1,01,B01
200900066160,0,07,000,00,2,5,04,A01
200900066161,0,07,000,00,2,7,16,A01
200900066161,0,32,000,00,2,8,18,B01
200900066162,0,07,000,00,2,3,01,B01
200900066162,0,37,001,00,2,2,15,A01
200900066163,0,07,000,00,1,2,01,A01
200900066164,0,07,000,00,2,1,09,A01
200900066164,0,32,000,00,2,5,01,B01
200900066165,0,13,000,00,2,1,20,B01
200900066165,0,33,000,00,2,1,01,A01
200900066166,0,07,000,00,1,2,01,A01
200900066167,0,30,000,00,2,7,17,A01
200900066167,0,10,000,00,2,3,01,B01
200900066168,0,37,005,00,1,2,01,A01
200900066169,0,07,000,00,2,5,14,A01
200900066169,0,33,000,01,2,9,01,B01
200900066170,0,07,000,00,1,1,01,A01
200900066171,0,07,000,09,2,7,17,A01
200900066171,0,07,000,00,2,3,21,B01
200900066172,0,07,000,00,2,8,01,B01
200900066172,0,33,000,00,2,1,05,A01
200900066173,0,07,000,00,2,2,09,A01
200900066173,0,07,000,00,2,7,01,B01
200900066174,0,02,000,00,9,3,01,A01
200900066175,0,07,000,00,2,3,15,A01
200900066175,0,33,000,15,2,3,01,B01
200900066176,0,07,000,00,1,1,01,A01
200900066177,0,07,000,00,0,4,01,C01
200900066177,0,07,000,00,2,1,01,A01
200900066177,0,07,000,00,2,4,01,B01
200900066178,0,07,000,00,1,2,01,A01
200900066179,0,07,000,00,0,7,15,A01
200900066179,0,31,000,00,2,1,01,B01
200900066180,0,02,000,00,2,2,17,A01
200900066180,0,07,000,00,2,8,15,B01
200900066181,0,30,000,00,2,3,01,A01
200900066181,0,07,000,00,2,4,01,B01
200900066182,0,10,000,00,2,1,01,C01
200900066182,0,10,000,00,2,1,01,A01
200900066182,0,10,000,00,2,4,01,B01
200900066183,0,30,000,04,0,1,17,A01
200900066184,0,02,000,00,2,1,17,A01
200900066184,0,07,000,00,2,8,01,B01
200900066185,0,10,000,00,0,7,01,C01
200900066185,0,07,000,00,0,4,01,B01
200900066185,0,33,000,00,2,1,17,A01
200900066186,0,33,000,00,2,7,01,A01
200900066186,0,07,000,00,2,7,12,B01
200900066187,0,07,000,00,0,6,23,B01
200900066187,0,33,000,00,2,2,21,A01
200900066188,0,14,000,00,2,1,02,A01
200900066188,0,07,000,00,0,4,01,B01
200900066189,0,34,000,00,2,3,01,B01
200900066189,0,07,000,01,2,1,01,A01
200900066190,1,07,000,00,2,8,11,Z01
200900066190,0,30,000,00,2,7,01,B01
200900066191,0,07,000,00,2,7,15,A01
200900066191,0,30,000,00,2,1,19,B01
200900066192,0,33,000,01,2,1,01,B01
200900066192,0,07,000,00,2,7,12,A01
200900066193,0,01,000,00,2,3,16,B01
200900066193,0,10,000,00,9,3,01,A01
200900066194,0,34,000,12,0,2,01,A01
200900066195,0,07,000,00,2,7,04,A01
200900066195,0,07,000,00,2,1,01,B01
200900066196,0,37,001,00,2,1,02,A01
200900066196,0,07,000,00,1,4,02,B01
200900066197,0,30,000,00,2,1,00,A01
200900066197,0,38,001,00,2,2,00,B01
200900066198,0,34,000,00,2,7,12,A01
200900066198,0,02,000,00,2,9,01,B01
200900066199,0,07,000,00,2,1,01,B01
200900066199,0,07,000,00,2,5,01,A01
200900066200,0,07,000,00,0,4,15,B01
200900066200,0,07,000,00,2,1,01,A01
200900066201,0,02,000,12,1,0,21,A01
200900066202,0,07,000,00,1,1,17,A01
200900066203,0,32,000,00,2,7,16,A01
200900066203,0,07,000,00,2,3,01,B01
200900066204,0,07,000,00,2,1,01,A01
200900066204,0,38,001,00,2,8,15,B01
200900066205,1,02,000,00,1,1,10,A01
200900066206,0,10,000,00,2,7,01,A01
200900066206,0,33,000,00,2,1,01,B01
200900066207,0,07,000,01,0,1,01,A01
200900066208,0,38,006,00,1,1,01,A01
200900066209,0,07,000,00,1,5,04,A01
200900066210,0,07,000,08,0,1,01,A01
200900066211,1,07,000,00,2,0,18,Z01
200900066211,0,07,000,00,2,7,01,A01
200900066212,0,10,000,00,2,1,02,B01
200900066212,0,14,000,01,2,1,01,A01
200900066213,0,07,000,00,2,4,01,A01
200900066213,1,07,000,00,2,1,01,Z01
200900066214,0,33,000,00,2,1,01,B01
200900066214,0,07,000,00,2,5,16,A01
200900066215,0,07,000,00,1,3,01,A01
200900066216,0,07,000,00,1,7,01,A01
200900066217,0,07,000,00,2,1,01,B01
200900066217,0,07,000,00,2,3,11,A01
200900066218,0,07,000,00,1,2,01,A01
200900066219,0,07,000,00,2,7,01,A01
200900066219,0,33,000,00,2,1,01,B01
200900066220,0,15,000,00,2,7,12,A01
200900066220,0,07,000,00,2,8,01,B01
200900066221,0,02,000,00,2,1,02,A01
200900066221,0,07,000,00,2,4,23,B01
200900066222,0,30,000,00,2,1,01,B01
200900066222,0,10,000,00,2,5,15,A01
200900066223,0,33,000,08,0,9,01,A01
200900066224,0,07,000,09,1,2,20,A01
200900066225,0,31,000,00,2,1,13,A01
200900066225,0,07,000,00,2,1,15,B01
200900066226,0,30,000,00,2,1,17,A01
200900066226,0,07,000,00,2,3,20,B01
200900066227,1,07,000,00,1,0,00,A01
200900066228,1,07,000,00,1,1,01,A01
200900066229,0,38,016,00,2,3,02,B01
200900066229,0,07,000,00,2,3,02,A01
200900066230,0,07,000,00,2,7,15,B01
200900066230,0,30,000,00,2,1,01,A01
200900066231,1,10,000,12,1,1,01,Z01
200900066232,0,07,000,01,0,1,01,A01
200900066233,0,30,000,00,0,1,02,A01
200900066233,0,99,000,00,0,4,02,B01
200900066234,0,33,000,00,2,1,01,A01
200900066234,0,37,001,00,2,5,15,B01
200900066235,0,07,000,14,0,1,16,A01
200900066236,0,07,000,00,2,1,02,A01
200900066236,0,31,000,00,2,4,02,C01
200900066236,0,07,000,00,2,4,02,D01
200900066236,0,07,000,00,2,4,02,E01
200900066236,0,31,000,00,2,4,02,B01
200900066237,0,14,000,00,2,2,19,A01
200900066237,0,07,000,00,2,8,01,B01
200900066238,0,33,000,02,0,1,21,A01
200900066239,0,07,000,00,2,1,02,B01
200900066239,0,07,000,00,2,1,02,A01
200900066240,0,07,000,00,0,3,01,A01
200900066240,0,01,000,00,0,8,19,B01
200900066241,0,07,000,00,2,1,02,A01
200900066241,0,07,000,00,2,4,01,B01
200900066242,0,07,000,00,1,1,01,A01
200900066243,0,07,000,00,2,5,02,E01
200900066243,0,07,000,00,2,5,02,B01
200900066243,0,10,000,00,2,2,02,A01
200900066243,0,07,000,00,2,4,02,C01
200900066243,0,13,000,00,2,4,02,D01
200900066244,0,33,000,00,0,3,01,B01
200900066244,0,07,000,00,0,5,12,A01
200900066245,0,07,000,00,2,5,23,C01
200900066245,0,07,000,00,2,1,02,A01
200900066245,0,07,000,00,2,4,23,B01
200900066246,0,34,000,00,0,0,02,A01
200900066247,0,07,000,00,1,4,20,A01
200900066248,0,33,000,09,0,3,16,A01
200900066249,0,14,000,00,2,3,01,A01
200900066249,0,07,000,00,2,6,11,B01
200900066250,1,07,000,00,1,1,01,A01
200900066251,0,07,000,00,2,3,01,B01
200900066251,0,10,000,00,2,3,21,A01
200900066252,0,33,000,00,2,7,02,A01
200900066252,0,07,000,00,2,3,15,B01
200900066253,0,07,000,00,2,6,01,B01
200900066253,0,07,000,00,9,3,02,A01
200900066254,0,33,000,00,0,8,01,B01
200900066254,0,07,000,00,2,1,15,A01
200900066255,0,07,000,00,1,1,16,A01
200900066256,0,07,000,00,2,1,02,A01
200900066256,0,07,000,00,0,4,02,B01
200900066257,0,07,000,00,2,3,15,A01
200900066257,0,33,000,00,2,1,01,B01
200900066258,0,02,000,00,2,1,01,A01
200900066258,0,07,000,00,2,4,01,B01
200900066259,0,07,000,00,0,0,10,A01
200900066259,0,33,000,00,2,1,21,B01
200900066259,0,07,000,00,2,7,01,C01
200900066260,0,37,003,00,0,8,01,B01
200900066260,0,13,000,00,2,2,15,A01
200900066261,0,07,000,00,2,3,23,C01
200900066261,0,30,000,00,2,1,15,A01
200900066261,0,07,000,00,2,3,01,B01
200900066262,0,10,000,00,2,8,11,A01
200900066262,0,32,000,00,0,1,02,B01
200900066263,0,07,000,00,0,9,01,A01
200900066264,0,33,000,00,0,1,02,B01
200900066264,0,07,000,00,2,6,01,A01
200900066265,0,07,000,00,2,6,11,B01
200900066265,0,07,000,00,2,8,02,A01
200900066266,0,32,000,00,0,0,01,A01
200900066267,0,07,000,00,0,7,01,B01
200900066267,0,07,000,00,2,8,21,C01
200900066267,0,07,000,00,2,1,02,D01
200900066267,0,07,000,00,0,5,01,A01
200900066268,0,32,000,00,0,0,21,A01
200900066269,0,31,000,00,0,7,21,A01
200900066270,0,07,000,00,2,4,02,B01
200900066270,0,10,000,00,2,4,02,A01
200900066270,0,07,000,00,2,4,02,C01
200900066270,0,07,000,00,2,1,02,E01
200900066270,0,07,000,00,2,4,02,D01
200900066271,0,07,000,00,2,3,09,B01
200900066271,0,15,000,00,2,2,01,A01
200900066272,0,10,000,00,0,4,02,A01
200900066272,0,13,000,00,0,1,02,B01
200900066273,0,07,000,00,2,7,01,A01
200900066273,0,99,000,00,2,1,01,B01
200900066274,0,07,000,00,1,1,01,A01
200900066275,1,07,000,00,1,0,01,Z01
200900066276,0,37,001,00,2,2,02,A01
200900066276,0,07,000,00,0,6,15,B01
200900066277,0,01,000,08,0,1,01,A01
200900066277,0,07,000,00,2,2,01,B01
200900066278,0,07,000,00,2,8,01,B01
200900066278,0,33,000,00,2,3,17,A01
200900066279,0,07,000,00,1,1,01,A01
200900066280,0,07,000,00,2,1,02,A01
200900066280,0,99,000,00,0,4,02,B01
200900066281,0,10,000,00,1,3,01,A01
200900066281,1,07,000,00,2,1,01,Z01
200900066282,0,07,000,00,1,2,01,A01
200900066283,0,10,000,00,2,3,01,B01
200900066283,0,02,000,00,2,1,13,A01
200900066284,0,33,000,00,1,1,17,A01
200900066285,0,07,000,00,2,1,23,B01
200900066285,0,07,000,00,2,1,13,A01
200900066286,0,30,000,00,2,1,01,A01
200900066287,0,01,000,00,2,1,01,B01
200900066287,0,10,000,00,2,4,04,A01
200900066288,0,07,000,00,2,1,01,B01
200900066288,0,07,000,00,2,1,05,A01
200900066289,0,07,000,00,1,8,01,A01
200900066290,0,07,000,00,1,1,01,A01
200900066291,0,07,000,00,1,1,01,A01
200900066292,0,07,000,00,2,1,02,A01
200900066292,0,07,000,00,2,4,01,B01
200900066293,0,07,000,00,2,2,15,A01
200900066293,0,07,000,00,2,3,01,B01
200900066294,0,07,000,00,2,1,01,A01
200900066294,0,07,000,00,0,4,02,B01
200900066295,0,07,000,00,2,1,01,A01
200900066295,0,07,000,00,2,4,01,C01
200900066295,0,30,000,00,2,4,01,B01
200900066296,0,02,000,00,2,1,01,B01
200900066296,0,07,000,00,2,2,15,A01
200900066297,0,07,000,00,2,1,02,B01
200900066297,0,07,000,00,2,6,10,A01
200900066298,0,07,000,00,1,4,04,A01
200900066299,0,07,000,11,0,8,01,A01
200900066300,0,07,000,00,2,1,01,B01
200900066300,0,07,000,00,2,1,13,A01
200900066301,0,10,000,00,2,1,02,A01
200900066301,0,07,000,00,0,4,02,B01
200900066302,0,30,000,00,2,1,01,A01
200900066302,0,07,000,00,2,1,01,B01
200900066303,0,07,000,00,2,1,05,A01
200900066303,0,32,000,00,2,1,01,B01
200900066304,0,33,000,00,2,1,01,A01
200900066305,0,07,000,00,2,6,01,B01
200900066305,0,30,000,00,2,3,01,A01
200900066306,0,33,000,00,9,7,17,A01
200900066306,0,99,000,00,2,3,15,B01
200900066307,0,07,000,00,2,7,16,A01
200900066307,0,02,000,00,2,1,01,B01
200900066308,0,07,000,00,2,1,16,B01
200900066308,0,07,000,01,2,1,01,A01
200900066309,0,07,000,15,2,1,09,A01
200900066309,0,07,000,00,0,5,01,B01
200900066310,0,07,000,00,1,3,01,A01
200900066311,0,34,000,00,0,8,17,A01
200900066312,0,07,000,03,0,9,14,A01
200900066313,0,07,000,00,0,1,02,B01
200900066313,0,07,000,00,0,1,02,C01
200900066313,0,07,000,00,0,4,02,A01
200900066314,0,32,000,08,0,1,01,A01
200900066315,0,07,000,03,0,3,01,A01
200900066316,0,07,000,00,1,3,01,A01
200900066317,0,10,000,00,2,4,02,B01
200900066317,0,10,000,00,2,1,02,C01
200900066317,0,10,000,00,2,4,02,A01
200900066318,0,07,000,00,1,2,01,A01
200900066319,0,31,000,00,2,7,01,A01
200900066320,0,07,000,00,2,7,01,B01
200900066320,0,07,000,00,2,1,01,A01
200900066321,0,07,000,00,0,8,15,A01
200900066322,0,07,000,00,1,8,15,A01
200900066323,0,07,000,00,2,2,12,B01
200900066323,0,33,000,14,2,8,01,A01
200900066323,0,07,000,00,0,4,01,C01