Num_Acc,senc,catv,occutc,obs,obsm,choc,manv,num_veh
200900066323,0,07,000,00,0,7,23,D01
200900066324,0,02,000,15,0,1,01,A01
200900066325,0,07,000,04,0,3,13,A01
200900066326,0,02,000,01,0,1,01,A01
200900066327,0,33,000,00,2,0,01,B01
200900066327,0,07,000,00,2,8,11,A01
200900066328,0,30,000,00,2,1,02,B01
200900066328,0,07,000,00,2,3,20,A01
200900066329,0,10,000,00,2,4,01,B01
200900066329,0,07,000,00,2,1,01,A01
200900066330,0,07,000,00,2,7,01,A01
200900066330,0,34,000,00,2,8,01,B01
200900066331,1,07,000,00,1,1,01,A01
200900066332,0,33,000,00,2,1,03,A01
200900066332,0,07,000,00,2,6,02,B01
200900066333,0,33,000,00,1,1,01,A01
200900066334,0,07,000,00,0,0,01,C01
200900066334,0,33,000,00,2,8,18,B01
200900066334,0,07,000,00,2,7,12,A01
200900066335,0,07,000,00,2,4,02,C01
200900066335,0,07,000,00,2,4,02,A01
200900066335,0,07,000,00,2,4,02,B01
200900066335,0,07,000,00,2,1,02,D01
200900066336,0,07,000,00,2,3,15,A01
200900066336,0,01,000,00,2,1,01,B01
200900066337,0,33,000,00,2,7,03,A01
200900066337,0,07,000,01,2,6,01,B01
200900066338,0,07,000,00,2,8,11,B01
200900066338,0,33,000,00,2,2,03,A01
200900066339,0,07,000,00,2,4,01,C01
200900066339,0,07,000,00,0,5,12,A01
200900066339,0,33,000,00,2,1,03,B01
200900066340,0,07,000,03,0,9,02,A01
200900066341,0,07,000,00,0,4,01,A01
200900066341,0,07,000,00,2,1,02,B01
200900066342,0,07,000,04,0,9,01,A01
200900066343,0,33,000,00,2,3,03,A01
200900066343,0,07,000,00,0,0,00,B01
200900066344,0,10,000,00,1,5,04,A01
200900066345,0,07,000,00,2,2,15,B01
200900066345,0,07,000,00,2,3,01,A01
200900066346,0,07,000,04,2,1,21,A01
200900066347,0,07,000,04,2,9,01,A01
200900066348,0,10,000,06,0,2,14,A01
200900066349,0,07,000,00,2,8,09,A01
200900066349,0,32,000,00,2,1,03,B01
200900066350,0,07,000,04,2,8,01,B01
200900066350,0,10,000,00,2,2,12,A01
200900066351,0,07,000,00,0,4,02,A01
200900066351,0,07,000,00,2,1,02,B01
200900066352,0,07,000,04,0,9,02,A01
200900066353,0,07,000,00,2,1,02,D01
200900066353,0,07,000,00,2,4,02,C01
200900066353,0,07,000,00,2,4,02,B01
200900066353,0,07,000,00,0,4,02,A01
200900066354,0,07,000,04,0,8,02,A01
200900066355,0,02,000,00,2,7,01,A01
200900066355,0,07,000,00,2,3,01,B01
200900066356,0,30,000,00,2,5,03,A01
200900066356,0,10,000,00,2,2,12,B01
200900066357,0,33,000,00,2,1,02,A01
200900066357,0,07,000,00,2,6,11,B01
200900066358,0,34,000,00,0,7,02,A01
200900066359,0,07,000,00,2,6,11,B01
200900066359,0,33,000,00,2,1,03,A01
200900066359,0,07,000,00,2,6,01,C01
200900066360,0,14,000,00,2,6,13,A01
200900066360,0,33,000,00,2,1,17,B01
200900066361,0,07,000,00,0,1,02,A01
200900066361,0,07,000,00,2,4,01,B01
200900066362,0,33,000,00,2,1,02,B01
200900066362,0,15,000,00,2,4,02,A01
200900066363,0,07,000,00,2,4,01,C01
200900066363,0,31,000,00,2,1,02,A01
200900066363,0,07,000,00,2,6,02,B01
200900066364,0,07,000,00,2,4,02,C01
200900066364,0,07,000,00,2,1,01,A01
200900066364,0,07,000,00,2,4,02,B01
200900066365,0,33,000,00,0,7,01,B01
200900066365,0,07,000,00,2,8,09,A01
200900066366,0,02,000,12,0,0,21,A01
200900066367,0,01,000,00,0,0,00,A01
200900066368,0,33,000,00,0,7,02,A01
200900066369,0,32,000,00,0,8,01,A01
200900066370,0,33,000,00,1,1,17,A01
200900066371,0,10,000,00,1,2,01,A01
200900066372,0,07,000,04,0,3,01,A01
200900066373,0,07,000,00,2,1,02,A01
200900066373,0,07,000,00,2,4,02,C01
200900066373,0,07,000,00,2,4,02,B01
200900066374,0,07,000,00,2,7,01,A01
200900066374,0,33,000,00,2,8,23,B01
200900066375,0,07,000,00,1,4,23,B01
200900066375,0,07,000,00,2,1,02,A01
200900066376,0,07,000,00,2,2,09,A01
200900066376,0,32,000,00,2,8,01,B01
200900066377,0,07,000,00,1,1,01,A01
200900066378,0,30,000,00,0,1,01,A01
200900066379,0,10,000,00,0,4,23,B01
200900066379,0,31,000,00,2,7,02,A01
200900066380,0,13,000,00,2,1,02,A01
200900066380,0,10,000,00,0,4,23,B01
200900066381,0,33,000,00,2,0,00,B01
200900066381,0,32,000,00,2,0,00,A01
200900066382,0,30,000,01,0,2,15,A01
200900066383,0,33,000,14,0,8,02,A01
200900066384,0,07,000,00,1,4,04,A01
200900066385,0,31,000,00,2,1,01,A01
200900066385,0,31,000,00,2,1,01,B01
200900066386,0,07,000,00,1,5,04,A01
200900066387,0,30,000,00,0,7,01,A01
200900066388,0,37,040,00,2,3,01,B01
200900066388,0,07,000,00,2,2,11,A01
200900066389,0,02,000,00,2,8,01,B01
200900066389,0,07,000,00,2,7,14,A01
200900066390,0,02,000,00,2,1,02,A01
200900066390,0,07,000,00,2,4,01,B01
200900066391,0,30,000,00,2,1,01,A01
200900066391,0,07,000,00,2,3,01,B01
200900066392,0,30,000,00,0,1,01,B01
200900066392,0,07,000,00,0,1,15,A01
200900066393,0,07,000,12,0,1,01,A01
200900066394,0,07,000,00,0,5,01,B01
200900066394,0,02,000,00,2,1,02,A01
200900066395,0,07,000,00,1,7,01,A01
200900066396,0,07,000,00,0,1,01,B01
200900066396,0,07,000,00,0,5,01,A01
200900066397,0,33,000,00,1,0,01,A01
200900066398,0,02,000,00,2,1,02,A01
200900066398,0,07,000,00,2,4,01,B01
200900066399,0,07,000,11,0,8,02,A01
200900066399,0,07,000,00,2,1,15,B01
200900066400,0,07,000,00,2,1,02,A01
200900066400,0,07,000,00,0,4,23,B01
200900066401,0,02,000,14,2,8,01,A01
200900066402,0,07,000,00,1,2,01,A01
200900066403,0,07,000,00,2,2,01,A01
200900066403,0,02,000,00,2,1,01,B01
200900066404,0,07,000,00,2,3,10,A01
200900066404,0,32,000,00,2,2,01,B01
200900066405,0,07,000,00,2,3,11,A01
200900066405,0,07,000,00,2,2,01,B01
200900066406,0,02,000,00,1,2,01,A01
200900066407,0,02,000,00,1,3,01,A01
200900066408,0,07,000,00,2,1,02,A01
200900066408,0,07,000,08,0,4,01,B01
200900066409,0,10,000,00,2,1,15,A01
200900066409,0,02,000,00,2,1,01,B01
200900066410,0,07,000,00,0,7,01,B01
200900066410,0,07,000,00,2,1,09,A01
200900066411,1,07,000,00,2,0,00,Z01
200900066411,0,07,000,00,2,7,01,A01
200900066412,0,37,001,00,0,8,00,A01
200900066413,0,10,000,00,2,7,16,B01
200900066413,0,02,000,00,2,1,18,A01
200900066414,0,01,000,00,2,1,18,B01
200900066414,0,07,000,00,2,2,22,A01
200900066415,0,07,000,00,2,1,19,A01
200900066415,0,07,000,00,2,8,01,C01
200900066415,0,07,000,00,2,3,01,B01
200900066416,0,32,000,00,2,1,01,B01
200900066416,0,07,000,00,2,2,15,A01
200900066417,0,07,000,00,2,1,15,A01
200900066417,0,01,000,00,2,1,01,B01
200900066418,0,07,000,00,1,2,01,A01
200900066419,0,07,000,00,2,1,01,A01
200900066419,0,07,000,00,2,1,01,B02
200900066420,0,07,000,00,2,2,01,B02
200900066420,0,07,000,00,2,1,15,A01
200900066421,0,33,000,00,2,8,15,B02
200900066421,0,07,000,00,2,3,01,A01
200900066422,0,07,000,13,0,9,13,A01
200900066423,0,07,000,00,2,2,15,A01
200900066423,0,33,000,00,2,1,01,B01
200900066424,0,33,000,00,2,1,01,A01
200900066424,0,07,000,00,2,2,15,B01
200900066425,0,07,000,06,2,4,13,B01
200900066425,0,07,000,00,2,6,02,A01
200900066425,0,07,000,00,2,6,00,C01
200900066426,0,30,000,00,0,1,01,A01
200900066427,0,07,000,00,1,7,01,A01
200900066428,0,07,000,00,0,2,15,A01
200900066428,0,30,000,00,0,1,01,B01
200900066429,0,07,000,00,2,3,09,A01
200900066429,0,32,000,00,0,0,00,B01
200900066430,0,33,000,00,2,7,01,B01
200900066430,0,07,000,00,2,1,09,A01
200900066431,0,07,000,01,0,1,02,A01
200900066432,0,07,000,00,0,3,00,A01
200900066432,0,34,000,00,0,0,01,B01
200900066433,0,07,000,00,0,8,10,A01
200900066433,0,33,000,00,2,1,02,B01
200900066434,1,07,000,00,0,5,16,A01
200900066434,0,30,000,00,0,1,07,B01
200900066435,0,07,000,08,0,1,00,A01
200900066436,0,10,000,00,1,3,15,A01
200900066437,0,07,000,00,2,3,13,A01
200900066437,0,34,000,00,2,8,01,B01
200900066438,0,07,000,00,1,1,01,A01
200900066439,0,07,000,08,0,1,00,A01
200900066440,0,07,000,00,2,3,01,A01
200900066440,0,33,000,00,2,8,01,B01
200900066441,0,07,000,00,2,2,01,B01
200900066441,0,07,000,00,2,4,20,A01
200900066442,0,07,000,00,1,3,01,A01
200900066443,0,31,000,00,2,8,16,A01
200900066443,0,07,000,00,2,2,01,B01
200900066444,0,17,000,00,2,1,01,A01
200900066444,0,07,000,00,2,4,01,B01
200900066445,0,33,000,00,0,3,02,A01
200900066446,0,07,000,00,2,3,01,B01
200900066446,0,10,000,00,2,2,01,A01
200900066447,0,07,000,00,1,2,15,A01
200900066448,0,07,000,00,2,1,02,A01
200900066448,0,07,000,00,2,4,02,B01
200900066449,0,07,000,00,2,2,02,A01
200900066449,0,01,000,00,2,1,01,B01
200900066450,0,07,000,00,2,1,09,C01
200900066450,0,07,000,00,2,1,02,B01
200900066450,0,07,000,00,2,4,02,A01
200900066451,0,07,000,00,2,1,06,A01
200900066451,0,10,000,00,2,8,01,B01
200900066452,0,07,000,00,2,1,15,A01
200900066452,0,01,000,00,2,8,01,B01
200900066453,0,07,000,00,1,6,01,A01
200900066454,0,14,000,00,2,3,15,B01
200900066454,0,07,000,00,2,1,01,A01
200900066455,0,07,000,00,2,1,01,A01
200900066455,0,07,000,00,2,3,15,B01
200900066456,0,07,000,00,2,8,15,A01
200900066456,0,33,000,00,2,7,01,B01
200900066457,0,37,001,00,2,2,01,B01
200900066457,0,07,000,00,2,3,16,A01
200900066458,0,31,000,00,0,8,01,A01
200900066459,0,33,000,01,0,1,01,A01
200900066460,0,07,000,00,2,8,10,A01
200900066460,0,07,000,00,2,1,01,B01
200900066461,0,33,000,15,0,1,01,A01
200900066462,0,33,000,00,2,1,17,A01
200900066462,0,10,000,00,2,8,15,B01
200900066463,0,07,000,00,2,1,02,A01
200900066463,0,33,000,00,2,4,02,B01
200900066464,0,37,010,00,2,0,21,B01
200900066465,0,07,000,00,2,3,01,B01
200900066465,0,07,000,00,2,2,20,A01
200900066466,0,07,000,01,1,1,01,A01
200900066467,0,33,000,12,0,1,01,A01
200900066468,0,07,000,05,0,9,17,A01
200900066469,0,07,000,00,1,2,01,A01
200900066470,0,01,000,00,2,7,02,B01
200900066470,0,07,000,00,2,1,09,A01
200900066471,0,02,000,01,0,3,01,A01
200900066472,0,33,000,10,0,1,01,A01
200900066473,0,02,000,00,2,3,13,A01
200900066473,0,01,000,00,2,1,01,B01
200900066474,0,07,000,03,0,1,00,A01
200900066475,0,07,000,00,2,1,02,A01
200900066475,0,07,000,00,2,4,23,B01
200900066476,0,07,000,00,1,6,17,A01
200900066477,0,07,000,00,2,1,01,A01
200900066477,0,07,000,00,2,3,16,B01
200900066478,0,07,000,00,2,9,01,B01
200900066478,0,07,000,00,2,6,11,A01
200900066479,0,07,000,00,1,4,04,A01
200900066480,0,01,000,00,2,1,02,A01
200900066480,0,07,000,00,2,4,23,B01
200900066481,0,07,000,00,2,4,02,B01
200900066481,0,07,000,00,2,1,02,A01
200900066482,0,07,000,00,2,7,01,B01
200900066482,0,01,000,00,2,1,19,A01
200900066483,0,33,000,00,1,1,01,A01
200900066484,0,07,000,00,1,2,01,A01
200900066485,0,07,000,00,1,2,01,A01
200900066486,0,07,000,00,2,6,09,A01
200900066486,0,01,000,00,2,7,15,B01
200900066487,0,07,000,00,1,1,01,A01
200900066488,0,38,001,00,2,1,01,A01
200900066488,0,01,000,00,2,8,19,B01
200900066489,0,07,000,00,1,1,21,A01
200900066490,0,07,000,00,2,2,15,B01
200900066490,0,07,000,00,2,3,01,A01
200900066491,0,02,000,00,2,1,17,B01
200900066491,0,07,000,00,2,8,15,A01
200900066492,0,07,000,00,2,4,23,C01
200900066492,0,07,000,00,2,1,02,A01
200900066492,0,07,000,00,2,4,02,B01
200900066493,0,07,000,00,1,5,01,A01
200900066494,0,07,000,00,2,3,10,A01
200900066494,0,02,000,00,2,1,01,B01
200900066495,0,34,000,00,2,1,01,B01
200900066495,0,07,000,00,2,7,15,A01
200900066496,0,07,000,00,1,3,01,A01
200900066497,0,07,000,00,2,6,23,B01
200900066497,0,30,000,00,2,7,02,A01
200900066498,0,02,000,00,0,7,16,A01
200900066499,0,33,000,00,2,2,01,B01
200900066499,0,07,000,00,2,8,11,A01
200900066500,0,30,000,00,2,1,01,A01
200900066500,0,07,000,00,2,4,23,B01
200900066501,0,07,000,00,1,4,04,A01
200900066502,0,07,000,00,2,3,15,B01
200900066502,0,33,000,00,2,1,01,A01
200900066503,0,07,000,00,2,3,01,B01
200900066503,0,14,000,00,2,3,01,A01
200900066504,0,07,000,00,1,2,01,A01
200900066505,0,07,000,00,2,1,01,A01
200900066505,0,01,000,00,2,8,19,B01
200900066506,0,07,000,00,1,1,01,A01
200900066507,0,07,000,00,1,2,01,A01
200900066508,0,07,000,00,2,3,15,A01
200900066508,0,30,000,00,2,2,16,B01
200900066509,0,07,000,00,2,2,01,A01
200900066509,0,07,000,04,2,3,01,B01
200900066510,0,01,000,00,2,7,01,B01
200900066510,0,07,000,00,9,1,01,A01
200900066511,0,07,000,00,2,2,01,B01
200900066511,0,02,000,00,2,8,11,A01
200900066512,0,07,000,00,1,2,00,A01
200900066513,0,07,000,00,1,1,20,A01
200900066514,0,30,000,00,2,7,02,A01
200900066514,0,07,000,00,2,8,15,B01
200900066515,0,07,000,00,1,1,01,A01
200900066516,0,07,000,00,1,1,15,A01
200900066517,0,07,000,00,2,1,02,A01
200900066517,0,30,000,00,2,4,02,B01
200900066518,0,13,000,00,1,3,00,A01
200900066519,0,07,000,00,1,1,17,A01
200900066520,0,07,000,00,0,8,15,B01
200900066520,0,32,000,00,2,1,17,A01
200900066521,0,33,000,14,0,8,01,A01
200900066522,0,07,000,00,1,1,16,A01
200900066523,0,07,000,00,2,1,01,A01
200900066523,0,07,000,00,2,7,01,B01
200900066524,0,13,000,00,1,2,01,A01
200900066525,0,01,000,00,2,1,05,B01
200900066525,1,07,000,00,2,7,02,A01
200900066526,0,07,000,00,1,3,01,A01
200900066527,0,37,020,00,1,2,16,A01
200900066528,0,07,000,00,0,4,02,B01
200900066528,0,07,000,00,2,1,02,A01
200900066529,0,10,000,00,1,7,16,A01
200900066530,0,13,000,00,1,3,00,A01
200900066531,0,07,000,00,2,1,01,B01
200900066531,0,33,000,00,2,7,15,A01
200900066532,0,13,000,00,1,3,01,A01
200900066533,0,07,000,00,2,2,16,A01
200900066533,0,30,000,00,2,3,02,B01
200900066534,0,31,000,00,2,1,01,B01
200900066534,0,07,000,00,2,1,15,A01
200900066535,0,07,000,00,2,1,01,A01
200900066535,0,07,000,00,1,1,15,B01
200900066536,0,07,000,04,0,1,01,A01
200900066537,0,10,000,00,2,1,13,A01
200900066537,0,10,000,00,2,1,01,B01
200900066538,0,07,000,00,2,1,01,B01
200900066538,0,07,000,00,2,3,13,A01
200900066539,0,07,000,03,0,4,02,B01
200900066539,0,07,000,00,2,1,02,A01
200900066540,0,10,000,00,1,7,01,A01
200900066541,1,99,000,00,1,0,00,B01
200900066541,0,07,000,03,0,2,00,A01
200900066542,0,07,000,00,2,6,10,A01
200900066542,0,33,000,00,2,1,21,B01
200900066543,0,07,000,00,1,1,15,A01
200900066544,0,07,000,04,0,4,17,B01
200900066544,0,07,000,00,2,1,02,A01
200900066545,0,33,000,00,0,9,01,B01
200900066546,0,07,000,00,2,1,01,A01
200900066546,0,07,000,12,2,2,01,B01
200900066547,0,07,000,00,2,1,01,A01
200900066547,0,07,000,00,0,4,01,B01
200900066548,0,07,000,00,1,1,01,A01
200900066549,0,07,000,00,2,2,15,B02
200900066549,0,07,000,00,2,1,01,A01
200900066550,0,07,000,00,0,7,16,A01
200900066550,0,01,000,00,2,1,02,B02
200900066551,0,07,000,00,0,5,15,A01
200900066551,0,33,000,00,2,1,01,B02
200900066552,0,07,000,00,2,3,15,A01
200900066552,0,02,000,00,2,2,17,B02
200900066553,0,33,000,13,0,1,01,A01
200900066554,0,07,000,00,2,3,01,B02
200900066554,0,02,000,00,2,1,01,A01
200900066555,0,07,000,00,2,3,01,A01
200900066555,0,14,000,00,2,2,19,B02
200900066556,0,02,000,03,0,7,01,A01
200900066557,0,07,000,00,1,1,01,A01
200900066558,0,07,000,00,2,7,15,A01
200900066558,0,01,000,00,2,1,01,B02
200900066559,0,07,000,00,0,8,15,A01
200900066559,0,33,000,00,0,1,01,B02
200900066560,0,07,000,08,0,1,13,A01
200900066561,0,10,000,00,0,2,01,A01
200900066561,0,07,000,00,0,7,15,B02
200900066562,0,33,000,00,0,7,17,A01
200900066563,0,07,000,00,2,3,01,A01
200900066563,0,07,000,00,2,3,01,C03
200900066563,0,07,000,00,2,1,01,B02
200900066564,0,07,000,00,2,3,01,B02
200900066564,0,07,000,00,2,3,13,A01
200900066565,0,07,000,13,0,1,13,A01
200900066566,0,10,000,00,2,0,01,B02
200900066566,0,07,000,00,2,9,01,A01
200900066567,0,07,000,00,2,8,11,A01
200900066567,0,33,000,00,2,7,17,B02
200900066568,0,07,000,00,2,1,01,A01
200900066568,0,07,000,00,2,3,15,B02
200900066569,0,01,000,00,2,1,13,B02
200900066569,0,07,000,00,2,3,01,A01
200900066570,0,07,000,00,2,1,01,B02
200900066570,0,07,000,00,2,1,01,A01
200900066571,0,36,000,13,0,1,00,A01
200900066572,0,07,000,02,0,8,01,A01
200900066573,0,07,000,00,2,1,13,A01
200900066573,0,07,000,00,2,1,01,B02
200900066574,0,33,000,08,0,4,01,A01
200900066575,0,33,000,00,2,1,01,B02
200900066575,0,07,000,00,2,2,13,A01
200900066576,0,07,000,00,2,2,00,A01
200900066576,0,38,000,00,2,2,00,B02
200900066577,0,07,000,00,2,1,17,A01
200900066577,0,07,000,00,2,1,01,B02
200900066578,0,07,000,00,2,7,05,A01
200900066578,0,07,000,00,2,1,01,B01
200900066579,0,14,000,00,2,1,01,A01
200900066579,0,07,000,00,2,4,23,B01
200900066579,0,07,000,00,2,3,23,C01
200900066579,0,07,000,00,2,8,23,D01
200900066580,0,07,000,00,2,4,04,A01
200900066581,0,30,000,00,2,7,01,A01
200900066581,0,07,000,00,2,7,16,B01
200900066582,0,07,000,00,2,3,15,A01
200900066582,0,30,000,00,2,8,01,B01
200900066583,0,15,000,00,2,1,15,A01
200900066583,0,01,000,00,2,8,01,B01
200900066584,0,31,000,00,2,1,01,B01
200900066584,0,07,000,00,2,7,15,A01
200900066585,1,07,000,00,1,1,01,A01
200900066586,0,07,000,00,2,2,02,A01
200900066586,0,02,000,00,2,4,02,B01
200900066587,0,07,000,00,2,3,01,B01
200900066587,0,33,000,00,2,1,17,A01
200900066588,0,07,000,15,0,1,01,A01
200900066589,0,07,000,00,2,1,16,A01
200900066589,0,01,000,00,2,7,01,B01
200900066590,0,07,000,00,2,3,01,A01
200900066590,0,01,000,00,2,1,15,B01
200900066591,0,32,000,00,2,1,17,B01
200900066591,0,07,000,00,2,1,15,A01
200900066592,0,10,000,00,0,4,02,B01
200900066592,0,07,000,00,2,1,02,A01
200900066593,0,02,000,00,2,1,17,A01
200900066593,0,07,000,00,2,8,15,B01
200900066594,0,07,000,00,0,2,01,A01
200900066595,0,07,000,06,0,1,01,A01
200900066596,0,33,000,00,0,0,01,A01
200900066597,0,07,000,06,0,6,19,A01
200900066597,0,36,000,00,0,1,01,B02
200900066598,0,07,000,00,2,7,13,A01
200900066598,0,07,000,00,2,1,01,B02
200900066599,0,07,000,00,2,2,19,A01
200900066599,0,02,000,00,2,1,01,B02
200900066600,0,07,000,00,2,3,01,A01
200900066600,0,01,000,00,2,7,15,B02
200900066601,0,07,000,00,2,8,01,A01
200900066601,0,30,000,00,2,8,13,B02
200900066602,0,14,000,00,2,3,01,A01
200900066602,0,14,000,00,2,7,19,B02
200900066603,0,15,000,00,2,6,01,C03
200900066603,0,07,000,00,2,1,11,A01
200900066603,0,07,000,00,2,1,01,B02
200900066604,0,07,000,00,2,3,15,A01
200900066604,0,07,000,06,2,3,01,B02
200900066605,0,07,000,00,2,7,01,C03
200900066605,0,07,000,00,2,1,13,A01
200900066605,0,07,000,00,2,1,01,B02
200900066606,0,07,000,02,0,1,13,A01
200900066607,0,07,000,00,0,3,01,B02
200900066607,0,07,000,00,0,1,09,A01
200900066608,0,30,000,00,0,1,01,B02
200900066608,0,07,000,00,0,2,10,A01
200900066609,0,07,000,00,2,8,01,C03
200900066609,0,10,000,00,2,3,17,A01
200900066609,0,33,000,00,2,1,01,B02
200900066610,0,07,000,00,2,8,15,A01
200900066610,0,07,000,00,2,1,17,B02
200900066611,0,07,000,00,0,4,15,C03
200900066611,0,07,000,00,0,1,01,A01
200900066611,0,07,000,00,0,4,02,B02
200900066612,0,07,000,00,2,2,01,B02
200900066612,0,07,000,00,2,2,01,A01
200900066613,0,07,000,00,2,3,01,B02
200900066613,0,07,000,00,2,1,13,A01
200900066614,0,07,000,13,0,9,19,A01
200900066615,0,33,000,00,2,1,00,B02
200900066615,0,07,000,00,2,2,10,A01
200900066616,0,07,000,00,0,8,10,A01
200900066616,0,02,000,00,2,1,01,B02
200900066617,0,10,000,03,0,2,17,A01
200900066618,0,30,000,02,0,1,14,A01
200900066619,0,07,000,02,0,5,02,A01
200900066620,0,07,000,00,0,7,17,B02
200900066620,0,03,000,01,0,8,24,A01
200900066621,0,10,000,00,2,8,15,A01
200900066621,0,15,000,00,2,1,01,B02
200900066622,0,21,000,00,2,6,01,B02
200900066622,1,07,000,00,2,8,01,A01
200900066623,0,07,000,00,2,3,15,A01
200900066623,0,07,000,00,2,8,01,B02
200900066624,0,15,000,00,2,8,01,A01
200900066624,0,07,000,00,2,1,01,C03
200900066624,0,07,000,00,2,3,01,B02
200900066625,0,33,000,03,0,8,17,A01
200900066626,0,07,000,00,2,4,01,A01
200900066627,0,02,000,13,0,1,14,A01
200900066628,0,30,000,00,0,0,15,A01
200900066629,0,07,000,00,1,2,01,A01
200900066630,0,33,000,00,2,1,01,B02
200900066630,0,07,000,00,2,3,19,A01
200900066631,0,07,000,00,2,2,15,A01
200900066631,0,33,000,00,2,1,01,B01
200900066632,0,10,000,00,2,1,01,A01
200900066632,0,01,000,00,2,8,19,B01
200900066633,0,37,016,00,2,2,01,A01
200900066633,0,01,000,00,2,1,19,B01
200900066634,0,07,000,00,4,1,19,A01
200900066634,0,40,000,00,2,1,01,B01
200900066635,0,02,000,00,1,1,01,A01
200900066636,0,07,000,03,2,2,01,A01
200900066636,0,07,000,03,0,5,00,B01
200900066637,0,15,000,00,2,1,02,D01
200900066637,0,10,000,00,0,0,02,B01
200900066637,0,07,000,00,2,1,11,A01
200900066637,0,07,000,01,0,1,01,C01
200900066638,0,07,000,03,0,7,01,A01
200900066639,0,01,000,00,2,1,15,A01
200900066639,0,07,000,00,2,7,01,B01
200900066640,0,14,000,00,2,7,01,A01
200900066640,0,32,000,00,2,8,13,B01
200900066641,0,07,000,00,2,6,10,A01
200900066641,0,07,000,00,2,2,02,B01
200900066642,0,07,000,00,1,1,15,A01
200900066643,0,07,000,00,1,3,01,A01
200900066644,0,07,000,00,2,4,02,B01
200900066644,0,02,000,00,2,1,02,A01
200900066645,0,07,000,00,2,4,02,C01
200900066645,0,10,000,00,2,1,02,A01
200900066645,0,07,000,00,2,1,02,B01
200900066646,0,07,000,00,2,1,01,B01
200900066646,0,07,000,00,2,1,15,A01
200900066647,0,07,000,00,2,8,24,A01
200900066647,0,01,000,01,0,1,01,B01
200900066648,0,02,000,00,2,7,00,A01
200900066648,0,07,000,00,2,1,01,B01
200900066649,0,07,000,00,1,3,00,A01
200900066650,0,02,000,00,2,0,01,A01
200900066650,0,07,000,00,2,0,09,B01
200900066651,0,07,000,00,2,7,01,B01
200900066651,0,37,040,00,2,1,01,A01
200900066652,0,07,000,00,1,1,01,A01
200900066653,0,07,000,00,2,3,15,A01
200900066653,0,07,000,00,2,3,00,B01
200900066654,0,33,000,00,2,1,01,B01
200900066654,0,07,000,00,0,6,10,A01
200900066655,0,07,000,03,0,1,00,A01
200900066656,0,07,000,00,1,2,01,A01
200900066657,0,03,000,00,1,2,01,A01
200900066658,0,07,000,,2,2,01,B02
200900066658,0,07,000,00,2,6,01,A01
200900066659,0,30,000,14,,1,01,A01
200900066660,0,07,000,00,2,3,10,A01
200900066660,0,30,000,00,2,1,17,B01
200900066661,0,07,000,00,2,8,10,A01
200900066661,0,33,000,00,2,7,01,B01
200900066662,0,07,000,00,2,1,01,A01
200900066662,0,07,000,00,2,3,01,B01
200900066663,0,02,000,00,2,3,01,A01
200900066663,0,07,000,00,2,8,21,B01
200900066664,0,07,000,00,0,0,01,A01
200900066665,0,37,001,00,2,3,01,B01
200900066665,0,10,000,00,2,5,16,A01
200900066666,0,10,000,,,7,,A01
200900066666,0,07,000,,2,1,,B01
200900066667,0,07,000,02,0,8,01,A01
200900066668,0,07,000,06,0,3,01,A01
200900066669,0,07,000,16,0,1,01,A01
200900066670,0,07,000,08,0,1,17,A01
200900066671,0,10,000,00,2,1,13,A01
200900066671,0,07,000,00,2,1,01,B02
200900066672,0,07,000,02,0,8,17,A01
200900066673,0,07,000,00,2,7,15,A01
200900066673,0,33,000,00,2,1,17,B02
200900066674,0,33,000,00,2,1,01,B02
200900066674,0,36,000,00,2,0,00,A01
200900066675,0,07,000,00,2,3,01,B02
200900066675,0,07,000,00,2,3,13,A01
200900066676,0,07,000,13,0,2,01,A01
200900066677,0,07,000,00,2,3,13,A01
200900066677,0,07,000,00,2,3,01,B02
200900066678,0,07,000,13,0,3,19,A01
200900066679,0,14,000,00,9,3,01,B02
200900066679,0,01,000,00,2,1,13,A01
200900066680,0,30,000,01,0,1,01,A01
200900066681,0,07,000,13,0,1,16,A01
200900066682,0,07,000,00,2,1,15,B02
200900066682,0,01,000,00,0,0,01,A01
200900066683,0,07,000,00,2,3,13,B02
200900066683,0,07,000,00,2,1,21,C03
200900066683,0,07,000,00,2,3,01,A01
200900066684,0,07,000,06,0,2,01,A01
200900066685,0,07,000,00,2,1,00,A01
200900066685,0,07,000,00,2,3,15,B02
200900066686,0,07,000,04,0,1,01,A01
200900066687,0,02,000,07,0,1,01,A01
200900066688,0,07,000,00,0,1,11,A01
200900066689,0,14,000,00,1,8,15,A01
200900066690,0,33,000,00,2,1,01,A01
200900066691,0,07,000,15,0,7,01,A01
200900066692,0,10,000,00,2,3,01,B02
200900066692,0,07,000,00,2,8,16,A01
200900066693,0,07,000,00,2,1,01,A01
200900066693,0,02,000,00,2,1,15,B02
200900066694,0,07,000,00,2,1,01,C03
200900066694,0,10,000,00,2,2,01,A01
200900066694,0,07,000,13,2,6,01,B02
200900066695,0,07,000,00,2,1,15,A01
200900066695,0,07,000,00,2,2,01,B02
200900066696,0,07,000,00,2,8,19,A01
200900066696,0,07,000,00,2,1,01,B02
200900066697,0,07,000,00,2,3,00,B02
200900066697,0,07,000,00,2,6,13,A01
200900066698,0,07,000,00,2,1,01,B02