Num_Acc,senc,catv,occutc,obs,obsm,choc,manv,num_veh
200900068543,0,07,000,00,0,1,00,A01
200900068544,0,07,000,00,2,2,13,B01
200900068544,0,07,000,00,2,1,00,A01
200900068545,0,07,000,16,0,2,13,A01
200900068545,0,07,000,00,0,1,01,B01
200900068546,0,07,000,00,0,0,00,A01
200900068547,0,33,000,00,2,3,03,A01
200900068547,0,07,000,00,2,2,03,B01
200900068548,0,07,000,00,1,1,01,A01
200900068549,0,07,000,00,1,1,01,A01
200900068550,0,30,000,00,0,4,00,A01
200900068550,0,07,000,00,2,1,02,B01
200900068551,0,07,000,00,1,0,15,C01
200900068551,0,07,000,01,2,6,21,A01
200900068551,0,32,000,00,2,6,17,B01
200900068552,0,02,000,00,2,7,17,B01
200900068552,0,03,000,00,2,8,15,A01
200900068553,0,07,000,00,1,2,01,A01
200900068554,0,07,000,00,2,5,12,A01
200900068554,0,07,000,00,2,3,01,B01
200900068555,0,07,000,00,9,1,17,A01
200900068555,0,01,000,00,2,1,01,B01
200900068556,1,07,000,00,2,3,11,C01
200900068556,0,33,000,04,2,7,01,A01
200900068556,0,07,000,00,2,3,01,B01
200900068557,0,07,000,00,1,2,01,A01
200900068558,0,02,000,00,2,1,00,A01
200900068558,0,07,000,00,2,8,00,B01
200900068559,0,07,000,09,0,1,01,A01
200900068560,0,07,000,00,2,2,16,A01
200900068560,0,01,000,00,2,0,01,B01
200900068561,0,07,000,00,1,4,20,A01
200900068562,0,33,000,00,2,1,11,A01
200900068562,0,07,000,,2,1,01,A02
200900068563,0,07,000,13,0,0,14,A01
200900068564,0,07,000,00,2,6,16,A01
200900068564,0,31,000,00,2,8,16,B01
200900068565,0,07,000,00,1,1,01,A01
200900068566,0,17,000,00,2,7,17,B01
200900068566,0,07,000,04,2,8,01,A01
200900068567,0,07,000,00,2,1,01,B01
200900068567,0,07,000,00,2,1,00,A01
200900068568,0,07,000,00,2,4,01,B01
200900068568,0,37,001,00,2,1,01,A01
200900068568,0,07,000,00,2,4,02,C01
200900068569,0,07,000,00,2,3,01,C01
200900068569,0,33,000,00,2,1,01,A01
200900068569,0,10,000,00,2,6,02,B01
200900068570,0,07,000,00,2,1,01,A01
200900068570,0,07,000,00,2,4,23,B01
200900068571,0,30,000,03,2,1,02,A01
200900068571,0,10,000,00,2,5,02,B01
200900068572,0,07,000,00,2,3,01,B01
200900068572,0,33,000,00,2,1,13,A01
200900068573,0,03,000,00,1,4,04,A01
200900068574,0,31,000,00,0,7,06,A01
200900068575,0,07,000,00,2,2,01,A01
200900068576,0,07,000,00,2,3,15,A01
200900068576,0,30,000,00,2,1,17,B01
200900068577,0,07,000,00,2,1,01,B01
200900068577,0,07,000,00,2,7,10,A01
200900068578,0,07,000,00,2,1,13,A01
200900068578,0,07,000,00,2,1,01,B01
200900068579,0,07,000,15,0,1,01,A01
200900068580,0,30,000,00,0,0,01,A01
200900068581,0,15,000,02,0,8,01,A01
200900068582,0,07,000,02,2,4,01,B01
200900068582,0,07,000,00,2,1,01,A01
200900068583,0,07,000,00,2,3,15,B01
200900068583,0,30,000,00,2,1,01,A01
200900068584,0,33,000,00,2,1,11,A01
200900068584,0,07,000,06,2,3,15,B01
200900068585,0,07,000,05,2,1,01,A01
200900068585,0,07,000,00,2,3,01,B01
200900068586,0,07,000,01,0,1,13,A01
200900068587,0,37,102,02,1,2,01,A01
200900068588,0,01,000,00,2,0,00,B01
200900068588,0,17,000,00,2,1,01,A01
200900068589,0,07,000,02,2,1,15,A01
200900068589,0,02,000,00,2,5,01,B01
200900068590,0,07,000,00,1,2,01,A01
200900068591,0,07,000,00,2,8,01,A01
200900068591,0,33,000,00,2,7,12,B01
200900068592,0,40,000,00,2,0,01,B01
200900068592,0,07,000,00,4,2,00,A01
200900068593,0,07,000,02,2,3,15,A01
200900068593,0,31,000,12,2,0,13,B01
200900068594,0,02,000,09,2,1,05,A01
200900068594,0,07,000,00,2,2,01,B01
200900068595,0,37,027,00,2,1,00,B01
200900068595,0,07,000,00,2,1,13,A01
200900068596,0,07,000,05,0,1,01,A01
200900068597,0,07,000,00,2,2,23,C01
200900068597,0,07,000,00,2,7,05,A01
200900068597,0,07,000,00,2,1,23,B01
200900068598,0,07,000,00,2,5,01,F02
200900068598,0,07,000,03,2,2,01,D01
200900068598,0,07,000,00,2,1,01,H02
200900068598,0,07,000,03,2,6,01,B01
200900068598,0,07,000,00,2,3,01,E01
200900068598,0,07,000,03,2,6,01,A01
200900068598,0,07,000,03,0,1,00,C01
200900068598,0,07,000,00,2,4,01,G02
200900068599,0,07,000,04,2,1,01,A01
200900068599,0,07,000,12,0,6,01,B01
200900068600,0,07,000,09,0,7,01,A01
200900068601,0,02,000,00,0,0,01,A01
200900068602,0,07,000,00,0,1,02,A01
200900068602,0,07,000,00,9,4,02,B01
200900068603,0,07,000,00,1,1,01,A01
200900068604,0,07,000,00,0,3,01,A01
200900068605,0,07,000,00,0,3,00,A01
200900068605,0,34,000,00,2,1,01,B01
200900068606,0,07,000,00,0,9,02,B01
200900068606,0,07,000,00,0,9,02,D01
200900068606,0,07,000,00,0,9,02,A01
200900068606,0,07,000,00,0,9,02,C01
200900068607,0,33,000,14,2,1,01,B01
200900068607,0,07,000,00,9,3,19,A01
200900068608,0,02,000,00,2,2,01,A01
200900068608,0,07,000,00,2,3,15,B01
200900068609,0,07,000,04,0,3,00,A01
200900068610,0,07,000,00,2,3,00,A01
200900068610,2,32,000,00,2,1,00,B01
200900068611,0,07,000,00,2,1,09,A01
200900068611,0,37,001,00,0,4,01,B01
200900068612,0,10,000,06,2,2,01,B01
200900068612,0,07,000,00,2,1,19,A01
200900068613,0,33,000,08,2,3,01,B01
200900068613,0,07,000,00,2,2,14,A01
200900068614,0,30,000,00,0,8,01,A01
200900068615,0,07,000,00,2,3,05,A01
200900068615,0,07,000,00,2,3,01,B01
200900068616,1,07,000,00,1,1,02,A01
200900068617,0,10,000,12,1,7,16,A01
200900068618,0,07,000,00,0,0,15,A01
200900068618,0,07,000,15,0,1,02,B01
200900068619,0,07,000,12,0,1,01,A01
200900068620,0,07,000,00,2,1,02,A01
200900068620,0,10,000,00,2,4,02,B01
200900068620,0,07,000,00,2,9,02,C01
200900068621,0,01,000,09,2,7,01,B01
200900068621,0,07,000,09,2,1,01,A01
200900068622,0,07,000,00,1,1,02,A01
200900068623,0,30,000,00,2,1,00,A01
200900068623,0,07,000,00,2,2,00,B01
200900068624,0,07,000,00,0,6,00,B01
200900068624,0,07,000,00,0,1,17,A01
200900068625,0,07,000,00,2,4,00,A01
200900068625,0,07,000,00,2,2,00,B01
200900068625,0,07,000,00,2,1,00,C01
200900068626,1,07,000,00,1,2,00,A01
200900068627,0,02,000,14,0,0,01,A01
200900068628,0,07,000,00,1,3,01,A01
200900068629,0,07,000,00,2,2,19,B01
200900068629,0,30,000,00,2,1,17,A01
200900068630,0,07,000,00,1,1,00,A01
200900068631,0,07,000,00,0,5,04,A01
200900068631,0,07,000,00,0,6,00,B01
200900068632,0,07,000,00,2,0,10,A01
200900068632,0,32,000,00,2,7,17,B01
200900068633,0,02,000,00,2,3,15,A01
200900068633,1,07,000,00,2,3,01,B01
200900068634,0,32,000,00,2,1,01,A01
200900068634,0,07,000,00,2,3,09,B01
200900068635,0,07,000,09,0,3,02,A01
200900068636,0,33,000,00,0,4,23,B01
200900068636,0,07,000,00,0,3,02,A01
200900068637,0,07,000,00,2,3,15,A01
200900068637,0,30,000,00,2,8,01,B01
200900068638,2,07,000,00,0,3,15,A01
200900068638,0,07,000,00,0,2,01,B01
200900068639,0,07,000,00,1,3,01,A01
200900068640,0,10,000,00,0,3,02,B01
200900068640,0,07,000,00,0,1,00,A01
200900068641,0,32,000,00,0,7,01,B01
200900068641,0,07,000,00,0,8,13,A01
200900068642,0,02,000,00,0,8,01,B01
200900068642,0,10,000,00,2,2,12,A01
200900068643,0,07,000,15,0,1,00,A01
200900068644,0,07,000,00,1,1,01,A01
200900068645,0,02,000,00,2,2,17,A01
200900068645,0,07,000,00,0,3,15,B01
200900068646,0,07,000,00,1,1,00,A01
200900068647,0,31,000,00,0,8,01,B01
200900068647,0,07,000,00,0,0,09,A01
200900068648,0,07,000,00,1,4,04,A01
200900068649,0,32,000,00,2,3,10,B01
200900068649,1,33,000,00,0,0,00,A01
200900068650,0,07,000,00,1,3,01,A01
200900068651,0,07,000,12,0,1,02,A01
200900068652,0,02,000,00,2,1,01,B01
200900068652,0,07,000,00,2,1,09,A01
200900068653,0,07,000,01,0,1,02,A01
200900068654,0,30,000,00,2,8,01,B01
200900068654,1,07,000,00,2,2,15,A01
200900068655,0,07,000,00,1,2,01,A01
200900068656,0,02,000,00,0,3,03,A01
200900068656,0,07,000,00,0,8,01,B01
200900068657,0,33,000,00,2,2,01,B01
200900068657,0,33,000,00,2,5,15,A01
200900068658,0,07,000,00,0,0,00,B01
200900068658,0,99,000,01,0,1,00,A01
200900068659,0,30,000,00,2,1,01,B01
200900068659,0,07,000,00,2,3,09,A01
200900068660,0,10,000,00,2,1,01,A01
200900068660,0,10,000,00,2,7,01,B01
200900068661,0,07,000,00,2,3,03,A01
200900068661,0,07,000,00,2,3,01,B01
200900068662,0,07,000,00,2,3,09,A01
200900068662,0,33,000,00,2,2,17,B01
200900068663,0,07,000,00,2,2,15,A01
200900068663,0,07,000,00,2,7,01,B01
200900068664,2,07,000,00,2,1,01,A01
200900068664,0,07,000,00,0,3,00,B01
200900068664,0,10,000,00,0,4,00,C01
200900068665,0,07,000,00,1,1,21,A01
200900068666,0,07,000,00,1,6,02,B01
200900068666,0,07,000,00,0,2,02,A01
200900068667,0,02,000,00,2,6,01,B01
200900068667,0,07,000,00,2,3,15,A01
200900068668,1,07,000,00,1,1,02,A01
200900068669,1,07,000,00,1,4,04,A01
200900068670,0,07,000,00,2,3,20,A01
200900068670,0,32,000,00,2,1,01,B01
200900068671,0,01,000,00,2,1,09,B01
200900068671,0,07,000,00,2,2,12,A01
200900068672,0,30,000,00,2,7,00,B01
200900068672,0,07,000,00,2,1,15,A01
200900068673,0,30,000,15,0,1,15,A01
200900068674,0,07,000,00,1,3,15,A01
200900068675,0,07,000,00,2,3,00,A01
200900068675,0,32,000,00,2,1,01,B01
200900068676,0,07,000,00,1,3,01,A01
200900068677,0,07,000,00,1,1,00,A01
200900068678,0,07,000,00,1,0,00,A01
200900068679,0,07,000,00,0,0,00,B01
200900068679,0,07,000,00,0,0,00,A01
200900068680,0,07,000,03,0,2,14,A01
200900068681,0,10,000,00,2,1,01,B01
200900068681,0,07,000,00,2,1,05,A01
200900068682,0,07,000,00,0,1,00,A01
200900068683,0,33,000,00,1,7,02,A01
200900068684,0,02,000,00,0,1,02,B01
200900068684,0,07,000,00,0,4,02,A01
200900068685,0,07,000,14,2,1,02,A01
200900068685,0,07,000,00,0,4,02,B01
200900068686,0,07,000,00,2,2,01,A01
200900068686,0,33,000,00,2,8,01,B01
200900068687,0,07,000,00,1,1,01,A01
200900068688,0,34,000,00,1,3,01,A01
200900068689,0,07,000,00,2,7,17,A01
200900068689,0,37,001,00,2,3,16,B01
200900068690,0,07,000,00,0,0,00,A01
200900068691,0,31,000,09,2,1,21,A01
200900068691,0,07,000,04,2,2,00,B01
200900068692,0,31,000,00,2,8,16,A01
200900068692,0,07,000,00,9,8,00,B01
200900068693,0,07,000,00,2,1,01,B01
200900068693,0,13,000,00,2,4,23,A01
200900068694,0,07,000,00,2,7,01,B01
200900068694,0,10,000,00,2,8,01,A01
200900068695,0,07,000,00,1,8,01,A01
200900068696,1,07,000,00,1,0,00,A01
200900068697,0,07,000,00,2,7,01,A01
200900068697,0,07,000,00,2,7,01,B01
200900068698,0,33,000,00,0,2,01,B01
200900068698,0,07,000,00,2,6,11,A01
200900068699,0,10,000,04,0,2,01,A01
200900068700,0,07,000,01,1,8,00,A01
200900068700,0,10,000,00,0,7,00,B01
200900068701,0,07,000,04,0,1,00,A01
200900068702,0,07,000,00,0,5,12,A01
200900068702,0,33,000,00,2,1,03,B01
200900068703,0,07,000,00,0,5,02,C01
200900068703,0,33,000,00,2,3,03,A01
200900068703,0,07,000,00,0,6,02,B01
200900068704,0,07,000,00,1,0,01,B01
200900068704,0,31,000,04,0,8,00,A01
200900068705,0,07,000,03,0,0,01,A01
200900068706,1,07,000,00,2,3,11,A01
200900068706,0,33,000,00,0,4,02,B01
200900068707,0,07,000,04,0,1,00,A01
200900068708,0,07,000,00,0,2,01,A01
200900068709,0,07,000,00,0,4,01,B01
200900068709,0,07,000,00,2,1,01,A01
200900068710,0,07,000,00,2,2,12,A01
200900068710,0,07,000,00,2,3,02,B01
200900068711,0,07,000,00,0,0,02,B01
200900068711,0,07,000,00,2,4,02,A01
200900068712,0,07,000,00,0,1,02,A01
200900068713,0,07,000,00,0,1,00,A01
200900068713,0,07,000,00,0,1,00,B01
200900068714,0,07,000,00,2,3,01,B01
200900068714,0,07,000,00,2,2,01,A01
200900068715,0,14,000,00,1,0,01,A01
200900068716,0,32,000,00,2,1,01,A01
200900068716,0,07,000,00,0,4,01,B01
200900068717,0,33,000,01,0,1,01,A01
200900068718,0,07,000,00,2,3,01,B01
200900068718,0,07,000,00,2,2,10,A01
200900068719,0,07,000,00,1,1,02,A01
200900068719,0,34,000,00,1,1,02,B01
200900068720,0,07,000,00,0,0,00,A01
200900068721,0,01,000,00,0,6,03,A01
200900068721,0,07,000,00,0,2,01,B01
200900068722,0,07,000,00,1,1,00,A01
200900068723,0,07,000,00,0,2,02,A01
200900068723,0,07,000,00,0,6,15,B01
200900068724,0,10,000,00,2,1,02,A01
200900068724,0,07,000,00,2,4,02,B01
200900068725,0,02,000,00,2,1,17,A01
200900068725,0,07,000,00,0,6,15,B01
200900068726,0,07,000,00,0,4,02,C01
200900068726,0,07,000,00,2,1,02,A01
200900068726,0,07,000,00,2,4,02,B01
200900068727,0,02,000,00,0,2,01,A01
200900068728,0,33,000,00,1,1,00,A01
200900068729,0,30,000,01,0,8,01,A01
200900068730,0,07,000,00,1,1,02,A01
200900068731,0,31,000,00,2,0,13,A01
200900068732,0,07,000,00,2,5,12,A01
200900068732,0,34,000,00,2,3,18,B01
200900068733,0,33,000,00,2,1,02,B01
200900068733,0,10,000,00,2,6,04,A01
200900068734,0,02,000,00,2,1,01,B01
200900068734,0,07,000,00,2,2,15,A01
200900068735,0,07,000,00,1,1,01,A01
200900068736,0,02,000,15,0,0,00,A01
200900068737,0,07,000,00,0,1,19,A01
200900068737,0,34,000,00,0,8,19,B01
200900068738,0,07,000,00,2,3,15,A01
200900068738,0,33,000,00,2,3,01,B01
200900068739,0,07,000,00,0,3,15,A01
200900068739,0,02,000,00,2,1,00,B01
200900068740,0,34,000,00,9,2,00,A01
200900068741,0,07,000,00,0,1,11,A01
200900068741,0,30,000,00,2,1,02,B01
200900068742,0,02,000,00,2,1,14,A01
200900068742,0,07,000,00,2,2,01,B01
200900068743,0,07,000,00,2,4,01,B01
200900068743,0,31,000,00,2,1,01,A01
200900068744,0,07,000,09,0,1,01,A01
200900068745,0,07,000,00,2,2,01,B01
200900068745,0,07,000,00,2,3,01,A01
200900068746,0,07,000,00,2,3,15,A01
200900068746,0,02,000,00,2,1,17,B01
200900068747,0,07,000,00,2,8,11,A01
200900068747,0,30,000,00,2,1,17,B01
200900068748,0,32,000,00,2,7,21,B01
200900068748,0,07,000,00,2,1,15,A01
200900068749,0,33,000,00,0,5,00,B01
200900068749,0,07,000,00,2,0,00,A01
200900068750,0,07,000,00,0,4,02,A01
200900068750,0,07,000,00,0,1,02,B01
200900068751,0,33,000,00,2,2,00,B01
200900068751,0,07,000,00,2,2,00,A01
200900068752,0,07,000,00,1,1,15,A01
200900068753,0,02,000,00,0,7,00,A01
200900068754,0,07,000,00,0,1,00,A01
200900068754,0,07,000,00,0,4,00,B01
200900068755,0,01,000,00,0,0,00,A01
200900068755,0,01,000,00,0,0,00,B01
200900068756,0,07,000,00,2,3,02,B01
200900068756,0,33,000,00,2,4,16,A01
200900068757,0,31,000,00,0,6,13,A01
200900068757,0,07,000,00,0,3,02,B01
200900068758,1,07,000,00,0,0,00,A01
200900068759,0,07,000,00,0,1,00,A01
200900068760,0,07,000,06,0,3,02,A01
200900068761,0,07,000,00,1,1,00,A01
200900068762,0,07,000,00,0,4,02,B01
200900068762,0,10,000,00,0,1,02,A01
200900068763,0,07,000,00,0,0,00,A01
200900068764,0,32,000,00,2,7,01,B01
200900068764,0,07,000,00,2,8,15,A01
200900068765,0,07,000,00,1,0,00,A01
200900068766,0,10,000,00,2,7,10,A01
200900068766,0,33,000,00,2,1,01,B01
200900068767,0,33,000,00,2,7,02,A01
200900068767,0,07,000,00,2,6,02,B01
200900068768,0,07,000,00,0,2,00,A01
200900068769,0,07,000,00,2,1,02,B01
200900068769,0,10,000,00,0,4,02,C01
200900068769,0,07,000,00,2,3,02,A01
200900068770,0,07,000,12,0,3,14,A01
200900068771,0,33,000,00,1,2,01,A01
200900068771,0,07,000,00,2,8,02,B01
200900068772,0,07,000,00,2,7,12,A01
200900068772,0,32,000,00,2,1,01,B01
200900068773,0,33,000,12,0,0,00,A01
200900068774,0,07,000,00,0,4,02,A01
200900068774,0,07,000,00,0,1,02,B01
200900068775,0,99,000,00,2,1,19,A01
200900068775,0,07,000,00,2,7,19,B01
200900068776,0,07,000,09,0,3,00,A01
200900068776,0,07,000,00,0,7,00,B01
200900068777,0,07,000,00,2,1,02,A01
200900068777,0,07,000,00,2,4,23,B01
200900068778,0,07,000,00,2,1,02,B01
200900068778,0,07,000,00,2,4,02,A01
200900068779,0,07,000,00,2,5,12,A01
200900068779,0,07,000,00,2,3,02,B01
200900068780,0,07,000,00,2,6,02,A01
200900068780,0,30,000,00,2,1,02,B01
200900068781,0,07,000,00,2,1,02,A01
200900068781,0,07,000,00,2,4,02,B01
200900068781,0,10,000,00,2,8,09,C01
200900068782,0,33,000,00,2,7,17,B01
200900068782,0,07,000,00,2,6,11,A01
200900068783,0,07,000,00,2,6,01,A01
200900068783,0,07,000,08,2,2,02,B01
200900068784,0,07,000,00,0,6,02,A01
200900068785,0,07,000,00,0,3,01,B01
200900068785,0,07,000,00,0,2,01,A01
200900068786,0,07,000,00,1,1,15,A01
200900068787,0,07,000,00,1,2,01,A01
200900068788,0,07,000,06,0,2,15,A01
200900068789,0,07,000,01,0,1,02,A01
200900068790,0,07,000,08,1,1,00,A01
200900068791,0,07,000,00,2,1,11,A01
200900068791,0,07,000,00,0,4,02,B01
200900068792,0,07,000,00,2,8,10,A01
200900068792,0,07,000,00,2,2,01,B01
200900068793,0,07,000,00,1,1,02,A01
200900068794,0,30,000,00,0,1,01,A01
200900068795,0,30,000,00,0,0,01,A01
200900068796,0,34,000,00,2,7,01,A01
200900068796,0,07,000,00,2,1,09,B01
200900068797,0,34,000,00,2,3,15,B01
200900068797,0,07,000,00,2,2,15,A01
200900068798,0,33,000,00,2,1,02,A01
200900068798,0,07,000,00,2,6,02,B01
200900068799,0,07,000,00,2,2,01,B01
200900068799,0,07,000,00,2,7,01,A01
200900068800,0,07,000,00,1,3,02,A01
200900068801,0,07,000,00,2,1,02,A01
200900068801,0,07,000,00,0,4,23,B01
200900068802,0,32,000,00,0,8,02,A01
200900068803,0,10,000,00,1,3,02,A01
200900068804,0,07,000,00,0,1,00,A01
200900068805,0,07,000,00,0,2,00,A01
200900068806,0,07,000,00,2,8,15,A01
200900068806,0,32,000,00,2,5,01,B01
200900068807,0,07,000,00,2,4,02,B01
200900068807,0,07,000,00,2,4,02,A01
200900068807,0,07,000,00,2,4,02,C01
200900068808,0,07,000,01,0,9,21,A01
200900068809,0,31,000,12,0,1,02,A01
200900068810,0,07,000,00,2,8,00,B01
200900068810,0,07,000,00,2,1,00,A01
200900068811,0,10,000,00,9,5,00,A01
200900068811,0,37,000,00,2,0,07,B01
200900068812,0,30,000,00,2,0,00,A01
200900068812,1,07,000,00,2,2,02,B01
200900068813,0,07,000,00,1,7,01,A01
200900068814,0,07,000,00,0,3,02,A01
200900068814,0,32,000,00,0,5,02,B01
200900068815,0,07,000,12,0,1,01,A01
200900068816,0,02,000,01,2,1,03,B01
200900068816,0,07,000,00,0,3,02,A01
200900068817,0,07,000,00,0,2,01,B01
200900068818,1,07,000,00,1,0,00,A01
200900068819,0,07,000,00,0,0,00,A01
200900068819,0,07,000,00,0,0,00,B01
200900068820,0,07,000,00,2,1,02,A01
200900068820,0,07,000,00,0,4,02,B01
200900068821,0,33,000,00,2,9,03,A01
200900068821,0,07,000,00,2,8,02,B01
200900068822,0,07,000,01,0,8,02,B01
200900068822,0,07,000,00,2,1,01,A01
200900068823,0,37,000,00,1,2,01,A01
200900068824,0,33,000,00,0,1,02,A01
200900068824,0,01,000,00,0,4,02,B01
200900068825,0,30,000,02,2,1,18,A01
200900068825,0,07,000,00,9,4,20,B01
200900068826,0,07,000,00,2,1,01,A01
200900068826,0,07,000,00,2,4,01,B01
200900068827,0,07,000,00,9,2,02,A01
200900068827,0,01,000,00,2,0,02,B01
200900068828,0,10,000,00,1,1,01,A01
200900068829,0,10,000,00,1,7,01,A01
200900068830,0,34,000,00,2,1,02,B01
200900068830,0,07,000,00,2,1,15,A01
200900068831,0,07,000,02,0,8,00,A01
200900068832,0,37,000,00,1,2,02,A01
200900068833,0,07,000,00,2,3,01,B01
200900068833,0,07,000,00,2,3,01,A01
200900068833,0,14,000,00,2,5,01,C01
200900068834,0,99,000,00,0,7,01,B01
200900068834,0,07,000,00,2,1,01,A01
200900068835,0,07,000,00,2,2,02,A01
200900068835,0,07,000,00,2,6,02,B01
200900068836,0,07,000,11,0,1,06,A01
200900068837,0,07,000,00,1,1,01,A01
200900068838,1,07,000,00,2,0,00,A01
200900068838,0,02,000,00,2,8,00,B01
200900068839,0,07,000,00,1,1,01,A01
200900068840,0,07,000,01,0,1,02,A01
200900068841,0,07,000,00,2,7,12,A01
200900068841,0,32,000,00,2,8,02,B01
200900068842,0,07,000,00,2,3,11,A01
200900068842,0,30,000,00,2,2,02,B01
200900068843,2,07,000,00,1,3,01,A01
200900068844,0,13,000,00,1,1,00,A01
200900068845,0,07,000,00,1,6,04,A01
200900068846,0,33,000,01,2,2,00,B01
200900068846,0,07,000,00,2,2,00,A01
200900068847,0,07,000,00,1,7,01,A01
200900068848,0,07,000,00,1,2,02,A01
200900068849,0,30,000,00,2,3,02,A01
200900068849,0,07,000,00,2,3,15,B01
200900068850,0,07,000,00,2,4,23,B01
200900068850,0,14,000,00,2,1,02,A01
200900068850,0,07,000,00,2,4,23,C01
200900068850,0,07,000,00,0,4,23,D01
200900068851,0,33,000,00,2,8,02,A01
200900068851,0,07,000,00,2,2,16,B01
200900068852,0,33,000,16,0,1,21,A01
200900068853,0,07,000,00,1,3,21,A01
200900068854,0,07,000,00,1,4,04,A01
200900068855,1,07,000,00,1,1,00,A01
200900068856,0,07,000,00,2,9,02,B01
200900068856,0,07,000,00,2,1,02,C01
200900068856,0,07,000,00,2,4,02,A01
200900068857,0,30,000,00,2,8,00,A01
200900068857,0,07,000,00,2,7,12,B01
200900068858,0,07,000,00,0,0,00,B01
200900068858,0,30,000,00,0,0,00,A01
200900068859,0,07,000,00,2,1,02,A01
200900068859,0,07,000,00,2,3,02,B01
200900068860,0,07,000,00,0,1,15,B01
200900068860,0,33,000,00,2,7,13,A01
200900068861,0,32,000,00,1,1,00,A01
200900068862,0,07,000,00,2,4,01,A01
200900068862,0,07,000,00,2,1,01,B01
200900068862,0,07,000,00,2,1,01,C01
200900068863,0,07,000,00,2,2,15,A01
200900068863,0,33,000,00,2,1,01,B01
200900068864,0,07,000,00,1,4,04,A01
200900068865,0,07,000,00,2,8,01,B01
200900068865,0,07,000,00,2,1,01,A01
200900068866,0,33,000,00,2,1,02,A01
200900068866,1,07,000,00,2,0,00,B01
200900068867,0,10,000,00,2,1,01,A01
200900068867,0,07,000,00,2,3,15,B01
200900068868,0,14,000,00,1,3,00,A01
200900068869,0,07,000,00,2,7,10,A01
200900068869,0,32,000,00,2,1,01,B01
200900068870,0,02,000,00,2,1,01,A01
200900068870,0,07,000,00,2,1,01,B01
200900068871,0,07,000,01,5,3,02,A01
200900068872,0,07,000,00,0,4,23,C01
200900068872,1,07,000,00,2,1,02,A01
200900068872,0,07,000,00,2,4,23,B01
200900068873,1,07,000,00,2,1,00,A01
200900068873,0,34,000,00,0,7,01,B01
200900068874,0,32,000,00,1,1,01,A01
200900068875,0,07,000,00,1,2,01,A01
200900068876,0,07,000,00,1,7,02,A01
200900068877,0,07,000,00,2,1,01,B01
200900068877,0,07,000,00,2,2,01,A01
200900068878,0,07,000,00,2,2,17,A01
200900068878,0,07,000,00,2,1,15,B01
200900068879,1,07,000,00,2,4,02,C01
200900068879,0,07,000,00,2,4,02,B01
200900068879,0,37,002,00,2,2,02,A01
200900068880,0,07,000,00,0,0,01,B01
200900068880,0,07,000,00,2,1,02,A01
200900068881,0,07,000,01,0,1,00,A01
200900068882,0,07,000,00,2,1,01,A01
200900068882,0,32,000,00,2,4,15,B01
200900068883,0,07,000,00,1,1,00,A01
200900068884,0,07,000,00,1,7,01,A01
200900068885,0,30,000,00,2,9,02,A01
200900068885,0,07,000,00,0,2,02,B01
200900068886,0,07,000,00,2,1,01,A01
200900068886,0,33,000,00,2,1,01,B01
200900068887,0,07,000,00,9,4,02,B01
200900068887,0,33,000,00,2,1,03,A01
200900068888,0,07,000,00,2,7,15,A01
200900068888,0,33,000,00,2,1,01,B01
200900068889,0,07,000,00,2,1,01,B01
200900068889,0,34,000,00,2,1,01,A01
200900068890,0,07,000,00,1,1,01,A01
200900068891,0,07,000,00,2,8,01,B01
200900068891,0,02,000,00,2,1,01,A01
200900068892,0,07,000,00,1,3,02,A01
200900068893,0,07,000,00,2,7,15,A01
200900068893,0,07,000,00,2,1,01,B01
200900068894,0,34,000,00,2,3,01,B01
200900068894,1,07,000,00,2,1,01,A01
200900068895,0,07,000,01,1,2,02,A01
200900068896,0,10,000,00,2,6,23,B01
200900068896,0,30,000,00,2,1,01,A01
200900068897,0,07,000,00,2,3,09,A01
200900068897,0,07,000,00,2,7,00,B01
200900068898,0,32,000,14,0,8,17,B01
200900068898,0,07,000,00,0,0,15,A01
200900068899,0,07,000,00,1,3,09,A01
200900068900,0,01,000,00,2,8,00,B01
200900068900,0,07,000,00,0,3,15,A01
200900068901,0,07,000,00,0,9,00,A01
200900068902,0,07,000,00,1,1,10,A01
200900068903,0,07,000,00,0,2,15,A01
200900068903,0,07,000,00,0,1,01,B01
200900068904,0,13,000,00,0,3,15,A01
200900068904,0,32,000,00,0,1,02,B01
200900068905,0,07,000,00,0,0,00,B01
200900068905,0,13,000,00,0,0,00,A01
200900068905,0,07,000,00,0,0,00,C01
200900068906,0,07,000,00,9,5,24,C01
200900068906,0,30,000,00,2,3,18,A01
200900068906,0,07,000,00,9,2,02,B01
200900068907,0,30,000,00,0,8,02,A01
200900068907,0,07,000,00,0,7,01,B01
200900068908,1,07,000,00,1,0,00,A01
200900068909,0,32,000,00,0,1,00,A01
200900068910,0,07,000,00,2,2,00,C01
200900068910,0,02,000,01,0,1,00,A01
200900068910,0,07,000,00,2,3,00,B01
200900068911,0,37,001,00,0,3,01,A01
200900068911,0,15,000,00,0,2,00,B01
200900068912,0,07,000,06,0,1,01,A01
200900068913,0,07,000,00,0,1,00,A01
200900068914,0,02,000,00,2,1,01,B01
200900068914,0,07,000,00,2,1,10,A01
200900068915,1,32,000,00,1,1,01,A01
200900068916,0,33,000,00,2,7,01,B01
200900068916,0,07,000,00,2,3,01,A01
200900068917,0,07,000,00,0,1,17,A01