Num_Acc,senc,catv,occutc,obs,obsm,choc,manv,num_veh
200900069279,0,07,000,00,2,2,01,B01
200900069280,0,31,000,00,2,2,01,A01
200900069280,0,99,000,00,2,6,01,B01
200900069281,0,07,000,04,0,3,01,A01
200900069282,0,07,000,00,2,3,00,B01
200900069282,1,07,000,00,2,0,00,A01
200900069283,0,02,000,01,0,4,01,A01
200900069284,1,07,000,00,1,1,01,A01
200900069285,0,33,000,00,0,4,02,A01
200900069285,0,07,000,00,2,1,02,B01
200900069286,1,07,000,00,2,1,01,B01
200900069286,0,07,000,00,2,8,15,A01
200900069287,0,07,000,00,1,2,01,A01
200900069288,0,07,000,00,1,1,02,A01
200900069289,0,07,000,00,2,1,00,A01
200900069289,0,32,000,00,1,8,01,B01
200900069290,0,07,000,00,1,3,01,A01
200900069291,0,32,000,00,2,1,00,B01
200900069291,1,07,000,00,2,0,00,A01
200900069292,1,07,000,00,2,1,00,A01
200900069292,0,33,000,01,2,9,00,B01
200900069293,0,32,000,00,2,0,02,A01
200900069293,0,07,000,00,0,0,11,B01
200900069294,0,07,000,00,9,1,01,B01
200900069294,0,01,000,00,2,7,19,A01
200900069295,0,33,000,12,2,1,01,A01
200900069295,0,07,000,00,2,7,00,B01
200900069296,0,07,000,00,0,4,02,B01
200900069296,0,07,000,00,2,1,02,A01
200900069297,0,07,000,00,0,0,00,A01
200900069298,0,32,000,00,0,6,01,B01
200900069298,0,33,000,00,2,1,01,A01
200900069299,0,07,000,00,1,5,01,A01
200900069300,1,07,000,00,0,0,00,A01
200900069300,0,01,000,00,2,0,00,B01
200900069301,0,07,000,00,1,3,01,A01
200900069302,0,07,000,00,2,1,15,A01
200900069302,0,07,000,00,2,1,01,B01
200900069303,0,07,000,00,2,7,09,A01
200900069303,0,31,000,00,2,1,02,B01
200900069304,0,07,000,00,0,1,02,A01
200900069304,0,07,000,00,0,4,23,B01
200900069305,0,07,000,08,0,7,01,A01
200900069305,0,07,000,00,2,1,01,B01
200900069306,0,07,000,00,1,7,02,A01
200900069307,0,07,000,00,2,3,00,A01
200900069307,0,31,000,00,2,8,21,B01
200900069308,0,32,000,00,0,3,01,A01
200900069309,0,30,000,00,2,4,02,B01
200900069309,0,30,000,00,2,1,02,A01
200900069310,0,01,000,00,2,3,19,B01
200900069310,0,07,000,00,9,2,01,A01
200900069311,0,07,000,01,2,1,17,B01
200900069311,0,07,000,01,2,8,15,A01
200900069312,0,32,000,00,2,1,01,A01
200900069312,0,07,000,00,2,3,10,B01
200900069313,0,07,000,01,2,9,17,A01
200900069313,0,07,000,01,2,8,01,B01
200900069313,0,07,000,00,2,1,01,C01
200900069314,0,01,000,00,2,5,01,B01
200900069314,0,07,000,00,9,2,09,A01
200900069315,0,07,000,00,0,0,00,A01
200900069315,0,07,000,00,0,0,00,B01
200900069316,0,30,000,00,1,1,03,A01
200900069317,0,07,000,00,2,1,00,A01
200900069317,0,30,000,00,2,1,00,B01
200900069318,0,30,000,00,1,1,01,A01
200900069319,0,10,000,00,1,1,02,A01
200900069320,1,07,000,00,1,2,01,A01
200900069321,0,02,000,00,1,1,03,A01
200900069322,0,07,000,00,0,1,09,A01
200900069322,0,01,000,00,2,7,01,B01
200900069323,0,07,000,00,2,2,15,A01
200900069323,0,07,000,00,2,1,01,B01
200900069324,0,07,000,00,2,3,17,A01
200900069324,0,34,000,00,2,3,01,B01
200900069325,0,33,000,00,2,2,11,B01
200900069325,0,07,000,00,2,6,11,A01
200900069326,0,33,000,00,0,0,06,A01
200900069327,0,02,000,00,1,7,01,A01
200900069328,0,07,000,00,2,6,10,A01
200900069328,0,07,000,00,2,2,02,B01
200900069329,0,07,000,00,1,3,00,A01
200900069330,0,07,000,00,1,8,00,A01
200900069331,0,07,000,02,2,3,01,A01
200900069331,0,07,000,00,2,3,00,B01
200900069332,0,07,000,00,2,2,15,A01
200900069332,1,33,000,00,2,1,01,B01
200900069333,0,07,000,00,2,1,01,B01
200900069333,0,07,000,00,2,7,01,A01
200900069334,0,07,000,00,0,1,15,B01
200900069334,0,32,000,00,2,7,17,A01
200900069335,0,07,000,00,2,1,01,B01
200900069335,0,30,000,00,2,8,01,A01
200900069336,0,07,000,00,2,1,01,A01
200900069336,0,07,000,00,2,7,00,B01
200900069337,0,07,000,00,1,2,01,A01
200900069338,0,07,000,00,1,8,00,A01
200900069339,0,07,000,00,9,8,01,B01
200900069339,0,33,000,00,2,8,05,A01
200900069340,0,07,000,00,2,4,23,C01
200900069340,0,07,000,14,0,1,02,A01
200900069340,0,07,000,14,2,9,23,B01
200900069341,0,07,000,00,1,1,00,A01
200900069342,0,02,000,00,0,3,01,A01
200900069343,0,99,000,00,2,1,01,A01
200900069343,0,07,000,00,9,2,15,B01
200900069344,1,07,000,00,0,0,00,B01
200900069344,0,07,000,00,2,3,00,A01
200900069345,0,07,000,00,1,7,00,A01
200900069346,0,07,000,12,2,6,02,A01
200900069346,0,14,000,00,2,3,01,B01
200900069347,0,31,000,00,2,4,02,B01
200900069347,1,07,000,00,2,1,02,A01
200900069348,0,07,000,08,2,7,01,A01
200900069348,0,07,000,08,2,1,01,B01
200900069349,0,07,000,00,2,1,01,A01
200900069349,0,30,000,00,2,7,09,B01
200900069350,0,02,000,00,2,1,01,B01
200900069350,0,10,000,00,9,7,01,A01
200900069351,0,07,000,00,0,8,13,B01
200900069351,0,33,000,00,0,7,01,A01
200900069352,0,07,000,03,0,6,02,A01
200900069353,0,32,000,00,0,2,17,B01
200900069353,0,07,000,01,0,6,13,A01
200900069354,0,07,000,00,2,4,02,C01
200900069354,1,07,000,00,2,1,02,D01
200900069354,0,07,000,00,2,4,02,B01
200900069354,0,07,000,00,0,4,02,A01
200900069355,0,30,000,00,0,0,01,A01
200900069356,0,07,000,00,0,0,02,B01
200900069356,0,07,000,00,2,1,02,A01
200900069356,0,07,000,00,2,4,02,D01
200900069356,0,07,000,00,2,1,02,C01
200900069357,0,07,000,00,2,7,10,A01
200900069357,0,37,040,00,2,3,01,B01
200900069358,0,37,001,00,2,8,00,A01
200900069358,0,07,000,00,2,1,01,B01
200900069359,1,07,000,00,2,4,11,B01
200900069359,0,30,000,00,2,1,01,A01
200900069360,0,33,000,00,0,0,00,A01
200900069360,0,07,000,00,0,0,00,B01
200900069361,0,07,000,00,1,2,00,A01
200900069362,0,33,000,00,0,8,01,A01
200900069362,1,07,000,00,2,2,00,B01
200900069363,0,07,000,00,1,1,11,A01
200900069364,0,02,000,00,0,1,01,B01
200900069364,0,07,000,00,0,2,15,A01
200900069365,0,07,000,08,0,1,01,A01
200900069366,0,07,000,00,2,8,01,B01
200900069366,0,07,000,00,0,6,01,C01
200900069366,0,02,000,00,2,1,17,A01
200900069367,0,07,000,00,1,1,00,A01
200900069368,0,30,000,00,2,2,21,A01
200900069368,0,10,000,00,0,0,02,B01
200900069369,0,07,000,00,2,1,23,B01
200900069369,0,07,000,01,0,1,05,A01
200900069369,0,07,000,01,2,1,23,C01
200900069370,0,01,000,00,0,0,00,B01
200900069370,0,10,000,00,9,2,17,A01
200900069371,0,07,000,00,9,1,02,A01
200900069372,0,07,000,00,0,0,02,A01
200900069373,0,07,000,00,0,3,14,C01
200900069373,0,07,000,00,0,2,17,A01
200900069373,0,07,000,00,0,6,15,B01
200900069374,0,07,000,08,0,1,01,A01
200900069375,0,34,000,00,0,1,00,B01
200900069375,0,07,000,00,0,1,00,A01
200900069376,0,07,000,00,2,6,17,B01
200900069376,0,33,000,01,2,1,17,A01
200900069377,0,99,000,00,1,1,00,A01
200900069378,0,07,000,00,1,2,01,A01
200900069379,0,10,000,00,0,0,09,B01
200900069379,0,34,000,00,0,0,00,A01
200900069380,0,07,000,00,2,3,01,A01
200900069380,0,07,000,00,2,1,10,B01
200900069381,0,07,000,11,0,2,01,A01
200900069382,0,07,000,00,2,1,01,B01
200900069382,0,07,000,00,2,2,15,A01
200900069383,0,30,000,00,2,0,00,A01
200900069383,0,07,000,01,0,1,01,B01
200900069384,1,30,000,00,0,1,01,A01
200900069385,0,07,000,00,2,1,15,A01
200900069385,0,33,000,00,2,2,01,B01
200900069386,0,07,000,00,0,7,01,A01
200900069386,0,32,000,00,0,8,01,B01
200900069387,0,30,000,00,0,0,00,A01
200900069387,0,07,000,00,0,0,00,B01
200900069388,0,07,000,09,0,2,15,A01
200900069389,0,07,000,00,1,3,15,A01
200900069390,0,07,000,00,0,1,01,A01
200900069391,0,01,000,00,2,7,06,B01
200900069391,0,07,000,00,9,1,01,A01
200900069392,0,01,000,00,2,1,01,A01
200900069392,0,10,000,00,2,8,19,B01
200900069393,0,07,000,00,2,1,15,B01
200900069393,0,03,000,00,0,0,00,A01
200900069394,0,07,000,00,9,7,11,A01
200900069394,0,33,000,00,2,8,00,B01
200900069395,0,07,000,00,0,5,00,C01
200900069395,0,07,000,00,0,5,00,B01
200900069395,0,07,000,00,0,1,00,A01
200900069396,0,07,000,00,1,2,19,A01
200900069397,0,07,000,00,0,0,00,A01
200900069397,0,34,000,00,0,0,00,B01
200900069398,0,07,000,00,2,2,10,A01
200900069398,0,02,000,00,2,1,01,B01
200900069399,0,07,000,00,2,3,10,B01
200900069399,0,07,000,15,2,2,01,A01
200900069400,0,34,000,00,2,8,01,B01
200900069400,0,10,000,00,2,1,15,A01
200900069401,0,07,000,00,2,7,01,B01
200900069401,0,07,000,06,0,2,01,A01
200900069402,0,30,000,00,2,3,18,A01
200900069402,0,10,000,00,0,2,12,B01
200900069403,0,07,000,00,1,1,01,A01
200900069404,0,30,000,00,2,1,01,A01
200900069404,0,07,000,00,2,1,10,B01
200900069405,0,07,000,00,0,2,00,B01
200900069405,0,31,000,00,0,6,00,A01
200900069406,0,07,000,08,0,1,06,A01
200900069407,0,07,000,00,0,7,02,A01
200900069408,0,07,000,06,2,3,01,B01
200900069408,0,07,000,00,2,2,01,A01
200900069409,0,07,000,00,2,7,16,B01
200900069409,0,30,000,00,2,1,02,A01
200900069410,1,07,000,00,0,0,01,A01
200900069410,0,02,000,00,0,1,01,B01
200900069411,0,07,000,00,0,1,00,B01
200900069411,0,07,000,00,0,7,00,A01
200900069412,0,07,000,00,1,7,01,A01
200900069413,0,10,000,00,2,3,15,B01
200900069413,0,33,000,00,2,1,17,A01
200900069414,0,07,000,00,2,3,00,A01
200900069414,0,07,000,00,2,2,16,B01
200900069415,0,07,000,00,2,2,01,B01
200900069415,0,02,000,00,2,3,18,A01
200900069416,0,07,000,00,0,4,02,A01
200900069416,0,07,000,00,2,1,02,B01
200900069417,0,01,000,00,0,0,00,B01
200900069417,1,07,000,00,0,0,00,A01
200900069418,0,07,000,00,2,5,15,A01
200900069418,0,33,000,00,2,1,01,B01
200900069419,0,30,000,00,2,1,01,A01
200900069419,0,07,000,00,2,1,16,B01
200900069420,0,07,000,00,2,1,01,B01
200900069420,0,07,000,07,2,8,20,A01
200900069421,0,07,000,00,1,0,00,A01
200900069422,0,07,000,01,1,2,21,A01
200900069423,0,14,000,00,0,2,01,A01
200900069423,0,38,001,08,2,8,01,B01
200900069424,0,07,000,00,1,0,01,A01
200900069425,0,07,000,00,2,8,01,B01
200900069425,0,07,000,00,2,1,01,A01
200900069426,0,30,000,00,2,1,01,A01
200900069426,0,07,000,00,2,3,15,B01
200900069427,0,03,000,00,2,7,15,A01
200900069427,0,07,000,00,2,1,01,B01
200900069428,0,07,000,00,2,4,23,B01
200900069428,0,07,000,00,2,2,01,A01
200900069429,0,07,000,00,1,1,01,A01
200900069430,0,07,000,00,2,2,15,A01
200900069430,0,07,000,00,2,8,01,B01
200900069431,0,07,000,00,1,8,15,A01
200900069432,0,32,000,00,2,1,01,B01
200900069432,0,07,000,00,9,7,16,A01
200900069433,0,07,000,00,2,7,01,A01
200900069433,0,07,000,00,2,5,04,B01
200900069434,0,07,000,00,0,3,01,A01
200900069434,0,30,000,00,0,7,00,B01
200900069435,0,07,000,00,0,3,15,A01
200900069436,0,07,000,00,2,3,10,A01
200900069436,0,07,000,00,2,3,00,B01
200900069437,0,07,000,00,0,0,00,B01
200900069437,0,07,000,00,0,0,00,A01
200900069438,0,07,000,00,2,8,23,A01
200900069438,0,32,000,00,2,1,02,B01
200900069439,0,07,000,00,2,8,14,A01
200900069440,0,07,000,00,1,1,01,A01
200900069441,0,07,000,08,0,0,01,A01
200900069442,0,07,000,00,1,4,04,A01
200900069443,0,07,000,00,1,4,04,A01
200900069444,0,07,000,01,0,3,00,C01
200900069444,0,07,000,01,0,1,13,A01
200900069444,0,07,000,00,0,6,00,B01
200900069445,0,33,000,00,0,1,01,B01
200900069445,0,07,000,00,0,2,10,A01
200900069446,0,07,000,00,2,1,02,A01
200900069446,0,07,000,00,2,4,02,B01
200900069447,0,07,000,00,0,1,01,B01
200900069447,0,07,000,00,0,2,09,A01
200900069448,1,07,000,00,0,0,00,A01
200900069449,0,07,000,00,0,4,02,B01
200900069449,0,07,000,00,2,1,02,A01
200900069450,0,07,000,00,2,3,13,A01
200900069450,0,02,000,00,0,5,17,B01
200900069451,0,07,000,00,2,2,02,A01
200900069451,0,07,000,00,2,1,15,B01
200900069452,0,07,000,00,2,4,02,B01
200900069452,0,17,000,00,2,1,02,A01
200900069453,0,13,000,00,2,8,15,A01
200900069453,0,31,000,00,2,3,01,B01
200900069454,0,07,000,00,0,0,00,A01
200900069455,0,07,000,01,2,9,01,A01
200900069455,0,07,000,00,2,2,01,B01
200900069456,0,07,000,00,0,4,02,C01
200900069456,0,07,000,00,2,1,01,A01
200900069456,0,07,000,00,2,4,02,B01
200900069457,0,10,000,00,2,4,23,B01
200900069457,0,33,000,00,2,1,02,A01
200900069458,0,37,000,00,1,6,02,A01
200900069459,0,07,000,00,1,1,02,A01
200900069460,0,07,000,08,0,8,02,A01
200900069461,0,07,000,00,2,3,02,A01
200900069461,0,07,000,00,0,5,01,B01
200900069462,0,34,000,00,0,8,02,A01
200900069463,0,07,000,00,2,2,15,A01
200900069463,0,30,000,00,2,3,01,B01
200900069464,0,40,000,00,2,2,01,B01
200900069464,0,02,000,00,4,3,01,A01
200900069465,0,15,000,00,2,2,01,B01
200900069465,0,07,000,00,2,3,01,A01
200900069466,0,07,000,00,1,2,02,A01
200900069467,0,33,000,00,1,4,02,A01
200900069467,0,07,000,00,2,1,01,B01
200900069468,0,34,000,00,2,3,21,B01
200900069468,0,07,000,00,2,3,09,A01
200900069469,0,07,000,00,1,2,09,A01
200900069470,0,07,000,00,2,4,00,A01
200900069470,0,30,000,00,2,1,02,B01
200900069471,0,07,000,01,0,1,01,A01
200900069471,0,07,000,00,0,3,02,B01
200900069472,0,07,000,00,2,3,11,A01
200900069472,0,30,000,00,2,2,01,B01
200900069473,0,07,000,00,2,1,07,A01
200900069473,0,07,000,00,2,5,15,B01
200900069474,0,07,000,00,1,8,01,A01
200900069475,0,07,000,00,2,8,01,B01
200900069475,0,07,000,00,2,1,15,A01
200900069476,0,07,000,00,2,1,02,A01
200900069476,0,07,000,00,0,4,02,B01
200900069477,0,07,000,00,2,3,01,B01
200900069477,0,02,000,00,2,1,03,A01
200900069478,0,07,000,00,0,2,00,A01
200900069478,0,07,000,00,0,6,00,B01
200900069479,0,31,000,00,0,0,01,A01
200900069480,0,07,000,00,2,1,02,A01
200900069480,0,07,000,00,2,4,02,D01
200900069480,0,07,000,00,2,4,02,B01
200900069480,0,07,000,00,2,4,02,E01
200900069480,0,07,000,00,2,4,02,C01
200900069481,0,07,000,00,0,4,01,B01
200900069481,0,07,000,00,2,1,02,A01
200900069482,0,31,000,00,2,8,03,B01
200900069482,0,15,000,00,2,7,01,A01
200900069483,0,31,000,00,1,1,00,A01
200900069484,0,07,000,00,1,1,01,A01
200900069485,0,07,000,00,2,1,11,A01
200900069485,0,07,000,02,0,8,15,B01
200900069486,2,07,000,00,2,1,02,A01
200900069486,0,07,000,00,2,6,02,C01
200900069486,0,07,000,00,2,5,02,B01
200900069487,0,32,000,00,2,1,17,A01
200900069487,0,07,000,00,2,3,15,B01
200900069488,0,07,000,00,0,8,00,A01
200900069489,0,33,000,00,2,1,01,B01
200900069489,0,07,000,00,2,8,19,A01
200900069490,0,33,000,01,0,7,12,A01
200900069490,0,07,000,00,2,5,24,B01
200900069491,0,07,000,00,0,3,02,A01
200900069491,0,07,000,00,0,6,02,B01
200900069492,0,07,000,00,0,0,11,A01
200900069492,0,99,000,00,0,7,01,B01
200900069493,0,07,000,00,2,1,00,A01
200900069493,0,30,000,00,2,1,00,B01
200900069494,0,07,000,00,1,3,01,A01
200900069495,0,07,000,00,2,1,02,A01
200900069495,0,07,000,00,2,4,02,B01
200900069496,0,07,000,13,2,3,05,A01
200900069496,0,32,000,00,0,0,00,B01
200900069497,0,10,000,00,2,1,02,A01
200900069497,0,07,000,00,0,4,23,B01
200900069498,1,07,000,00,1,1,01,A01
200900069499,0,07,000,00,2,1,01,A01
200900069499,0,07,000,00,2,1,00,B01
200900069500,0,07,000,00,2,2,00,B01
200900069500,0,07,000,08,0,6,01,A01
200900069501,1,07,000,00,1,0,00,A01
200900069502,0,07,000,00,2,1,01,A01
200900069502,0,07,000,00,2,4,01,B01
200900069503,0,37,001,00,1,1,07,A01
200900069504,1,07,000,00,2,1,02,B01
200900069504,0,07,000,00,2,4,02,A01
200900069505,0,07,000,00,2,1,00,A01
200900069505,0,07,000,12,0,4,02,B01
200900069506,0,07,000,01,0,1,01,A01
200900069507,0,07,000,00,1,3,00,A01
200900069508,0,32,000,00,0,8,01,A01
200900069509,0,07,000,00,2,6,01,B01
200900069509,0,34,000,00,2,2,11,A01
200900069510,0,31,000,00,2,1,03,B01
200900069510,0,07,000,00,0,6,14,A01
200900069511,1,07,000,00,2,5,12,B01
200900069511,0,07,000,04,2,2,03,A01
200900069512,0,31,000,00,2,1,02,B01
200900069512,0,31,000,00,2,4,02,A01
200900069513,0,07,000,04,0,8,00,A01
200900069514,0,07,000,04,0,1,02,A01
200900069515,0,07,000,00,2,6,02,A01
200900069515,1,99,000,00,2,2,14,B01
200900069516,0,07,000,00,2,7,10,B01
200900069516,0,07,000,00,2,1,01,A01
200900069517,0,33,000,00,2,8,02,B01
200900069517,0,07,000,08,2,2,02,A01
200900069518,0,32,000,00,2,8,00,A01
200900069518,0,07,000,00,2,8,19,B01
200900069519,0,07,000,00,2,1,02,A01
200900069519,0,07,000,00,2,4,02,B01
200900069519,0,07,000,00,2,4,02,C01
200900069520,0,07,000,00,0,2,15,A01
200900069520,0,32,000,00,0,1,01,B01
200900069521,0,07,000,00,2,1,02,A01
200900069521,0,07,000,00,2,3,15,B01
200900069522,0,10,000,00,2,6,01,A01
200900069522,0,07,000,00,2,3,09,B01
200900069523,0,07,000,00,0,3,01,B01
200900069523,0,37,000,00,0,2,01,A01
200900069524,0,07,000,00,2,7,15,A01
200900069524,0,07,000,00,2,1,01,B01
200900069525,0,32,000,01,0,2,01,A01
200900069525,0,07,000,00,0,3,00,B01
200900069526,0,07,000,00,2,3,02,B01
200900069526,0,07,000,00,2,8,11,A01
200900069527,0,07,000,00,0,3,15,A01
200900069527,0,30,000,00,2,7,17,B01
200900069528,0,07,000,00,2,3,00,B01
200900069528,0,10,000,02,0,2,01,A01
200900069529,0,07,000,00,1,2,02,A01
200900069530,0,07,000,00,2,1,09,A01
200900069530,0,32,000,00,2,7,13,B01
200900069531,0,07,000,00,1,1,00,A01
200900069532,0,07,000,00,1,1,01,A01
200900069533,0,07,000,00,0,1,00,B01
200900069533,0,07,000,00,0,3,11,A01
200900069534,0,33,000,00,1,1,00,A01
200900069535,0,07,000,00,2,1,02,A01
200900069535,0,07,000,00,2,4,02,B01
200900069536,0,07,000,00,1,2,01,A01
200900069537,0,07,000,00,1,0,11,A01
200900069538,0,07,000,00,2,3,00,A01
200900069538,0,30,000,00,2,7,00,B01
200900069539,0,07,000,00,0,0,01,C01
200900069539,0,07,000,00,2,1,01,A01
200900069539,0,07,000,00,2,1,01,B01
200900069540,0,07,000,00,9,2,17,A01
200900069541,0,32,000,00,0,5,02,A01
200900069541,0,07,000,00,0,4,02,B01
200900069542,0,07,000,00,2,4,02,B01
200900069542,0,07,000,00,2,1,02,A01
200900069543,0,34,000,13,0,3,00,A01
200900069544,0,34,000,00,2,8,00,B01
200900069544,0,07,000,00,2,3,15,A01
200900069545,0,33,000,00,1,1,00,A01
200900069546,0,02,000,01,0,4,21,A01
200900069547,0,07,000,00,1,1,02,B01
200900069548,0,07,000,00,2,7,01,A01
200900069548,0,30,000,00,2,1,01,B01
200900069549,0,37,000,00,1,0,07,A01
200900069550,0,07,000,00,2,1,13,A01
200900069550,0,07,000,00,2,1,01,B01
200900069551,0,07,000,00,2,2,01,B01
200900069551,0,30,000,00,2,1,05,A01
200900069552,0,32,000,00,1,1,01,A01
200900069553,0,01,000,00,2,8,02,B01
200900069553,0,07,000,00,9,2,02,A01
200900069554,0,07,000,00,2,3,10,A01
200900069554,0,07,000,00,2,2,15,B01
200900069555,0,07,000,00,1,2,01,A01
200900069556,0,10,000,00,1,1,09,A01
200900069557,0,99,000,00,1,3,02,A01
200900069558,0,07,000,00,1,2,02,A01
200900069559,0,07,000,00,1,1,02,A01
200900069560,0,07,000,00,0,6,23,A01
200900069560,0,37,000,01,0,2,02,B01
200900069561,0,07,000,00,0,3,00,B01
200900069561,0,02,000,00,2,1,00,A01
200900069562,0,34,000,00,2,1,01,B01
200900069562,0,07,000,00,2,2,15,A01
200900069563,0,07,000,00,2,1,15,A01
200900069563,0,30,000,00,2,1,01,B01
200900069564,0,33,000,00,0,0,01,B01
200900069564,1,07,000,00,0,0,00,A01
200900069565,0,07,000,00,0,8,01,B01
200900069565,0,07,000,00,0,1,01,A01
200900069566,0,30,000,00,1,1,01,A01
200900069567,0,07,000,00,0,4,01,C01
200900069567,0,07,000,00,2,2,12,B01
200900069567,0,33,000,00,0,3,03,A01
200900069568,0,37,000,00,1,2,01,A01
200900069569,0,07,000,00,1,1,12,A01
200900069570,0,37,001,09,0,1,00,A01
200900069571,0,07,000,00,0,4,23,B01
200900069571,0,07,000,00,0,1,02,A01
200900069572,0,07,000,01,1,5,01,A01
200900069573,0,30,000,00,0,8,01,B01
200900069573,0,07,000,00,0,1,02,A01
200900069574,0,30,000,00,1,8,00,A01
200900069575,0,10,000,00,0,7,01,A01
200900069575,0,10,000,00,0,1,01,B01
200900069575,0,10,000,00,0,1,01,C01
200900069576,0,07,000,00,1,2,01,A01
200900069577,0,07,000,00,1,1,01,A01
200900069578,0,07,000,00,2,1,00,C01
200900069578,0,07,000,00,2,4,00,B01
200900069578,0,07,000,00,2,9,00,A01
200900069579,0,07,000,00,1,2,01,A01
200900069580,0,37,000,00,2,1,02,A01
200900069580,0,07,000,00,2,4,00,B01
200900069581,0,37,001,00,1,1,07,A01
200900069582,0,07,000,01,0,1,21,A01
200900069583,0,07,000,00,1,2,02,A01
200900069584,0,07,000,00,0,0,00,A01
200900069585,0,07,000,00,2,1,02,A01
200900069585,0,07,000,00,2,4,01,B01
200900069586,0,07,000,00,1,1,01,A01
200900069587,0,07,000,00,1,7,01,A01
200900069588,0,07,000,00,2,1,01,A01
200900069589,0,14,000,15,0,1,21,B01
200900069589,1,07,000,00,0,0,00,A01
200900069590,0,07,000,00,0,2,01,A01
200900069591,0,34,000,00,2,1,05,A01
200900069591,0,07,000,00,0,3,00,B01
200900069592,0,37,001,00,1,0,00,A01
200900069593,0,14,000,01,0,1,01,A01
200900069594,0,07,000,01,0,2,02,A01
200900069595,0,32,000,00,2,1,01,B01
200900069595,0,07,000,00,2,8,09,A01
200900069596,0,07,000,00,1,2,01,A01
200900069597,2,07,000,01,0,1,02,A01
200900069597,0,07,000,01,2,4,23,B01
200900069597,0,07,000,00,2,4,23,C01
200900069598,0,07,000,00,2,1,01,B01
200900069598,0,07,000,00,2,5,01,A01
200900069599,0,07,000,00,0,4,00,B01
200900069599,0,07,000,00,0,1,00,A01
200900069599,0,07,000,00,0,4,00,C01
200900069600,0,07,000,00,2,8,19,A01
200900069600,0,07,000,00,2,1,01,B01
200900069601,0,07,000,00,2,2,10,A01
200900069601,0,32,000,00,2,9,01,B01
200900069602,0,07,000,00,2,1,15,B01
200900069602,0,30,000,00,2,1,17,A01
200900069603,0,07,000,00,1,1,00,A01
200900069604,0,07,000,00,9,3,02,A01
200900069604,0,01,000,00,2,4,00,B01
200900069605,0,02,000,00,2,1,01,A01
200900069605,0,03,000,00,2,7,01,B01
200900069606,0,07,000,00,1,2,01,A01
200900069607,0,30,000,00,1,8,07,A01
200900069608,0,07,000,00,2,3,11,A01
200900069608,0,34,000,00,2,1,02,B01
200900069609,0,07,000,00,2,1,01,A01
200900069609,0,07,000,00,2,8,09,B01
200900069610,0,07,000,00,1,2,00,A01
200900069611,0,07,000,00,2,1,11,A01
200900069611,0,07,000,00,2,1,00,B01
200900069612,0,32,000,00,2,1,01,B01
200900069612,0,07,000,00,2,3,15,A01
200900069613,0,10,000,00,2,6,11,A01
200900069613,0,33,000,00,2,8,18,B01
200900069614,0,07,000,00,0,4,10,A01
200900069614,0,30,000,00,2,1,02,B01
200900069615,0,30,000,00,2,0,02,A01
200900069615,0,07,000,00,0,4,02,B01
200900069616,0,34,000,00,2,7,17,A01
200900069616,0,07,000,00,2,3,01,B01
200900069617,0,07,000,00,0,0,00,A01
200900069617,0,07,000,00,0,0,00,B01
200900069618,0,07,000,00,2,1,01,A01
200900069618,0,07,000,00,2,4,01,B01
200900069619,1,07,000,00,1,1,02,A01
200900069620,0,30,000,00,2,3,01,B01
200900069620,1,07,000,00,2,3,15,A01
200900069621,0,07,000,00,2,3,00,B01
200900069621,0,07,000,00,2,1,00,A01
200900069622,0,07,000,00,1,1,00,A01
200900069623,0,07,000,00,2,1,00,A01
200900069623,0,07,000,00,2,4,00,B01
200900069624,0,07,000,04,0,2,14,A01
200900069625,0,30,000,00,2,2,02,B01
200900069625,0,07,000,00,0,3,15,A01
200900069626,0,33,000,00,2,7,17,B01
200900069626,0,07,000,00,2,3,11,A01
200900069627,0,07,000,00,2,4,02,B01
200900069627,0,07,000,00,2,1,02,A01
200900069628,0,07,000,00,1,3,09,A01
200900069629,0,07,000,00,2,2,15,A01
200900069629,0,07,000,00,2,6,01,B01
200900069630,0,30,000,00,2,7,00,B01
200900069630,0,07,000,00,2,3,01,A01
200900069631,0,07,000,08,0,1,01,A01
200900069632,0,07,000,00,2,6,09,A01
200900069632,0,10,000,00,2,1,01,C01
200900069632,0,07,000,00,2,6,01,B01
200900069633,1,07,000,00,1,8,01,A01
200900069634,0,07,000,00,1,1,02,A01
200900069635,0,07,000,00,1,3,00,A01
200900069636,2,07,000,00,0,0,00,A01
200900069637,0,10,000,04,2,4,02,C01
200900069637,0,10,000,04,2,4,02,B01
200900069637,0,10,000,04,2,1,02,A01
200900069638,0,07,000,00,0,2,02,A01
200900069639,0,07,000,05,0,1,00,A01
200900069640,0,10,000,04,2,3,01,A01
200900069641,0,15,000,00,2,3,11,A01
200900069641,0,07,000,00,2,2,12,B01
200900069642,0,07,000,00,2,7,01,B01
200900069642,0,07,000,00,2,8,01,C01
200900069642,0,32,000,00,2,8,03,A01
200900069643,0,07,000,00,2,3,02,B01
200900069643,0,07,000,00,2,2,12,A01
200900069644,0,07,000,00,2,4,00,A01
200900069644,0,07,000,00,2,1,01,B01
200900069645,0,07,000,00,2,8,11,A01
200900069645,0,33,000,00,2,7,00,B01
200900069646,0,14,000,00,0,8,21,A01
200900069647,0,07,000,00,2,4,02,C01
200900069647,0,07,000,00,2,8,02,B01
200900069647,0,33,000,00,2,7,01,A01
200900069648,0,07,000,03,0,2,02,A01
200900069649,1,15,000,00,2,3,00,B01