Num_Acc,senc,catv,occutc,obs,obsm,choc,manv,num_veh
200900070025,0,07,000,00,9,2,01,A01
200900070025,0,01,000,00,2,1,05,B01
200900070026,0,34,000,00,2,1,05,A01
200900070026,0,07,000,00,2,8,15,B01
200900070027,0,07,000,00,1,4,20,A01
200900070028,0,07,000,00,2,1,01,B01
200900070028,0,07,000,00,2,1,02,A01
200900070029,0,07,000,00,1,1,01,A01
200900070030,0,07,000,08,2,8,01,A01
200900070030,0,07,000,00,2,1,01,B01
200900070031,1,07,000,00,2,6,15,A01
200900070031,0,01,000,15,2,8,19,B01
200900070032,0,38,008,05,2,8,01,C01
200900070032,0,07,000,00,2,3,13,A01
200900070032,0,38,001,00,2,3,01,B01
200900070033,0,30,000,00,2,1,03,B01
200900070033,0,10,000,00,2,1,09,A01
200900070034,0,07,000,00,2,3,15,B01
200900070034,0,33,000,00,2,2,17,A01
200900070035,0,07,000,00,9,1,01,A01
200900070035,0,33,000,00,2,3,01,B01
200900070036,0,07,000,00,2,1,01,A01
200900070036,0,07,000,00,9,4,01,B01
200900070037,0,33,000,01,0,4,01,A01
200900070038,0,01,000,00,2,8,19,B01
200900070038,0,14,000,00,9,0,16,A01
200900070039,0,07,000,00,2,3,13,A01
200900070039,0,07,000,00,2,3,01,B01
200900070040,0,14,000,16,0,1,01,N01
200900070041,0,07,000,00,2,1,19,A01
200900070041,0,07,000,00,0,7,01,B01
200900070042,0,02,000,00,2,1,01,B01
200900070042,1,07,000,00,9,8,15,A01
200900070043,0,07,000,00,2,1,01,A01
200900070043,0,37,001,00,2,5,01,B01
200900070044,0,07,000,00,2,1,01,B01
200900070044,0,07,000,00,2,8,01,A01
200900070045,0,31,000,00,2,1,01,A01
200900070045,0,07,000,00,2,6,01,B01
200900070046,0,02,000,16,0,7,21,A01
200900070047,0,07,000,00,1,1,01,A01
200900070048,0,02,000,00,2,1,01,B01
200900070048,0,07,000,00,2,2,01,A01
200900070049,0,07,000,02,0,1,14,A01
200900070050,0,07,000,00,1,1,01,A01
200900070051,0,07,000,00,0,3,01,A01
200900070052,0,33,000,15,0,1,01,A01
200900070053,0,07,000,00,1,2,01,A01
200900070054,0,02,000,01,2,1,01,A01
200900070055,0,02,000,00,0,0,01,A01
200900070056,0,02,000,00,2,1,01,B01
200900070056,0,07,000,00,2,3,09,A01
200900070057,0,07,000,00,1,2,01,A01
200900070058,0,07,000,15,0,1,01,A01
200900070059,0,07,000,00,2,1,01,A01
200900070059,0,07,000,00,2,1,01,B01
200900070060,0,07,000,00,2,1,09,A01
200900070060,0,07,000,08,2,7,01,B01
200900070061,0,02,000,01,1,1,02,A01
200900070061,0,07,000,00,0,0,02,C01
200900070061,0,07,000,00,0,5,02,B01
200900070062,0,07,000,00,9,3,15,A01
200900070062,0,32,000,00,2,1,15,B01
200900070063,0,07,000,00,2,0,15,A01
200900070063,0,30,000,00,4,1,01,B01
200900070064,0,07,000,00,5,6,02,B01
200900070064,0,33,000,01,0,1,01,A01
200900070065,1,07,000,00,1,2,14,A01
200900070066,0,13,000,00,2,1,13,A01
200900070066,0,07,000,00,2,1,01,B01
200900070067,0,32,000,14,2,7,17,A01
200900070067,0,07,000,00,2,3,15,B01
200900070068,0,07,000,00,1,1,01,A01
200900070069,0,30,000,00,1,1,03,A01
200900070070,0,07,000,00,1,4,04,A01
200900070071,0,07,000,00,0,4,01,B01
200900070071,0,07,000,00,2,1,01,A01
200900070072,0,31,000,00,2,7,01,B01
200900070072,0,07,000,00,2,8,15,A01
200900070073,0,07,000,06,0,7,01,A01
200900070074,0,33,000,00,2,1,01,B01
200900070074,0,07,000,00,2,6,15,A01
200900070075,0,07,000,00,2,3,15,A01
200900070075,0,30,000,00,2,3,01,B01
200900070076,0,34,000,00,1,1,01,A01
200900070077,0,07,000,00,2,1,02,A01
200900070077,0,07,000,00,0,4,02,B01
200900070078,0,01,000,00,2,7,01,B01
200900070078,0,07,000,00,9,8,16,A01
200900070079,0,37,000,00,2,2,23,B01
200900070079,0,37,000,01,1,6,04,A01
200900070080,0,07,000,13,0,7,01,A01
200900070081,0,07,000,00,1,2,00,A01
200900070082,0,07,000,00,1,3,15,A01
200900070083,0,07,000,00,0,0,15,A01
200900070083,0,07,000,11,0,8,01,B01
200900070084,0,01,000,00,2,1,01,B01
200900070084,0,10,000,00,2,8,24,A01
200900070085,0,02,000,00,2,8,01,B01
200900070085,0,07,000,00,2,0,01,A01
200900070086,0,07,000,08,2,1,01,A01
200900070086,0,07,000,08,2,2,01,B01
200900070087,0,02,000,00,2,1,01,B01
200900070087,0,10,000,00,2,3,09,A01
200900070088,0,07,000,00,1,7,02,A01
200900070089,1,30,000,02,1,1,01,A01
200900070090,0,07,000,00,2,2,15,A01
200900070090,0,07,000,00,2,3,01,B01
200900070091,0,07,000,00,2,5,20,A01
200900070091,0,02,000,00,2,1,01,B01
200900070092,0,07,000,07,2,2,01,B01
200900070092,0,17,000,00,2,3,11,A01
200900070093,0,07,000,00,1,4,04,A01
200900070094,0,30,000,00,0,8,01,A01
200900070095,0,07,000,00,2,1,01,B01
200900070095,0,07,000,00,2,7,15,A01
200900070096,0,07,000,00,1,1,01,A01
200900070097,0,07,000,12,0,2,01,A01
200900070098,0,07,000,14,0,1,01,A01
200900070099,0,07,000,00,2,8,02,A01
200900070099,0,07,000,00,2,1,02,B01
200900070100,0,30,000,00,2,1,01,A01
200900070100,0,07,000,00,2,5,11,B01
200900070101,0,33,000,00,2,1,01,A01
200900070101,0,07,000,00,0,5,15,B01
200900070102,0,30,000,00,0,4,01,B01
200900070102,0,03,000,00,2,1,02,A01
200900070103,0,07,000,00,1,1,01,A01
200900070104,0,02,000,00,2,8,02,A01
200900070104,0,07,000,00,2,2,02,B01
200900070105,0,07,000,00,2,5,17,B01
200900070105,0,01,000,00,2,8,02,A01
200900070106,0,07,000,00,2,1,01,B01
200900070106,0,10,000,00,2,8,16,C01
200900070106,0,10,000,00,2,1,01,A01
200900070107,0,30,000,00,2,3,01,B01
200900070107,0,07,000,00,2,1,15,A01
200900070108,0,01,000,00,2,0,19,A01
200900070108,0,33,000,00,9,7,01,B01
200900070109,0,07,000,00,1,7,01,A01
200900070110,0,07,000,00,2,3,09,B01
200900070110,0,31,000,00,2,1,01,A01
200900070111,0,07,000,00,2,1,02,A01
200900070111,0,07,000,00,2,4,23,B01
200900070112,0,07,000,13,0,3,01,A01
200900070113,0,01,000,00,2,8,01,B01
200900070113,0,07,000,00,2,1,15,A01
200900070114,0,07,000,00,9,5,14,A01
200900070114,0,01,000,00,2,8,02,B01
200900070115,0,07,000,00,2,4,01,B01
200900070115,0,07,000,00,2,1,01,A01
200900070116,0,15,000,00,2,2,12,A01
200900070116,0,07,000,01,2,3,01,B01
200900070116,0,07,000,00,2,2,01,C01
200900070117,0,07,000,00,2,5,01,A01
200900070117,0,02,000,00,2,1,00,B01
200900070118,0,07,000,00,2,8,01,B01
200900070118,0,30,000,00,2,2,12,A01
200900070119,0,14,000,00,2,2,01,B01
200900070119,0,14,000,00,2,3,16,A01
200900070120,0,02,000,00,2,1,01,A01
200900070120,0,07,000,00,2,2,19,B01
200900070121,0,07,000,00,0,0,00,B01
200900070121,0,07,000,00,0,0,00,A01
200900070122,0,07,000,00,2,2,10,A01
200900070122,0,33,000,00,0,0,00,B01
200900070123,0,07,000,00,0,6,15,B01
200900070123,0,07,000,00,2,3,15,A01
200900070124,0,07,000,00,2,3,01,B01
200900070124,0,07,000,00,2,1,15,A01
200900070125,0,10,000,00,1,1,01,A01
200900070126,0,07,000,00,2,3,15,A01
200900070126,0,07,000,00,2,1,16,B01
200900070127,0,07,000,00,9,1,15,A01
200900070127,0,01,000,00,2,7,01,B01
200900070128,0,07,000,00,2,7,01,B01
200900070128,0,15,000,00,2,2,12,A01
200900070129,0,07,000,00,2,8,15,B01
200900070129,0,07,000,00,2,7,21,A01
200900070130,0,07,000,00,2,2,02,B01
200900070130,0,07,000,00,2,6,16,A01
200900070131,0,07,000,00,2,3,15,A01
200900070131,0,32,000,00,2,1,17,B01
200900070132,0,07,000,00,0,3,01,A01
200900070133,0,07,000,00,2,6,11,A01
200900070133,0,33,000,00,2,7,01,B01
200900070134,0,07,000,13,0,3,00,A01
200900070135,0,07,000,00,2,3,15,A01
200900070135,0,02,000,00,2,1,01,B01
200900070136,0,30,000,00,2,7,01,B01
200900070136,0,07,000,00,2,1,09,A01
200900070137,0,07,000,00,1,2,09,A01
200900070138,0,07,000,00,2,5,15,C01
200900070138,0,07,000,00,2,1,02,A01
200900070138,0,07,000,00,2,4,02,B01
200900070139,0,07,000,00,2,1,02,A01
200900070139,0,07,000,00,0,4,02,B01
200900070140,1,07,000,00,1,0,00,A01
200900070141,0,07,000,00,0,5,02,A01
200900070141,0,07,000,00,2,4,23,C01
200900070141,0,07,000,00,2,6,23,B01
200900070142,0,07,000,03,0,8,13,A01
200900070143,0,01,000,00,1,7,01,A01
200900070144,0,33,000,02,0,1,17,A01
200900070145,0,36,000,08,0,2,01,A01
200900070146,0,07,000,06,0,3,14,A01
200900070147,0,07,000,00,2,2,16,B01
200900070147,0,33,000,00,2,1,18,A01
200900070148,0,14,000,00,2,5,16,A01
200900070148,0,30,000,00,2,1,02,B01
200900070149,0,17,000,00,2,6,06,B01
200900070149,0,02,000,00,2,7,09,A01
200900070150,0,07,000,00,1,0,16,A01
200900070151,0,30,000,12,0,1,02,A01
200900070152,0,07,000,09,2,1,19,A01
200900070152,0,07,000,00,2,3,19,B01
200900070153,0,07,000,11,0,1,01,A01
200900070154,0,02,000,01,0,7,01,A01
200900070155,0,07,000,00,2,2,15,A01
200900070155,0,01,000,00,2,1,01,B01
200900070156,0,07,000,00,1,1,01,A01
200900070157,0,07,000,00,2,1,09,A01
200900070157,0,07,000,00,0,5,01,B01
200900070158,0,07,000,00,2,1,01,A01
200900070158,0,07,000,00,0,4,01,B01
200900070159,0,07,000,00,2,3,01,B01
200900070159,0,07,000,01,2,1,16,A01
200900070160,0,34,000,12,0,0,14,A01
200900070161,0,02,000,08,9,1,01,A01
200900070162,0,07,000,08,0,7,00,A01
200900070163,0,07,000,14,2,3,15,A01
200900070163,0,07,000,00,2,1,01,B01
200900070164,0,37,000,00,2,7,15,A01
200900070164,0,32,000,00,2,9,01,B01
200900070165,0,07,000,06,9,7,01,A01
200900070166,1,07,000,00,2,0,17,A01
200900070166,0,01,000,00,2,3,01,B01
200900070167,0,07,000,00,2,1,00,A01
200900070167,0,07,000,00,2,3,01,B01
200900070168,0,33,000,00,2,7,17,A01
200900070168,1,07,000,00,2,8,15,B01
200900070169,0,30,000,00,2,8,01,A01
200900070169,0,07,000,00,2,2,01,B01
200900070170,0,30,000,00,2,1,00,B01
200900070170,0,07,000,00,2,1,00,A01
200900070171,0,33,000,00,2,8,00,A01
200900070171,0,07,000,00,2,0,01,B01
200900070172,0,07,000,00,1,0,14,A01
200900070173,0,02,000,00,2,1,01,B01
200900070173,0,07,000,00,2,3,01,A01
200900070174,0,07,000,00,2,0,02,B01
200900070174,0,33,000,00,2,0,03,A01
200900070175,0,02,000,00,0,0,01,A01
200900070176,0,02,000,00,1,1,00,A01
200900070177,0,07,000,09,0,1,01,A01
200900070178,0,07,000,00,2,3,11,A01
200900070178,0,33,000,00,2,7,01,B01
200900070179,0,01,000,00,2,1,16,A01
200900070179,0,07,000,00,2,1,01,B01
200900070180,0,07,000,06,2,6,01,A01
200900070180,0,07,000,00,0,0,00,B01
200900070181,0,33,000,03,0,2,01,A01
200900070182,0,33,000,00,2,1,01,B01
200900070182,0,34,000,00,0,4,12,A01
200900070183,0,32,000,00,0,0,01,A01
200900070184,0,10,000,00,2,4,02,B01
200900070184,0,33,000,00,2,1,02,A01
200900070185,0,32,000,00,2,1,02,A01
200900070185,0,07,000,00,0,4,01,B01
200900070186,0,07,000,00,0,3,11,B01
200900070186,0,33,000,00,2,7,02,A01
200900070187,0,07,000,00,0,4,24,B01
200900070187,0,33,000,01,0,1,18,A01
200900070188,0,33,000,09,0,8,01,A01
200900070189,0,07,000,06,0,1,01,A01
200900070190,0,07,000,00,2,4,02,A01
200900070190,0,07,000,00,2,1,02,B01
200900070191,0,07,000,01,0,1,02,E01
200900070191,0,07,000,00,2,4,02,C01
200900070191,0,07,000,00,2,4,02,A01
200900070191,0,07,000,00,2,4,02,D01
200900070191,0,07,000,00,2,4,02,B01
200900070192,0,10,000,00,0,2,01,C01
200900070192,0,10,000,00,0,0,22,B01
200900070192,0,34,000,00,2,2,18,A01
200900070193,0,07,000,00,2,8,01,B01
200900070193,0,07,000,00,2,7,01,A01
200900070194,0,07,000,00,2,1,02,D01
200900070194,0,07,000,00,2,1,02,C01
200900070194,0,07,000,00,2,4,02,B01
200900070194,0,07,000,00,2,1,02,A01
200900070195,0,07,000,03,2,4,11,A01
200900070195,0,07,000,04,2,1,11,B01
200900070196,0,07,000,04,0,3,01,A01
200900070197,0,07,000,00,0,4,01,C01
200900070197,0,07,000,00,0,4,01,B01
200900070197,0,07,000,00,0,1,01,A01
200900070198,0,31,000,00,2,7,03,A01
200900070199,0,07,000,00,0,5,15,B01
200900070199,0,03,000,00,0,1,01,A01
200900070200,0,07,000,01,0,7,14,A01
200900070201,0,02,000,00,2,2,21,B01
200900070201,0,07,000,00,2,2,15,A01
200900070202,0,02,000,00,2,7,00,B01
200900070202,0,07,000,00,0,1,00,A01
200900070203,0,07,000,00,1,7,01,A01
200900070204,0,01,000,00,1,7,16,A01
200900070205,0,07,000,00,2,4,01,B01
200900070205,0,07,000,14,0,1,01,A01
200900070205,0,07,000,00,2,8,01,C01
200900070206,0,07,000,00,1,1,01,A01
200900070207,1,07,000,00,0,0,00,A01
200900070208,0,30,000,00,2,1,02,B01
200900070208,0,07,000,00,2,2,01,A01
200900070209,0,07,000,00,2,1,01,A01
200900070209,0,07,000,00,2,3,00,B01
200900070210,0,07,000,15,0,2,02,A01
200900070211,0,10,000,01,0,1,02,A01
200900070211,0,10,000,00,0,4,23,B01
200900070212,1,07,000,00,0,0,00,A01
200900070213,0,07,000,00,0,3,01,A01
200900070213,0,07,000,00,0,4,00,B01
200900070214,0,37,030,00,0,0,01,A01
200900070215,0,33,000,00,0,1,01,B01
200900070215,0,07,000,00,0,1,15,A01
200900070216,0,10,000,00,0,0,00,B01
200900070216,0,07,000,00,0,0,00,C01
200900070216,0,32,000,00,0,0,00,A01
200900070217,0,31,000,00,0,0,01,B01
200900070217,0,07,000,00,0,0,12,A01
200900070218,0,32,000,00,0,0,01,B01
200900070218,0,07,000,00,0,0,15,A01
200900070219,0,07,000,00,0,1,01,A01
200900070220,0,07,000,00,1,2,02,A01
200900070221,0,07,000,00,1,0,00,A01
200900070222,1,07,000,00,0,0,00,A01
200900070223,0,30,000,08,0,1,00,A01
200900070224,0,30,000,00,2,6,02,B01
200900070224,0,07,000,00,2,2,02,A01
200900070225,0,36,000,08,0,0,00,A01
200900070226,0,33,000,00,2,1,02,A01
200900070226,0,07,000,00,0,4,02,B01
200900070227,0,07,000,00,0,1,01,A01
200900070227,0,07,000,00,2,2,01,B01
200900070228,0,07,000,00,1,1,01,A01
200900070229,0,33,000,00,2,8,01,B01
200900070229,0,30,000,00,2,1,01,A01
200900070230,0,33,000,12,0,7,12,A01
200900070231,0,01,000,00,2,7,01,B01
200900070231,0,07,000,00,9,3,09,A01
200900070232,0,07,000,00,1,1,15,A01
200900070233,0,07,000,00,2,8,01,B01
200900070233,0,07,000,00,2,1,00,A01
200900070234,0,10,000,00,2,1,01,B01
200900070234,0,07,000,00,2,3,15,A01
200900070235,0,07,000,00,1,3,01,A01
200900070236,0,30,000,00,2,1,01,B01
200900070236,0,07,000,00,2,5,01,A01
200900070237,0,10,000,00,2,7,19,A01
200900070237,0,07,000,00,2,1,01,B01
200900070238,0,02,000,01,0,3,01,A01
200900070239,0,07,000,00,2,3,15,B01
200900070239,0,33,000,00,2,1,01,A01
200900070240,0,07,000,00,2,3,00,B01
200900070240,0,07,000,00,2,3,00,A01
200900070241,0,07,000,00,1,1,01,A01
200900070242,0,07,000,00,2,8,01,D01
200900070242,0,07,000,00,2,5,01,C01
200900070242,0,32,000,00,2,1,02,B01
200900070242,0,33,000,00,2,4,01,A01
200900070243,0,07,000,00,2,2,12,A01
200900070243,0,33,000,00,2,8,03,B01
200900070244,0,07,000,00,2,4,02,B01
200900070244,0,07,000,00,2,1,02,C01
200900070244,0,07,000,00,2,4,01,A01
200900070245,0,07,000,00,2,3,05,A01
200900070245,0,07,000,00,2,0,01,C01
200900070245,0,07,000,00,2,3,01,B01
200900070246,0,07,000,00,2,7,01,C01
200900070246,0,07,000,00,2,4,02,B01
200900070246,0,07,000,00,2,1,01,A01
200900070247,0,10,000,03,0,1,01,A01
200900070248,0,07,000,00,2,2,02,B01
200900070248,0,07,000,00,2,4,01,A01
200900070249,0,14,000,00,2,2,01,B01
200900070249,0,07,000,00,2,8,19,A01
200900070250,0,02,000,01,0,4,01,A01
200900070250,0,07,000,00,2,5,00,B01
200900070251,0,07,000,01,0,0,00,A01
200900070252,0,32,000,00,2,1,17,B01
200900070252,0,07,000,00,2,8,15,A01
200900070253,0,31,000,00,2,1,01,B01
200900070253,0,07,000,00,2,1,13,A01
200900070254,0,07,000,00,2,2,00,A01
200900070254,0,02,000,00,2,4,00,B01
200900070255,0,33,000,00,2,1,01,B01
200900070255,0,07,000,00,2,2,04,A01
200900070256,0,07,000,00,2,2,01,B01
200900070256,0,30,000,00,2,1,01,A01
200900070257,0,10,000,00,0,4,01,B01
200900070257,0,30,000,00,2,1,01,A01
200900070258,0,30,000,01,0,1,01,A01
200900070259,0,15,000,00,2,1,02,B01
200900070259,0,15,000,00,2,2,02,C01
200900070259,0,15,000,00,2,4,02,A01
200900070260,0,07,000,08,0,1,01,A01
200900070261,0,01,000,00,2,1,01,B01
200900070261,0,07,000,00,2,8,24,A01
200900070262,0,07,000,00,2,2,15,A01
200900070262,0,33,000,00,2,1,01,B01
200900070263,0,07,000,00,1,0,04,A01
200900070264,0,07,000,00,2,3,01,B01
200900070264,0,10,000,00,2,3,13,A01
200900070264,0,33,000,00,2,1,01,C01
200900070265,0,07,000,00,6,1,01,A01
200900070265,0,07,000,00,6,1,00,B01
200900070266,0,30,000,00,2,1,17,A01
200900070266,0,07,000,00,2,8,15,B01
200900070267,0,10,000,00,2,8,15,B01
200900070267,0,33,000,00,2,1,17,A01
200900070268,0,07,000,00,2,1,16,B01
200900070268,0,30,000,00,2,8,15,A01
200900070269,0,32,000,00,9,1,01,A01
200900070270,0,07,000,00,1,2,01,A01
200900070271,0,07,000,00,1,4,02,B01
200900070271,0,07,000,00,2,1,02,A01
200900070272,0,17,000,00,0,7,00,A01
200900070273,0,07,000,00,2,5,01,B01
200900070273,0,30,000,00,2,1,18,A01
200900070274,0,07,000,00,2,2,01,B01
200900070274,0,07,000,00,2,3,09,A01
200900070275,0,07,000,00,0,9,14,A01
200900070276,0,30,000,00,0,1,01,A01
200900070277,0,07,000,04,0,1,01,A01
200900070278,0,07,000,00,2,4,01,A01
200900070278,1,07,000,00,2,1,01,B01
200900070279,0,07,000,00,1,1,01,C01
200900070279,0,07,000,00,1,1,12,A01
200900070279,0,07,000,00,1,1,01,B01
200900070280,0,07,000,00,2,4,01,A01
200900070280,0,10,000,00,2,1,02,B01
200900070281,0,15,000,00,2,3,01,A01
200900070281,0,07,000,00,2,6,12,B01
200900070282,0,32,000,00,0,8,01,A01
200900070283,0,10,000,16,0,9,12,A01
200900070284,0,07,000,13,0,6,00,A01
200900070285,0,10,000,04,0,9,01,A01
200900070286,0,31,000,00,0,1,01,A01
200900070287,0,07,000,00,2,1,01,B01
200900070287,0,07,000,00,0,4,01,A01
200900070288,0,07,000,03,2,1,01,A01
200900070288,0,07,000,00,2,1,01,B01
200900070289,0,07,000,00,2,4,02,B01
200900070289,0,07,000,00,2,1,01,A01
200900070290,0,07,000,00,2,5,01,B01
200900070290,0,07,000,00,2,1,01,A01
200900070291,0,07,000,00,0,0,01,A01
200900070292,0,07,000,04,0,1,01,A01
200900070293,0,33,000,00,0,0,00,A01
200900070294,0,07,000,00,2,4,02,B01
200900070294,0,07,000,00,2,1,02,D01
200900070294,0,07,000,00,2,4,00,A01
200900070294,0,07,000,00,2,4,02,C01
200900070295,0,33,000,00,2,2,02,B01
200900070295,0,07,000,00,2,6,01,A01
200900070296,0,07,000,00,0,7,01,A01
200900070297,0,33,000,00,2,3,03,B01
200900070297,0,07,000,00,2,2,12,A01
200900070298,0,07,000,00,2,8,11,A01
200900070298,0,15,000,00,2,2,01,B01
200900070299,0,07,000,00,2,8,11,A01
200900070299,0,33,000,00,2,7,03,B01
200900070300,0,07,000,13,0,1,01,A01
200900070301,0,07,000,00,0,4,01,A01
200900070301,0,07,000,00,2,1,02,B01
200900070302,0,07,000,00,0,4,02,C01
200900070302,0,07,000,00,0,4,01,A01
200900070302,0,07,000,00,0,1,02,D01
200900070302,0,07,000,00,0,4,02,B01
200900070303,0,07,000,00,0,4,01,A01
200900070303,0,07,000,00,2,1,02,B01
200900070304,0,07,000,00,2,8,01,B01
200900070304,0,33,000,00,2,2,00,A01
200900070305,0,07,000,00,1,2,01,A01
200900070306,0,01,000,00,2,1,01,B01
200900070306,0,07,000,00,2,2,15,A01
200900070307,0,07,000,00,2,1,00,B01
200900070307,2,07,000,00,2,1,05,A01
200900070308,0,02,000,08,0,8,01,A01
200900070309,0,07,000,08,0,9,21,A01
200900070310,0,30,000,00,2,8,01,A01
200900070310,0,07,000,00,2,7,01,B02
200900070311,0,07,000,00,2,1,13,A01
200900070311,0,07,000,00,2,3,01,B02
200900070312,0,33,000,00,0,1,01,A01
200900070313,0,33,000,00,2,3,20,A01
200900070313,0,07,000,00,2,5,02,B02
200900070314,0,07,000,05,0,1,13,A01
200900070315,0,33,000,00,0,1,17,A01
200900070315,0,01,000,00,0,4,15,B02
200900070316,0,07,000,00,2,1,15,A01
200900070316,0,07,000,00,2,3,01,B02
200900070317,0,10,000,00,2,2,15,A01
200900070317,0,01,000,00,2,1,01,B02
200900070318,0,33,000,00,9,0,21,A01
200900070319,0,33,000,15,0,1,15,A01
200900070320,0,07,000,00,2,4,00,A01
200900070320,0,07,000,00,2,0,00,B01
200900070321,0,07,000,00,2,0,00,A01
200900070321,0,07,000,00,2,0,00,B01
200900070322,0,07,000,00,2,4,15,C01
200900070322,0,07,000,00,2,4,15,B01
200900070322,0,07,000,00,2,1,15,A01
200900070323,0,07,000,00,1,0,15,A01
200900070324,0,07,000,00,2,1,15,A01
200900070324,0,07,000,00,2,8,07,B01
200900070325,0,07,000,00,2,2,01,B01
200900070325,0,30,000,00,2,1,15,A01
200900070326,0,07,000,00,1,5,00,A01
200900070327,0,07,000,00,2,8,01,A01
200900070327,0,33,000,00,2,1,01,B01
200900070328,0,31,000,00,2,1,00,B01
200900070328,0,07,000,00,2,2,00,A01
200900070329,0,07,000,00,1,1,01,A01
200900070330,0,33,000,01,2,9,00,A01
200900070330,0,07,000,00,2,8,00,B01
200900070331,0,07,000,00,2,1,15,B01
200900070331,0,07,000,00,2,9,21,A01
200900070332,0,07,000,00,2,1,00,B01
200900070332,0,07,000,00,2,2,00,A01
200900070333,0,37,015,00,1,2,02,A01
200900070334,0,07,000,00,1,1,01,A01
200900070335,0,07,000,00,2,2,16,A01
200900070335,0,31,000,00,2,7,18,B01
200900070336,0,07,000,00,1,1,00,A01
200900070337,0,07,000,00,0,5,01,A01
200900070338,0,07,000,00,2,1,00,A01
200900070338,0,02,000,00,2,1,01,B01
200900070339,0,07,000,00,2,1,01,A01
200900070339,0,07,000,00,0,4,01,B01
200900070340,0,07,000,00,2,2,01,B01
200900070340,0,07,000,00,2,3,10,A01
200900070341,0,37,001,00,1,2,21,A01
200900070342,0,07,000,14,0,1,01,A01
200900070343,0,07,000,00,1,6,04,A01
200900070344,0,07,000,00,2,4,01,B01
200900070344,0,07,000,00,2,1,02,A01
200900070345,2,07,000,04,1,3,20,A01
200900070346,0,07,000,00,0,6,02,B01
200900070346,0,07,000,00,2,1,02,A01
200900070347,0,07,000,00,9,1,02,A01
200900070347,0,01,000,00,0,4,02,B01
200900070348,0,30,000,00,2,1,01,B01
200900070348,0,07,000,00,2,3,15,A01
200900070349,0,07,000,02,0,1,13,A01
200900070350,0,30,000,16,0,1,01,A01
200900070351,0,10,000,00,1,4,20,A01
200900070352,0,07,000,00,2,5,04,C01
200900070352,0,33,000,00,2,1,01,A01
200900070352,0,07,000,00,2,7,23,B01
200900070353,0,02,000,00,0,0,00,A01
200900070353,0,30,000,00,0,0,00,B01
200900070354,0,01,000,00,0,1,01,A01
200900070355,0,07,000,00,2,1,01,B01
200900070355,0,07,000,00,2,7,15,A01
200900070356,0,07,000,00,0,0,00,B01
200900070356,0,02,000,00,0,0,01,A01
200900070357,0,07,000,04,0,0,00,A01
200900070358,0,07,000,00,1,2,01,A01
200900070359,0,13,000,00,0,1,01,A01
200900070360,0,07,000,00,2,1,01,B01
200900070360,0,07,000,00,0,4,01,A01
200900070361,0,07,000,16,0,7,01,A01
200900070362,0,07,000,00,2,4,23,B02
200900070362,0,07,000,00,2,1,01,A01
200900070363,0,02,000,00,2,7,17,B02
200900070363,0,07,000,00,2,3,15,A01
200900070364,0,07,000,00,2,1,13,A01
200900070364,0,07,000,00,2,1,01,B02
200900070365,0,07,000,00,2,6,24,B02
200900070365,0,17,000,01,0,1,14,A01
200900070366,0,07,000,00,2,1,15,A01
200900070366,0,07,000,00,2,6,01,B02
200900070367,0,10,000,00,2,3,01,A01
200900070367,0,07,000,00,2,3,01,B02
200900070368,0,30,000,00,0,3,01,A01
200900070369,0,07,000,13,0,2,01,A01
200900070370,0,07,000,00,2,3,01,B02
200900070370,0,07,000,00,2,2,01,A01
200900070371,0,14,000,00,2,3,01,B02
200900070371,0,07,000,00,2,3,13,A01
200900070372,0,07,000,00,2,7,16,B02
200900070372,0,07,000,00,2,3,02,A01
200900070373,0,31,000,00,2,1,05,A01
200900070373,0,07,000,00,2,1,01,B02
200900070374,0,30,000,00,1,0,21,A01
200900070375,0,07,000,00,0,9,14,A01
200900070376,0,07,000,08,0,8,01,A01
200900070377,0,07,000,00,1,3,01,A01
200900070378,0,33,000,00,2,1,17,A01
200900070378,0,07,000,00,2,4,00,C03
200900070378,0,14,000,00,2,3,00,B02
200900070379,0,07,000,00,2,1,09,A01
200900070379,0,30,000,00,2,1,21,B02
200900070380,0,07,000,00,2,6,09,A01
200900070380,0,02,000,00,2,1,01,B01
200900070381,0,07,000,00,1,5,01,A01
200900070382,0,07,000,00,2,1,01,A01
200900070382,0,07,000,00,0,4,01,B01
200900070383,0,07,000,00,2,2,15,A01
200900070383,0,30,000,00,2,9,00,B01
200900070384,0,07,000,00,1,2,01,A01
200900070385,0,07,000,00,2,6,02,B01
200900070385,0,07,000,00,2,2,01,A01
200900070385,0,10,000,00,2,3,05,C01
200900070386,0,07,000,00,2,1,01,B01
200900070386,2,07,000,08,2,2,15,A01
200900070387,0,10,000,00,2,2,02,B01
200900070387,0,01,000,00,2,1,09,A01
200900070388,0,01,000,00,2,1,01,A01
200900070388,0,07,000,00,2,4,02,B01
200900070389,0,07,000,00,1,2,01,A01
200900070390,0,07,000,01,0,7,01,A01
200900070391,0,07,000,00,2,1,01,A01
200900070391,0,02,000,00,2,4,23,B01
200900070392,0,07,000,00,2,1,17,A01
200900070392,0,07,000,00,2,1,01,B01
200900070393,0,07,000,00,2,4,02,B01
200900070393,0,07,000,00,2,4,02,C01
200900070393,0,07,000,00,2,1,01,A01
200900070394,0,07,000,00,1,4,20,A01
200900070395,0,07,000,00,1,1,01,A01