Num_Acc,senc,catv,occutc,obs,obsm,choc,manv,num_veh
200900070396,0,07,000,00,0,4,23,B01
200900070396,0,07,000,00,2,1,01,A01
200900070397,0,02,000,00,2,1,01,A01
200900070397,0,07,000,00,2,4,23,B01
200900070398,0,07,000,00,2,1,01,B01
200900070398,0,02,000,00,2,7,01,A01
200900070399,0,31,000,00,2,8,00,A01
200900070399,0,07,000,00,2,7,00,B01
200900070400,0,07,000,00,2,4,01,B01
200900070400,0,07,000,00,2,6,01,A01
200900070401,0,33,000,00,0,7,02,A01
200900070402,0,07,000,04,0,9,02,A01
200900070403,0,07,000,04,0,7,01,A01
200900070404,0,07,000,03,0,8,00,A01
200900070405,0,07,000,10,2,2,12,B01
200900070405,2,07,000,10,2,6,01,A01
200900070406,0,07,000,04,2,2,01,A01
200900070407,0,07,000,00,2,7,12,B01
200900070407,0,33,000,00,2,3,03,A01
200900070408,0,07,000,00,2,4,12,A01
200900070408,0,32,000,00,2,9,03,C01
200900070408,0,07,000,00,2,8,02,B01
200900070409,0,31,000,00,2,0,00,C01
200900070409,0,07,000,00,0,8,00,B01
200900070409,0,07,000,00,0,6,02,A01
200900070410,0,07,000,00,2,1,00,B01
200900070410,0,07,000,00,2,1,00,A01
200900070411,0,07,000,00,2,1,02,B01
200900070411,0,10,000,00,2,1,02,D01
200900070411,0,07,000,00,2,1,02,C01
200900070411,0,07,000,00,0,4,01,A01
200900070412,0,07,000,00,0,4,23,A01
200900070412,0,07,000,00,0,2,02,B01
200900070413,0,14,000,00,2,3,00,C01
200900070413,0,14,000,00,0,4,01,B01
200900070413,0,07,000,00,0,4,23,A01
200900070414,0,07,000,00,2,5,09,A01
200900070414,0,33,000,00,2,3,01,B01
200900070415,0,07,000,00,2,8,01,B01
200900070415,0,07,000,00,2,2,12,A01
200900070416,0,07,000,03,0,2,02,A01
200900070417,0,07,000,00,0,4,02,B01
200900070417,0,33,000,00,2,1,02,A01
200900070418,0,33,000,00,0,1,02,A01
200900070419,0,07,000,00,2,1,02,B01
200900070419,0,10,000,00,0,4,01,A01
200900070420,0,07,000,00,2,8,13,A01
200900070420,0,33,000,00,2,2,21,B01
200900070421,0,07,000,00,2,1,02,B01
200900070421,0,07,000,00,0,4,02,A01
200900070422,0,07,000,04,0,3,02,A01
200900070423,0,07,000,00,0,4,09,A01
200900070423,0,15,000,00,2,1,01,B01
200900070424,0,32,000,00,0,8,01,A01
200900070425,0,07,000,00,2,4,11,A01
200900070425,0,33,000,00,2,1,17,B01
200900070426,0,07,000,00,2,3,09,B01
200900070426,0,07,000,00,2,5,17,C01
200900070426,0,33,000,00,2,3,17,A01
200900070427,0,33,000,00,2,1,09,A01
200900070427,0,17,000,00,0,5,01,B01
200900070428,0,07,000,04,0,7,01,B01
200900070428,0,10,000,06,2,8,13,A01
200900070429,0,07,000,00,2,6,15,B01
200900070429,0,33,000,00,2,1,01,A01
200900070430,0,30,000,00,2,1,01,A01
200900070430,0,07,000,00,2,4,00,B01
200900070431,0,33,000,00,2,1,14,B01
200900070431,0,10,000,00,2,1,01,A01
200900070432,0,02,000,00,1,1,17,A01
200900070433,0,33,000,00,1,1,01,A01
200900070434,0,07,000,00,2,0,01,B01
200900070434,0,33,000,00,0,1,01,A01
200900070435,1,07,000,00,2,1,01,B01
200900070435,0,32,000,00,2,4,23,A01
200900070436,0,33,000,00,0,1,01,A01
200900070437,0,17,000,00,0,7,01,A01
200900070437,0,07,000,00,2,8,09,B01
200900070438,0,07,000,16,0,5,01,A01
200900070439,0,07,000,00,2,5,11,B01
200900070439,0,33,000,00,2,1,03,A01
200900070440,1,07,000,00,2,0,11,B01
200900070440,0,33,000,00,0,7,02,A01
200900070441,0,07,000,04,0,1,00,A01
200900070442,0,07,000,12,0,3,15,A01
200900070443,0,07,000,00,2,6,02,C01
200900070443,0,07,000,00,2,8,11,A01
200900070443,0,33,000,00,1,5,17,B01
200900070444,0,07,000,00,2,2,12,A01
200900070444,0,34,000,00,2,3,18,B01
200900070445,0,07,000,00,2,4,02,A01
200900070445,0,32,000,00,2,1,02,B01
200900070446,0,14,000,00,0,6,02,A01
200900070446,0,07,000,00,2,2,14,B01
200900070447,0,15,000,00,0,6,01,B01
200900070447,0,33,000,00,2,1,02,A01
200900070448,0,07,000,00,2,3,02,B01
200900070448,0,07,000,00,0,0,02,A01
200900070449,0,33,000,00,2,1,03,D01
200900070449,0,07,000,00,0,5,02,A01
200900070449,0,07,000,00,0,5,02,B01
200900070449,0,07,000,00,0,5,02,C01
200900070450,0,07,000,00,0,4,02,B01
200900070450,0,33,000,00,0,1,02,A01
200900070451,0,10,000,00,2,1,02,B01
200900070451,0,10,000,00,2,4,02,A01
200900070452,0,33,000,00,2,3,00,A01
200900070452,0,07,000,00,0,5,01,B01
200900070453,0,07,000,03,0,1,00,A01
200900070454,0,07,000,00,2,1,02,B01
200900070454,0,07,000,00,0,4,02,A01
200900070455,0,07,000,04,0,3,00,A01
200900070455,0,07,000,00,0,0,12,B01
200900070456,0,07,000,13,0,2,14,A01
200900070457,0,15,000,00,2,4,02,C01
200900070457,0,07,000,00,2,4,02,B01
200900070457,0,17,000,00,2,1,02,A01
200900070458,0,07,000,02,0,2,01,A01
200900070459,0,07,000,00,0,8,01,B01
200900070459,0,07,000,00,0,7,17,A01
200900070460,0,07,000,00,0,7,18,A01
200900070461,0,07,000,00,2,4,01,A01
200900070461,0,07,000,00,2,1,02,B01
200900070462,0,30,000,12,0,1,14,A01
200900070463,0,07,000,00,2,8,13,A01
200900070463,0,33,000,00,2,7,17,B01
200900070464,0,02,000,00,2,3,01,A01
200900070464,0,07,000,00,2,3,01,B01
200900070465,0,30,000,00,2,1,01,B01
200900070465,0,07,000,00,2,2,15,A01
200900070466,0,07,000,00,2,7,01,A01
200900070466,0,07,000,00,2,3,02,B01
200900070467,0,07,000,00,2,2,01,A01
200900070467,0,07,000,00,2,5,01,B01
200900070468,0,07,000,00,5,1,01,A01
200900070469,0,20,000,00,2,1,20,A01
200900070469,0,10,000,00,2,1,01,B01
200900070470,0,07,000,06,2,1,04,A01
200900070470,0,07,000,00,2,1,01,B01
200900070471,0,33,000,00,2,8,01,B01
200900070471,1,07,000,00,2,2,09,A01
200900070472,0,33,000,00,2,8,01,B01
200900070472,0,07,000,00,2,3,13,A01
200900070473,0,02,000,00,2,1,01,B01
200900070473,0,07,000,00,2,8,15,A01
200900070474,0,07,000,05,2,4,13,A01
200900070474,0,07,000,00,2,1,01,B01
200900070475,0,07,000,00,2,3,01,B01
200900070475,0,01,000,00,2,2,05,A01
200900070476,0,01,000,00,2,8,15,A01
200900070476,0,32,000,00,2,1,01,B01
200900070477,0,07,000,00,2,1,01,A01
200900070477,0,07,000,16,0,4,02,B01
200900070478,0,01,000,00,2,1,05,A01
200900070478,0,10,000,00,2,1,01,B01
200900070479,0,07,000,00,2,3,13,A01
200900070479,0,07,000,01,2,6,01,B01
200900070480,0,07,000,00,2,4,01,B01
200900070480,0,33,000,00,2,1,01,A01
200900070481,0,07,000,00,0,8,15,A01
200900070481,0,02,000,00,2,1,01,B01
200900070482,0,31,000,00,2,1,01,A01
200900070482,0,99,000,00,2,4,01,B01
200900070483,0,02,000,15,0,2,01,A01
200900070484,0,37,010,00,2,4,01,B01
200900070484,0,37,010,00,2,1,01,A01
200900070485,0,31,000,00,1,1,07,A01
200900070486,0,07,000,00,2,6,02,B01
200900070486,0,07,000,00,2,1,02,A01
200900070487,0,10,000,00,2,4,04,B01
200900070487,0,07,000,00,2,5,01,A01
200900070488,0,07,000,00,2,1,01,B01
200900070488,0,07,000,00,2,2,15,A01
200900070489,0,07,000,00,2,8,01,B01
200900070489,0,07,000,00,2,8,01,A01
200900070490,0,37,001,00,1,2,01,A01
200900070491,0,07,000,09,0,1,01,B01
200900070491,0,07,000,09,0,9,01,A01
200900070491,0,07,000,12,0,3,01,C01
200900070492,0,07,000,00,2,6,01,B01
200900070492,0,07,000,00,2,3,06,A01
200900070492,0,07,000,00,2,5,01,C01
200900070493,0,07,000,00,2,4,01,B01
200900070493,0,07,000,00,2,1,01,A01
200900070494,0,07,000,00,2,4,03,A01
200900070494,0,14,000,00,2,1,03,B01
200900070495,0,07,000,00,2,3,10,B01
200900070495,0,33,000,00,2,1,01,A01
200900070496,0,07,000,00,2,3,01,B01
200900070496,0,07,000,16,2,1,12,A01
200900070497,0,07,000,00,1,1,20,A01
200900070498,0,07,000,00,2,9,23,C01
200900070498,0,07,000,00,2,9,23,B01
200900070498,0,10,000,00,2,1,01,A01
200900070498,0,07,000,00,2,4,23,D01
200900070499,0,07,000,00,2,3,15,A01
200900070499,0,07,000,00,2,1,01,B01
200900070500,0,07,000,03,2,6,01,B01
200900070500,0,07,000,00,2,1,02,A01
200900070501,0,01,000,00,2,4,01,B01
200900070501,0,07,000,00,2,1,02,A01
200900070502,0,07,000,00,9,3,01,A01
200900070502,0,01,000,00,2,7,05,B01
200900070503,0,07,000,00,1,1,01,A01
200900070504,0,07,000,00,1,2,01,A01
200900070505,0,07,000,00,2,5,24,B01
200900070505,1,07,000,00,2,3,01,A01
200900070506,0,07,000,00,0,4,01,A01
200900070506,0,07,000,00,2,1,02,C01
200900070506,0,07,000,00,2,1,02,B01
200900070507,0,02,000,00,0,0,01,A01
200900070508,1,07,000,00,1,0,01,A01
200900070509,0,07,000,00,2,4,23,B01
200900070509,0,07,000,00,2,1,02,A01
200900070510,0,07,000,06,0,1,01,A01
200900070511,0,07,000,00,2,1,02,A01
200900070511,0,07,000,00,2,4,23,B01
200900070512,0,07,000,03,0,1,01,A01
200900070513,0,07,000,00,2,3,11,A01
200900070513,0,33,000,00,2,1,01,B01
200900070514,0,07,000,00,2,1,01,C01
200900070514,0,37,000,00,2,1,01,B01
200900070514,0,07,000,00,2,4,09,A01
200900070515,0,31,000,00,0,7,01,A01
200900070516,0,07,000,00,2,3,01,B01
200900070516,0,07,000,00,2,2,15,A01
200900070517,0,07,000,02,0,7,13,A01
200900070518,0,07,000,02,0,2,01,A01
200900070519,0,07,000,00,2,1,01,A01
200900070519,0,07,000,00,2,4,02,B02
200900070520,0,07,000,00,2,7,13,A01
200900070520,0,07,000,00,2,1,01,B02
200900070521,0,07,000,02,0,9,13,A01
200900070522,0,30,000,00,2,1,01,B01
200900070522,0,07,000,00,2,4,01,A01
200900070523,0,07,000,00,2,2,15,A01
200900070523,0,02,000,00,2,1,01,B01
200900070524,0,07,000,00,1,7,01,A01
200900070525,0,07,000,00,0,4,02,B01
200900070525,0,30,000,00,2,1,01,A01
200900070526,0,10,000,08,0,1,01,A01
200900070527,0,07,000,00,1,8,16,A01
200900070528,0,31,000,00,0,1,01,A01
200900070529,0,02,000,00,0,0,00,A01
200900070530,0,07,000,00,1,1,01,A01
200900070531,0,07,000,00,2,3,01,B01
200900070531,0,07,000,01,2,2,09,A01
200900070531,0,07,000,00,2,1,01,D01
200900070532,0,07,000,00,2,1,00,A01
200900070532,0,07,000,00,0,0,00,B01
200900070533,0,02,000,00,0,0,09,A01
200900070534,0,07,000,00,1,3,15,A01
200900070535,0,07,000,00,2,4,01,B01
200900070535,0,15,000,00,2,1,02,A01
200900070536,0,07,000,00,2,2,15,B01
200900070536,0,07,000,00,2,1,01,A01
200900070537,0,07,000,00,2,1,01,A01
200900070537,0,07,000,00,0,8,16,B01
200900070538,0,07,000,00,1,1,01,A01
200900070539,0,07,000,00,0,1,01,A01
200900070540,0,07,000,00,0,0,01,B01
200900070540,0,07,000,00,2,4,01,A01
200900070541,0,07,000,00,2,5,09,B01
200900070541,0,14,000,00,2,3,01,A01
200900070542,0,07,000,00,0,1,01,A01
200900070543,0,07,000,00,0,9,01,A01
200900070544,0,07,000,00,2,1,01,A01
200900070544,0,07,000,00,2,2,15,B01
200900070545,0,32,000,00,2,1,01,B01
200900070545,1,07,000,00,2,4,04,A01
200900070546,0,07,000,00,1,1,01,A01
200900070547,0,14,000,00,2,1,02,A01
200900070547,0,07,000,00,2,4,01,B01
200900070548,0,02,000,00,0,7,01,A01
200900070548,0,07,000,00,2,1,01,B01
200900070549,0,07,000,03,0,3,00,A01
200900070550,0,32,000,00,2,1,03,B01
200900070550,0,07,000,00,2,5,01,A01
200900070551,0,02,000,00,2,1,01,B01
200900070551,0,07,000,00,2,6,11,A01
200900070552,0,07,000,00,2,4,02,B01
200900070552,0,07,000,00,2,1,01,A01
200900070553,0,07,000,00,2,8,01,A01
200900070553,0,07,000,00,2,3,13,B01
200900070554,0,07,000,00,2,4,01,A01
200900070554,0,07,000,00,2,2,02,B01
200900070555,0,07,000,00,2,1,02,B01
200900070555,0,07,000,00,2,4,00,A01
200900070556,0,33,000,00,0,7,00,A01
200900070557,0,07,000,00,2,3,02,C01
200900070557,0,07,000,00,2,1,01,A01
200900070557,0,07,000,00,2,4,02,B01
200900070558,0,07,000,00,2,4,01,A01
200900070558,2,07,000,00,2,2,14,B01
200900070559,2,07,000,14,0,1,01,A01
200900070560,0,07,000,00,0,0,01,A01
200900070561,0,07,000,01,2,2,01,C01
200900070561,0,07,000,00,2,6,23,B01
200900070561,0,32,000,00,2,8,01,A01
200900070562,0,07,000,00,2,4,02,B01
200900070562,0,17,000,00,2,1,01,A01
200900070563,0,07,000,00,0,6,02,C01
200900070563,0,07,000,00,0,6,02,B01
200900070563,0,07,000,00,2,2,01,A01
200900070564,0,07,000,00,2,1,01,B01
200900070564,0,07,000,16,2,8,05,A01
200900070565,0,07,000,00,2,4,02,B01
200900070565,0,07,000,00,2,1,02,E01
200900070565,0,07,000,00,2,4,01,A01
200900070565,0,13,000,00,2,1,02,D01
200900070565,0,07,000,00,2,4,02,C01
200900070566,0,07,000,00,0,1,01,A01
200900070567,0,07,000,13,0,7,14,A01
200900070568,0,07,000,00,2,5,12,A01
200900070568,0,33,000,00,2,3,01,B01
200900070569,0,33,000,00,2,8,17,B01
200900070569,0,07,000,00,2,8,00,C01
200900070569,0,07,000,00,2,7,12,A01
200900070570,0,33,000,00,0,7,03,A01
200900070571,0,07,000,00,2,8,11,A01
200900070571,0,31,000,00,0,7,02,C01
200900070571,0,07,000,00,2,4,02,B01
200900070572,0,07,000,00,2,3,11,A01
200900070572,0,32,000,00,2,2,01,B01
200900070573,0,07,000,00,0,9,01,A01
200900070574,0,07,000,03,0,1,01,A01
200900070575,0,07,000,00,2,4,01,A01
200900070575,0,07,000,00,2,1,02,B01
200900070576,0,07,000,04,0,3,01,A01
200900070577,0,10,000,00,2,1,02,C01
200900070577,0,07,000,00,2,4,02,B01
200900070577,0,07,000,00,2,4,01,A01
200900070578,0,07,000,00,2,8,11,C01
200900070578,0,07,000,00,2,6,01,A01
200900070578,0,33,000,00,2,7,03,B01
200900070579,0,07,000,03,0,3,01,A01
200900070580,0,07,000,00,2,4,01,A01
200900070580,0,31,000,00,2,1,02,B01
200900070581,0,07,000,04,0,3,21,A01
200900070582,0,07,000,03,0,1,01,A01
200900070583,0,07,000,00,2,4,01,A01
200900070583,0,07,000,00,2,3,09,C01
200900070583,0,33,000,00,2,7,02,B01
200900070584,0,07,000,00,1,8,01,B01
200900070584,0,07,000,00,2,3,01,A01
200900070585,0,07,000,00,2,4,01,D01
200900070585,0,07,000,00,2,4,02,G02
200900070585,0,07,000,00,2,4,02,E01
200900070585,0,07,000,00,2,4,02,F02
200900070585,0,14,000,00,2,1,01,A01
200900070585,0,07,000,00,2,4,01,B01
200900070585,0,07,000,00,2,4,01,C01
200900070586,0,07,000,03,0,7,01,A01
200900070587,0,33,000,00,2,1,03,A01
200900070587,0,07,000,00,2,7,12,B01
200900070588,0,07,000,00,2,1,01,A01
200900070588,0,07,000,00,2,4,01,B01
200900070589,0,10,000,04,2,8,01,B01
200900070589,0,10,000,00,2,7,01,A01
200900070590,0,07,000,00,2,1,02,C01
200900070590,0,07,000,00,2,4,01,A01
200900070590,0,07,000,00,2,4,02,B01
200900070591,0,07,000,00,2,1,01,B01
200900070591,0,07,000,00,2,4,01,A01
200900070592,0,07,000,00,2,4,01,B01
200900070592,0,07,000,00,2,1,01,A01
200900070593,0,33,000,00,0,0,21,A01
200900070594,0,31,000,00,0,2,01,A01
200900070595,0,07,000,04,0,1,01,A01
200900070596,0,07,000,03,0,1,01,A01
200900070597,0,07,000,00,0,9,01,A01
200900070598,0,07,000,00,2,5,12,A01
200900070598,0,33,000,00,2,1,18,B01
200900070599,0,07,000,00,2,8,09,A01
200900070599,0,15,000,00,2,5,01,B01
200900070600,0,07,000,03,2,8,11,A01
200900070600,0,07,000,00,2,4,01,B01
200900070601,0,07,000,04,0,1,00,A01
200900070602,0,02,000,00,0,0,01,A01
200900070603,0,15,000,00,2,8,13,A01
200900070603,0,07,000,00,2,7,14,B01
200900070604,0,30,000,00,0,1,00,A01
200900070605,0,30,000,00,0,0,01,A01
200900070606,0,07,000,00,1,7,01,A01
200900070607,0,07,000,00,2,4,02,B01
200900070607,0,07,000,00,2,1,02,A01
200900070608,0,07,000,04,2,7,01,A01
200900070608,0,15,000,00,2,8,03,B01
200900070609,0,07,000,01,0,1,02,B01
200900070609,0,07,000,00,2,3,23,A01
200900070610,0,07,000,00,5,0,01,A01
200900070611,0,07,000,14,0,1,01,A01
200900070612,0,07,000,01,0,4,23,B01
200900070612,0,07,000,01,0,1,01,A01
200900070612,0,07,000,00,0,4,23,C01
200900070613,0,07,000,00,2,8,20,A01
200900070613,0,32,000,00,2,2,02,B01
200900070614,0,37,010,00,1,5,01,A01
200900070615,0,07,000,00,2,1,02,A01
200900070615,0,07,000,00,2,4,02,B01
200900070616,0,07,000,01,0,1,02,C01
200900070616,0,07,000,00,2,4,11,A01
200900070616,0,07,000,00,2,1,02,B01
200900070617,0,31,000,00,2,3,01,B01
200900070617,0,07,000,00,2,2,01,A01
200900070618,0,02,000,00,2,1,00,A01
200900070618,0,37,010,00,2,8,10,B01
200900070619,0,33,000,00,2,1,02,A01
200900070619,0,07,000,00,2,6,15,B01
200900070620,0,07,000,00,2,4,23,B01
200900070620,0,07,000,00,2,1,01,A01
200900070621,0,07,000,00,1,6,04,A01
200900070622,0,07,000,15,2,5,17,A01
200900070622,0,10,000,00,2,3,11,B01
200900070623,0,07,000,00,0,0,00,B01
200900070623,0,07,000,00,2,0,00,A01
200900070624,1,07,000,02,0,1,14,A01
200900070625,0,07,000,00,2,1,01,A01
200900070625,0,13,000,00,2,4,01,B01
200900070626,0,30,000,00,2,7,00,B01
200900070626,0,07,000,00,2,1,00,A01
200900070627,0,07,000,00,1,1,15,A01
200900070628,0,07,000,00,2,8,09,A01
200900070628,0,02,000,00,2,7,01,B01
200900070629,0,30,000,00,2,0,00,C01
200900070629,0,07,000,00,2,0,00,A01
200900070629,0,30,000,00,2,0,00,B01
200900070630,1,07,000,00,2,8,20,A01
200900070630,0,32,000,00,0,3,01,B01
200900070631,0,37,010,00,1,2,01,A01
200900070632,0,32,000,00,2,7,01,B01
200900070632,0,10,000,00,2,6,09,A01
200900070633,0,07,000,00,2,1,01,B01
200900070633,0,07,000,00,2,1,00,A01
200900070634,0,07,000,00,2,1,01,A01
200900070634,0,07,000,00,2,3,01,B01
200900070635,0,07,000,00,2,6,15,A01
200900070635,0,10,000,00,2,1,01,B01
200900070636,0,07,000,00,2,5,23,C01
200900070636,0,32,000,00,2,1,03,A01
200900070636,0,07,000,00,2,8,11,B01
200900070637,0,10,000,00,1,1,15,A01
200900070638,0,07,000,00,2,1,01,B01
200900070638,0,07,000,00,2,1,01,A01
200900070639,0,33,000,00,2,1,01,B01
200900070639,0,07,000,00,2,3,20,A01
200900070640,0,07,000,00,2,4,01,B01
200900070640,0,07,000,00,2,1,01,A01
200900070641,0,07,000,00,2,4,02,B01
200900070641,0,03,000,00,2,1,01,A01
200900070642,0,07,000,00,2,1,01,B01
200900070642,0,07,000,00,2,1,15,A01
200900070643,0,07,000,00,1,3,01,A01
200900070644,0,10,000,00,1,2,20,A01
200900070645,0,07,000,16,2,3,15,A01
200900070645,0,33,000,00,2,1,01,B01
200900070646,0,07,000,00,2,1,01,B01
200900070646,0,07,000,00,2,1,05,A01
200900070647,0,10,000,00,1,1,01,A01
200900070648,0,07,000,00,1,1,01,A01
200900070649,0,07,000,00,1,1,01,A01
200900070650,0,07,000,00,2,4,23,B01
200900070650,0,07,000,00,2,1,01,A01
200900070651,0,07,000,00,2,4,23,B01
200900070651,0,07,000,00,2,4,01,C01
200900070651,0,07,000,00,2,1,01,A01
200900070652,1,99,000,00,1,2,00,A01
200900070653,0,07,000,01,0,9,00,A01
200900070654,0,07,000,11,0,1,06,A01
200900070655,0,07,000,00,1,3,01,A01
200900070656,0,37,001,00,2,4,01,C01
200900070656,0,07,000,00,2,4,02,B01
200900070656,0,07,000,00,2,1,01,A01
200900070657,0,33,000,03,2,1,01,B01
200900070657,0,07,000,00,2,6,13,A01
200900070658,0,07,000,00,1,1,15,A01
200900070659,0,07,000,00,2,1,01,A01
200900070659,0,07,000,00,2,2,01,B01
200900070660,0,07,000,01,0,7,23,A01
200900070661,0,33,000,00,2,3,01,B01
200900070661,0,07,000,00,2,2,01,A01
200900070662,0,07,000,06,1,4,04,A01
200900070663,0,02,000,00,1,1,01,A01
200900070664,0,07,000,00,2,8,09,A01
200900070664,0,31,000,00,2,1,01,B01
200900070665,0,07,000,00,1,1,01,A01
200900070666,0,07,000,00,2,3,01,B01
200900070666,0,07,000,00,2,3,05,A01
200900070667,0,07,000,00,2,1,17,A01
200900070667,0,07,000,00,2,1,01,B01
200900070667,0,07,000,00,2,6,01,C01
200900070668,0,07,000,06,0,1,05,A01
200900070669,0,07,000,00,2,4,23,B01
200900070669,0,07,000,00,2,6,23,C01
200900070669,0,07,000,00,2,1,01,A01
200900070670,0,07,000,00,2,2,01,B01
200900070670,0,10,000,00,2,6,12,A01
200900070671,0,01,000,00,9,1,01,A01
200900070672,0,02,000,00,2,1,01,A01
200900070672,0,07,000,00,2,1,01,B01
200900070673,0,30,000,00,2,1,01,B01
200900070673,0,07,000,00,2,7,15,A01
200900070674,0,02,000,00,2,1,01,A01
200900070674,0,07,000,00,2,4,01,B01
200900070675,0,07,000,00,1,1,01,A01
200900070676,0,30,000,00,2,1,01,B01
200900070676,0,07,000,00,2,5,01,A01
200900070677,0,33,000,00,0,8,03,A01
200900070678,0,07,000,00,2,3,05,A01
200900070678,0,07,000,00,2,3,00,B01
200900070679,0,07,000,00,2,4,01,B01
200900070679,0,07,000,00,2,1,01,C01
200900070679,0,07,000,00,2,4,01,A01
200900070680,0,07,000,00,2,6,09,A01
200900070680,0,15,000,00,2,7,01,B01
200900070681,0,07,000,13,0,9,17,A01
200900070682,0,33,000,00,2,1,01,B01
200900070682,0,07,000,00,2,3,11,A01
200900070683,0,07,000,00,0,0,11,A01
200900070683,0,34,000,00,2,0,03,B01
200900070684,0,07,000,00,2,4,02,C01
200900070684,0,07,000,00,2,1,02,D01
200900070684,0,07,000,00,2,4,02,B01
200900070684,0,07,000,00,2,4,02,A01
200900070685,0,33,000,00,0,8,03,A01
200900070686,0,33,000,00,0,7,09,A01
200900070687,0,07,000,00,2,4,09,B01
200900070687,0,33,000,00,0,0,03,A01
200900070688,0,07,000,13,0,2,01,A01
200900070689,0,07,000,00,2,1,01,B01
200900070689,0,07,000,00,2,4,01,A01
200900070690,0,07,000,04,2,3,12,A01
200900070690,0,07,000,04,2,5,11,B01
200900070691,0,33,000,00,2,1,03,B01
200900070691,0,07,000,00,0,6,11,A01
200900070692,0,07,000,04,0,1,02,A01
200900070692,0,07,000,00,2,1,02,B01
200900070693,0,07,000,00,0,1,00,A01
200900070694,0,07,000,00,0,0,01,A01
200900070694,0,07,000,00,2,1,01,C01
200900070694,0,07,000,00,2,1,01,B01
200900070694,0,07,000,00,2,3,01,D01
200900070695,0,07,000,00,2,5,01,B01
200900070695,0,07,000,00,2,3,01,C01
200900070695,0,33,000,00,2,3,03,A01
200900070696,0,07,000,00,2,4,02,A01
200900070696,0,07,000,00,2,4,02,B01
200900070696,0,20,000,00,2,1,02,D01
200900070696,0,07,000,00,2,4,02,C01
200900070697,0,07,000,00,2,6,11,A01
200900070697,0,33,000,00,2,1,00,B01
200900070698,0,07,000,00,2,3,00,A01
200900070698,0,17,000,00,2,8,00,B01
200900070699,0,07,000,00,2,2,12,A01
200900070699,0,07,000,00,2,2,02,C01
200900070699,0,33,000,00,2,3,03,B01
200900070700,0,10,000,00,2,4,02,D01
200900070700,0,07,000,00,0,4,02,A01
200900070700,0,10,000,00,2,1,02,E01
200900070700,0,07,000,00,2,4,02,C01
200900070700,0,07,000,00,2,4,02,B01
200900070701,0,07,000,04,0,1,01,A01
200900070702,0,07,000,00,2,5,02,B01
200900070702,0,07,000,00,2,4,02,A01
200900070702,0,13,000,00,2,2,02,C01
200900070703,0,07,000,00,0,0,00,A01
200900070704,0,07,000,03,0,1,01,A01
200900070705,0,31,000,00,2,1,01,B01
200900070705,0,07,000,00,2,4,01,A01
200900070706,0,07,000,00,2,1,02,A01
200900070706,0,07,000,00,2,4,02,B01
200900070706,0,07,000,00,2,4,02,C01
200900070707,0,07,000,00,0,9,17,A01
200900070708,0,07,000,02,0,2,01,A01
200900070709,0,07,000,04,0,3,00,A01
200900070710,0,07,000,00,2,1,02,A01
200900070710,0,07,000,00,2,4,02,D01
200900070710,0,07,000,00,2,4,02,B01
200900070710,0,07,000,00,2,4,02,C01
200900070711,0,07,000,00,2,2,14,A01
200900070711,0,07,000,00,0,8,01,B01
200900070712,1,07,000,00,1,0,00,A01
200900070713,0,07,000,07,0,1,01,A01
200900070714,0,07,000,00,2,3,15,A01
200900070714,0,07,000,00,2,1,01,B01
200900070715,1,10,000,00,2,7,17,A01
200900070715,0,02,000,00,2,1,01,B01
200900070716,0,07,000,00,2,1,01,A01
200900070716,0,07,000,00,2,4,02,C01
200900070716,0,07,000,00,2,4,02,D01
200900070716,0,07,000,00,2,4,02,B01
200900070717,0,07,000,00,2,8,01,B01
200900070717,0,07,000,00,2,6,01,A01
200900070718,0,07,000,00,2,1,05,A01
200900070718,0,07,000,00,2,1,01,B01
200900070719,0,07,000,00,2,4,23,B02
200900070719,0,07,000,00,2,1,01,A01
200900070719,0,14,000,00,0,4,23,C03
200900070720,0,07,000,00,2,3,01,A01
200900070721,0,31,000,00,0,0,01,A01
200900070722,0,07,000,00,2,2,01,A01
200900070722,0,01,000,00,0,4,01,B02
200900070723,0,30,000,15,0,2,01,A01
200900070724,0,07,000,00,2,4,02,B01
200900070724,0,38,001,00,2,1,02,A01
200900070724,0,07,000,00,2,4,01,C01
200900070725,0,07,000,00,2,8,01,B01
200900070725,0,30,000,00,2,1,01,A01
200900070726,0,07,000,00,0,3,01,A01
200900070727,0,07,000,00,0,7,01,A01
200900070728,0,07,000,00,2,2,01,A01
200900070728,0,07,000,00,2,1,01,B01
200900070729,0,07,000,00,1,1,01,A01
200900070730,0,07,000,00,2,1,01,A01
200900070730,0,01,000,00,2,8,01,B01
200900070731,0,07,000,00,2,8,15,B02
200900070731,0,32,000,00,2,1,17,A01
200900070732,0,07,000,03,0,1,01,A01
200900070733,0,31,000,00,2,3,21,A01
200900070733,0,07,000,00,2,5,01,B01
200900070734,0,07,000,01,0,0,21,A01
200900070735,0,07,000,00,2,4,02,A01
200900070735,0,07,000,00,2,1,02,B01
200900070736,0,07,000,00,2,1,13,C01
200900070736,0,10,000,00,2,3,02,A01
200900070736,0,07,000,00,2,7,02,B01
200900070737,0,07,000,00,2,1,21,C01
200900070737,0,15,000,00,0,6,01,A01
200900070737,0,07,000,00,0,4,01,B01
200900070738,0,07,000,00,0,2,00,A01
200900070739,0,07,000,00,2,1,01,A01