Num_Acc,senc,catv,occutc,obs,obsm,choc,manv,num_veh
200900070739,0,07,000,03,2,3,09,B01
200900070740,0,07,000,03,0,1,13,A01
200900070741,0,33,000,00,2,1,03,B01
200900070741,0,07,000,00,2,5,11,A01
200900070742,0,15,000,00,2,7,00,B01
200900070742,0,07,000,00,2,7,00,A01
200900070743,0,07,000,00,2,3,01,A01
200900070743,0,07,000,00,2,2,14,B01
200900070744,0,07,000,00,2,8,00,B01
200900070744,0,34,000,00,2,7,00,A01
200900070745,0,07,000,00,2,3,01,A01
200900070745,0,33,000,00,2,8,01,B01
200900070746,0,07,000,00,1,1,01,A01
200900070747,0,07,000,00,2,7,01,A01
200900070747,0,30,000,00,2,3,01,B01
200900070748,0,10,000,00,1,1,01,A01
200900070749,0,07,000,01,0,2,01,A01
200900070750,0,10,000,00,2,3,01,B01
200900070750,0,07,000,00,2,3,13,A01
200900070751,0,07,000,01,2,1,20,B01
200900070751,0,33,000,00,2,8,01,A01
200900070752,0,07,000,02,0,1,01,A01
200900070753,0,07,000,00,2,3,09,A01
200900070753,0,02,000,00,2,1,01,B01
200900070754,0,07,000,00,2,7,01,A01
200900070754,0,01,000,00,2,1,01,B01
200900070755,0,32,000,00,2,1,01,B01
200900070755,0,07,000,00,2,3,01,A01
200900070756,0,07,000,16,0,9,01,A01
200900070757,0,07,000,00,1,1,01,A01
200900070758,0,07,000,00,2,1,01,A01
200900070758,0,01,000,00,2,7,01,B01
200900070759,0,07,000,00,1,2,01,A01
200900070760,0,07,000,00,1,1,01,A01
200900070761,0,07,000,00,2,1,01,A01
200900070761,0,07,000,00,2,8,01,B01
200900070762,0,07,000,00,1,2,01,A01
200900070763,0,07,000,00,1,2,01,A01
200900070764,0,07,000,00,1,2,01,A01
200900070765,0,03,000,00,1,1,01,A01
200900070766,0,32,000,00,1,3,00,A01
200900070767,0,01,000,00,0,0,01,B01
200900070767,0,07,000,00,0,0,15,A01
200900070768,0,99,000,11,0,1,01,A01
200900070769,0,07,000,08,2,7,01,A01
200900070769,0,10,000,00,2,1,01,B01
200900070770,0,07,000,00,1,7,02,A01
200900070771,0,33,000,00,2,1,02,B01
200900070771,0,07,000,00,2,5,12,A01
200900070772,0,07,000,00,2,2,02,B01
200900070772,0,07,000,06,2,0,18,A01
200900070773,0,32,000,00,2,1,01,A01
200900070773,0,07,000,00,2,5,15,B01
200900070774,0,37,000,00,0,1,00,B01
200900070774,0,03,000,00,0,1,00,A01
200900070775,0,30,000,01,0,1,00,A01
200900070776,0,07,000,01,0,1,01,A01
200900070777,0,07,000,00,1,2,01,A01
200900070778,0,07,000,00,0,3,15,A01
200900070778,0,01,000,00,0,0,21,B01
200900070779,0,31,000,00,2,7,02,B01
200900070779,0,10,000,00,2,3,15,A01
200900070780,0,07,000,00,2,8,01,B01
200900070780,0,07,000,00,2,1,00,A01
200900070780,0,07,000,00,2,3,01,C01
200900070781,0,07,000,00,2,3,00,A01
200900070781,0,34,000,00,2,7,11,B01
200900070782,0,07,000,00,2,2,01,A01
200900070782,0,07,000,00,2,1,01,B01
200900070783,0,32,000,00,2,1,01,A01
200900070783,0,07,000,00,0,4,01,B01
200900070784,0,37,020,00,0,4,02,B01
200900070784,0,07,000,00,0,1,02,A01
200900070785,0,07,000,00,2,1,15,B01
200900070785,0,07,000,00,2,8,01,A01
200900070786,0,07,000,00,2,3,00,A01
200900070786,0,33,000,00,2,5,01,B01
200900070787,0,07,000,00,1,1,01,A01
200900070788,0,07,000,00,2,5,10,A01
200900070788,0,33,000,00,2,1,01,B01
200900070789,0,07,000,00,0,0,00,B01
200900070789,0,32,000,00,0,0,00,C01
200900070789,0,01,000,00,0,0,00,A01
200900070790,0,07,000,00,2,3,02,A01
200900070790,0,07,000,00,2,7,02,B01
200900070791,0,07,000,00,1,8,01,A01
200900070792,0,07,000,00,2,3,11,A01
200900070792,0,34,000,00,2,1,01,B01
200900070793,0,07,000,00,0,7,00,B01
200900070793,0,07,000,01,1,8,03,A01
200900070794,0,07,000,04,0,1,02,A01
200900070795,0,07,000,12,0,3,02,A01
200900070796,0,07,000,00,2,1,01,C01
200900070796,0,07,000,00,2,7,01,A01
200900070796,0,07,000,15,2,3,01,B01
200900070797,0,07,000,00,0,4,02,B01
200900070797,0,07,000,00,0,1,02,A01
200900070798,0,07,000,00,2,1,05,C01
200900070798,0,07,000,00,2,9,00,B01
200900070798,0,07,000,00,2,3,02,A01
200900070799,0,07,000,00,9,3,15,B01
200900070799,0,34,000,00,2,1,17,A01
200900070800,0,32,000,00,2,1,02,A01
200900070800,0,07,000,00,0,7,09,B01
200900070801,0,30,000,00,2,7,01,B01
200900070801,0,10,000,00,2,3,10,A01
200900070802,0,33,000,00,0,6,02,B01
200900070802,0,33,000,00,2,1,02,A01
200900070803,0,07,000,00,2,7,01,A01
200900070803,0,07,000,00,2,1,00,B01
200900070804,0,07,000,00,0,3,00,C01
200900070804,0,07,000,01,0,1,01,A01
200900070804,0,07,000,00,0,1,00,B01
200900070805,0,07,000,00,0,6,01,A01
200900070805,0,32,000,00,2,1,02,B01
200900070806,0,07,000,15,0,1,01,A01
200900070807,0,30,000,00,0,0,00,A01
200900070808,0,07,000,12,0,1,02,A01
200900070809,0,13,000,00,2,1,02,C01
200900070809,0,07,000,00,2,4,02,A01
200900070809,0,10,000,00,2,4,02,B01
200900070810,1,31,000,00,1,0,00,A01
200900070811,0,07,000,00,2,4,02,A01
200900070811,0,07,000,00,2,1,02,B01
200900070812,0,31,000,00,1,1,01,A01
200900070813,0,07,000,00,0,3,15,A01
200900070814,0,07,000,00,2,2,15,B01
200900070814,0,07,000,09,2,3,01,A01
200900070815,0,37,002,00,0,4,00,B01
200900070815,0,07,000,00,0,1,02,A01
200900070816,0,07,000,00,0,4,00,B01
200900070816,0,07,000,00,2,1,01,A01
200900070817,0,07,000,00,2,2,13,A01
200900070817,0,31,000,00,2,1,02,B01
200900070818,1,30,000,00,1,1,01,A01
200900070819,0,07,000,00,2,4,02,B01
200900070819,0,07,000,00,2,1,02,A01
200900070820,0,07,000,01,0,1,05,A01
200900070821,0,07,000,00,2,1,01,C01
200900070821,0,07,000,00,2,4,23,B01
200900070821,0,07,000,00,0,4,23,A01
200900070822,0,07,000,00,9,1,02,A01
200900070823,0,07,000,00,1,2,00,A01
200900070824,0,13,000,00,1,1,11,A01
200900070825,0,07,000,00,2,5,12,B01
200900070825,0,14,000,00,2,3,11,A01
200900070826,0,07,000,00,2,3,15,A01
200900070826,0,30,000,00,2,7,17,B01
200900070827,0,07,000,00,0,0,00,A01
200900070828,0,30,000,00,2,3,02,B01
200900070828,0,07,000,00,9,2,02,A01
200900070829,0,07,000,00,2,3,02,B01
200900070829,0,07,000,00,2,1,19,A01
200900070830,0,07,000,00,2,1,01,A01
200900070830,0,34,000,00,2,1,01,B01
200900070831,1,07,000,00,0,0,00,A01
200900070832,0,02,000,00,2,7,00,B01
200900070832,0,07,000,00,2,3,11,A01
200900070833,0,30,000,00,2,1,17,B01
200900070833,0,37,001,00,2,3,10,A01
200900070834,0,34,000,00,2,1,01,A01
200900070834,0,07,000,00,2,6,15,B01
200900070835,0,02,000,00,0,8,00,A01
200900070835,0,07,000,00,0,2,01,B01
200900070836,0,33,000,00,2,1,02,A01
200900070836,0,07,000,00,2,2,15,B01
200900070837,0,07,000,00,0,5,23,B01
200900070837,0,32,000,14,2,1,01,A01
200900070838,0,07,000,00,1,3,11,A01
200900070839,0,07,000,01,0,2,01,A01
200900070840,0,07,000,06,0,1,02,A01
200900070841,0,30,000,00,1,1,01,A01
200900070842,0,07,000,00,0,5,10,A01
200900070842,0,32,000,00,2,2,21,B01
200900070843,0,33,000,00,1,1,00,B01
200900070843,0,01,000,00,2,1,00,A01
200900070844,0,33,000,00,2,1,02,B01
200900070844,0,07,000,00,2,2,15,A01
200900070845,0,02,000,00,2,8,01,B01
200900070845,0,07,000,00,2,3,10,A01
200900070846,0,33,000,00,0,1,01,B01
200900070846,0,07,000,00,0,4,01,A01
200900070847,0,07,000,00,2,1,01,A01
200900070847,0,07,000,00,2,7,01,B01
200900070848,0,07,000,00,1,8,01,A01
200900070849,0,33,000,09,0,3,06,A01
200900070850,0,30,000,00,0,0,01,B01
200900070850,0,07,000,00,0,3,01,A01
200900070851,0,31,000,00,2,3,01,A01
200900070851,0,07,000,00,2,1,15,B01
200900070852,0,37,005,00,0,5,01,A01
200900070853,0,07,000,09,0,3,00,A01
200900070853,0,07,000,00,9,1,00,B01
200900070854,0,07,000,01,0,2,01,A01
200900070855,0,14,000,00,1,1,01,A01
200900070856,0,30,000,00,2,1,17,A01
200900070856,0,07,000,00,2,1,15,B01
200900070857,0,32,000,01,2,7,01,B01
200900070857,0,07,000,00,2,1,09,A01
200900070858,0,07,000,00,2,1,17,A01
200900070858,0,30,000,00,2,1,02,B01
200900070859,0,07,000,00,1,4,00,A01
200900070860,0,30,000,00,0,0,00,A01
200900070861,0,07,000,00,1,1,01,A01
200900070862,0,07,000,00,1,2,00,A01
200900070863,0,31,000,00,0,8,07,A01
200900070863,0,37,001,00,0,2,01,B01
200900070864,0,02,000,00,2,1,01,A01
200900070864,0,07,000,00,2,8,01,B01
200900070865,0,02,000,00,2,2,03,A01
200900070865,0,07,000,00,2,3,15,B01
200900070866,0,07,000,00,0,5,15,A01
200900070866,0,31,000,00,2,1,02,B01
200900070867,0,10,000,00,1,2,01,A01
200900070868,0,07,000,00,0,4,02,A01
200900070868,0,07,000,00,2,1,02,B01
200900070869,1,07,000,00,0,0,10,A01
200900070869,0,30,000,00,2,3,01,B01
200900070870,0,30,000,00,2,1,00,B01
200900070870,0,07,000,00,2,6,15,A01
200900070871,0,07,000,00,1,3,16,A01
200900070872,0,07,000,00,2,1,01,B01
200900070872,0,07,000,00,2,1,05,A01
200900070872,0,07,000,00,2,1,01,C01
200900070873,0,07,000,00,2,3,01,B01
200900070873,0,07,000,00,2,1,13,A01
200900070874,0,07,000,00,2,3,05,A01
200900070874,0,07,000,00,2,1,01,B01
200900070875,0,32,000,00,0,2,17,B01
200900070875,0,07,000,00,0,3,15,A01
200900070876,1,30,000,00,1,0,02,A01
200900070877,0,07,000,00,0,4,00,B01
200900070877,0,07,000,00,0,1,00,A01
200900070878,0,07,000,00,1,2,01,A01
200900070879,0,07,000,00,1,1,01,A01
200900070880,0,33,000,00,2,1,00,A01
200900070880,0,07,000,00,2,3,00,B01
200900070881,0,07,000,06,2,6,00,A01
200900070881,0,07,000,01,2,4,00,B01
200900070882,0,07,000,00,1,3,02,A01
200900070883,0,07,000,00,2,1,01,A01
200900070883,0,07,000,00,2,1,01,C01
200900070883,0,07,000,00,2,4,01,B01
200900070884,0,07,000,00,1,1,00,A01
200900070885,0,30,000,00,1,3,02,A01
200900070886,0,07,000,00,1,2,01,A01
200900070887,0,07,000,00,2,1,01,A01
200900070887,0,31,000,00,0,8,00,B01
200900070888,1,07,000,00,1,1,01,A01
200900070889,0,33,000,00,1,8,01,A01
200900070890,0,30,000,00,2,7,01,A01
200900070890,0,07,000,00,2,1,15,B01
200900070891,0,31,000,00,2,1,02,B01
200900070891,0,07,000,00,2,3,09,A01
200900070892,0,07,000,00,1,1,00,A01
200900070893,0,07,000,00,1,1,01,A01
200900070894,0,07,000,00,1,1,01,A01
200900070895,0,07,000,00,1,2,00,A01
200900070896,0,07,000,00,2,1,01,A01
200900070896,0,37,001,00,2,1,01,B01
200900070897,0,07,000,06,2,1,01,B01
200900070897,0,07,000,00,2,7,01,A01
200900070898,0,07,000,12,0,9,01,A01
200900070899,0,07,000,00,1,3,01,A01
200900070900,0,32,000,00,1,2,01,A01
200900070901,0,07,000,00,2,1,02,A01
200900070901,0,02,000,00,2,8,03,B01
200900070902,0,07,000,00,2,1,01,B01
200900070902,0,07,000,01,2,1,05,A01
200900070903,0,33,000,14,1,3,01,A01
200900070904,0,07,000,00,2,2,01,A01
200900070904,0,30,000,00,2,1,18,B01
200900070905,0,07,000,00,2,3,15,A01
200900070905,0,01,000,00,2,1,01,B01
200900070906,0,07,000,01,2,8,01,A01
200900070906,0,01,000,00,2,2,01,B01
200900070907,0,33,000,01,2,2,03,A01
200900070907,0,10,000,00,2,6,11,B01
200900070908,0,34,000,00,2,1,03,B01
200900070908,0,07,000,00,0,5,11,A01
200900070909,0,07,000,00,1,1,01,A01
200900070910,0,37,015,00,1,5,01,A01
200900070911,0,07,000,00,2,1,01,A01
200900070911,0,07,000,00,2,4,01,B01
200900070912,0,07,000,04,0,2,01,A01
200900070913,0,07,000,00,2,3,15,A01
200900070913,0,32,000,00,2,3,01,B01
200900070914,0,07,000,00,0,7,12,B01
200900070914,0,33,000,00,2,1,03,A01
200900070915,0,30,000,08,0,1,01,A01
200900070916,0,07,000,00,2,1,01,A01
200900070916,0,07,000,00,0,4,02,B01
200900070917,0,34,000,00,0,8,01,A01
200900070918,0,07,000,00,2,3,01,A01
200900070918,0,07,000,00,2,1,01,B01
200900070919,0,07,000,12,2,1,01,A01
200900070919,0,07,000,00,2,1,01,B01
200900070920,0,07,000,00,1,7,15,A01
200900070921,0,07,000,00,2,2,01,A01
200900070921,0,33,000,00,2,1,01,B01
200900070922,0,30,000,00,0,8,21,A01
200900070923,0,32,000,00,1,1,17,A01
200900070924,0,07,000,00,2,4,01,B01
200900070924,0,10,000,00,2,1,01,A01
200900070925,1,07,000,00,2,1,02,Z01
200900070925,0,07,000,00,2,4,01,B01
200900070926,0,07,000,00,2,2,10,A01
200900070926,0,31,000,00,2,1,01,B01
200900070927,0,07,000,00,2,1,01,A01
200900070927,0,14,000,00,0,0,15,B01
200900070928,0,33,000,00,2,8,01,B01
200900070928,0,07,000,00,2,8,15,A01
200900070929,0,07,000,00,2,4,23,B01
200900070929,0,07,000,00,2,1,02,A01
200900070930,0,07,000,00,0,4,15,B01
200900070930,0,07,000,00,2,1,02,A01
200900070931,0,07,000,00,2,0,15,A01
200900070931,0,01,000,00,2,1,19,B01
200900070932,0,30,000,00,2,1,01,B01
200900070932,0,07,000,00,2,1,09,A01
200900070933,0,07,000,00,1,2,01,A01
200900070934,0,07,000,00,2,1,15,A01
200900070934,0,33,000,00,2,8,01,B01
200900070935,0,10,000,00,2,3,15,B01
200900070935,0,07,000,00,2,2,17,A01
200900070936,0,07,000,00,2,8,01,B01
200900070936,0,07,000,00,2,1,01,C01
200900070936,0,07,000,00,2,2,15,A01
200900070937,0,10,000,00,2,3,01,B01
200900070937,0,07,000,00,2,2,15,A01
200900070938,0,07,000,00,2,3,01,B01
200900070938,0,31,000,00,2,3,01,A01
200900070939,0,10,000,00,2,7,01,B01
200900070939,0,02,000,00,2,8,09,A01
200900070940,2,07,000,00,2,1,15,A01
200900070940,0,07,000,00,2,1,13,B01
200900070940,0,07,000,00,2,1,23,C01
200900070941,0,07,000,00,1,3,01,A01
200900070942,0,07,000,00,1,3,09,A01
200900070943,0,07,000,00,1,1,01,Z01
200900070944,0,07,000,00,0,7,15,A01
200900070944,0,34,000,00,2,1,01,B01
200900070945,0,33,000,00,2,7,17,A01
200900070945,0,07,000,00,2,3,21,B01
200900070946,0,02,000,00,2,1,17,A01
200900070946,0,07,000,00,2,6,15,B01
200900070947,0,02,000,00,2,1,03,B01
200900070947,0,07,000,00,2,1,22,A01
200900070947,0,07,000,00,2,1,01,C01
200900070948,0,07,000,00,1,3,01,A01
200900070949,0,07,000,00,2,4,23,C01
200900070949,0,07,000,00,2,4,02,A01
200900070949,0,07,000,00,2,4,02,B01
200900070950,0,07,000,00,2,3,01,A01
200900070950,0,07,000,00,2,8,01,B01
200900070951,0,07,000,00,2,6,01,B01
200900070951,0,07,000,00,2,1,01,A01
200900070952,0,07,000,00,1,1,15,A01
200900070953,0,07,000,00,2,3,01,A01
200900070953,0,33,000,00,2,7,01,B01
200900070954,0,33,000,00,0,1,01,A01
200900070955,0,07,000,01,0,4,04,A01
200900070956,0,32,000,00,2,1,01,A01
200900070956,0,07,000,00,2,3,01,B01
200900070957,0,07,000,00,2,7,20,B01
200900070957,0,02,000,00,2,8,01,A01
200900070958,0,07,000,00,2,8,11,A01
200900070958,0,07,000,00,2,2,01,B01
200900070959,0,02,000,00,2,8,01,B01
200900070959,0,07,000,00,2,1,10,A01
200900070960,0,07,000,00,2,1,01,A01
200900070960,0,14,000,00,0,2,10,B01
200900070961,0,34,000,00,1,1,03,A01
200900070962,0,07,000,00,0,4,23,B01
200900070962,0,30,000,00,2,1,02,A01
200900070963,0,02,000,00,2,7,02,A01
200900070963,0,07,000,00,2,3,02,B01
200900070964,0,37,002,00,2,3,01,B01
200900070964,0,10,000,00,2,7,01,A01
200900070965,0,32,000,08,0,8,21,A01
200900070965,0,10,000,00,0,0,15,B01
200900070966,0,33,000,00,0,3,01,A01
200900070967,0,07,000,00,2,1,01,A01
200900070967,0,01,000,00,0,1,05,B01
200900070968,0,07,000,00,1,1,15,A01
200900070969,0,07,000,00,2,1,01,A01
200900070969,0,07,000,00,0,4,02,B01
200900070970,0,07,000,00,1,4,20,A01
200900070971,0,07,000,00,2,9,01,B01
200900070971,0,30,000,00,2,6,09,A01
200900070972,0,31,000,01,0,1,19,A01
200900070973,0,01,000,00,2,1,01,B01
200900070973,0,07,000,00,2,1,15,A01
200900070974,0,07,000,00,2,3,02,A01
200900070974,0,31,000,00,0,4,15,B01
200900070975,0,07,000,00,0,5,23,B01
200900070975,0,07,000,00,2,1,02,A01
200900070976,0,07,000,00,2,1,01,A01
200900070976,0,07,000,00,2,4,01,B01
200900070977,0,02,000,00,0,8,01,A01
200900070978,0,33,000,00,2,7,01,B01
200900070978,0,07,000,00,2,8,13,A01
200900070979,0,07,000,00,2,1,10,A01
200900070979,0,33,000,00,2,1,01,B01
200900070980,0,07,000,00,1,3,02,A01
200900070981,0,07,000,00,1,3,01,A01
200900070982,0,07,000,00,1,7,01,A01
200900070983,0,07,000,00,2,1,01,A01
200900070983,0,07,000,00,2,4,01,B01
200900070983,0,07,000,00,2,4,01,C01
200900070984,0,07,000,00,2,1,02,A01
200900070984,0,07,000,00,2,4,01,B01
200900070985,0,07,000,00,1,1,01,A01
200900070986,0,34,000,12,0,1,01,A01
200900070987,0,07,000,00,1,2,01,A01
200900070988,0,32,000,15,0,7,01,A01
200900070989,0,30,000,01,0,0,01,A01
200900070990,0,07,000,00,2,7,10,A01
200900070990,0,34,000,00,2,1,01,B01
200900070991,0,30,000,14,0,7,01,A01
200900070992,0,07,000,00,1,1,01,A01
200900070993,0,02,000,01,0,3,17,B01
200900070994,0,07,000,00,2,1,02,A01
200900070994,0,07,000,00,0,4,01,B01
200900070995,0,07,000,00,2,2,10,A01
200900070995,0,34,000,00,2,1,01,B01
200900070996,0,07,000,00,2,8,15,B01
200900070996,0,07,000,00,2,1,01,C01
200900070996,0,34,000,00,2,1,17,A01
200900070997,0,33,000,00,2,1,01,B01
200900070997,0,07,000,00,2,5,02,A01
200900070998,0,07,000,00,2,7,10,A01
200900070998,0,30,000,00,2,1,02,B01
200900070999,0,07,000,09,0,3,01,A01
200900071000,0,07,000,04,0,9,01,A01
200900071001,0,07,000,04,0,3,01,A01
200900071002,0,07,000,00,2,1,17,A01
200900071002,0,01,000,14,2,8,01,B01
200900071003,0,02,000,00,2,1,17,A01
200900071003,0,07,000,00,2,3,15,B01
200900071004,0,02,000,00,2,7,01,B01
200900071004,0,07,000,00,2,7,16,A01
200900071005,0,32,000,00,0,0,02,A01
200900071006,0,07,000,00,2,5,12,A01
200900071006,0,33,000,00,2,3,03,B01
200900071007,0,07,000,00,2,4,23,A01
200900071007,0,14,000,00,2,1,02,B01
200900071008,0,07,000,00,2,3,01,A01
200900071008,0,07,000,00,0,4,02,B01
200900071008,0,07,000,00,0,4,02,C01
200900071009,0,07,000,00,1,0,01,A01
200900071010,0,14,000,00,2,2,12,A01
200900071010,0,07,000,00,2,6,01,B01
200900071010,0,10,000,00,2,1,01,C01
200900071011,0,31,000,00,2,7,03,A01
200900071011,0,07,000,00,2,8,01,B01
200900071012,0,33,000,04,0,8,01,A01
200900071013,0,34,000,00,0,8,01,A01
200900071014,0,02,000,00,2,1,02,A01
200900071014,0,07,000,00,2,5,01,B01
200900071015,0,33,000,00,2,3,03,A01
200900071015,0,07,000,00,2,7,01,B01
200900071016,0,14,000,00,2,3,13,B01
200900071016,0,07,000,00,2,2,14,A01
200900071017,0,07,000,13,0,9,01,A01
200900071018,0,07,000,00,2,3,01,A01
200900071018,0,07,000,00,2,3,01,B01
200900071019,0,02,000,03,2,1,17,A01
200900071019,0,07,000,00,2,8,17,B01
200900071020,0,07,000,00,2,6,01,A01
200900071020,0,14,000,00,2,2,01,B01
200900071020,0,33,000,00,2,1,01,C01
200900071021,0,13,000,00,0,3,01,B01
200900071021,0,31,000,01,2,2,17,A01
200900071022,0,07,000,04,2,6,01,A01
200900071022,0,14,000,00,2,2,12,B01
200900071023,0,30,000,00,1,1,12,A01
200900071024,0,10,000,06,0,1,01,A01
200900071025,0,30,000,00,2,1,17,A01
200900071025,0,07,000,00,2,3,15,B01
200900071026,0,07,000,00,1,1,01,A01
200900071027,0,07,000,00,1,5,01,A01
200900071028,0,07,000,00,2,1,01,A01
200900071028,0,07,000,00,2,4,23,B01
200900071028,0,10,000,00,2,4,02,C01
200900071029,0,33,000,00,2,1,03,C01
200900071029,0,07,000,00,2,8,01,A01
200900071029,0,07,000,00,2,5,01,B01
200900071030,0,07,000,00,2,1,15,A01
200900071030,0,31,000,00,2,7,01,B01
200900071031,0,14,000,00,1,1,15,A01
200900071032,0,03,000,00,2,5,12,A01
200900071032,0,33,000,00,2,3,02,B01
200900071033,0,07,000,00,2,3,11,A01
200900071033,0,33,000,00,2,2,17,B01
200900071034,0,37,001,00,1,6,11,A01
200900071035,0,37,001,00,1,0,15,A01
200900071036,0,02,000,00,2,1,18,B01
200900071036,0,07,000,00,2,5,15,A01
200900071037,0,02,000,00,2,1,17,A01
200900071037,0,07,000,00,2,3,15,B01
200900071038,0,07,000,00,2,7,23,C01
200900071038,0,33,000,00,2,1,03,A01
200900071038,0,10,000,00,0,8,22,B01
200900071039,0,07,000,00,2,6,01,A01
200900071039,0,33,000,00,2,1,02,B01
200900071040,0,07,000,00,2,4,01,A01
200900071040,0,33,000,00,2,1,02,B01
200900071041,0,30,000,00,2,1,17,B01
200900071041,0,07,000,00,2,8,15,A01
200900071042,0,07,000,00,2,1,02,A01
200900071042,0,07,000,00,0,4,01,B01
200900071043,0,31,000,00,0,7,01,A01
200900071044,0,07,000,00,2,4,01,B01
200900071044,0,07,000,00,0,4,01,C01
200900071044,0,07,000,00,2,1,01,A01
200900071045,0,07,000,00,2,1,02,B01
200900071045,0,07,000,00,2,4,01,A01
200900071046,0,07,000,00,1,7,01,A01
200900071047,0,07,000,00,2,1,01,B01
200900071047,0,33,000,00,2,1,01,A01
200900071048,1,07,000,00,2,8,01,A01
200900071048,0,33,000,00,2,7,01,B01
200900071049,0,33,000,00,2,0,01,A01
200900071049,0,07,000,00,0,0,12,B01
200900071050,0,07,000,00,1,1,15,A01
200900071051,0,07,000,00,2,7,12,B01
200900071051,0,33,000,00,2,8,03,A01
200900071051,0,07,000,00,0,4,01,C01
200900071052,0,07,000,00,2,4,01,A01
200900071052,0,31,000,00,2,1,02,B01
200900071053,0,07,000,00,2,3,15,A01
200900071053,0,30,000,00,2,3,01,B01
200900071054,0,07,000,00,1,1,01,A01
200900071055,0,07,000,00,1,1,01,A01
200900071056,0,07,000,00,1,1,01,A01
200900071057,0,07,000,00,1,3,13,A01
200900071058,0,07,000,00,1,2,01,A01
200900071059,0,07,000,00,2,3,10,A01
200900071059,0,30,000,00,2,1,01,B01
200900071060,0,07,000,00,1,1,01,A01
200900071061,0,07,000,00,2,2,01,B01
200900071061,0,07,000,00,2,8,01,A01
200900071062,0,07,000,04,0,2,01,A01
200900071063,0,07,000,00,2,1,01,A01
200900071063,0,07,000,00,2,3,01,B01
200900071064,0,31,000,00,2,1,03,A01
200900071064,0,10,000,00,2,6,11,B01
200900071065,0,32,000,00,2,8,01,B01
200900071065,0,07,000,00,2,2,15,A01
200900071066,0,33,000,00,2,1,01,A01
200900071066,0,07,000,00,2,3,01,B01
200900071067,0,30,000,00,2,2,17,A01
200900071067,0,07,000,00,0,3,20,B01
200900071068,0,07,000,00,1,3,01,A01
200900071069,0,30,000,00,2,3,01,A01
200900071069,1,07,000,00,0,5,17,B01
200900071070,0,07,000,00,1,2,01,A01
200900071071,0,37,062,00,2,7,07,B01
200900071071,0,07,000,00,2,8,07,A01
200900071072,0,01,000,00,1,0,05,A01
200900071073,0,01,000,00,2,1,02,A01
200900071073,0,07,000,00,2,7,16,B01
200900071074,0,07,000,00,2,4,01,B01
200900071074,0,07,000,00,0,2,01,A01
200900071075,0,07,000,00,1,2,01,A01
200900071076,0,07,000,00,2,1,01,A01
200900071076,0,07,000,00,2,5,15,B01
200900071077,0,31,000,00,0,0,21,A01
200900071078,0,02,000,00,0,7,01,A01
200900071079,0,30,000,00,2,1,17,A01
200900071079,0,07,000,00,0,8,11,B01
200900071080,0,33,000,03,0,9,03,A01
200900071081,0,33,000,00,2,1,01,A01
200900071081,0,07,000,00,2,5,12,B01
200900071082,1,30,000,00,2,0,19,Z01
200900071082,0,07,000,00,2,1,01,B01
200900071082,0,33,000,00,2,7,01,A01
200900071083,0,07,000,00,1,1,15,A01
200900071084,0,07,000,00,0,4,02,A01
200900071084,0,07,000,00,2,8,11,B01
200900071084,0,31,000,00,2,1,02,C01
200900071085,0,10,000,00,2,8,17,A01
200900071085,0,02,000,00,2,5,17,B01
200900071086,0,07,000,00,2,4,01,B01
200900071086,0,02,000,00,2,1,01,A01
200900071087,0,07,000,00,0,7,12,B01
200900071087,0,31,000,00,2,1,03,A01
200900071088,0,33,000,04,2,1,01,A01
200900071088,1,07,000,00,0,0,11,B01
200900071089,0,07,000,00,2,8,17,A01
200900071089,0,32,000,00,2,2,01,B01
200900071090,0,07,000,00,2,1,01,B01
200900071090,0,07,000,00,2,8,09,A01
200900071091,0,02,000,00,2,1,17,A01
200900071091,0,07,000,00,2,8,01,B01
200900071092,0,07,000,00,9,3,01,A01
200900071092,0,01,000,00,2,4,19,B01
200900071093,0,31,000,00,0,4,01,B01
200900071093,0,07,000,00,2,1,02,A01
200900071094,0,07,000,00,1,2,01,A01
200900071095,0,07,000,00,2,2,01,A01
200900071095,0,31,000,00,2,3,15,B01
200900071096,0,07,000,00,1,3,01,A01
200900071097,0,02,000,00,0,8,01,A01
200900071098,0,07,000,00,2,4,23,B01
200900071098,0,07,000,00,2,4,23,C01
200900071098,0,07,000,00,2,4,23,D01
200900071098,0,07,000,00,2,1,01,A01
200900071099,0,33,000,00,2,2,17,A01
200900071099,0,07,000,00,2,6,01,B01
200900071100,0,07,000,00,2,1,01,B01
200900071100,0,07,000,00,2,4,11,A01
200900071101,0,07,000,12,0,0,01,A01
200900071102,0,32,000,00,2,1,01,A01
200900071102,0,10,000,00,2,0,10,B01
200900071103,0,07,000,00,2,2,09,A01
200900071103,0,31,000,00,0,5,01,B01
200900071104,0,33,000,00,2,1,02,A01
200900071104,0,07,000,00,0,4,01,B01
200900071105,0,32,000,00,0,5,16,A01
200900071106,0,07,000,00,2,7,15,A01
200900071106,0,07,000,00,2,1,01,B01
200900071107,0,07,000,11,0,1,01,A01
200900071108,0,07,000,00,2,5,01,B01
200900071108,0,32,000,00,2,1,00,A01
200900071109,0,10,000,00,2,8,01,B01
200900071109,0,34,000,01,2,7,17,A01
200900071110,0,07,000,00,2,7,15,A01
200900071110,0,07,000,00,2,1,01,B01
200900071111,0,07,000,00,2,3,10,A01
200900071111,0,37,003,00,2,7,01,B01