Num_Acc,senc,catv,occutc,obs,obsm,choc,manv,num_veh
200900072792,0,07,000,00,2,7,15,A01
200900072793,0,01,000,00,2,8,01,B01
200900072793,0,07,000,00,9,1,01,A01
200900072794,0,10,000,00,2,1,02,B01
200900072794,0,07,000,00,2,4,23,A01
200900072795,0,30,000,00,1,1,01,A01
200900072796,0,07,000,00,9,8,15,B01
200900072796,0,31,000,00,2,1,17,A01
200900072797,1,07,000,00,1,1,01,A01
200900072798,0,07,000,00,2,2,10,A01
200900072798,0,02,000,00,2,1,01,B01
200900072799,0,07,000,00,2,5,01,A01
200900072799,0,02,000,00,2,1,01,B01
200900072800,0,07,000,00,1,1,01,A01
200900072801,0,01,000,00,2,1,17,B01
200900072801,0,07,000,00,2,1,01,A01
200900072802,0,07,000,00,2,1,00,A01
200900072802,0,32,000,00,2,1,01,B01
200900072803,0,07,000,00,2,1,01,B01
200900072803,0,07,000,00,2,1,01,A01
200900072804,0,07,000,00,2,3,01,B01
200900072804,0,02,000,00,2,1,01,A01
200900072805,0,07,000,00,2,8,00,B01
200900072805,0,10,000,00,2,7,00,D01
200900072805,0,07,000,00,2,1,00,A01
200900072805,0,07,000,03,0,5,00,C01
200900072806,0,07,000,00,2,4,01,B01
200900072806,0,30,000,00,2,1,01,A01
200900072807,0,01,000,00,2,3,01,B01
200900072807,0,07,000,00,2,2,01,A01
200900072808,0,07,000,00,1,1,01,A01
200900072809,0,07,000,00,1,1,01,A01
200900072810,0,02,000,00,2,1,01,B01
200900072810,0,07,000,00,2,2,15,A01
200900072811,0,31,000,11,0,1,01,A01
200900072812,0,07,000,00,0,9,13,A01
200900072812,0,10,000,00,2,1,08,B02
200900072812,0,07,000,00,2,1,02,C03
200900072813,0,07,000,00,1,2,01,A01
200900072814,0,07,000,00,2,4,02,A01
200900072814,0,33,000,00,2,1,02,B01
200900072815,0,07,000,00,2,3,01,B02
200900072815,0,07,000,00,2,3,13,A01
200900072816,0,07,000,04,0,1,00,A01
200900072817,0,07,000,12,0,1,00,A01
200900072818,0,07,000,00,1,2,01,A01
200900072819,0,07,000,00,2,3,09,A01
200900072819,0,37,001,00,2,7,01,B01
200900072820,0,07,000,00,2,6,23,C03
200900072820,0,30,000,00,2,1,17,A01
200900072820,0,07,000,00,2,3,01,B02
200900072821,0,33,000,00,2,1,09,A01
200900072821,0,07,000,00,2,5,19,B01
200900072822,0,07,000,04,0,1,00,A01
200900072823,0,07,000,00,1,1,05,A01
200900072824,0,07,000,00,2,1,01,B02
200900072824,0,07,000,00,2,1,01,A01
200900072825,0,07,000,00,2,8,24,B01
200900072825,0,10,000,01,0,7,01,A01
200900072826,0,07,000,00,2,1,01,B01
200900072826,2,02,000,01,0,0,00,A01
200900072827,0,10,000,00,0,1,13,A01
200900072827,0,07,000,00,0,1,01,B02
200900072828,0,07,000,00,2,3,05,B01
200900072828,0,13,000,00,2,8,05,A01
200900072829,0,07,000,00,2,1,01,B01
200900072829,0,02,000,00,2,1,13,A01
200900072830,0,33,000,00,1,1,00,A01
200900072831,0,07,000,00,2,1,05,B01
200900072831,0,07,000,00,2,1,05,A01
200900072832,0,30,000,00,2,1,01,B02
200900072832,0,07,000,00,2,3,15,A01
200900072833,0,33,000,00,2,1,13,A01
200900072833,0,07,000,00,2,1,01,B02
200900072834,0,32,000,00,0,1,14,A01
200900072835,0,37,009,00,2,1,02,A01
200900072835,0,07,000,00,2,4,02,B01
200900072836,0,07,000,06,0,2,14,A01
200900072837,0,07,000,00,0,1,01,A01
200900072838,0,30,000,00,0,0,01,A01
200900072839,0,07,000,16,0,9,21,A01
200900072840,0,34,000,00,2,1,02,A01
200900072840,0,07,000,00,2,4,15,B01
200900072841,0,07,000,00,9,2,01,A01
200900072841,0,01,000,00,2,1,09,B01
200900072842,0,07,000,04,0,4,21,A01
200900072843,0,33,000,13,0,8,14,A01
200900072844,0,07,000,00,2,8,01,B01
200900072844,0,07,000,00,2,2,09,A01
200900072845,0,07,000,00,0,0,02,B01
200900072845,0,33,000,00,2,9,21,A01
200900072846,0,07,000,00,1,3,01,A01
200900072847,0,07,000,00,2,1,02,A01
200900072847,0,31,000,00,2,4,02,B01
200900072847,0,31,000,00,2,1,02,C01
200900072848,0,33,000,00,2,8,02,A01
200900072848,0,33,000,00,2,7,02,B01
200900072849,0,07,000,08,0,1,14,A01
200900072850,0,07,000,00,2,1,02,B01
200900072850,0,07,000,04,2,4,02,A01
200900072851,0,07,000,00,9,2,00,A01
200900072851,0,01,000,00,2,1,05,B01
200900072852,0,33,000,00,2,7,01,B01
200900072852,0,07,000,00,2,4,13,A01
200900072853,0,01,000,00,2,1,02,A01
200900072853,0,07,000,00,2,4,02,B01
200900072854,1,30,000,00,1,1,01,A01
200900072855,0,31,000,00,2,1,02,A01
200900072855,0,07,000,00,2,4,02,B01
200900072855,0,07,000,00,2,0,02,C01
200900072856,0,07,000,00,1,4,04,A01
200900072857,0,30,000,00,2,1,19,A01
200900072857,0,07,000,00,2,8,01,B01
200900072858,0,33,000,12,0,1,14,A01
200900072859,0,07,000,00,1,3,21,A01
200900072860,0,07,000,00,2,8,11,A01
200900072860,0,30,000,00,2,7,01,B01
200900072861,0,07,000,00,1,1,01,A01
200900072862,0,30,000,00,2,6,15,A01
200900072862,0,07,000,00,2,2,19,B01
200900072863,0,32,000,00,2,7,01,A01
200900072863,0,10,000,00,2,7,19,B01
200900072866,0,07,000,00,9,3,24,A01
200900072866,0,01,000,01,0,1,01,B01
200900072867,0,07,000,00,1,4,04,A01
200900072868,0,17,000,00,9,5,01,A01
200900072868,0,01,000,00,2,1,19,B01
200900072869,0,07,000,00,9,3,10,A01
200900072869,0,31,000,00,2,1,17,B01
200900072870,0,07,000,00,9,8,15,A01
200900072870,0,02,000,00,2,8,01,B01
200900072871,0,07,000,00,1,2,01,A01
200900072872,0,07,000,00,2,1,05,A01
200900072872,0,07,000,00,2,3,00,C01
200900072872,0,07,000,00,2,3,01,B01
200900072873,0,07,000,00,2,4,02,C01
200900072873,0,07,000,00,2,1,02,A01
200900072873,0,07,000,00,2,4,02,B01
200900072874,0,07,000,00,2,1,01,A01
200900072874,0,07,000,00,2,4,15,B01
200900072875,0,07,000,00,9,2,01,A01
200900072875,0,30,000,00,2,1,01,B01
200900072876,0,07,000,00,9,8,01,B01
200900072876,0,02,000,00,2,1,05,A01
200900072877,0,07,000,00,2,1,01,B01
200900072877,0,07,000,00,2,3,13,A01
200900072878,0,10,000,00,1,2,01,A01
200900072879,0,07,000,00,0,0,22,A01
200900072880,0,02,000,15,0,1,01,A01
200900072881,0,07,000,00,1,1,01,A01
200900072882,0,02,000,00,2,1,01,A01
200900072882,0,07,000,00,9,6,01,B01
200900072883,0,07,000,00,1,1,01,A01
200900072884,0,07,000,06,1,2,14,A01
200900072885,0,07,000,00,1,1,21,A01
200900072886,0,07,000,00,1,1,01,A01
200900072887,0,07,000,05,0,8,01,A01
200900072888,0,07,000,00,1,1,01,A01
200900072889,0,07,000,04,2,2,05,A01
200900072889,0,07,000,00,0,0,01,C01
200900072889,0,07,000,00,2,2,01,B01
200900072890,0,07,000,00,2,8,15,A01
200900072890,0,02,000,00,2,1,17,B01
200900072891,0,07,000,00,1,2,01,A01
200900072892,0,30,000,00,0,0,15,A01
200900072893,0,07,000,00,1,1,00,A01
200900072894,0,07,000,00,2,1,00,A01
200900072894,0,02,000,00,2,1,05,B02
200900072895,0,07,000,00,2,1,13,A01
200900072895,0,07,000,00,2,1,01,B02
200900072896,0,33,000,00,0,0,02,C03
200900072896,0,33,000,00,0,0,02,B02
200900072896,0,33,000,00,0,0,02,E05
200900072896,0,33,000,00,0,0,01,A01
200900072896,0,33,000,00,0,0,02,D04
200900072897,0,30,000,06,0,1,19,A01
200900072898,0,07,000,00,2,3,01,B02
200900072898,0,30,000,00,2,3,13,A01
200900072899,0,02,000,00,2,6,15,B02
200900072899,1,07,000,00,9,3,01,A01
200900072900,0,33,000,00,1,8,17,A01
200900072901,0,31,000,00,2,2,21,B02
200900072901,0,07,000,00,0,6,15,A01
200900072902,0,30,000,00,2,3,16,A01
200900072902,0,30,000,00,2,3,15,B02
200900072903,0,10,000,10,0,1,15,A01
200900072904,0,10,000,00,2,3,01,B02
200900072904,0,30,000,00,2,1,17,A01
200900072905,0,31,000,00,1,1,01,A01
200900072906,0,30,000,00,1,1,21,A01
200900072906,0,07,000,00,2,1,00,B02
200900072907,0,07,000,00,2,1,01,C03
200900072907,0,31,000,00,2,1,01,A01
200900072907,0,07,000,00,2,1,15,B02
200900072908,0,10,000,00,2,3,01,B02
200900072908,0,33,000,00,2,1,13,A01
200900072909,0,07,000,00,1,2,14,A01
200900072910,0,33,000,00,2,6,01,B02
200900072910,0,07,000,00,2,1,19,A01
200900072911,0,07,000,00,2,2,19,A01
200900072911,0,07,000,00,2,3,01,B02
200900072912,0,10,000,00,1,3,01,A01
200900072913,0,07,000,00,1,0,21,A01
200900072914,0,33,000,03,0,1,01,A01
200900072915,0,07,000,00,1,1,01,A01
200900072916,0,10,000,00,2,2,15,A01
200900072916,0,33,000,00,2,1,01,B02
200900072917,0,07,000,00,2,3,15,A01
200900072917,0,30,000,00,2,1,17,B01
200900072918,0,07,000,00,1,1,01,A01
200900072919,0,07,000,00,2,1,01,A01
200900072919,0,07,000,00,2,4,01,C01
200900072919,0,07,000,00,2,1,01,B01
200900072937,0,07,000,00,2,2,02,A01
200900072937,0,07,000,04,0,6,02,B01
200900072938,0,07,000,00,2,6,09,A01
200900072938,0,01,000,00,2,2,01,B01
200900072939,0,07,000,00,1,2,00,A01
200900072940,0,01,000,00,2,4,02,B01
200900072940,0,34,000,00,9,1,02,A01
200900072941,0,07,000,00,2,1,02,B01
200900072941,0,07,000,00,2,4,02,A01
200900072942,0,34,000,16,0,0,02,A01
200900072943,0,07,000,00,2,4,02,A01
200900072943,0,07,000,00,2,1,21,B01
200900072944,0,07,000,00,2,6,02,A01
200900072944,0,34,000,00,2,1,02,B01
200900072945,0,07,000,00,9,3,02,A01
200900072945,0,01,000,00,2,1,02,B01
200900072946,0,07,000,04,0,2,21,D01
200900072946,0,07,000,00,2,1,02,A01
200900072946,0,07,000,00,2,1,02,B01
200900072946,0,07,000,00,2,1,02,C01
200900072947,0,07,000,00,2,4,02,C01
200900072947,0,07,000,00,2,1,02,A01
200900072947,0,07,000,00,2,4,02,B01
200900072948,0,01,000,00,2,8,02,B01
200900072948,0,07,000,00,9,7,02,A01
200900072949,0,07,000,00,2,7,10,B01
200900072949,0,07,000,00,2,1,02,A01
200900072950,0,33,000,12,0,4,01,A01
200900072951,0,30,000,00,2,8,09,A01
200900072951,0,07,000,00,2,2,19,B01
200900072952,0,33,000,00,2,9,01,B01
200900072952,0,07,000,00,2,1,00,A01
200900072953,0,07,000,00,2,7,15,A01
200900072953,0,31,000,00,2,1,01,B01
200900072954,0,07,000,00,2,2,15,A01
200900072954,0,31,000,00,2,1,01,B01
200900072955,0,07,000,00,2,1,01,B01
200900072955,0,07,000,00,2,1,14,A01
200900072956,0,33,000,00,2,1,17,B01
200900072956,0,07,000,00,2,8,15,A01
200900072957,2,32,000,00,1,1,01,A01
200900072958,0,02,000,00,0,0,00,A01
200900072958,0,07,000,00,2,1,01,B01
200900072959,0,07,000,00,2,7,01,B01
200900072959,0,34,000,00,2,8,09,A01
200900072960,0,01,000,00,2,1,06,A01
200900072960,0,07,000,00,2,2,01,B01
200900072961,0,30,000,00,2,1,02,A01
200900072961,0,07,000,00,2,4,19,B01
200900072962,0,07,000,03,2,1,17,A01
200900072962,0,07,000,00,2,1,01,B02
200900072963,0,31,000,07,0,9,01,A01
200900072964,0,07,000,00,2,3,01,A01
200900072964,0,07,000,00,0,8,00,B02
200900072965,0,07,000,03,2,1,13,A01
200900072965,0,07,000,00,2,1,01,B02
200900072966,0,07,000,00,0,0,00,A01
200900072966,0,10,000,00,0,1,01,B02
200900072967,0,31,000,08,0,2,01,A01
200900072968,0,33,000,00,0,0,01,A01
200900072969,0,31,000,09,0,1,01,A01
200900072970,0,01,000,00,2,1,13,B02
200900072970,0,07,000,00,2,1,01,A01
200900072971,1,07,000,00,0,0,00,A01
200900072972,0,07,000,00,2,1,13,A01
200900072972,0,07,000,00,2,3,01,B02
200900072973,0,36,000,15,0,2,14,A01
200900072974,0,31,000,00,2,3,01,B01
200900072974,0,07,000,00,2,1,01,A01
200900072975,0,07,000,00,1,4,04,A01
200900072976,0,32,000,10,0,1,14,A01
200900072977,0,07,000,00,2,8,15,B01
200900072977,2,07,000,00,2,1,01,A01
200900072978,0,07,000,00,2,3,09,A01
200900072978,0,31,000,00,2,1,17,B01
200900072979,0,07,000,00,2,8,10,A01
200900072979,0,33,000,00,2,1,02,B01
200900072980,0,31,000,00,2,8,00,B01
200900072980,0,07,000,00,2,2,00,A01
200900072981,0,07,000,00,2,8,01,B01
200900072981,0,30,000,00,2,1,17,A01
200900072982,0,07,000,00,1,4,04,A01
200900072983,0,07,000,00,1,2,01,A01
200900072984,0,07,000,00,2,1,00,A01
200900072984,0,07,000,00,2,2,01,B01
200900072985,0,35,000,00,9,5,17,A01
200900072986,0,30,000,13,0,0,13,A01
200900072987,0,38,000,00,1,5,01,A01
200900072988,0,14,000,00,0,6,01,A01
200900072988,1,30,000,00,2,1,02,B02
200900072989,0,31,000,00,2,1,17,A01
200900072989,0,07,000,00,2,1,01,B02
200900072990,0,07,000,00,2,1,15,A01
200900072990,0,30,000,00,2,1,01,B02
200900072991,0,07,000,00,1,1,09,A01
200900072992,0,33,000,00,1,2,01,A01
200900072993,0,33,000,03,0,1,19,A01
200900072994,0,33,000,00,2,7,17,B02
200900072994,0,07,000,00,2,8,01,A01
200900072995,0,02,000,00,0,8,01,B01
200900072995,0,07,000,00,0,1,15,A01
200900072996,0,07,000,00,1,3,01,A01
200900072997,0,07,000,00,2,1,13,A01
200900072997,0,07,000,00,2,1,01,B02
200900072998,0,07,000,00,2,1,13,A01
200900072998,0,07,000,00,2,1,01,B02
200900072998,0,07,000,00,2,1,01,C03
200900072999,0,07,000,00,2,6,15,A01
200900072999,0,31,000,00,2,1,01,B02
200900073000,0,01,000,00,2,1,01,B02
200900073000,0,07,000,00,9,3,01,A01
200900073001,0,07,000,00,2,3,15,A01
200900073001,0,30,000,00,2,3,01,B02
200900073002,0,07,000,08,0,7,17,A01
200900073003,0,07,000,00,2,3,01,A01
200900073003,0,37,000,00,2,3,01,B02
200900073004,0,02,000,01,0,1,14,A01
200900073005,0,07,000,00,1,3,15,A01
200900073006,0,33,000,12,0,1,01,A01
200900073007,0,15,000,10,2,3,13,A01
200900073007,0,07,000,00,2,1,01,B02
200900073008,0,01,000,00,2,0,00,B02
200900073008,0,07,000,00,0,3,21,A01
200900073009,0,07,000,00,0,9,00,A01
200900073010,0,07,000,00,0,4,02,B01
200900073010,0,07,000,00,2,1,02,A01
200900073011,0,07,000,00,0,8,01,B02
200900073011,0,33,000,00,2,8,05,A01
200900073012,0,07,000,00,0,9,16,A01
200900073013,0,07,000,00,2,1,01,B02
200900073013,0,07,000,00,2,7,01,A01
200900073014,0,38,000,00,2,1,15,A01
200900073014,0,30,000,00,0,8,01,B02
200900073015,0,07,000,00,2,3,01,B02
200900073015,0,07,000,00,2,3,01,A01
200900073016,0,31,000,00,2,1,15,A01
200900073016,0,07,000,00,2,1,01,B02
200900073017,0,07,000,00,2,1,17,A01
200900073017,0,07,000,00,2,3,01,B02
200900073018,0,10,000,00,2,1,01,B02
200900073018,0,02,000,00,2,1,01,A01
200900073019,0,33,000,00,1,1,01,A01
200900073020,0,07,000,00,0,0,21,A01
200900073021,0,07,000,06,0,1,01,A01
200900073022,1,07,000,00,1,5,16,A01
200900073023,0,07,000,00,1,2,02,A01
200900073024,0,30,000,00,2,1,01,B02
200900073024,1,10,000,00,0,0,15,D04
200900073024,0,30,000,00,2,1,01,C03
200900073024,0,07,000,00,2,1,13,A01
200900073025,0,31,000,00,2,1,17,A01
200900073025,0,07,000,00,2,2,01,B02
200900073026,0,07,000,02,2,1,01,A01
200900073026,0,01,000,00,0,7,16,B02
200900073027,0,30,000,00,2,4,00,A01
200900073028,0,07,000,00,2,1,01,A01
200900073028,0,07,000,00,2,1,17,B02
200900073029,0,07,000,00,9,7,02,B02
200900073029,0,32,000,00,2,8,15,A01
200900073030,0,33,000,00,2,3,02,A01
200900073030,0,10,000,00,0,6,23,B02
200900073036,0,07,000,00,9,8,24,C01
200900073036,0,30,000,00,2,1,17,B01
200900073036,0,07,000,00,9,3,09,A01
200900073037,0,02,000,00,1,1,01,A01
200900073038,0,02,000,00,0,1,00,A01
200900073039,0,07,000,00,1,7,01,A01
200900073040,0,07,000,00,2,1,01,B01
200900073040,0,02,000,00,2,1,01,A01
200900073041,0,07,000,00,9,1,01,A01
200900073041,0,33,000,00,2,1,18,B01
200900073042,0,01,000,00,2,1,01,B01
200900073042,0,13,000,00,2,7,01,A01
200900073043,0,01,000,00,2,8,01,B01
200900073043,0,07,000,00,9,2,01,A01
200900073044,0,99,000,00,2,3,01,A01
200900073044,0,07,000,00,2,9,01,B01
200900073045,0,07,000,15,0,9,01,A01
200900073046,0,02,000,00,1,1,17,A01
200900073047,0,07,000,00,1,1,01,A01
200900073048,0,02,000,00,2,0,01,B01
200900073048,0,07,000,00,2,1,01,A01
200900073049,0,07,000,00,9,8,23,C01
200900073049,0,07,000,00,9,8,23,D01
200900073049,0,30,000,00,2,1,01,B01
200900073049,0,07,000,00,9,2,15,A01
200900073050,0,07,000,00,1,1,01,A01
200900073051,0,07,000,00,2,3,00,A01
200900073051,0,10,000,00,2,3,00,B01
200900073052,0,31,000,00,2,1,13,A01
200900073052,0,07,000,00,2,8,01,B01
200900073053,0,02,000,00,2,1,05,A01
200900073053,0,10,000,00,2,1,01,B02
200900073054,0,01,000,03,0,4,01,A01
200900073054,0,07,000,00,0,2,01,B02
200900073055,0,07,000,00,1,2,00,A01
200900073056,0,33,000,00,0,7,17,B02
200900073056,0,07,000,00,0,8,13,A01
200900073057,0,31,000,00,2,1,17,B02
200900073057,0,07,000,00,2,3,15,A01
200900073058,0,01,000,00,2,1,01,B02
200900073058,0,07,000,00,2,3,01,A01
200900073059,0,33,000,00,2,2,17,A01
200900073059,0,07,000,00,2,8,15,B02
200900073060,0,07,000,00,0,3,01,A01
200900073061,0,30,000,00,2,1,01,A01
200900073061,0,30,000,00,2,1,01,B02
200900073062,0,30,000,00,2,0,16,A01
200900073062,0,07,000,00,0,3,01,B02
200900073063,0,33,000,06,0,0,17,A01
200900073064,0,02,000,00,1,1,01,A01
200900073065,0,07,000,00,0,1,01,A01
200900073066,0,01,000,00,2,1,01,A01
200900073066,0,07,000,00,2,1,01,B02
200900073067,0,30,000,00,2,4,01,A01
200900073067,0,10,000,00,2,2,01,B02
200900073068,0,10,000,02,0,2,14,A01
200900073069,0,10,000,00,2,3,01,A01
200900073069,0,07,000,00,2,2,01,B02
200900073069,0,02,000,00,2,1,13,C03
200900073070,0,07,000,00,2,1,15,A01
200900073070,0,02,000,00,2,1,01,B02
200900073071,0,10,000,00,1,2,01,A01
200900073072,0,07,000,13,0,1,00,A01
200900073073,0,33,000,06,0,1,14,A01
200900073074,0,30,000,00,2,1,19,A01
200900073074,0,07,000,00,2,1,01,B02
200900073075,0,07,000,00,9,1,09,B01
200900073075,0,01,000,00,2,4,01,A01
200900073076,0,07,000,00,2,1,01,B01
200900073076,0,02,000,00,2,1,17,A01
200900073077,0,02,000,00,2,1,01,A01
200900073077,0,07,000,00,2,4,23,B01
200900073078,0,33,000,00,2,8,17,A01
200900073078,0,10,000,00,2,8,15,B02
200900073079,0,33,000,00,2,5,01,B01
200900073079,0,07,000,00,9,1,09,A01
200900073080,0,30,000,00,2,1,17,B01
200900073080,0,07,000,00,9,3,15,A01
200900073081,0,07,000,00,1,7,01,A01
200900073082,0,07,000,00,1,2,00,A01
200900073083,0,07,000,00,2,3,01,B01
200900073083,0,02,000,00,2,1,13,A01
200900073084,0,07,000,00,2,3,13,A01
200900073084,0,07,000,00,2,3,01,B01
200900073085,1,07,000,00,2,1,11,A01
200900073085,0,07,000,00,2,1,01,B01
200900073086,1,07,000,00,2,1,02,B01
200900073086,0,07,000,00,2,4,02,A01
200900073087,0,33,000,00,5,1,01,A01
200900073088,0,07,000,16,0,9,02,A01
200900073089,0,32,000,16,0,1,00,A01
200900073090,0,07,000,00,2,1,05,A01
200900073090,0,07,000,00,2,1,05,B01
200900073091,0,07,000,00,2,1,19,B01
200900073091,0,07,000,00,2,7,01,A01
200900073092,0,07,000,00,2,1,19,A01
200900073092,0,07,000,00,2,2,19,B01
200900073093,0,07,000,00,2,3,01,B02
200900073093,0,33,000,00,2,1,17,A01
200900073094,0,30,000,00,2,1,17,A01
200900073094,0,10,000,00,2,8,01,B01
200900073095,0,34,000,00,2,1,02,B01
200900073095,0,07,000,00,2,8,10,A01
200900073096,0,32,000,00,2,1,02,A01
200900073096,0,07,000,00,2,4,02,B01
200900073097,0,07,000,16,0,1,01,A01
200900073098,0,07,000,01,2,1,00,A01
200900073099,0,07,000,16,0,9,02,A01
200900073100,0,07,000,00,2,1,01,B01
200900073100,0,30,000,00,2,1,19,A01
200900073101,0,07,000,00,2,3,15,A01
200900073101,0,33,000,00,2,1,17,B01
200900073102,0,07,000,00,2,8,19,A01
200900073102,0,33,000,00,2,1,01,B02
200900073103,1,31,000,00,1,1,07,A01
200900073104,0,07,000,06,0,1,15,A01
200900073105,1,30,000,12,0,0,17,A01
200900073106,0,07,000,00,2,3,02,A01
200900073106,0,33,000,00,2,7,02,B01
200900073107,0,07,000,16,2,9,02,A01
200900073107,0,07,000,00,2,7,02,B01
200900073108,0,07,000,00,2,8,11,A01
200900073108,0,07,000,00,2,7,02,B01
200900073109,0,07,000,00,1,1,01,A01
200900073110,0,07,000,00,1,2,01,A01
200900073111,0,07,000,00,1,4,04,A01
200900073112,0,07,000,01,1,3,17,A01
200900073113,0,10,000,00,2,1,02,A01
200900073113,0,07,000,00,0,4,24,B01
200900073114,1,31,000,00,0,0,00,C03
200900073114,0,07,000,00,0,8,00,B02
200900073114,0,07,000,00,0,3,00,A01
200900073115,0,31,000,16,0,0,00,A01
200900073116,0,07,000,00,2,1,01,B01
200900073116,0,07,000,00,2,9,01,C01
200900073116,0,10,000,00,2,7,15,A01
200900073117,0,20,000,00,1,5,04,A01
200900073118,0,07,000,00,2,3,17,A01
200900073118,0,07,000,00,0,5,01,D04
200900073118,0,07,000,03,0,2,01,C03
200900073118,0,07,000,00,2,3,01,B02
200900073119,0,30,000,00,2,1,01,B01
200900073119,0,07,000,00,2,8,15,A01
200900073120,0,33,000,00,2,1,02,A01
200900073120,0,07,000,00,2,4,02,B01
200900073121,0,33,000,00,2,8,21,A01
200900073121,0,07,000,00,2,4,02,B01
200900073122,0,07,000,00,2,2,01,B01
200900073122,0,07,000,00,2,4,01,C01
200900073122,0,07,000,00,2,9,02,A01
200900073123,0,31,000,00,2,1,17,A01
200900073124,0,07,000,00,2,1,02,A01
200900073124,0,07,000,00,2,4,02,B01
200900073125,0,10,000,00,2,7,00,C03
200900073125,0,10,000,00,2,3,13,A01
200900073125,0,07,000,00,2,6,00,B02
200900073126,0,07,000,00,2,1,02,A01
200900073126,0,07,000,00,2,4,01,B01
200900073127,0,30,000,00,1,1,01,A01
200900073128,0,34,000,16,0,0,00,A01
200900073129,0,07,000,00,2,8,00,A01
200900073129,0,31,000,00,2,1,16,B01
200900073130,0,33,000,00,2,1,13,B02
200900073130,0,07,000,00,2,3,01,A01
200900073131,0,07,000,00,0,3,05,A01
200900073131,0,07,000,00,0,3,01,B02
200900073132,0,07,000,13,2,1,01,B02
200900073132,0,07,000,00,2,8,01,A01
200900073133,0,07,000,00,2,1,01,A01
200900073133,0,07,000,00,2,4,23,B01
200900073133,0,07,000,00,2,4,01,C01
200900073134,0,30,000,01,0,1,01,A01
200900073134,0,07,000,00,2,5,23,B02
200900073135,0,34,000,00,1,1,01,A01
200900073136,0,07,000,06,0,1,17,A01
200900073137,0,07,000,00,2,7,02,B01
200900073137,0,07,000,03,2,9,01,A01
200900073138,1,30,000,00,2,1,17,B02
200900073138,0,07,000,00,2,8,15,A01
200900073139,0,07,000,00,2,1,02,A01
200900073139,0,07,000,00,2,4,02,B01
200900073140,0,07,000,00,2,4,02,A01
200900073140,0,07,000,00,2,1,02,B01
200900073141,0,34,000,00,2,1,02,A01
200900073141,0,07,000,00,2,6,02,B01
200900073142,0,07,000,00,2,1,05,B01
200900073142,0,07,000,00,2,1,05,A01
200900073143,0,07,000,00,2,1,02,A01
200900073143,0,07,000,00,2,4,02,C01
200900073143,0,07,000,00,2,1,02,B01
200900073144,0,07,000,00,2,9,02,A01
200900073145,0,07,000,00,2,1,02,A01
200900073145,0,32,000,00,2,4,02,B01
200900073146,0,07,000,00,2,4,02,B01
200900073146,0,07,000,00,2,1,02,A01
200900073147,0,07,000,00,2,8,01,B02
200900073147,0,07,000,00,2,8,13,A01
200900073148,0,33,000,12,0,1,00,A01
200900073149,0,01,000,00,2,1,13,B02
200900073149,0,07,000,00,9,3,01,A01
200900073150,0,07,000,00,2,4,02,B01
200900073150,0,07,000,00,2,1,02,A01
200900073151,0,07,000,00,2,4,23,B01
200900073151,0,34,000,00,2,1,01,A01
200900073152,0,07,000,00,2,8,02,B01
200900073152,0,32,000,00,2,7,02,A01
200900073153,0,07,000,13,0,3,00,A01
200900073154,0,07,000,00,2,8,01,B01
200900073154,0,14,000,00,2,2,12,A01
200900073155,0,07,000,00,2,1,02,A01
200900073155,0,07,000,00,2,4,02,B01
200900073156,0,10,000,02,0,2,01,A01
200900073157,0,30,000,00,2,1,02,A01
200900073157,0,07,000,00,2,4,02,B01
200900073158,0,07,000,00,2,8,15,B01
200900073158,0,30,000,00,2,1,13,A01
200900073159,0,07,000,00,1,1,01,A01
200900073160,0,07,000,07,0,1,19,A01
200900073161,0,07,000,16,0,1,00,A01
200900073162,0,33,000,00,2,1,02,B01
200900073162,0,07,000,00,2,4,02,A01
200900073163,0,07,000,00,1,4,20,A01
200900073164,0,07,000,00,2,1,01,B01
200900073164,0,07,000,00,2,7,19,A01
200900073165,0,07,000,03,0,7,14,A01
200900073166,0,07,000,00,2,2,17,A01
200900073166,0,07,000,00,2,6,01,B01
200900073167,0,07,000,00,0,9,01,A01
200900073168,0,07,000,00,2,4,02,B01
200900073168,0,07,000,00,2,1,02,A01
200900073169,0,07,000,00,2,2,13,A01
200900073169,0,10,000,00,2,3,01,B02
200900073170,0,07,000,00,2,8,10,A01
200900073170,0,33,000,00,2,1,02,B01
200900073171,0,30,000,00,2,1,05,B01
200900073171,0,07,000,00,2,1,05,A01
200900073172,0,07,000,00,2,3,15,A01
200900073172,0,07,000,00,2,2,01,B02
200900073204,0,37,001,00,2,3,01,B01
200900073204,0,07,000,00,2,8,15,A01
200900073205,0,07,000,00,2,2,17,A01
200900073205,0,07,000,00,2,6,01,B01
200900073206,0,07,000,00,2,1,01,B01
200900073206,0,10,000,00,2,3,15,A01
200900073207,0,01,000,00,2,3,10,A01
200900073207,0,31,000,00,9,1,01,B01
200900073208,0,30,000,00,2,1,01,A01
200900073208,0,07,000,00,2,3,01,B01
200900073209,0,07,000,00,2,1,01,A01
200900073209,0,10,000,00,2,4,24,B01
200900073210,0,07,000,00,1,1,01,A01
200900073211,0,02,000,00,2,1,01,A01
200900073211,0,07,000,00,2,4,01,B01
200900073212,0,07,000,00,2,1,01,B01
200900073212,0,30,000,00,2,1,01,A01
200900073213,0,07,000,00,2,7,01,A01
200900073213,0,07,000,00,2,1,01,B01