Num_Acc,senc,catv,occutc,obs,obsm,choc,manv,num_veh
200900073214,0,07,000,00,2,1,01,A01
200900073214,0,07,000,00,2,4,01,B01
200900073215,0,02,000,00,2,1,01,B01
200900073215,0,07,000,00,2,3,15,A01
200900073216,0,07,000,00,2,9,01,A01
200900073216,0,07,000,00,2,6,01,B01
200900073217,0,07,000,00,0,7,15,A01
200900073217,0,02,000,00,2,1,01,B01
200900073218,0,07,000,00,9,1,01,A01
200900073218,0,01,000,00,2,5,19,B01
200900073219,0,33,000,00,2,1,01,B01
200900073219,0,07,000,00,2,1,09,A01
200900073220,0,07,000,00,1,3,01,A01
200900073221,0,02,000,00,2,1,01,A01
200900073221,0,07,000,00,9,4,01,B01
200900073222,0,07,000,02,0,9,00,A01
200900073223,0,07,000,00,2,2,15,A01
200900073223,0,30,000,00,2,1,01,B02
200900073223,0,32,000,00,2,1,01,C03
200900073224,0,01,000,00,9,7,01,B02
200900073224,0,30,000,00,2,8,01,A01
200900073225,0,07,000,00,1,1,15,A01
200900073226,0,30,000,00,2,2,15,B02
200900073226,0,07,000,00,2,2,09,A01
200900073227,0,30,000,00,2,1,01,A01
200900073227,0,07,000,00,2,1,17,B02
200900073228,0,07,000,13,0,1,01,A01
200900073229,0,07,000,00,2,1,01,A01
200900073229,0,10,000,00,2,4,15,B01
200900073230,0,30,000,00,2,1,13,A01
200900073230,0,01,000,00,2,1,01,B02
200900073230,0,01,000,00,2,1,01,C03
200900073231,0,07,000,08,2,1,01,B02
200900073231,0,07,000,00,2,1,13,A01
200900073232,0,07,000,00,2,3,15,A01
200900073232,0,02,000,00,2,1,01,B01
200900073233,0,02,000,00,9,6,16,B01
200900073233,0,02,000,00,2,1,01,A01
200900073234,0,07,000,00,2,2,16,B02
200900073234,0,32,000,00,2,8,01,A01
200900073235,0,07,000,00,6,1,19,B01
200900073235,0,01,000,00,2,4,15,A01
200900073236,0,01,000,00,2,4,19,A01
200900073236,1,02,000,00,2,1,01,Z01
200900073237,0,10,000,00,2,2,02,B02
200900073237,0,01,000,00,2,8,13,A01
200900073238,0,01,000,00,2,1,01,B01
200900073238,0,07,000,00,9,1,16,A01
200900073239,0,07,000,00,2,7,20,A01
200900073239,0,07,000,00,2,1,01,B01
200900073240,0,07,000,00,2,1,17,A01
200900073240,0,07,000,00,2,1,02,C03
200900073240,0,07,000,00,2,2,02,B02
200900073241,0,07,000,00,9,5,15,A01
200900073241,0,02,000,00,2,9,01,B01
200900073242,0,07,000,00,0,3,00,B01
200900073242,0,02,000,00,2,3,01,A01
200900073243,0,02,000,00,0,1,00,B01
200900073243,0,07,000,00,9,3,00,A01
200900073244,0,02,000,00,1,1,01,A01
200900073245,0,07,000,00,9,8,00,B01
200900073245,0,02,000,00,2,1,01,A01
200900073246,0,07,000,00,1,1,01,A01
200900073247,0,02,000,00,1,1,05,A01
200900073248,0,02,000,00,2,1,01,B01
200900073248,0,07,000,00,9,7,19,A01
200900073249,0,10,000,16,0,0,02,A01
200900073250,0,07,000,00,2,3,09,A01
200900073250,0,02,000,00,2,1,17,B02
200900073251,0,07,000,00,2,8,18,A01
200900073251,0,31,000,00,2,7,01,B02
200900073252,0,14,000,00,2,3,01,A01
200900073252,2,14,000,00,2,2,17,C03
200900073252,0,30,000,00,2,4,02,B02
200900073253,0,10,000,00,1,2,01,A01
200900073254,0,07,000,00,1,0,15,A01
200900073255,0,07,000,00,1,1,01,A01
200900073256,0,02,000,00,2,1,01,B01
200900073256,0,07,000,00,2,2,15,A01
200900073257,0,01,000,00,2,4,19,B01
200900073257,0,07,000,00,9,2,01,A01
200900073258,0,02,000,00,2,1,01,B01
200900073258,0,07,000,00,9,2,15,A01
200900073259,0,02,000,00,2,1,01,B01
200900073259,0,07,000,00,0,2,15,A01
200900073260,0,07,000,00,9,1,01,A01
200900073260,0,01,000,00,2,1,19,B01
200900073261,0,07,000,00,2,2,15,A01
200900073261,0,02,000,00,2,1,01,B01
200900073262,0,07,000,00,1,2,01,A01
200900073263,2,07,000,00,9,0,00,A01
200900073263,0,02,000,00,2,7,16,B01
200900073264,0,07,000,13,0,7,21,C01
200900073264,0,31,000,00,2,1,01,B01
200900073264,0,07,000,00,2,1,01,D01
200900073264,0,07,000,00,2,1,21,A01
200900073265,0,02,000,00,2,1,17,B01
200900073265,0,07,000,00,2,6,13,A01
200900073266,1,07,000,00,9,2,14,A01
200900073266,0,01,000,00,2,4,01,B01
200900073267,0,07,000,00,9,2,01,A01
200900073267,0,01,000,00,2,0,01,B01
200900073268,0,07,000,00,2,5,15,A01
200900073268,0,02,000,00,2,1,01,B01
200900073269,0,02,000,00,2,1,10,A01
200900073269,0,07,000,00,2,1,01,B01
200900073270,0,01,000,00,2,1,19,B01
200900073270,0,07,000,00,9,8,15,A01
200900073271,0,07,000,00,2,8,15,B02
200900073271,1,31,000,00,2,7,15,A01
200900073272,0,07,000,00,1,1,15,A01
200900073273,0,07,000,00,9,1,09,A01
200900073273,0,01,000,00,2,1,01,B01
200900073274,0,07,000,02,1,1,01,A01
200900073275,0,02,000,00,2,1,09,A01
200900073275,0,07,000,00,9,1,01,B01
200900073276,0,30,000,00,2,3,15,B02
200900073276,0,30,000,00,2,1,17,A01
200900073277,0,07,000,00,2,1,01,A01
200900073277,0,07,000,00,2,1,05,B02
200900073278,0,07,000,16,0,0,01,A01
200900073279,0,07,000,00,2,6,19,A01
200900073279,0,30,000,00,2,1,01,B02
200900073280,0,01,000,00,2,0,01,A01
200900073281,2,30,000,00,1,1,01,A01
200900073282,0,10,000,00,2,3,14,A01
200900073282,0,01,000,00,2,2,00,B02
200900073283,0,30,000,00,0,1,01,B02
200900073283,0,07,000,00,0,1,16,A01
200900073284,0,07,000,00,2,8,23,C03
200900073284,0,30,000,00,2,1,01,B02
200900073284,0,13,000,00,2,1,15,A01
200900073285,0,07,000,00,2,1,01,A01
200900073285,0,01,000,00,2,7,15,B02
200900073286,0,07,000,00,2,1,01,A01
200900073286,0,07,000,00,2,1,01,B02
200900073287,0,07,000,00,2,3,15,A01
200900073287,1,30,000,00,2,1,16,B02
200900073288,0,07,000,00,2,1,01,B02
200900073288,0,10,000,00,2,1,05,A01
200900073289,0,07,000,13,2,7,21,A01
200900073290,0,31,000,00,2,9,01,A01
200900073290,0,07,000,00,9,1,01,B01
200900073291,0,07,000,00,9,2,15,A01
200900073291,0,02,000,00,0,1,18,B01
200900073292,0,02,000,00,2,9,01,B01
200900073292,0,07,000,00,2,2,13,A01
200900073293,0,02,000,00,2,4,01,A01
200900073293,0,33,000,00,9,4,23,B01
200900073294,0,02,000,00,2,2,19,A01
200900073294,0,07,000,00,2,1,01,B01
200900073295,0,02,000,00,1,1,01,A01
200900073296,0,07,000,00,0,1,02,A01
200900073296,0,31,000,00,0,5,01,B02
200900073297,0,10,000,00,1,4,01,A01
200900073298,0,07,000,00,2,3,01,B02
200900073298,0,07,000,00,2,3,13,A01
200900073299,0,07,000,00,2,2,01,B01
200900073299,0,07,000,00,2,1,01,C01
200900073299,0,07,000,00,2,8,01,A01
200900073300,0,07,000,00,0,1,16,A01
200900073300,0,33,000,00,0,0,05,B02
200900073301,0,33,000,00,2,7,17,A01
200900073301,0,07,000,00,2,6,01,B01
200900073302,0,07,000,16,0,0,01,A01
200900073303,0,07,000,04,0,9,13,A01
200900073304,0,30,000,00,2,1,01,B02
200900073304,0,07,000,00,2,2,15,A01
200900073305,0,07,000,00,0,6,15,B02
200900073305,0,30,000,00,2,1,17,A01
200900073306,0,07,000,00,2,4,02,C01
200900073306,0,07,000,00,2,1,02,A01
200900073306,0,07,000,00,2,4,02,B01
200900073307,0,07,000,10,0,1,01,A01
200900073308,0,34,000,00,2,8,15,B01
200900073308,0,07,000,00,2,1,01,A01
200900073309,0,31,000,00,2,1,02,A01
200900073309,0,07,000,00,2,4,00,B01
200900073310,0,07,000,00,2,1,01,A01
200900073310,0,14,000,00,2,2,09,B01
200900073311,0,07,000,00,9,2,17,A01
200900073311,0,01,000,00,0,4,01,B02
200900073312,0,37,001,00,1,7,20,A01
200900073313,0,07,000,13,0,1,01,A01
200900073314,0,30,000,00,2,1,15,A01
200900073314,0,07,000,00,2,3,01,B01
200900073315,0,30,000,00,2,1,01,B01
200900073315,0,07,000,00,2,1,05,A01
200900073316,0,07,000,00,2,8,01,B01
200900073316,0,07,000,00,2,0,17,A01
200900073317,0,07,000,00,0,9,00,A01
200900073318,0,07,000,00,2,1,01,A01
200900073318,0,07,000,00,2,1,13,B02
200900073319,0,14,000,00,2,3,02,A01
200900073319,0,14,000,00,2,2,02,B02
200900073320,0,07,000,00,1,1,01,A01
200900073321,0,07,000,00,2,8,01,D01
200900073321,0,33,000,00,2,7,03,A01
200900073321,0,07,000,00,2,8,01,B01
200900073321,0,07,000,00,2,6,01,C01
200900073322,0,07,000,00,1,1,15,A01
200900073323,0,07,000,00,1,1,01,A01
200900073324,0,07,000,00,2,8,17,A01
200900073324,0,07,000,00,2,8,00,B01
200900073325,0,01,000,00,2,4,02,B01
200900073325,2,32,000,00,9,4,02,A01
200900073326,0,01,000,00,2,1,21,B01
200900073326,0,07,000,00,9,7,20,A01
200900073327,0,30,000,00,1,1,01,A01
200900073328,0,07,000,05,0,0,01,A01
200900073329,0,30,000,00,2,6,15,B01
200900073329,0,07,000,00,2,3,01,A01
200900073330,0,07,000,00,2,3,15,B01
200900073330,0,07,000,00,2,1,17,A01
200900073331,0,30,000,08,0,1,16,A01
200900073332,1,02,000,00,1,1,01,A01
200900073333,0,07,000,13,0,1,01,A01
200900073333,1,07,000,00,0,0,01,B01
200900073334,0,07,000,00,2,4,01,B01
200900073334,0,07,000,00,2,1,02,A01
200900073335,0,07,000,00,2,7,16,B01
200900073335,0,32,000,00,2,1,18,A01
200900073336,0,07,000,00,2,4,00,D01
200900073336,0,07,000,00,2,4,02,E01
200900073336,0,07,000,00,2,1,02,A01
200900073336,0,07,000,00,2,4,02,C01
200900073336,0,07,000,00,2,4,02,B01
200900073337,0,07,000,00,2,8,13,B01
200900073337,0,30,000,00,2,7,17,A01
200900073338,0,07,000,03,0,2,01,A01
200900073339,0,07,000,15,0,8,01,A01
200900073340,0,07,000,04,0,1,01,A01
200900073341,0,07,000,00,2,1,01,B01
200900073341,0,07,000,00,2,1,13,A01
200900073342,0,31,000,12,0,8,00,A01
200900073343,0,10,000,00,2,1,01,A01
200900073343,0,10,000,00,2,2,15,B02
200900073344,0,07,000,00,1,3,01,A01
200900073345,0,07,000,00,2,3,19,C03
200900073345,0,07,000,00,2,1,01,A01
200900073345,0,33,000,00,2,1,01,B02
200900073346,0,07,000,00,0,1,15,A01
200900073346,0,30,000,00,0,1,01,B02
200900073347,0,02,000,14,0,9,01,A01
200900073348,0,07,000,00,0,1,20,A01
200900073348,0,33,000,00,0,1,01,B02
200900073349,0,30,000,00,1,0,13,A01
200900073350,0,07,000,00,2,7,17,A01
200900073350,0,30,000,00,2,3,01,B02
200900073351,0,30,000,00,0,3,11,A01
200900073351,0,30,000,00,0,2,01,B02
200900073352,0,14,000,00,1,7,21,A01
200900073353,0,10,000,08,0,2,01,A01
200900073354,0,07,000,00,1,2,02,A01
200900073355,0,10,000,00,2,3,19,A01
200900073355,0,33,000,00,2,1,01,B02
200900073356,0,33,000,12,0,1,01,A01
200900073357,0,33,000,00,2,1,01,B01
200900073357,0,07,000,00,2,3,15,A01
200900073358,0,33,000,01,0,1,01,A01
200900073359,0,01,000,00,2,1,02,A01
200900073359,0,07,000,00,9,5,23,B01
200900073360,0,07,000,00,1,3,01,A01
200900073361,0,02,000,00,2,1,01,B01
200900073361,0,07,000,01,2,8,10,A01
200900073362,0,02,000,00,2,8,17,B01
200900073362,0,10,000,00,9,7,15,A01
200900073363,0,32,000,00,2,1,13,A01
200900073363,0,07,000,00,2,2,21,B02
200900073364,0,30,000,00,2,7,01,B02
200900073364,0,07,000,00,2,3,19,A01
200900073365,1,07,000,00,9,3,15,B01
200900073365,0,33,000,00,2,1,01,A01
200900073366,0,07,000,00,2,2,15,A01
200900073366,0,02,000,00,2,1,01,B01
200900073367,0,01,000,00,0,0,01,B01
200900073367,0,07,000,00,0,0,02,A01
200900073368,0,02,000,00,2,1,01,B01
200900073368,0,02,000,00,2,1,15,A01
200900073369,0,07,000,00,2,3,15,A01
200900073369,0,02,000,00,2,1,01,B01
200900073370,0,02,000,00,2,1,15,B01
200900073370,0,07,000,00,2,1,19,A01
200900073371,0,02,000,00,2,1,01,B01
200900073371,0,07,000,00,9,3,15,A01
200900073372,0,07,000,00,2,3,13,A01
200900073372,0,10,000,00,2,3,01,B02
200900073373,0,30,000,00,0,4,13,A01
200900073373,0,07,000,00,2,2,17,B02
200900073374,0,30,000,00,2,1,13,B02
200900073374,0,07,000,00,0,6,15,A01
200900073375,0,07,000,00,2,3,15,A01
200900073375,0,02,000,00,2,9,01,B02
200900073376,0,07,000,13,0,9,13,A01
200900073377,0,02,000,00,2,3,15,B02
200900073377,0,10,000,00,2,2,02,A01
200900073378,0,07,000,00,2,3,01,B02
200900073378,0,07,000,00,2,2,01,C03
200900073378,0,07,000,00,2,3,01,D04
200900073378,0,07,000,00,2,3,13,A01
200900073379,0,01,000,00,0,6,00,B02
200900073379,0,14,000,00,0,0,01,A01
200900073380,0,01,000,00,2,0,01,A01
200900073380,1,99,000,00,2,0,00,B02
200900073381,0,02,000,00,2,1,18,A01
200900073381,0,07,000,00,9,7,16,B01
200900073382,0,02,000,00,2,1,01,B01
200900073382,0,10,000,00,9,1,09,A01
200900073383,0,07,000,00,2,4,23,B01
200900073383,0,07,000,00,2,1,02,A01
200900073384,0,30,000,00,2,1,01,B02
200900073384,0,10,000,00,0,5,20,A01
200900073385,0,37,001,00,9,8,17,A01
200900073385,0,01,000,00,2,8,01,B01
200900073386,0,02,000,00,0,0,00,B01
200900073386,0,07,000,00,9,5,00,A01
200900073387,0,07,000,01,9,1,01,B01
200900073387,0,02,000,00,2,1,09,A01
200900073388,0,02,000,00,2,1,01,B01
200900073388,0,07,000,00,9,7,15,A01
200900073389,0,01,000,00,2,1,16,A01
200900073389,0,02,000,00,9,2,01,B01
200900073390,0,07,000,00,2,2,01,A01
200900073390,0,02,000,00,2,1,17,B01
200900073391,0,07,000,00,9,2,01,B01
200900073391,0,01,000,00,2,8,01,A01
200900073392,0,07,000,00,2,1,02,A01
200900073392,0,07,000,00,2,4,02,B01
200900073392,0,07,000,00,2,2,02,C01
200900073393,0,02,000,00,2,1,01,B01
200900073393,0,07,000,00,2,1,15,A01
200900073394,0,01,000,00,2,1,01,B01
200900073394,0,07,000,00,2,7,17,A01
200900073395,0,02,000,00,1,1,01,A01
200900073396,0,30,000,00,1,0,01,B02
200900073396,0,10,000,00,2,7,13,A01
200900073397,0,07,000,00,9,0,00,A01
200900073397,0,01,000,00,2,0,00,B02
200900073398,0,14,000,00,0,1,01,B02
200900073398,0,07,000,00,2,2,13,A01
200900073399,0,33,000,00,2,1,01,A01
200900073399,0,01,000,00,2,7,15,B02
200900073400,0,01,000,00,2,1,02,A01
200900073400,0,07,000,00,0,4,01,B02
200900073401,0,07,000,00,1,2,01,A01
200900073402,0,07,000,00,1,0,01,A01
200900073403,0,07,000,00,2,2,10,A01
200900073403,0,31,000,00,2,1,01,B02
200900073404,0,01,000,01,0,1,02,A01
200900073404,0,07,000,00,9,6,23,B02
200900073405,0,30,000,00,2,1,13,A01
200900073405,0,07,000,00,2,3,01,B02
200900073406,0,01,000,00,0,0,00,A01
200900073406,0,10,000,00,9,6,15,B01
200900073407,0,02,000,00,1,1,01,A01
200900073408,0,07,000,00,2,3,16,A01
200900073408,0,02,000,00,2,7,01,B01
200900073409,0,07,000,00,9,3,01,A01
200900073409,0,01,000,00,2,4,15,B01
200900073410,0,07,000,00,9,1,15,A01
200900073410,0,02,000,00,2,1,01,B01
200900073411,0,10,000,00,0,0,00,A01
200900073411,0,37,001,00,0,6,01,B01
200900073411,0,02,000,00,0,1,01,C01
200900073412,0,07,000,00,2,8,15,B01
200900073412,0,02,000,00,2,1,17,A01
200900073413,0,01,000,00,2,1,01,B01
200900073413,0,10,000,00,9,7,16,A01
200900073414,0,07,000,00,0,7,15,A01
200900073414,0,02,000,00,2,1,01,B01
200900073415,0,07,000,00,1,1,01,A01
200900073416,0,07,000,00,9,0,01,A01
200900073416,0,02,000,00,2,9,01,B01
200900073417,0,07,000,00,2,3,05,A01
200900073417,0,07,000,00,2,3,23,B02
200900073418,0,07,000,00,2,1,01,B02
200900073418,0,33,000,00,2,1,01,A01
200900073419,0,07,000,00,2,3,13,A01
200900073419,0,07,000,00,2,3,01,B02
200900073420,0,10,000,00,2,4,20,A01
200900073420,0,07,000,00,2,1,01,B02
200900073421,0,10,000,00,2,1,01,B02
200900073421,0,33,000,00,2,1,13,A01
200900073422,0,02,000,12,0,1,05,A01
200900073423,0,07,000,02,0,0,00,A01
200900073424,0,07,000,00,2,4,01,D04
200900073424,0,10,000,00,2,1,01,E05
200900073424,0,10,000,00,2,8,21,B02
200900073424,0,07,000,00,2,1,11,A01
200900073424,0,07,000,00,9,1,21,C03
200900073425,0,07,000,00,0,5,16,B02
200900073425,0,30,000,00,2,1,18,A01
200900073426,0,02,000,00,2,1,01,A01
200900073426,0,07,000,00,9,4,01,B01
200900073427,0,33,000,00,2,1,00,B01
200900073427,0,07,000,00,9,7,01,A01
200900073428,0,02,000,00,2,1,00,B01
200900073428,0,07,000,00,9,3,00,A01
200900073429,0,07,000,00,2,1,16,A01
200900073429,0,07,000,00,2,1,05,B01
200900073430,0,07,000,00,2,0,00,A01
200900073430,0,07,000,00,2,0,00,B01
200900073431,0,07,000,00,2,6,15,A01
200900073431,0,30,000,01,0,1,00,B02
200900073432,0,07,000,00,2,3,01,B02
200900073432,0,02,000,00,2,1,13,A01
200900073433,0,01,000,00,2,1,19,A01
200900073433,0,10,000,00,9,5,00,B02
200900073434,0,07,000,00,2,2,01,A01
200900073434,0,01,000,00,0,3,09,B02
200900073435,0,10,000,00,0,1,01,B02
200900073435,0,33,000,00,2,1,01,A01
200900073436,0,15,000,00,2,3,01,B02
200900073436,0,10,000,00,2,1,05,A01
200900073437,0,02,000,00,2,1,01,B02
200900073437,0,07,000,00,2,8,19,A01
200900073438,0,07,000,00,2,3,01,B02
200900073438,0,07,000,00,0,2,13,A01
200900073439,0,07,000,00,1,2,14,A01
200900073440,0,07,000,13,1,2,14,A01
200900073441,1,30,000,00,1,1,01,A01
200900073442,0,07,000,00,1,3,01,A01
200900073443,0,07,000,04,0,1,01,A01
200900073444,0,07,000,00,2,3,13,A01
200900073444,0,07,000,00,2,3,01,B02
200900073444,0,07,000,00,2,2,23,C03
200900073445,0,01,000,00,0,1,02,B02
200900073445,0,02,000,00,0,0,02,A01
200900073446,0,10,000,00,2,3,01,A01
200900073446,0,31,000,00,2,1,13,B02
200900073447,0,10,000,00,2,1,01,B02
200900073447,0,07,000,00,2,1,01,A01
200900073448,0,07,000,00,0,3,02,B02
200900073448,0,10,000,00,0,3,01,D04
200900073448,0,30,000,00,0,5,17,A01
200900073448,0,07,000,00,0,8,01,C03
200900073449,0,07,000,00,2,1,01,A01
200900073449,0,30,000,00,2,1,01,B01
200900073450,0,33,000,12,0,9,01,A01
200900073451,0,07,000,00,2,1,01,A01
200900073451,0,01,000,00,2,1,01,B01
200900073452,0,07,000,00,9,1,00,A01
200900073453,0,07,000,00,1,1,00,A01
200900073453,0,01,000,00,2,0,00,B01
200900073454,0,10,000,04,0,9,02,A01
200900073455,0,07,000,01,0,9,00,A01
200900073456,0,07,000,00,0,1,00,A01
200900073456,0,07,000,00,0,0,00,B01
200900073457,2,07,000,00,1,0,15,A01
200900073458,0,07,000,00,2,4,02,B01
200900073458,0,07,000,00,2,1,02,A01
200900073459,0,07,000,00,2,2,00,C01
200900073459,0,07,000,00,2,1,01,B01
200900073459,0,07,000,00,2,1,18,A01
200900073460,0,07,000,00,0,0,00,B01
200900073460,0,07,000,00,0,0,00,A01
200900073461,0,02,000,00,1,1,00,A01
200900073462,0,07,000,00,2,9,02,B01
200900073462,0,07,000,00,2,4,02,C01
200900073462,0,07,000,00,2,1,02,A01
200900073463,0,07,000,00,2,3,01,B01
200900073463,0,30,000,01,2,9,05,A01
200900073464,0,07,000,00,2,7,02,B01
200900073464,0,34,000,00,2,0,00,A01
200900073465,0,33,000,00,0,7,00,A01
200900073465,0,07,000,00,0,1,00,B01
200900073466,1,07,000,00,1,0,00,A01
200900073467,0,01,000,00,9,0,01,B01
200900073467,1,07,000,00,9,1,09,A01
200900073468,0,03,000,00,1,2,01,A01
200900073469,0,01,000,00,2,1,00,B01
200900073469,0,07,000,00,0,0,09,A01
200900073470,2,02,000,00,0,0,00,A01
200900073470,0,07,000,00,0,0,00,B01
200900073471,0,33,000,00,2,2,17,A01
200900073471,0,07,000,00,2,6,02,C01
200900073471,0,33,000,00,2,0,17,B01
200900073472,0,07,000,00,1,2,00,A01
200900073473,0,07,000,00,0,1,00,A01
200900073473,0,07,000,00,0,8,00,B01
200900073474,0,07,000,00,9,0,00,A01
200900073475,0,07,000,00,0,7,00,A01
200900073475,0,33,000,00,0,3,00,B01
200900073476,0,07,000,00,2,2,09,B01
200900073476,0,07,000,00,2,8,01,A01
200900073477,0,07,000,00,0,1,00,A01
200900073477,0,07,000,00,0,1,00,B01
200900073478,0,07,000,00,2,1,01,B01
200900073478,0,02,000,00,2,4,09,A01
200900073479,0,07,000,13,0,9,06,A01
200900073480,0,07,000,00,1,4,14,A01
200900073481,0,07,000,00,0,2,00,A01
200900073481,0,07,000,00,0,9,00,B01
200900073482,0,07,000,00,2,1,05,B01
200900073482,0,30,000,00,2,1,05,A01
200900073483,0,07,000,00,0,0,00,A01
200900073483,0,01,000,00,2,4,00,B01
200900073484,0,07,000,00,2,4,00,A01
200900073484,0,10,000,00,2,3,00,B01
200900073485,0,30,000,00,0,0,00,B01
200900073485,0,07,000,00,0,0,00,A01
200900073486,0,07,000,00,0,0,00,A01
200900073487,1,30,000,00,1,0,00,A01
200900073488,0,07,000,00,0,4,00,D01
200900073488,0,31,000,00,0,1,00,E01
200900073488,0,07,000,00,0,1,00,A01
200900073488,0,07,000,00,0,4,00,C01
200900073488,0,07,000,00,0,4,00,B01
200900073489,0,30,000,00,2,9,00,A01
200900073489,0,07,000,00,2,3,00,B01
200900073490,0,07,000,00,2,1,09,B01
200900073490,0,07,000,00,2,1,01,A01
200900073491,0,07,000,00,0,1,00,A01
200900073491,0,30,000,00,0,0,00,B01
200900073492,0,30,000,00,0,1,00,B01
200900073492,0,07,000,00,0,8,00,A01
200900073493,0,07,000,00,2,8,15,B01
200900073493,0,31,000,00,2,1,01,A01
200900073494,0,07,000,00,0,4,00,B01
200900073494,1,07,000,00,0,0,00,A01
200900073495,0,07,000,00,9,1,00,A01
200900073495,0,01,000,00,0,0,00,B01
200900073496,0,07,000,00,2,1,02,A01
200900073496,0,07,000,00,2,1,09,C01
200900073496,0,07,000,00,2,4,02,B01
200900073497,0,07,000,00,0,9,00,C01
200900073497,0,07,000,00,0,1,00,A01
200900073497,0,07,000,00,0,9,00,B01
200900073498,0,31,000,00,0,1,00,B01
200900073498,0,07,000,00,2,6,01,A01
200900073499,0,07,000,00,0,1,00,A01
200900073499,0,07,000,00,0,1,00,B01
200900073500,0,07,000,00,1,0,00,A01
200900073501,2,30,000,00,2,0,00,B01
200900073501,1,07,000,00,0,0,00,A01
200900073502,1,30,000,00,1,0,01,A01
200900073503,0,07,000,00,0,1,00,A01
200900073503,0,07,000,00,0,3,00,B01
200900073504,0,07,000,00,1,0,01,A01
200900073505,0,07,000,00,2,3,01,B01
200900073505,0,10,000,00,2,1,01,A01
200900073506,0,01,000,00,0,4,00,B01
200900073506,0,01,000,00,0,0,00,C01
200900073506,0,30,000,00,0,1,00,A01
200900073507,0,07,000,00,0,1,00,A01
200900073507,0,07,000,00,0,0,00,B01
200900073508,1,07,000,00,0,0,00,B01
200900073508,0,30,000,00,0,1,00,A01
200900073509,0,07,000,00,0,0,00,A01
200900073509,0,32,000,00,0,0,00,B01
200900073510,0,07,000,00,0,0,00,A01
200900073511,0,32,000,00,0,1,00,A01
200900073512,0,07,000,03,2,9,00,B01
200900073512,0,10,000,00,2,2,00,A01
200900073513,0,07,000,00,2,1,01,A01
200900073513,0,07,000,01,2,9,00,C01
200900073513,0,07,000,00,1,9,01,B01
200900073514,0,07,000,00,2,9,01,B01
200900073514,0,01,000,00,2,0,09,A01
200900073515,0,07,000,00,1,0,00,A01
200900073516,0,07,000,00,1,8,01,A01
200900073517,0,07,000,00,2,5,15,A01
200900073517,0,02,000,00,2,1,01,B02
200900073518,0,30,000,09,0,1,01,A01
200900073518,0,33,000,09,0,1,01,B02
200900073519,0,02,000,00,2,5,01,B02
200900073519,0,07,000,00,2,2,01,A01
200900073520,0,07,000,02,0,3,01,A01
200900073521,2,07,000,00,0,1,01,C03
200900073521,0,30,000,00,2,2,21,A01
200900073521,2,07,000,00,2,3,19,B02
200900073522,0,07,000,00,2,3,01,B02
200900073522,0,07,000,00,2,7,13,A01
200900073523,0,07,000,00,9,3,01,A01
200900073523,0,01,000,00,2,1,01,B02
200900073524,0,07,000,01,1,1,12,B02
200900073524,0,07,000,00,2,4,24,A01
200900073525,0,30,000,00,2,1,01,A01
200900073525,0,10,000,00,2,3,01,B02
200900073526,0,07,000,00,2,8,10,A01
200900073526,0,33,000,00,2,1,17,B02
200900073527,0,07,000,00,2,3,01,B02
200900073527,0,36,000,00,2,1,17,A01
200900073528,1,07,000,00,1,2,01,A01
200900073529,0,02,000,14,0,0,01,A01
200900073530,0,30,000,00,0,0,14,A01
200900073531,0,07,000,00,0,8,19,A01
200900073531,0,02,000,00,2,1,01,B02
200900073532,0,07,000,00,1,3,01,A01
200900073533,0,07,000,06,0,9,01,A01
200900073534,0,07,000,00,0,8,01,C03
200900073534,0,07,000,00,2,3,01,B02
200900073534,0,07,000,00,2,3,17,A01
200900073535,0,07,000,00,2,0,01,B02
200900073535,0,03,000,00,2,0,15,C03
200900073535,0,07,000,00,2,0,17,A01
200900073536,0,30,000,14,0,1,01,A01
200900073537,0,07,000,08,0,7,01,A01
200900073538,0,30,000,00,0,4,20,B02
200900073538,0,07,000,01,2,1,01,A01
200900073539,0,10,000,00,2,8,01,B02
200900073539,0,35,000,00,2,0,14,A01
200900073540,0,07,000,00,2,3,13,A01
200900073540,0,07,000,00,2,1,21,B02
200900073541,0,07,000,00,2,8,15,A01
200900073541,0,07,000,00,2,1,01,B02
200900073542,0,07,000,00,9,2,15,B02
200900073542,0,01,000,00,0,0,01,A01
200900073543,0,07,000,00,9,2,01,B02
200900073543,0,31,000,00,2,1,00,A01
200900073544,0,07,000,00,0,4,00,C01
200900073544,0,07,000,00,0,4,00,D01
200900073544,0,07,000,00,0,0,00,B01
200900073544,0,07,000,00,0,1,00,A01
200900073545,0,07,000,01,2,4,24,A01
200900073545,0,02,000,01,2,1,01,B01
200900073546,0,07,000,00,0,1,00,D01
200900073546,0,07,000,00,0,0,00,E01
200900073546,0,07,000,00,0,0,00,B01
200900073546,0,07,000,00,0,0,00,F02
200900073546,0,07,000,00,0,0,00,A01
200900073547,1,07,000,00,0,0,11,B01
200900073547,0,07,000,03,0,9,01,A01
200900073548,0,07,000,00,2,1,01,C01
200900073548,0,07,000,00,2,1,09,B01
200900073548,0,07,000,00,2,1,01,A01
200900073549,0,31,000,00,2,7,15,A01
200900073549,0,32,000,00,2,1,01,B02
200900073550,0,07,000,00,2,7,09,A01
200900073550,0,07,000,00,2,1,01,B01
200900073551,0,07,000,00,0,0,00,A01
200900073552,0,07,000,00,0,4,01,B01