Num_Acc,senc,catv,occutc,obs,obsm,choc,manv,num_veh
200900074354,0,07,000,00,0,2,15,A01
200900074354,0,02,000,00,2,1,01,B02
200900074355,0,01,000,00,2,1,12,B02
200900074355,0,07,000,00,9,3,01,A01
200900074356,0,07,000,00,9,1,15,A01
200900074356,0,31,000,00,2,2,01,B02
200900074357,0,33,000,00,2,1,01,B02
200900074357,0,07,000,00,2,5,15,A01
200900074358,0,07,000,01,9,3,01,A01
200900074359,0,07,000,00,0,9,00,A01
200900074360,0,02,000,00,2,1,01,A01
200900074360,0,07,000,00,2,8,15,B02
200900074361,0,01,000,00,2,1,17,A01
200900074361,0,07,000,00,2,3,01,B02
200900074362,0,02,000,00,0,0,21,B02
200900074362,0,01,000,00,0,0,21,A01
200900074363,0,07,000,00,2,2,01,A01
200900074363,0,01,000,00,0,4,01,B02
200900074364,0,14,000,00,2,1,01,A01
200900074364,0,07,000,00,2,8,19,B02
200900074365,0,07,000,00,2,1,01,B02
200900074365,0,07,000,00,2,7,13,A01
200900074366,1,30,000,01,2,2,17,A01
200900074366,0,07,000,00,2,3,15,B02
200900074367,0,02,000,00,0,0,16,B02
200900074367,0,10,000,00,0,1,17,A01
200900074368,0,10,000,00,0,7,15,B02
200900074368,0,01,000,00,2,2,01,A01
200900074369,0,07,000,00,9,1,00,A01
200900074369,0,31,000,00,2,0,00,B01
200900074370,0,02,000,00,2,4,01,B01
200900074370,0,07,000,00,2,2,15,A01
200900074371,1,07,000,00,0,0,00,A01
200900074371,0,01,000,00,2,4,00,B01
200900074372,0,02,000,00,9,1,00,B01
200900074372,0,01,000,00,9,1,00,A01
200900074373,0,07,000,00,9,1,00,A01
200900074374,0,07,000,00,2,3,00,A01
200900074374,0,02,000,00,2,0,00,B01
200900074375,0,07,000,00,9,1,00,B01
200900074375,0,01,000,00,2,4,00,A01
200900074376,0,07,000,00,9,1,00,B01
200900074376,0,02,000,00,2,1,00,A01
200900074377,0,07,000,00,9,0,00,B01
200900074377,0,01,000,00,2,0,00,A01
200900074378,0,07,000,00,9,1,00,B01
200900074378,0,02,000,00,2,0,00,A01
200900074379,1,02,000,00,0,0,00,A01
200900074380,0,02,000,00,0,1,00,A01
200900074380,0,37,000,00,2,3,01,B02
200900074381,0,01,000,00,2,4,01,A01
200900074381,0,10,000,00,2,3,09,B02
200900074382,0,02,000,00,2,1,05,A01
200900074382,0,07,000,00,2,3,00,B02
200900074383,0,38,000,00,9,5,13,A01
200900074383,0,01,000,00,2,8,15,B02
200900074384,0,33,000,12,0,1,01,A01
200900074385,0,07,000,00,1,1,01,A01
200900074386,0,07,000,02,0,1,01,A01
200900074387,0,10,000,00,1,7,01,A01
200900074388,0,07,000,00,0,3,11,A01
200900074388,0,33,000,00,2,7,03,B02
200900074389,0,30,000,00,0,1,01,A01
200900074390,0,07,000,00,2,2,21,A01
200900074390,0,02,000,00,2,1,13,B02
200900074391,0,38,000,00,2,3,17,A01
200900074391,0,33,000,00,2,1,01,B02
200900074392,0,07,000,00,1,2,01,A01
200900074393,0,07,000,00,2,3,01,B02
200900074393,0,02,000,00,2,1,17,A01
200900074394,0,02,000,00,1,1,16,A01
200900074395,0,21,000,00,0,3,02,A01
200900074395,0,31,000,00,2,7,17,B02
200900074396,0,01,000,00,2,1,13,A01
200900074396,0,07,000,00,9,1,01,B01
200900074397,0,07,000,00,2,4,01,B01
200900074397,0,02,000,00,2,1,01,A01
200900074398,0,02,000,00,2,1,01,A01
200900074398,0,07,000,00,2,4,00,B01
200900074399,0,07,000,00,2,1,01,B01
200900074399,0,02,000,00,2,1,01,A01
200900074400,0,07,000,00,2,1,13,A01
200900074400,0,07,000,00,2,1,01,B01
200900074401,0,07,000,00,9,2,15,A01
200900074401,0,32,000,00,2,1,17,B01
200900074402,0,07,000,00,1,1,01,A01
200900074403,0,07,000,00,2,1,01,A01
200900074403,0,31,000,00,2,0,01,B01
200900074404,0,30,000,00,2,1,01,B01
200900074404,0,07,000,00,9,1,01,A01
200900074405,0,31,000,00,2,7,01,B01
200900074405,0,07,000,00,2,3,11,A01
200900074406,0,07,000,00,1,1,01,A01
200900074407,0,07,000,00,2,3,15,A01
200900074407,0,07,000,00,2,3,01,B01
200900074408,0,01,000,00,2,1,13,A01
200900074408,0,07,000,00,2,1,01,B01
200900074409,0,38,001,00,9,2,15,B01
200900074409,0,02,000,00,2,1,01,A01
200900074410,0,07,000,00,2,1,13,A01
200900074410,0,07,000,00,2,1,01,B01
200900074411,0,02,000,00,0,0,01,A01
200900074412,0,07,000,00,2,2,01,B01
200900074412,0,07,000,00,2,1,15,A01
200900074413,0,07,000,00,2,1,01,A01
200900074413,0,07,000,00,2,1,01,B01
200900074414,0,07,000,00,1,3,17,A01
200900074415,0,07,000,00,2,3,10,B01
200900074415,0,02,000,00,2,1,00,A01
200900074416,0,01,000,00,2,1,01,A01
200900074416,0,07,000,00,2,4,01,B01
200900074417,0,99,000,00,2,1,01,B01
200900074417,0,07,000,00,2,1,15,A01
200900074418,0,07,000,01,0,2,14,A01
200900074418,0,07,000,00,2,6,23,B01
200900074419,0,07,000,10,0,7,01,A01
200900074420,0,07,000,00,0,7,01,A01
200900074421,0,02,000,00,2,1,13,B01
200900074421,0,07,000,00,2,1,01,A01
200900074422,0,07,000,00,2,1,00,B01
200900074422,0,07,000,00,2,4,02,C01
200900074422,0,07,000,00,2,1,02,A01
200900074423,0,07,000,00,2,1,01,A01
200900074423,0,33,000,00,2,0,01,B01
200900074424,0,07,000,00,1,3,01,A01
200900074425,0,33,000,00,2,1,17,B01
200900074425,0,07,000,00,2,4,15,A01
200900074426,0,07,000,00,2,1,01,B01
200900074426,0,07,000,00,2,2,15,A01
200900074427,0,02,000,12,0,1,01,A01
200900074428,0,07,000,00,2,7,22,A01
200900074428,0,01,000,01,0,1,01,B01
200900074429,0,07,000,00,1,2,01,A01
200900074430,0,02,000,00,2,1,01,B01
200900074430,0,07,000,00,2,7,15,A01
200900074431,0,33,000,00,2,1,17,B01
200900074431,0,07,000,00,2,2,01,A01
200900074432,0,07,000,00,2,7,16,B01
200900074432,0,07,000,00,2,1,05,A01
200900074433,0,07,000,00,9,8,01,B01
200900074433,0,02,000,00,2,1,01,A01
200900074434,0,02,000,14,0,1,01,A01
200900074435,0,07,000,00,1,1,01,A01
200900074436,0,07,000,03,0,1,21,A01
200900074437,0,07,000,00,1,1,01,A01
200900074437,0,07,000,00,1,6,20,B01
200900074438,0,31,000,00,0,8,02,A01
200900074439,0,07,000,00,0,0,21,A01
200900074440,0,07,000,00,2,1,01,B01
200900074440,0,07,000,00,2,1,13,A01
200900074441,0,07,000,00,2,1,01,B01
200900074441,0,07,000,00,2,2,05,A01
200900074442,0,07,000,00,1,1,01,A01
200900074443,0,07,000,00,1,1,01,A01
200900074444,0,02,000,00,1,1,05,A01
200900074445,0,07,000,00,2,1,01,A01
200900074445,0,07,000,00,2,4,01,B01
200900074446,0,02,000,00,2,8,00,A01
200900074446,0,07,000,00,2,8,00,B01
200900074447,0,07,000,00,2,1,01,A01
200900074447,0,07,000,00,2,6,01,B01
200900074448,0,02,000,00,2,0,01,A01
200900074448,0,07,000,00,9,0,01,B01
200900074449,0,07,000,00,2,8,15,B02
200900074449,0,33,000,00,2,2,01,A01
200900074450,0,02,000,00,0,0,00,B01
200900074450,0,07,000,00,0,1,00,A01
200900074451,0,33,000,13,0,1,01,A01
200900074452,0,10,000,00,2,7,01,B02
200900074452,0,07,000,00,2,1,13,A01
200900074452,0,10,000,00,2,1,01,C03
200900074453,0,32,000,00,2,1,01,B02
200900074453,0,10,000,00,2,5,15,A01
200900074454,0,07,000,00,1,0,00,A01
200900074455,0,07,000,00,0,5,23,B02
200900074455,0,30,000,01,0,1,14,A01
200900074456,0,33,000,00,1,1,02,A01
200900074457,0,07,000,00,2,1,01,A01
200900074457,0,07,000,00,0,6,15,B02
200900074458,0,07,000,02,0,1,01,A01
200900074459,0,07,000,00,0,1,00,A01
200900074459,0,30,000,00,2,1,00,B01
200900074460,0,07,000,01,2,1,14,A01
200900074461,0,32,000,06,0,7,01,A01
200900074462,0,07,000,00,0,4,00,C01
200900074462,0,07,000,00,0,1,00,A01
200900074462,0,07,000,00,0,4,00,B01
200900074463,0,07,000,16,0,4,14,A01
200900074464,0,32,000,00,2,1,17,A01
200900074464,0,07,000,00,2,3,15,B02
200900074465,0,33,000,00,2,1,09,C03
200900074465,0,07,000,00,2,6,01,A01
200900074466,0,07,000,00,1,3,01,A01
200900074467,0,10,000,00,2,1,01,B02
200900074467,0,07,000,00,2,7,19,A01
200900074468,0,07,000,00,0,4,00,B01
200900074468,0,07,000,00,0,1,00,C01
200900074468,0,07,000,00,0,1,00,A01
200900074469,0,02,000,00,0,0,00,A01
200900074469,0,07,000,00,0,1,00,B01
200900074470,0,07,000,00,1,1,01,A01
200900074471,0,10,000,00,2,1,05,B02
200900074471,0,07,000,00,2,1,02,D04
200900074471,0,07,000,00,2,1,00,C03
200900074471,0,14,000,00,2,1,13,A01
200900074472,1,10,000,00,1,0,00,A01
200900074473,0,07,000,06,0,1,00,A01
200900074474,0,07,000,00,2,1,09,A01
200900074474,0,32,000,00,2,7,01,B02
200900074475,0,02,000,00,2,1,01,C01
200900074475,0,07,000,00,2,2,15,A01
200900074475,0,02,000,00,2,1,01,B01
200900074476,0,30,000,00,0,9,00,B01
200900074476,0,07,000,00,0,1,00,C01
200900074477,0,07,000,00,2,3,01,B02
200900074477,0,07,000,00,0,6,01,C03
200900074477,0,07,000,00,2,3,17,A01
200900074478,0,30,000,00,2,1,02,A01
200900074478,0,33,000,00,2,8,10,B02
200900074479,0,07,000,00,2,4,01,A01
200900074479,0,33,000,00,2,8,01,B01
200900074480,0,07,000,00,0,8,00,B01
200900074480,0,07,000,00,2,8,00,A01
200900074481,0,07,000,13,0,2,01,A01
200900074482,0,07,000,00,2,3,15,A01
200900074482,0,30,000,00,2,1,17,B02
200900074483,0,13,000,00,1,4,02,B02
200900074483,0,10,000,00,1,1,02,A01
200900074484,0,02,000,00,2,1,01,A01
200900074484,0,07,000,00,2,4,15,B02
200900074485,0,07,000,00,0,0,15,A01
200900074486,0,10,000,01,1,0,00,A01
200900074487,0,07,000,00,2,0,01,B01
200900074487,1,07,000,00,0,0,00,A01
200900074488,0,02,000,00,2,1,01,A01
200900074488,0,07,000,00,2,1,01,B01
200900074489,0,07,000,00,2,4,02,B01
200900074489,0,07,000,00,2,1,02,A01
200900074490,0,07,000,00,2,7,19,A01
200900074490,0,07,000,00,2,8,23,C03
200900074490,0,07,000,00,2,1,01,B02
200900074491,0,07,000,00,2,2,02,A01
200900074491,0,07,000,00,0,8,01,B02
200900074492,0,07,000,00,2,1,01,A01
200900074492,0,10,000,00,2,3,01,B02
200900074493,0,02,000,01,0,1,01,A01
200900074494,0,30,000,00,2,0,13,A01
200900074494,0,07,000,00,2,1,01,B02
200900074495,0,07,000,13,0,3,01,A01
200900074496,0,02,000,00,2,0,01,B01
200900074496,0,07,000,00,2,1,01,A01
200900074497,0,02,000,00,2,4,01,A01
200900074497,1,07,000,00,2,0,01,B01
200900074498,0,07,000,00,2,1,01,A01
200900074498,0,07,000,00,2,1,01,B01
200900074499,0,07,000,00,1,2,01,A01
200900074500,0,01,000,00,2,0,00,B01
200900074500,0,07,000,00,2,0,00,A01
200900074501,0,37,002,00,2,3,01,B01
200900074501,0,07,000,00,2,1,17,A01
200900074502,0,01,000,00,2,1,01,A01
200900074502,0,07,000,00,2,2,01,B01
200900074503,0,07,000,00,2,1,13,A01
200900074503,0,07,000,00,2,1,01,B01
200900074504,0,02,000,00,0,0,01,A01
200900074505,0,07,000,00,2,1,13,A01
200900074505,0,07,000,00,2,1,01,B01
200900074506,1,02,000,00,1,1,01,A01
200900074507,0,01,000,00,1,1,01,A01
200900074508,0,07,000,00,2,3,01,A01
200900074508,0,07,000,00,2,2,01,B01
200900074509,0,07,000,00,1,1,01,A01
200900074510,0,07,000,00,2,6,01,B01
200900074510,0,07,000,00,2,1,02,A01
200900074511,0,07,000,00,9,7,15,A01
200900074511,0,02,000,00,2,1,01,B01
200900074512,0,07,000,00,9,7,17,A01
200900074512,0,01,000,00,2,8,01,B01
200900074513,0,07,000,00,1,1,00,A01
200900074514,0,07,000,00,1,1,01,A01
200900074515,0,10,000,00,2,1,01,B01
200900074515,0,31,000,00,2,1,01,A01
200900074516,0,07,000,00,0,9,01,A01
200900074517,0,33,000,00,2,1,01,B02
200900074517,0,10,000,00,2,6,15,A01
200900074518,0,07,000,10,0,1,00,A01
200900074519,0,01,000,00,2,4,01,B02
200900074519,0,07,000,00,9,2,01,A01
200900074520,0,07,000,00,1,2,01,A01
200900074521,0,30,000,06,0,1,13,A01
200900074522,0,07,000,00,1,1,01,A01
200900074523,0,01,000,01,9,8,19,A01
200900074523,0,33,000,00,9,1,01,B01
200900074524,0,02,000,00,0,0,00,A01
200900074525,0,30,000,00,2,4,01,B01
200900074525,0,07,000,00,2,2,14,A01
200900074526,0,07,000,00,1,3,01,A01
200900074527,0,07,000,00,2,4,01,B01
200900074527,0,31,000,00,2,1,01,A01
200900074528,0,33,000,00,0,0,01,A01
200900074529,0,07,000,00,1,1,01,A01
200900074530,0,07,000,00,2,1,01,A01
200900074530,0,07,000,00,2,4,01,C01
200900074530,0,07,000,00,2,4,01,B01
200900074531,0,02,000,00,2,1,18,A01
200900074531,0,10,000,00,9,7,16,B01
200900074532,0,10,000,00,2,4,01,C01
200900074532,0,07,000,00,2,1,01,A01
200900074532,0,07,000,00,2,1,01,B01
200900074533,0,07,000,00,2,1,01,B01
200900074533,0,07,000,00,2,1,01,A01
200900074534,0,07,000,00,0,9,01,A01
200900074535,0,07,000,00,2,3,01,B01
200900074535,0,02,000,00,2,1,13,A01
200900074536,0,07,000,00,1,1,11,A01
200900074537,0,01,000,00,2,4,01,B01
200900074537,0,07,000,00,2,1,01,A01
200900074538,0,07,000,00,1,1,01,A01
200900074539,0,30,000,00,1,1,01,A01
200900074540,0,07,000,03,0,9,00,A01
200900074541,0,02,000,00,9,0,01,A01
200900074541,2,02,000,00,9,0,00,B01
200900074542,0,07,000,00,2,1,01,A01
200900074542,0,07,000,00,2,4,01,B01
200900074543,0,07,000,00,2,2,01,A01
200900074543,0,01,000,00,2,8,13,B01
200900074544,0,07,000,00,2,2,01,A01
200900074544,0,07,000,00,2,3,01,B01
200900074545,0,07,000,00,9,8,09,B01
200900074545,0,33,000,00,2,7,17,A01
200900074546,0,07,000,00,9,6,23,C01
200900074546,0,31,000,00,2,2,18,A01
200900074546,0,07,000,00,9,5,16,B01
200900074547,0,07,000,00,0,9,00,A01
200900074548,0,02,000,00,9,4,02,B01
200900074548,0,31,000,00,9,1,02,A01
200900074549,0,30,000,00,2,1,17,A01
200900074549,0,07,000,00,9,8,15,B01
200900074550,0,07,000,00,9,1,01,B01
200900074550,0,02,000,00,2,4,05,A01
200900074551,0,07,000,00,2,1,13,A01
200900074551,0,01,000,00,2,1,01,B01
200900074552,0,07,000,00,1,1,01,A01
200900074553,0,07,000,00,1,2,01,A01
200900074554,0,02,000,16,0,7,01,A01
200900074555,0,03,000,00,2,3,16,B01
200900074555,0,33,000,00,2,7,01,A01
200900074556,0,07,000,00,2,1,01,A01
200900074556,0,07,000,00,2,8,01,B01
200900074556,0,07,000,00,2,7,01,C01
200900074557,0,07,000,00,1,8,01,A01
200900074558,0,07,000,00,1,1,01,A01
200900074559,0,02,000,00,2,1,01,B01
200900074559,0,07,000,00,2,7,01,A01
200900074560,0,07,000,00,2,8,01,A01
200900074561,0,07,000,00,2,1,01,A01
200900074561,0,01,000,00,2,4,01,B01
200900074562,0,07,000,02,0,2,14,A01
200900074563,0,07,000,00,1,3,01,A01
200900074564,0,07,000,02,0,7,14,A01
200900074565,0,07,000,00,2,1,01,B01
200900074565,0,07,000,00,2,4,01,A01
200900074566,0,07,000,13,0,1,01,A01
200900074567,0,33,000,00,2,1,18,B01
200900074567,0,07,000,00,2,8,09,A01
200900074568,0,07,000,00,2,4,01,B01
200900074568,0,07,000,00,2,1,01,A01
200900074569,0,07,000,00,2,2,01,A01
200900074569,0,02,000,00,2,1,01,B01
200900074570,0,07,000,00,1,1,01,A01
200900074571,0,07,000,00,2,8,13,A01
200900074571,0,07,000,00,2,8,01,B01
200900074572,0,02,000,00,1,1,01,A01
200900074573,0,07,000,00,1,1,01,A01
200900074574,0,02,000,00,2,1,17,B01
200900074574,0,07,000,00,2,1,01,C01
200900074574,0,07,000,00,2,1,15,A01
200900074575,0,07,000,00,2,1,01,B01
200900074575,0,31,000,00,2,7,01,A01
200900074576,0,02,000,00,2,7,01,B01
200900074576,0,07,000,00,2,1,01,A01
200900074577,0,02,000,00,2,3,17,B01
200900074577,0,07,000,00,2,2,15,A01
200900074578,0,07,000,00,1,8,01,A01
200900074579,0,07,000,00,2,5,15,A01
200900074579,0,33,000,00,2,1,01,B02
200900074580,0,01,000,,2,1,01,B02
200900074580,0,10,000,00,2,3,05,A01
200900074581,0,33,000,00,2,1,01,B01
200900074581,0,07,000,00,2,2,19,A01
200900074582,0,02,000,00,0,1,00,B01
200900074582,0,07,000,00,0,1,00,A01
200900074583,0,07,000,00,0,1,00,A01
200900074583,0,30,000,00,0,0,00,B01
200900074584,0,02,000,00,2,9,01,B01
200900074584,0,07,000,00,2,3,09,A01
200900074585,0,07,000,00,0,1,00,A01
200900074585,1,07,000,00,0,0,00,B01
200900074586,0,07,000,00,0,0,00,B01
200900074586,0,07,000,00,0,0,00,A01
200900074587,0,33,000,00,0,1,00,B01
200900074587,0,07,000,00,0,5,00,A01
200900074588,0,07,000,00,0,0,00,B01
200900074588,0,07,000,00,0,0,00,A01
200900074589,0,07,000,00,1,2,01,A01
200900074590,0,07,000,08,2,1,05,A01
200900074590,0,07,000,00,2,8,01,B01
200900074591,0,13,000,06,0,1,21,A01
200900074592,0,31,000,00,2,1,01,B01
200900074592,0,07,000,00,2,7,09,A01
200900074593,0,30,000,00,0,0,00,A01
200900074593,0,07,000,00,0,0,00,B01
200900074594,2,07,000,00,2,2,01,A01
200900074594,0,07,000,00,2,8,01,B01
200900074595,0,33,000,00,2,1,01,B01
200900074595,0,07,000,00,2,2,19,A01
200900074596,0,10,000,00,1,1,15,A01
200900074597,0,07,000,00,2,3,13,A01
200900074597,0,07,000,00,2,2,01,B01
200900074598,0,33,000,16,0,7,14,A01
200900074599,0,07,000,00,0,1,13,A01
200900074600,0,31,000,00,2,1,01,B01
200900074600,0,07,000,00,2,3,15,A01
200900074601,0,07,000,13,0,1,17,A01
200900074602,0,07,000,00,1,3,01,A01
200900074603,0,07,000,00,2,3,01,A01
200900074603,0,07,000,00,2,3,01,B02
200900074604,0,32,000,03,0,0,01,A01
200900074605,0,07,000,01,0,3,01,A01
200900074606,0,36,000,02,0,2,14,A01
200900074607,0,02,000,00,2,1,13,A01
200900074607,0,07,000,00,2,3,01,B02
200900074608,0,07,000,00,2,3,17,A01
200900074608,0,07,000,00,2,3,01,B02
200900074609,0,31,000,12,0,1,01,A01
200900074610,1,30,000,00,0,0,01,A01
200900074611,0,31,000,00,2,1,17,A01
200900074611,0,07,000,00,2,3,15,B02
200900074612,0,07,000,00,2,3,13,A01
200900074612,0,07,000,00,2,3,01,B02
200900074613,0,07,000,00,2,3,01,A01
200900074613,0,07,000,00,2,3,01,B02
200900074614,0,10,000,00,0,6,24,B02
200900074614,0,30,000,01,0,1,02,A01
200900074615,0,01,000,00,0,0,00,A01
200900074616,0,07,000,00,1,1,01,A01
200900074617,0,07,000,00,2,1,15,A01
200900074617,0,37,001,00,2,1,01,B01
200900074618,0,07,000,16,0,7,14,A01
200900074619,0,07,000,00,1,2,01,A01
200900074620,0,30,000,00,2,1,01,B01
200900074620,0,07,000,00,2,1,15,A01
200900074621,0,30,000,00,2,8,17,B01
200900074621,0,07,000,00,2,8,15,A01
200900074622,0,33,000,00,2,1,01,B01
200900074622,0,07,000,00,2,7,00,A01
200900074623,0,30,000,00,2,8,00,B01
200900074623,0,07,000,00,2,7,00,A01
200900074624,0,07,000,00,2,4,02,A01
200900074624,0,31,000,00,2,1,02,B01
200900074625,0,07,000,00,2,3,00,A01
200900074625,0,07,000,00,2,1,05,B01
200900074626,0,10,000,13,0,4,13,A01
200900074626,0,32,000,00,2,1,21,B01
200900074627,0,10,000,16,0,0,01,A01
200900074628,0,20,000,00,0,6,24,A01
200900074628,0,02,000,01,2,1,13,B01
200900074629,0,07,000,00,2,0,00,B01
200900074629,0,30,000,00,2,0,00,A01
200900074630,0,33,000,00,2,1,02,A01
200900074630,0,07,000,00,2,4,02,B01
200900074631,0,07,000,00,2,1,02,B01
200900074631,0,07,000,00,2,1,05,A01
200900074632,0,07,000,06,0,1,00,A01
200900074633,0,07,000,04,0,1,02,A01
200900074634,0,07,000,00,1,1,01,A01
200900074635,0,07,000,00,2,4,02,C01
200900074635,0,07,000,00,2,4,02,B01
200900074635,0,07,000,00,2,1,02,D01
200900074635,0,07,000,00,2,4,02,A01
200900074636,1,07,000,00,2,1,02,A01
200900074636,0,34,000,00,2,4,02,B01
200900074637,0,07,000,08,0,1,01,A01
200900074638,0,07,000,00,2,4,02,B01
200900074638,0,07,000,00,2,1,02,A01
200900074639,0,34,000,00,2,7,05,B01
200900074639,0,07,000,00,2,1,01,A01
200900074640,0,07,000,00,2,1,21,A01
200900074640,0,07,000,00,2,1,01,B01
200900074641,0,30,000,00,1,1,01,A01
200900074642,0,07,000,00,2,1,05,A01
200900074642,0,01,000,00,2,1,05,B01
200900074643,0,33,000,00,2,1,05,B01
200900074643,0,07,000,00,2,1,05,A01
200900074644,0,30,000,00,2,1,01,A01
200900074645,0,07,000,00,2,4,24,B01
200900074645,0,31,000,01,0,9,13,A01
200900074646,0,07,000,00,2,3,13,A01
200900074646,0,07,000,00,2,8,01,B01
200900074647,0,31,000,16,0,1,13,A01
200900074648,0,07,000,00,0,1,01,B01
200900074648,0,07,000,00,2,1,05,C01
200900074648,0,07,000,00,2,1,23,A01
200900074649,0,33,000,12,0,8,17,A01
200900074650,0,30,000,12,0,1,14,A01
200900074651,0,07,000,10,0,1,01,A01
200900074652,0,07,000,00,0,4,00,B01
200900074652,0,07,000,00,2,1,00,A01
200900074652,0,07,000,00,2,4,00,C01
200900074653,0,07,000,00,2,0,02,B01
200900074653,0,07,000,00,2,4,02,C01
200900074653,0,07,000,00,2,4,02,A01
200900074654,0,31,000,00,2,7,17,B01
200900074654,0,10,000,00,2,8,09,A01
200900074655,0,10,000,00,2,4,02,A01
200900074655,0,31,000,00,2,4,00,B01
200900074656,0,07,000,00,2,4,02,B01
200900074656,0,10,000,00,2,4,02,A01
200900074657,0,30,000,04,0,2,14,A01
200900074658,0,07,000,00,1,1,01,A01
200900074659,0,07,000,00,2,1,01,A01
200900074659,0,07,000,00,2,8,15,B01
200900074660,0,07,000,00,1,1,01,A01
200900074661,0,10,000,00,2,1,02,B01
200900074661,0,10,000,00,2,4,02,A01
200900074662,0,10,000,00,1,1,01,A01
200900074663,0,07,000,00,2,2,00,A01
200900074663,0,33,000,00,2,1,00,B01
200900074664,0,07,000,08,0,1,01,A01
200900074665,0,07,000,15,0,1,01,A01
200900074666,0,31,000,16,0,1,02,A01
200900074666,0,07,000,00,2,4,02,B01
200900074667,0,07,000,00,2,1,01,A01
200900074667,0,07,000,00,2,7,09,B01
200900074668,0,31,000,03,0,1,15,A01
200900074669,0,07,000,12,0,1,14,A01
200900074670,2,07,000,00,2,7,00,A01
200900074670,0,33,000,00,2,0,00,C03
200900074670,0,07,000,00,2,1,01,B02
200900074671,0,38,000,00,2,2,01,A01
200900074671,0,33,000,00,2,9,13,B02
200900074672,0,07,000,00,2,3,01,B02
200900074672,0,07,000,00,2,3,17,A01
200900074672,0,07,000,00,2,3,21,C03
200900074673,0,07,000,00,2,2,01,A01
200900074673,0,02,000,00,2,1,05,B02
200900074674,0,07,000,00,2,8,15,A01
200900074674,0,31,000,00,2,7,17,B02
200900074675,0,07,000,13,0,9,01,A01
200900074676,0,07,000,00,1,2,01,A01
200900074677,0,07,000,00,2,8,01,B02
200900074677,0,07,000,04,2,9,21,A01
200900074678,0,07,000,00,1,0,16,A01
200900074679,0,31,000,00,2,1,01,B01
200900074679,0,07,000,00,2,3,15,A01
200900074680,0,33,000,16,0,1,13,A01
200900074681,0,07,000,00,1,1,01,A01
200900074682,0,07,000,00,2,2,01,A01
200900074682,0,33,000,00,2,1,01,B01
200900074683,0,07,000,00,2,1,01,B01
200900074683,2,07,000,00,2,1,13,A01
200900074684,0,07,000,00,1,1,01,A01
200900074685,0,30,000,00,2,1,01,B01
200900074685,0,07,000,00,2,1,11,A01
200900074686,0,10,000,00,2,1,01,B01
200900074686,0,30,000,00,2,7,19,A01
200900074687,0,07,000,00,1,1,01,A01
200900074688,0,07,000,06,0,9,14,A01
200900074689,0,30,000,00,2,7,01,B01
200900074689,0,07,000,00,2,1,09,A01
200900074690,0,07,000,00,2,3,21,A01
200900074690,0,07,000,00,2,3,15,B02
200900074691,0,07,000,00,1,3,01,A01
200900074692,0,07,000,00,2,8,01,C03
200900074692,0,33,000,01,2,1,01,A01
200900074692,0,07,000,00,2,6,24,B02
200900074693,0,01,000,00,0,8,00,B02
200900074693,0,10,000,00,0,1,16,A01
200900074694,0,07,000,00,2,3,00,A01
200900074694,1,31,000,00,2,0,00,B02
200900074695,0,07,000,13,0,2,14,A01
200900074696,0,07,000,00,2,2,01,B02
200900074696,0,10,000,00,2,3,11,A01
200900074697,0,07,000,00,2,3,01,B02
200900074697,0,34,000,00,2,7,01,A01
200900074698,0,30,000,00,1,1,13,A01
200900074699,0,01,000,00,0,1,01,B02
200900074699,0,07,000,00,0,5,19,A01
200900074700,0,33,000,13,0,1,01,A01
200900074701,0,07,000,00,2,2,12,A01
200900074701,0,33,000,00,2,1,21,B02
200900074702,0,30,000,00,2,4,10,A01
200900074702,0,30,000,00,2,1,18,B01
200900074703,0,07,000,00,2,1,01,B01
200900074703,0,31,000,00,2,8,09,A01
200900074704,0,31,000,12,0,7,14,A01
200900074705,0,07,000,00,2,1,02,A01
200900074705,0,07,000,00,2,4,02,B01
200900074705,0,10,000,00,2,4,02,C01
200900074706,0,32,000,00,2,1,01,A01
200900074706,0,07,000,00,2,8,15,B01
200900074707,0,07,000,12,0,9,01,A01
200900074708,0,07,000,00,2,6,02,B01
200900074708,0,33,000,00,2,1,02,A01
200900074709,0,07,000,00,1,1,01,A01
200900074710,0,07,000,16,0,1,00,A01
200900074711,0,07,000,00,2,1,02,A01
200900074711,0,07,000,00,2,4,02,B01
200900074711,0,07,000,04,2,7,21,D01
200900074711,0,07,000,00,2,4,02,C01
200900074712,0,13,000,00,2,3,01,A01
200900074712,0,07,000,00,2,8,09,B01
200900074713,0,33,000,00,2,8,02,B01
200900074713,0,07,000,00,2,7,02,A01
200900074714,0,32,000,16,0,1,01,A01
200900074715,0,32,000,00,2,3,09,A01
200900074715,0,33,000,00,2,7,01,B01
200900074716,0,07,000,16,0,9,01,A01
200900074717,0,10,000,00,2,4,02,B01
200900074717,0,10,000,00,0,4,02,A01
200900074717,0,10,000,00,2,1,02,C01
200900074718,0,33,000,16,0,1,01,A01
200900074719,0,07,000,00,2,1,02,B01
200900074719,0,07,000,00,2,4,02,A01
200900074720,0,07,000,00,2,4,01,B01
200900074720,0,07,000,00,0,1,12,A01
200900074721,0,07,000,00,2,3,01,B01
200900074721,0,07,000,00,2,3,13,A01
200900074721,0,07,000,00,2,4,01,C01
200900074722,0,02,000,00,0,1,01,A01
200900074898,0,02,000,00,2,1,05,A01
200900074898,0,07,000,00,9,1,15,B01